"id","slug","name","sku","oem","brand","category","group","stock","price","seoUrl"
"1","mekanik-fren-circiri-7-delik-10-kanal-eur-esc-1760-1-ekersan","Mekanik Fren Cırcırı 7 Delik 10 Kanal (EUR)","ESC 1760-1","517465130-517465130-517465220-100001760-24490-A3450","Ekersan","Mekanik Fren Cırcırı","CIRCIR","600","1082.4","https://frenciniz.com/urun/1/mekanik-fren-circiri-7-delik-10-kanal-eur-esc-1760-1-ekersan"
"2","bijon-ror-dorse-95-mm-esb-1315-10-ekersan","BİJON ROR DORSE-95 MM","ESB 1315 10","21022167","Ekersan","Bijon","BİJON","155","218.55","https://frenciniz.com/urun/2/bijon-ror-dorse-95-mm-esb-1315-10-ekersan"
"3","renault-otomotik-fren-circiri-3717-govde-esc-79458-ekersan","RENAULT OTOMOTİK FREN CIRCIRI 3717 GÖVDE","ESC 79458","14632, 79308, 79075, 79308, 5010260115, 79308, 4W3055","Ekersan","Otomatik Fren Cırcırı","CIRCIR","25","1452","https://frenciniz.com/urun/3/renault-otomotik-fren-circiri-3717-govde-esc-79458-ekersan"
"4","otomatik-fren-circiri-renault-midlum-premium-magnum-esc-79445-ekersan","Otomatik Fren Cırcırı Renault Midlum Premium Magnum","ESC 79445","5010098861, 50010098861, 14634, 79295, 72799, 05010098861, 4W2925, KB2925","Ekersan","Otomatik Fren Cırcırı","CIRCIR","29","1452","https://frenciniz.com/urun/4/otomatik-fren-circiri-renault-midlum-premium-magnum-esc-79445-ekersan"
"5","otomatik-fren-circiri-renault-midlum-premium-magnum-esc-79444-ekersan","Otomatik Fren Cırcırı Renault Midlum Premium Magnum","ESC 79444","5010098860, 50010098860, 14633, 79294, 72798, 05010098860, 4W2920, 4W2920, KB2920","Ekersan","Otomatik Fren Cırcırı","CIRCIR","14","1452","https://frenciniz.com/urun/5/otomatik-fren-circiri-renault-midlum-premium-magnum-esc-79444-ekersan"
"6","disk-isuzu-25-novo-citilife-otobus-387-061-2600-51-esd-130-09-ekersan","DİSK ISUZU 25 NOVO CITILIFE OTOBÜS (387.061.2600.51)","ESD 130 09","387.061.2600.51","Ekersan","Fren Diski","DİSK","39","3243.66","https://frenciniz.com/urun/6/disk-isuzu-25-novo-citilife-otobus-387-061-2600-51-esd-130-09-ekersan"
"7","krone-430-gobekli-disk-esd-220-03-ekersan","KRONE 430 GÖBEKLİ DİSK","ESD 220 03","","Ekersan","Fren Diski","DİSK","179","4918.32","https://frenciniz.com/urun/7/krone-430-gobekli-disk-esd-220-03-ekersan"
"8","ateco-y-m-arka-disk-bijonu-esb-145-10-ekersan","ATECO Y.M. ARKA DISK BIJONU","ESB 145 10","","Ekersan","Disk Bijonu/Civatası","BİJON","1010","170.44","https://frenciniz.com/urun/8/ateco-y-m-arka-disk-bijonu-esb-145-10-ekersan"
"9","kaliper-disk-civatasi-esb-4000-12-ekersan","KALİPER DİSK CİVATASI","ESB 4000 12","31796200","Ekersan","Disk Bijonu/Civatası","BİJON","3990","73.46","https://frenciniz.com/urun/9/kaliper-disk-civatasi-esb-4000-12-ekersan"
"10","yildiz-basli-saf-y-m-disk-civatasi-esb-4000-15-ekersan","YILDIZ BAŞLI SAF Y.M. DİSK CİVATASI","ESB 4000 15","","Ekersan","Disk Bijonu/Civatası","BİJON","3368","91.74","https://frenciniz.com/urun/10/yildiz-basli-saf-y-m-disk-civatasi-esb-4000-15-ekersan"
"11","tgs-man-on-disk-bijonu-esb-242-10-ekersan","TGS Man Ön Disk Bijonu","ESB 242 10","","Ekersan","Disk Bijonu/Civatası","BİJON","400","186.93","https://frenciniz.com/urun/11/tgs-man-on-disk-bijonu-esb-242-10-ekersan"
"12","fren-diski-renault-midlum-premium-magnum-esd-040-31-ekersan","Fren Diski Renault Midlum Premium Magnum","ESD 040 31","5010598309 - 20763234","Ekersan","Fren Diski","DİSK","49","5464.8","https://frenciniz.com/urun/12/fren-diski-renault-midlum-premium-magnum-esd-040-31-ekersan"
"13","fren-diski-renault-midlum-premium-magnum-esd-040-30-ekersan","Fren Diski Renault Midlum Premium Magnum","ESD 040 30","20700508 - 5010598308","Ekersan","Fren Diski","DİSK","32","5237.1","https://frenciniz.com/urun/13/fren-diski-renault-midlum-premium-magnum-esd-040-30-ekersan"
"14","mersedes-arox-on-circir-sol-esc-80168-ekersan","MERSEDES AROX öN CIRCIR SOL","ESC 80168","","Ekersan","Fren Cırcırı","CIRCIR","45","1452","https://frenciniz.com/urun/14/mersedes-arox-on-circir-sol-esc-80168-ekersan"
"15","mersedes-arox-on-circir-sag-esc-80167-ekersan","MERSEDES AROX ÖN CIRCIR SAĞ","ESC 80167","","Ekersan","Fren Cırcırı","CIRCIR","51","1452","https://frenciniz.com/urun/15/mersedes-arox-on-circir-sag-esc-80167-ekersan"
"16","bijon-scania-arka-ozel-115-mm-esb-919-10-ekersan","BİJON SCANIA ARKA ÖZEL 115 MM","ESB 919 10","1847739","Ekersan","Bijon","BİJON","380","218.55","https://frenciniz.com/urun/16/bijon-scania-arka-ozel-115-mm-esb-919-10-ekersan"
"17","axor-actros-yeni-model-arka-120-mm-esb-185-10-ekersan","Axor-Actros Yeni Model Arka  120 mm","ESB 185 10","","Ekersan","Bijon","BİJON","460","201.82","https://frenciniz.com/urun/17/axor-actros-yeni-model-arka-120-mm-esb-185-10-ekersan"
"18","fren-kampanasi-mercedes-actros-axor-atego-esk-010-45-ekersan","Fren Kampanası Mercedes Actros Axor Atego","ESK 010 45","3014210801","Ekersan","Fren Kampanası","KAMPANA","118","5360.01","https://frenciniz.com/urun/18/fren-kampanasi-mercedes-actros-axor-atego-esk-010-45-ekersan"
"19","otomatik-fren-circiri-renault-midlum-premium-magnum-esc-79167-ekersan","Otomatik Fren Cırcırı Renault Midlum Premium Magnum","ESC 79167","72318-44092-42795-2795-5000791212","Ekersan","Otomatik Fren Cırcırı","CIRCIR","15","1452","https://frenciniz.com/urun/19/otomatik-fren-circiri-renault-midlum-premium-magnum-esc-79167-ekersan"
"20","bijon-iveco-eurocargo-stralis-esb-670-10-ekersan","Bijon Iveco Eurocargo Stralis","ESB 670 10","42117459","Ekersan","Bijon","BİJON","560","199.31","https://frenciniz.com/urun/20/bijon-iveco-eurocargo-stralis-esb-670-10-ekersan"
"21","bijon-mitsubishi-304-arka-sol-esb-784-11-l-ekersan","BİJON MITSUBISHI 304 ARKA SOL","ESB 784 11-L","","Ekersan","Bijon","BİJON","1096","175.95","https://frenciniz.com/urun/21/bijon-mitsubishi-304-arka-sol-esb-784-11-l-ekersan"
"22","bijon-mitsubishi-304-arka-sag-esb-784-10-r-ekersan","BİJON MITSUBISHI 304 ARKA SAĞ","ESB 784 10-R","","Ekersan","Bijon","BİJON","1596","175.95","https://frenciniz.com/urun/22/bijon-mitsubishi-304-arka-sag-esb-784-10-r-ekersan"
"23","fren-kampanasi-bpw-ecoplus-esk-230-28-ekersan","Fren Kampanası BPW ECOPlus","ESK 230 28","310977340","Ekersan","Fren Kampanası","KAMPANA","12","6004.6","https://frenciniz.com/urun/23/fren-kampanasi-bpw-ecoplus-esk-230-28-ekersan"
"24","axor-disk-civatasi-yildiz-basli-esb-4000-13-ekersan","AXOR DİSK CİVATASI YILDIZ BAŞLI","ESB 4000 13","","Ekersan","Disk Bijonu/Civatası","BİJON","2486","73.46","https://frenciniz.com/urun/24/axor-disk-civatasi-yildiz-basli-esb-4000-13-ekersan"
"25","fren-kampanasi-saf-holland-esk-290-03-ekersan","Fren Kampanası SAF Holland","ESK 290 03","1064010801-1064012801","Ekersan","Fren Kampanası","KAMPANA","4","4724.32","https://frenciniz.com/urun/25/fren-kampanasi-saf-holland-esk-290-03-ekersan"
"26","ekersan-dodge-akilli-circir-sol-esc-70953-ekersan","EKERSAN DODGE AKILLI CIRCIR SOL","ESC 70953","4175020800-44015520-21229251-21222874-41120-16104-9251-96-1120-52305","Ekersan","Fren Cırcırı","CIRCIR","1","1452","https://frenciniz.com/urun/26/ekersan-dodge-akilli-circir-sol-esc-70953-ekersan"
"27","otomatik-fren-circiri-esc-72675-ekersan","Otomatik Fren Cırcırı","ESC 72675","42115-2115-72109-281090-159558","Ekersan","Otomatik Fren Cırcırı","CIRCIR","37","1452","https://frenciniz.com/urun/27/otomatik-fren-circiri-esc-72675-ekersan"
"28","mercedes-v-8-otobus-on-circir-r-l-esc-72209-ekersan","MERCEDES V-8 OTOBÜS ÖN CIRCIR R-L","ESC 72209","3574200538-72059-42040-14707-14708-2040-4731188","Ekersan","Fren Cırcırı","CIRCIR","30","1452","https://frenciniz.com/urun/28/mercedes-v-8-otobus-on-circir-r-l-esc-72209-ekersan"
"29","yte-dingil-oztreyler-esb-3100-10-ekersan","Yte Dingil (Öztreyler)","ESB 3100 10","Yte Dingil (Öztreyler)","Ekersan","Bijon","BİJON","20","199.31","https://frenciniz.com/urun/29/yte-dingil-oztreyler-esb-3100-10-ekersan"
"30","bijon-iveco-eurocargo-stralis-esb-612-10-ekersan","Bijon Iveco Eurocargo Stralis","ESB 612 10","7168333","Ekersan","Bijon","BİJON","344","134.7","https://frenciniz.com/urun/30/bijon-iveco-eurocargo-stralis-esb-612-10-ekersan"
"31","cargo-115-mm-frezeli-esb-425-10-ekersan","Cargo 115 mm Frezeli","ESB 425 10","","Ekersan","Bijon","BİJON","1050","218.55","https://frenciniz.com/urun/31/cargo-115-mm-frezeli-esb-425-10-ekersan"
"32","bijon-axor-actros-arka-92-mm-dakromatli-esb-180-10-3-ekersan","BİJON AXOR-ACTROS ARKA 92 MM DAKROMATLI","ESB 180 10-3","9424010371","Ekersan","Bijon","BİJON","100","196.28","https://frenciniz.com/urun/32/bijon-axor-actros-arka-92-mm-dakromatli-esb-180-10-3-ekersan"
"33","bijon-mercedes-arka-105-mm-dps-li-esb-112-10-1-ekersan","BİJON MERCEDES ARKA-105 MM DPS Lİ","ESB 112 10-1","3554010071-3814010671","Ekersan","Bijon","BİJON","250","178.06","https://frenciniz.com/urun/33/bijon-mercedes-arka-105-mm-dps-li-esb-112-10-1-ekersan"
"34","kampana-sertel-t-3-esk-160-62-ekersan","KAMPANA SERTEL T-3","ESK 160 62","Fren Kampanası","Ekersan","Fren Kampanası","KAMPANA","11","4977.16","https://frenciniz.com/urun/34/kampana-sertel-t-3-esk-160-62-ekersan"
"35","kampana-bpw-18-cm-sikma-esk-160-18-s-ekersan","KAMPANA BPW 18 CM SIKMA","ESK 160 18-S","310667620-310967820-310967130","Ekersan","Fren Kampanası","KAMPANA","6","4998.43","https://frenciniz.com/urun/35/kampana-bpw-18-cm-sikma-esk-160-18-s-ekersan"
"36","kampana-ror-dorse-esk-160-57-ekersan","KAMPANA ROR DORSE","ESK 160 57","21018986-6041810-21018986V","Ekersan","Fren Kampanası","KAMPANA","32","5998.12","https://frenciniz.com/urun/36/kampana-ror-dorse-esk-160-57-ekersan"
"37","kampana-renault-kerax-esk-140-05-ekersan","KAMPANA RENAULT KERAX","ESK 140 05","5010260663","Ekersan","Fren Kampanası","KAMPANA","52","6359.7","https://frenciniz.com/urun/37/kampana-renault-kerax-esk-140-05-ekersan"
"38","fren-kampanasi-esk-140-04-ekersan","Fren Kampanası","ESK 140 04","189923","Ekersan","Fren Kampanası","KAMPANA","204","6147","https://frenciniz.com/urun/38/fren-kampanasi-esk-140-04-ekersan"
"39","kampana-mitsubishi-304-515-arka-esk-080-08-ekersan","KAMPANA MITSUBISHI 304-515 ARKA","ESK 080 08","MB 060500","Ekersan","Fren Kampanası","KAMPANA","14","2424.77","https://frenciniz.com/urun/39/kampana-mitsubishi-304-515-arka-esk-080-08-ekersan"
"40","1833-1842-4142-cargo-on-esk-040-17-ekersan","1833-1842-4142- Cargo ÖN","ESK 040 17","","Ekersan","Fren Kampanası","KAMPANA","2","6678.75","https://frenciniz.com/urun/40/1833-1842-4142-cargo-on-esk-040-17-ekersan"
"41","volvo-kucuk-fh-12-410-cap-macasiz-dolu-fren-diski-esd-110-02-ekersan","VOLVO KÜÇÜK  FH 12 (410 ÇAP) MAÇASIZ DOLU FREN DİSKİ","ESD 110 02","8551042, 3092710","Ekersan","Fren Diski","DİSK","44","4234.65","https://frenciniz.com/urun/41/volvo-kucuk-fh-12-410-cap-macasiz-dolu-fren-diski-esd-110-02-ekersan"
"42","disk-man-tga-on-macasiz-esd-020-20-ekersan","DİSK MAN TGA ÖN MAÇASIZ","ESD 020 20","Fren Diski","Ekersan","Fren Diski","DİSK","11","5360.02","https://frenciniz.com/urun/42/disk-man-tga-on-macasiz-esd-020-20-ekersan"
"43","fren-diski-man-tga-tgs-tgx-esd-020-17-ekersan","Fren Diski MAN TGA TGS TGX","ESD 020 17","81508030027, 81508030020, 81508030057, II39290F","Ekersan","Fren Diski","DİSK","50","4519.86","https://frenciniz.com/urun/43/fren-diski-man-tga-tgs-tgx-esd-020-17-ekersan"
"44","disk-tga-man-arka-dolu-esd-020-06-ekersan","DİSK TGA MAN ARKA DOLU","ESD 020 06","Fren Diski","Ekersan","Fren Diski","DİSK","15","5487.64","https://frenciniz.com/urun/44/disk-tga-man-arka-dolu-esd-020-06-ekersan"
"45","otomatik-fren-circiri-renault-premium-magnum-kerax-midlum-esc-79164-ekersan","Otomatik Fren Cırcırı Renault Premium Magnum Kerax Midlum","ESC 79164","4W2230-KB2230-RV 44059-5010056686-5010056686-5000789893-6310025-6310025-	72161-14544-14607","Ekersan","Otomatik Fren Cırcırı","CIRCIR","13","1452","https://frenciniz.com/urun/45/otomatik-fren-circiri-renault-premium-magnum-kerax-midlum-esc-79164-ekersan"
"46","otomatik-fren-circiri-renault-premium-magnum-kerax-midlum-esc-79163-ekersan","Otomatik Fren Cırcırı Renault Premium Magnum Kerax Midlum","ESC 79163","14608-14543-72160-6310024-6310024-5000789892-5010056685-5010056685-RV 44058-KB2240-	4W2240","Ekersan","Otomatik Fren Cırcırı","CIRCIR","13","1452","https://frenciniz.com/urun/46/otomatik-fren-circiri-renault-premium-magnum-kerax-midlum-esc-79163-ekersan"
"47","ekersan-otomatik-fren-circiri-esc-79439-ekersan","EKERSAN OTOMATİK FREN CIRCIRI","ESC 79439","5010098832-2910-14816-42910-72741","Ekersan","Otomatik Fren Cırcırı","CIRCIR","18","1452","https://frenciniz.com/urun/47/ekersan-otomatik-fren-circiri-esc-79439-ekersan"
"48","otomatik-fren-circiri-renault-midlum-premium-magnum-esc-79438-ekersan","Otomatik Fren Cırcırı Renault Midlum Premium Magnum","ESC 79438","72740-14815-2905-5010098831","Ekersan","Otomatik Fren Cırcırı","CIRCIR","16","1452","https://frenciniz.com/urun/48/otomatik-fren-circiri-renault-midlum-premium-magnum-esc-79438-ekersan"
"49","mekanik-fren-circiri-5-delik-10-kanal-esc-1721-ekersan","Mekanik Fren Cırcırı 5 Delik 10 Kanal","ESC 1721","46404-201-	5968-24090-713930-9319019-106001721-517452610-2100200701-1041010068-4335010290","Ekersan","Mekanik Fren Cırcırı","CIRCIR","26","1082.4","https://frenciniz.com/urun/49/mekanik-fren-circiri-5-delik-10-kanal-esc-1721-ekersan"
"50","12-153-man-on-58-mm-esb-230-20-ekersan","12-153 Man Ön 58 MM","ESB 230 20","81455010116-81455010152","Ekersan","Bijon","BİJON","2487","163.57","https://frenciniz.com/urun/50/12-153-man-on-58-mm-esb-230-20-ekersan"
"51","otomatik-fren-circiri-mercedes-actros-axor-atego-sk-esc-80159-ekersan","Otomatik Fren Cırcırı Mercedes Actros Axor Atego SK","ESC 80159","6234201538-6234201338-6194200338-6194200138-1662201-4731204-4731337-4731790-4731303-10644-2145-2050-14718-42145-42050-42990-7223","Ekersan","Otomatik Fren Cırcırı","CIRCIR","362","1452","https://frenciniz.com/urun/51/otomatik-fren-circiri-mercedes-actros-axor-atego-sk-esc-80159-ekersan"
"52","otomatik-fren-circiri-mercedes-actros-axor-atego-sk-esc-80158-ekersan","Otomatik Fren Cırcırı Mercedes Actros Axor Atego SK","ESC 80158","4731329-4731196-1662200-6194200038-6194200238-6234201238-6234201438-6584200238-6524200038-4335767100-4335767120-4335767240-94242","Ekersan","Otomatik Fren Cırcırı","CIRCIR","300","1452","https://frenciniz.com/urun/52/otomatik-fren-circiri-mercedes-actros-axor-atego-sk-esc-80158-ekersan"
"53","kampana-935-bmc-profesyonel-boy-30-cm-esk-030-14-ekersan","KAMPANA 935 BMC PROFESYONEL BOY 30 CM","ESK 030 14","5K60512-1W","Ekersan","Fren Kampanası","KAMPANA","45","7816.69","https://frenciniz.com/urun/53/kampana-935-bmc-profesyonel-boy-30-cm-esk-030-14-ekersan"
"54","bijon-scania-volvo-esb-915-10-r-ekersan","Bijon Scania Volvo","ESB 915 10-R","1528655","Ekersan","Bijon","BİJON","3156","218.55","https://frenciniz.com/urun/54/bijon-scania-volvo-esb-915-10-r-ekersan"
"55","otomatik-fren-circiri-man-tga-tgs-tgx-esc-79360-ekersan","Otomatik Fren Cırcırı MAN TGA TGS TGX","ESC 79360","4731634-14721-42095-2095-70722-72320-72970-79210-81506106213-81506106153-81506106083","Ekersan","Otomatik Fren Cırcırı","CIRCIR","92","1452","https://frenciniz.com/urun/55/otomatik-fren-circiri-man-tga-tgs-tgx-esc-79360-ekersan"
"56","bijon-mercedes-actros-axor-atego-esb-180-20-ekersan","Bijon Mercedes Actros Axor Atego","ESB 180 20","9424010271-4012371","Ekersan","Bijon","BİJON","8489","183.64","https://frenciniz.com/urun/56/bijon-mercedes-actros-axor-atego-esb-180-20-ekersan"
"57","kampana-otoyol-york-serin-uzun-kam-14002-esk-160-02-ekersan","KAMPANA OTOYOL YORK SERİN UZUN    KAM 14002","ESK 160 02","786450","Ekersan","Fren Kampanası","KAMPANA","39","6295.89","https://frenciniz.com/urun/57/kampana-otoyol-york-serin-uzun-kam-14002-esk-160-02-ekersan"
"58","bijon-mercedes-actros-axor-atego-esb-180-10-ekersan","Bijon Mercedes Actros Axor Atego","ESB 180 10","9424010371-4014171","Ekersan","Bijon","BİJON","5284","183.64","https://frenciniz.com/urun/58/bijon-mercedes-actros-axor-atego-esb-180-10-ekersan"
"59","bijon-man-tga-tgs-tgx-esb-194-20-ekersan","Bijon MAN TGA TGS TGX","ESB 194 20","3894010071-81455010114-81455010133-81455010163","Ekersan","Bijon","BİJON","1590","183.64","https://frenciniz.com/urun/59/bijon-man-tga-tgs-tgx-esb-194-20-ekersan"
"60","fruehauf-esc-114075-ekersan","FRUEHAUF","ESC 114075","352194-31561-18883-8047-77743-100114075","Ekersan","Fren Cırcırı","CIRCIR","204","1082.4","https://frenciniz.com/urun/60/fruehauf-esc-114075-ekersan"
"61","mekanik-fren-circiri-esc-611-ekersan","Mekanik Fren Cırcırı","ESC 611","","Ekersan","Mekanik Fren Cırcırı","CIRCIR","6","1082.4","https://frenciniz.com/urun/61/mekanik-fren-circiri-esc-611-ekersan"
"62","otomatik-fren-circiri-man-tga-tgs-tgx-esc-80331-ekersan","Otomatik Fren Cırcırı MAN TGA TGS TGX","ESC 80331","80092-81506106252-81506106262","Ekersan","Otomatik Fren Cırcırı","CIRCIR","114","1452","https://frenciniz.com/urun/62/otomatik-fren-circiri-man-tga-tgs-tgx-esc-80331-ekersan"
"63","renault-otomatik-circir-3717-govde-esc-79446-ekersan","RENAULT OTOMATİK CIRCIR 3717 GÖVDE","ESC 79446","5010098862-79296-72813-4W2630-KB2630","Ekersan","Fren Cırcırı","CIRCIR","43","1452","https://frenciniz.com/urun/63/renault-otomatik-circir-3717-govde-esc-79446-ekersan"
"64","renault-otomatik-circir-3718-govde-esc-79447-ekersan","RENAULT OTOMATİK CIRCIR 3718 GÖVDE","ESC 79447","KB2635-4W2635-72814-	79297-5010098863","Ekersan","Fren Cırcırı","CIRCIR","51","1452","https://frenciniz.com/urun/64/renault-otomatik-circir-3718-govde-esc-79447-ekersan"
"65","otomatik-fren-circiri-man-tga-tgs-tgx-esc-79358-ekersan","Otomatik Fren Cırcırı MAN TGA TGS TGX","ESC 79358","4731618-14702-42070-2070-60003-72968-79208-72303-79514-81506106211-81506106235-81998033225","Ekersan","Otomatik Fren Cırcırı","CIRCIR","85","1452","https://frenciniz.com/urun/65/otomatik-fren-circiri-man-tga-tgs-tgx-esc-79358-ekersan"
"66","otomatik-fren-circiri-man-tga-tgs-tgx-esc-79359-ekersan","Otomatik Fren Cırcırı MAN TGA TGS TGX","ESC 79359","81998033226-81506106166-81506106234-81506106210-79515-72304-79209-72969-	60004-2075-42075-14701-4731626","Ekersan","Otomatik Fren Cırcırı","CIRCIR","86","1452","https://frenciniz.com/urun/66/otomatik-fren-circiri-man-tga-tgs-tgx-esc-79359-ekersan"
"67","bijon-mercedes-arka-ozel-128-mm-esb-116-10-1-ekersan","BİJON MERCEDES ARKA/ÖZEL-128 MM","ESB 116 10-1","3814011471-81455010099","Ekersan","Bijon","BİJON","369","193.99","https://frenciniz.com/urun/67/bijon-mercedes-arka-ozel-128-mm-esb-116-10-1-ekersan"
"68","fren-kampanasi-bpw-ecoplus-esk-160-30-ekersan","Fren Kampanası BPW ECOPlus","ESK 160 30","310677560-125779409","Ekersan","Fren Kampanası","KAMPANA","3","6295.89","https://frenciniz.com/urun/68/fren-kampanasi-bpw-ecoplus-esk-160-30-ekersan"
"69","kampana-serin-ror-jumbo-8-delik-360-230-tirtilli-esk-160-43-ekersan","KAMPANA SERİN ROR JUMBO 8 DELİK 360*230 TIRTILLI","ESK 160 43","Fren Kampanası","Ekersan","Fren Kampanası","KAMPANA","8","4413.51","https://frenciniz.com/urun/69/kampana-serin-ror-jumbo-8-delik-360-230-tirtilli-esk-160-43-ekersan"
"70","kampana-ror-jumbo-cakma-360-cap-esk-160-42-ekersan","KAMPANA ROR JUMBO ÇAKMA 360 ÇAP","ESK 160 42","Fren Kampanası","Ekersan","Fren Kampanası","KAMPANA","11","4509.22","https://frenciniz.com/urun/70/kampana-ror-jumbo-cakma-360-cap-esk-160-42-ekersan"
"71","otomatik-fren-circiri-427257-esc-80350-ekersan","Otomatik Fren Cırcırı 427257","ESC 80350","80200, 3777729320, 80200C","Ekersan","Otomatik Fren Cırcırı","CIRCIR","10","1452","https://frenciniz.com/urun/71/otomatik-fren-circiri-427257-esc-80350-ekersan"
"72","fren-diski-man-tga-tgs-tgx-esd-020-12-ekersan","Fren Diski MAN TGA TGS TGX","ESD 020 12","81508030042","Ekersan","Fren Diski","DİSK","167","2903.34","https://frenciniz.com/urun/72/fren-diski-man-tga-tgs-tgx-esd-020-12-ekersan"
"73","fren-kampanasi-esk-090-15-ekersan","Fren Kampanası","ESK 090 15","360571 , 2378715 , 1414153","Ekersan","Fren Kampanası","KAMPANA","231","6763.83","https://frenciniz.com/urun/73/fren-kampanasi-esk-090-15-ekersan"
"74","ford-cargo-1846-on-arka-abs-li-fren-diski-esd-120-03-1-ekersan","FORD CARGO 1846 ÖN-ARKA ABS'Lİ FREN DİSKİ","ESD 120 03-1","DC462A315AA","Ekersan","Fren Diski","DİSK","223","4700.65","https://frenciniz.com/urun/74/ford-cargo-1846-on-arka-abs-li-fren-diski-esd-120-03-1-ekersan"
"75","otomatik-fren-circiri-renault-midlum-premium-magnum-esc-79455-ekersan","Otomatik Fren Cırcırı Renault Midlum Premium Magnum","ESC 79455","14739- 4W3490- 5010260028- 72998","Ekersan","Otomatik Fren Cırcırı","CIRCIR","10","1452","https://frenciniz.com/urun/75/otomatik-fren-circiri-renault-midlum-premium-magnum-esc-79455-ekersan"
"76","fren-diski-renault-midlum-premium-magnum-esd-040-04-ekersan","Fren Diski Renault Midlum Premium Magnum","ESD 040 04","5010525326","Ekersan","Fren Diski","DİSK","34","6763.83","https://frenciniz.com/urun/76/fren-diski-renault-midlum-premium-magnum-esd-040-04-ekersan"
"77","fren-kampanasi-ford-cargo-1833-1846-2532-3232-esk-040-16-ekersan","Fren Kampanası Ford Cargo 1833 1846 2532 3232","ESK 040 16","9C46-1126-AG","Ekersan","Fren Kampanası","KAMPANA","14","7274.31","https://frenciniz.com/urun/77/fren-kampanasi-ford-cargo-1833-1846-2532-3232-esk-040-16-ekersan"
"78","fren-kampanasi-bpw-ecoplus-esk-161-01-ekersan","Fren Kampanası BPW ECOPlus","ESK 161 01","310946060-310946070","Ekersan","Fren Kampanası","KAMPANA","15","4413.51","https://frenciniz.com/urun/78/fren-kampanasi-bpw-ecoplus-esk-161-01-ekersan"
"79","fren-kampanasi-saf-holland-esk-160-24-ekersan","Fren Kampanası SAF Holland","ESK 160 24","1064026001-1064026002-1064026000","Ekersan","Fren Kampanası","KAMPANA","69","5307.81","https://frenciniz.com/urun/79/fren-kampanasi-saf-holland-esk-160-24-ekersan"
"80","fren-kampanasi-dorse-treyler-esk-160-10-ekersan","Fren Kampanası Dorse Treyler","ESK 160 10","AJB0465002-M003176-465002-449628-462869-7000085-3176","Ekersan","Fren Kampanası","KAMPANA","9","6147","https://frenciniz.com/urun/80/fren-kampanasi-dorse-treyler-esk-160-10-ekersan"
"81","fren-kampanasi-esk-100-02-ekersan","Fren Kampanası","ESK 100 02","284620 , 1233462 , 094903 , 595225","Ekersan","Fren Kampanası","KAMPANA","77","5934.31","https://frenciniz.com/urun/81/fren-kampanasi-esk-100-02-ekersan"
"82","fren-kampanasi-mercedes-actros-axor-atego-esk-010-31-ekersan","Fren Kampanası Mercedes Actros Axor Atego","ESK 010 31","3054230401","Ekersan","Fren Kampanası","KAMPANA","102","5530.18","https://frenciniz.com/urun/82/fren-kampanasi-mercedes-actros-axor-atego-esk-010-31-ekersan"
"83","bijon-esb-461-10-ekersan","Bijon","ESB 461 10","","Ekersan","Bijon","BİJON","3020","199.31","https://frenciniz.com/urun/83/bijon-esb-461-10-ekersan"
"84","fren-diski-volvo-fh-fm-fl-esd-110-05-ekersan","Fren Diski Volvo FH FM FL","ESD 110 05","8551042, 3092710","Ekersan","Fren Diski","DİSK","79","4428.01","https://frenciniz.com/urun/84/fren-diski-volvo-fh-fm-fl-esd-110-05-ekersan"
"85","ekersan-arox-actros-fren-circiri-5017-govde-sag-esc-80423-ekersan","EKERSAN AROX-ACTROS FREN CIRCIRI 5017 GÖVDE SAĞ","ESC 80423","","Ekersan","Fren Cırcırı","CIRCIR","41","1452","https://frenciniz.com/urun/85/ekersan-arox-actros-fren-circiri-5017-govde-sag-esc-80423-ekersan"
"86","ekersan-arox-actrost-fren-circiri-5018-govde-sol-esc-80422-ekersan","EKERSAN AROX-ACTROST FREN CIRCIRI 5018 GÖVDE SOL","ESC 80422","","Ekersan","Fren Cırcırı","CIRCIR","4","1452","https://frenciniz.com/urun/86/ekersan-arox-actrost-fren-circiri-5018-govde-sol-esc-80422-ekersan"
"87","scania-420-on-arka-fren-diski-macasiz-dolu-esd-080-02-ekersan","SCANİA 420 ÖN-ARKA FREN DİSKİ MAÇASIZ DOLU","ESD 080 02","1386686, 1402272, 1852817, K000510, K000810","Ekersan","Fren Diski","DİSK","12","4732.56","https://frenciniz.com/urun/87/scania-420-on-arka-fren-diski-macasiz-dolu-esd-080-02-ekersan"
"88","disk-isuzu-n-serie-nqr-on-70-75-euro-6-esd-130-06-ekersan","DİSK ISUZU N-SERİE NQR ÖN 70/75/ EURO 6","ESD 130 06","8971686321 - 8982488950","Ekersan","Fren Diski","DİSK","2","3413.82","https://frenciniz.com/urun/88/disk-isuzu-n-serie-nqr-on-70-75-euro-6-esd-130-06-ekersan"
"89","fren-kampanasi-esk-161-07-ekersan","Fren Kampanası","ESK 161 07","Fren Kampanası","Ekersan","Fren Kampanası","KAMPANA","200","4934.62","https://frenciniz.com/urun/89/fren-kampanasi-esk-161-07-ekersan"
"90","kampana-sertel-l4-jumbo-g18-b26-esk-161-02-ekersan","KAMPANA SERTEL L4 JUMBO G18-B26","ESK 161 02","Fren Kampanası","Ekersan","Fren Kampanası","KAMPANA","11","4413.51","https://frenciniz.com/urun/90/kampana-sertel-l4-jumbo-g18-b26-esk-161-02-ekersan"
"91","kampana-sertel-k-4-420-200-246-cakma-687-porya-t-4-esk-160-87-ekersan","KAMPANA SERTEL K-4 420-200-246 ÇAKMA 687 (PORYA T-4)","ESK 160 87","Fren Kampanası","Ekersan","Fren Kampanası","KAMPANA","381","5346.48","https://frenciniz.com/urun/91/kampana-sertel-k-4-420-200-246-cakma-687-porya-t-4-esk-160-87-ekersan"
"92","kampana-osman-koc-k-1-10-delik-esk-160-82-ekersan","KAMPANA OSMAN KOÇ K-1 (10 DELİK)","ESK 160 82","K01","Ekersan","Fren Kampanası","KAMPANA","122","6168.27","https://frenciniz.com/urun/92/kampana-osman-koc-k-1-10-delik-esk-160-82-ekersan"
"93","kampana-bpw-20-cm-sikma-somunlu-esk-160-74-ekersan","KAMPANA BPW 20 CM SIKMA SOMUNLU","ESK 160 74","310677570-310977160-310977770","Ekersan","Fren Kampanası","KAMPANA","20","5615.26","https://frenciniz.com/urun/93/kampana-bpw-20-cm-sikma-somunlu-esk-160-74-ekersan"
"94","fren-kampanasi-esk-160-61-ekersan","Fren Kampanası","ESK 160 61","Fren Kampanası","Ekersan","Fren Kampanası","KAMPANA","94","6083.19","https://frenciniz.com/urun/94/fren-kampanasi-esk-160-61-ekersan"
"95","kampana-42-22-dorse-sikma-sertel-t-5-em-g28-b28-esk-160-53-ekersan","KAMPANA 42*22 DORSE SIKMA SERTEL T-5  EM G28-B28","ESK 160 53","2812","Ekersan","Fren Kampanası","KAMPANA","254","6168.27","https://frenciniz.com/urun/95/kampana-42-22-dorse-sikma-sertel-t-5-em-g28-b28-esk-160-53-ekersan"
"96","kampana-altinordu-jumbo-g180-10-delik-alti-duz-esk-160-32-ekersan","KAMPANA ALTINORDU JUMBO G180 10 DELİK ALTI DÜZ","ESK 160 32","Fren Kampanası","Ekersan","Fren Kampanası","KAMPANA","30","4083.82","https://frenciniz.com/urun/96/kampana-altinordu-jumbo-g180-10-delik-alti-duz-esk-160-32-ekersan"
"97","fren-kampanasi-esk-160-29-s-ekersan","Fren Kampanası","ESK 160 29-S","52809","Ekersan","Fren Kampanası","KAMPANA","1278","4950.09","https://frenciniz.com/urun/97/fren-kampanasi-esk-160-29-s-ekersan"
"98","fren-kampanasi-esk-160-27-ekersan","Fren Kampanası","ESK 160 27","OK-JK-19.5(2806)","Ekersan","Fren Kampanası","KAMPANA","87","4083.82","https://frenciniz.com/urun/98/fren-kampanasi-esk-160-27-ekersan"
"99","fren-kampanasi-ror-meritor-esk-160-22-ekersan","Fren Kampanası ROR Meritor","ESK 160 22","21220183-22222978-22224179","Ekersan","Fren Kampanası","KAMPANA","8","5625.89","https://frenciniz.com/urun/99/fren-kampanasi-ror-meritor-esk-160-22-ekersan"
"100","kampana-360-cap-ror-jumbo-somunlu-esk-160-21-ekersan","KAMPANA 360 ÇAP ROR JUMBO SOMUNLU","ESK 160 21","Fren Kampanası","Ekersan","Fren Kampanası","KAMPANA","37","4509.22","https://frenciniz.com/urun/100/kampana-360-cap-ror-jumbo-somunlu-esk-160-21-ekersan"
"101","fren-kampanasi-bpw-ecoplus-esk-160-18-ekersan","Fren Kampanası BPW ECOPlus","ESK 160 18","310967820 , 310967130","Ekersan","Fren Kampanası","KAMPANA","41","4998.42","https://frenciniz.com/urun/101/fren-kampanasi-bpw-ecoplus-esk-160-18-ekersan"
"102","fren-kampanasi-bpw-ecoplus-esk-160-17-ekersan","Fren Kampanası BPW ECOPlus","ESK 160 17","310967190","Ekersan","Fren Kampanası","KAMPANA","123","4998.42","https://frenciniz.com/urun/102/fren-kampanasi-bpw-ecoplus-esk-160-17-ekersan"
"103","kampana-bpw-orjinal-290-6-delik-esk-160-15-ekersan","KAMPANA BPW ORJINAL (290) 6 DELİK","ESK 160 15","Fren Kampanası","Ekersan","Fren Kampanası","KAMPANA","10","5296.21","https://frenciniz.com/urun/103/kampana-bpw-orjinal-290-6-delik-esk-160-15-ekersan"
"104","fren-kampanasi-iveco-eurocargo-stralis-esk-160-12-ekersan","Fren Kampanası Iveco Eurocargo Stralis","ESK 160 12","A1561800-AJA0489001-AJA0489002-1014079-1561800-3127017189-489002-489001-AJA0595001-21419","Ekersan","Fren Kampanası","KAMPANA","47","6380.97","https://frenciniz.com/urun/104/fren-kampanasi-iveco-eurocargo-stralis-esk-160-12-ekersan"
"105","kampana-otokar-sultan-e-m-on-esk-150-05-ekersan","KAMPANA OTOKAR SULTAN E.M. ÖN","ESK 150 05","13C0521 AD - 13C25 - 05109AA - 132505109","Ekersan","Fren Kampanası","KAMPANA","24","4392.24","https://frenciniz.com/urun/105/kampana-otokar-sultan-e-m-on-esk-150-05-ekersan"
"106","kampana-otokar-sultan-y-m-on-arka-esk-150-04-ekersan","KAMPANA OTOKAR SULTAN Y.M.ÖN-ARKA","ESK 150 04","13C00 050021 AD","Ekersan","Fren Kampanası","KAMPANA","4","4253.98","https://frenciniz.com/urun/106/kampana-otokar-sultan-y-m-on-arka-esk-150-04-ekersan"
"107","fren-kampanasi-renault-midlum-premium-magnum-esk-140-03-k-ekersan","Fren Kampanası Renault Midlum Premium Magnum","ESK 140 03-K","5010098949","Ekersan","Fren Kampanası","KAMPANA","24","6721.29","https://frenciniz.com/urun/107/fren-kampanasi-renault-midlum-premium-magnum-esk-140-03-k-ekersan"
"108","fren-kampanasi-renault-midlum-premium-magnum-esk-140-03-ekersan","Fren Kampanası Renault Midlum Premium Magnum","ESK 140 03","5010098949","Ekersan","Fren Kampanası","KAMPANA","250","6721.29","https://frenciniz.com/urun/108/fren-kampanasi-renault-midlum-premium-magnum-esk-140-03-ekersan"
"109","fren-kampanasi-esk-140-01-ekersan","Fren Kampanası","ESK 140 01","194435-189937","Ekersan","Fren Kampanası","KAMPANA","39","6147","https://frenciniz.com/urun/109/fren-kampanasi-esk-140-01-ekersan"
"110","fren-kampanasi-esk-110-25-ekersan","Fren Kampanası","ESK 110 25","1075306 , 21451966","Ekersan","Fren Kampanası","KAMPANA","96","6636.21","https://frenciniz.com/urun/110/fren-kampanasi-esk-110-25-ekersan"
"111","fren-kampanasi-esk-110-23-ekersan","Fren Kampanası","ESK 110 23","1075310","Ekersan","Fren Kampanası","KAMPANA","201","7954.95","https://frenciniz.com/urun/111/fren-kampanasi-esk-110-23-ekersan"
"112","fren-kampanasi-bmc-no-5205p42706m-1-esk-110-22-ekersan","Fren Kampanası BMC NO: 5205P42706M-1","ESK 110 22","7421451973-7420713927-20713927-21508812-21451967-21094123-3171747-1075309","Ekersan","Fren Kampanası","KAMPANA","316","7487.01","https://frenciniz.com/urun/112/fren-kampanasi-bmc-no-5205p42706m-1-esk-110-22-ekersan"
"113","fren-kampanasi-esk-100-01-ekersan","Fren Kampanası","ESK 100 01","365579","Ekersan","Fren Kampanası","KAMPANA","91","8210.19","https://frenciniz.com/urun/113/fren-kampanasi-esk-100-01-ekersan"
"114","fren-kampanasi-esk-090-02-ekersan","Fren Kampanası","ESK 090 02","360573-1414435","Ekersan","Fren Kampanası","KAMPANA","228","9060.98","https://frenciniz.com/urun/114/fren-kampanasi-esk-090-02-ekersan"
"115","kampana-mitsubishi-635-fuso-on-arka-esk-080-10-ekersan","KAMPANA MITSUBISHI 635 FUSO ÖN-ARKA","ESK 080 10","MC 838284","Ekersan","Fren Kampanası","KAMPANA","24","2807.63","https://frenciniz.com/urun/115/kampana-mitsubishi-635-fuso-on-arka-esk-080-10-ekersan"
"116","kampana-mitsubishi-449-on-arka-esk-080-06-ekersan","KAMPANA MITSUBISHI 449 ÖN-ARKA","ESK 080 06","MC 112024","Ekersan","Fren Kampanası","KAMPANA","12","3020.33","https://frenciniz.com/urun/116/kampana-mitsubishi-449-on-arka-esk-080-06-ekersan"
"117","fren-kampanasi-mitsubishi-canter-fuso-isuzu-npr-nqr-esk-080-05-ekersan","Fren Kampanası Mitsubishi Canter Fuso Isuzu NPR NQR","ESK 080 05","MK 321338","Ekersan","Fren Kampanası","KAMPANA","15","3020.33","https://frenciniz.com/urun/117/fren-kampanasi-mitsubishi-canter-fuso-isuzu-npr-nqr-esk-080-05-ekersan"
"118","fren-kampanasi-mitsubishi-canter-fuso-isuzu-npr-nqr-esk-080-04-ekersan","Fren Kampanası Mitsubishi Canter Fuso Isuzu NPR NQR","ESK 080 04","MC 828885","Ekersan","Fren Kampanası","KAMPANA","25","5530.18","https://frenciniz.com/urun/118/fren-kampanasi-mitsubishi-canter-fuso-isuzu-npr-nqr-esk-080-04-ekersan"
"119","fren-kampanasi-mitsubishi-canter-fuso-isuzu-npr-nqr-esk-080-03-ekersan","Fren Kampanası Mitsubishi Canter Fuso Isuzu NPR NQR","ESK 080 03","MC 828296","Ekersan","Fren Kampanası","KAMPANA","45","5998.12","https://frenciniz.com/urun/119/fren-kampanasi-mitsubishi-canter-fuso-isuzu-npr-nqr-esk-080-03-ekersan"
"120","fren-kampanasi-esk-070-05-ekersan","Fren Kampanası","ESK 070 05","27777258002, 277772158001, 277.772.158.0-01","Ekersan","Fren Kampanası","KAMPANA","150","3743.5","https://frenciniz.com/urun/120/fren-kampanasi-esk-070-05-ekersan"
"121","kampana-isuzu-nqr-nor-turkuaz-on-arka-em-esk-070-03-ekersan","KAMPANA ISUZU NQR NOR TURKUAZ ÖN-ARKA EM","ESK 070 03","8971020011-51","Ekersan","Fren Kampanası","KAMPANA","267","3470.86","https://frenciniz.com/urun/121/kampana-isuzu-nqr-nor-turkuaz-on-arka-em-esk-070-03-ekersan"
"122","fren-kampanasi-mitsubishi-canter-fuso-isuzu-npr-nqr-esk-070-02-ekersan","Fren Kampanası Mitsubishi Canter Fuso Isuzu NPR NQR","ESK 070 02","894121376107","Ekersan","Fren Kampanası","KAMPANA","122","3084.14","https://frenciniz.com/urun/122/fren-kampanasi-mitsubishi-canter-fuso-isuzu-npr-nqr-esk-070-02-ekersan"
"123","fren-kampanasi-iveco-eurocargo-stralis-esk-060-32-ekersan","Fren Kampanası Iveco Eurocargo Stralis","ESK 060 32","7183050","Ekersan","Fren Kampanası","KAMPANA","30","7487.01","https://frenciniz.com/urun/123/fren-kampanasi-iveco-eurocargo-stralis-esk-060-32-ekersan"
"124","fren-kampanasi-iveco-eurocargo-eurotech-stralis-esk-060-08-ekersan","Fren Kampanası Iveco Eurocargo Eurotech Stralis","ESK 060 08","7172079","Ekersan","Fren Kampanası","KAMPANA","2","6721.29","https://frenciniz.com/urun/124/fren-kampanasi-iveco-eurocargo-eurotech-stralis-esk-060-08-ekersan"
"125","fren-kampanasi-iveco-eurocargo-eurotech-stralis-esk-060-07-ekersan","Fren Kampanası Iveco Eurocargo Eurotech Stralis","ESK 060 07","7172329","Ekersan","Fren Kampanası","KAMPANA","20","6636.21","https://frenciniz.com/urun/125/fren-kampanasi-iveco-eurocargo-eurotech-stralis-esk-060-07-ekersan"
"126","fren-kampanasi-iveco-eurocargo-stralis-esk-060-06-ekersan","Fren Kampanası Iveco Eurocargo Stralis","ESK 060 06","42118427","Ekersan","Fren Kampanası","KAMPANA","57","6721.29","https://frenciniz.com/urun/126/fren-kampanasi-iveco-eurocargo-stralis-esk-060-06-ekersan"
"127","kampana-35-9-65-9-m23-m24-iveco-esk-060-02-ekersan","KAMPANA 35-9 65-9-M23-M24 İVECO","ESK 060 02","7160035","Ekersan","Fren Kampanası","KAMPANA","2","2807.63","https://frenciniz.com/urun/127/kampana-35-9-65-9-m23-m24-iveco-esk-060-02-ekersan"
"128","kampana-85-12-75-12-m29-iveco-esk-060-01-ekersan","KAMPANA 85-12  75-12  M29 İVECO","ESK 060 01","4715419","Ekersan","Fren Kampanası","KAMPANA","21","2871.44","https://frenciniz.com/urun/128/kampana-85-12-75-12-m29-iveco-esk-060-01-ekersan"
"129","kampana-as26200-26235-32260-on-esk-050-07-ekersan","KAMPANA AS26200-26235-32260 ÖN","ESK 050 07","18345T","Ekersan","Fren Kampanası","KAMPANA","21","5742.88","https://frenciniz.com/urun/129/kampana-as26200-26235-32260-on-esk-050-07-ekersan"
"130","kampana-as-950-26200-arka-esk-050-03-ekersan","KAMPANA AS 950-26200 ARKA","ESK 050 03","23504 T","Ekersan","Fren Kampanası","KAMPANA","18","5583.35","https://frenciniz.com/urun/130/kampana-as-950-26200-arka-esk-050-03-ekersan"
"131","kampana-as-900-arka-esk-050-01-ekersan","KAMPANA AS 900 ARKA","ESK 050 01","4833T","Ekersan","Fren Kampanası","KAMPANA","39","5583.35","https://frenciniz.com/urun/131/kampana-as-900-arka-esk-050-01-ekersan"
"132","kampana-cargo-4142-4136-4139-3936-3536-arka-cerli-cift-ceker-esk-040-13-ekersan","KAMPANA CARGO 4142-4136-4139-3936-3536 ARKA CERLİ ÇİFT ÇEKER","ESK 040 13","9C461126AD","Ekersan","Fren Kampanası","KAMPANA","16","7423.2","https://frenciniz.com/urun/132/kampana-cargo-4142-4136-4139-3936-3536-arka-cerli-cift-ceker-esk-040-13-ekersan"
"133","fren-kampanasi-ford-cargo-1833-1846-2532-3232-esk-040-12-ekersan","Fren Kampanası Ford Cargo 1833 1846 2532 3232","ESK 040 12","9C46-1125-AB","Ekersan","Fren Kampanası","KAMPANA","1180","6678.75","https://frenciniz.com/urun/133/fren-kampanasi-ford-cargo-1833-1846-2532-3232-esk-040-12-ekersan"
"134","kampana-cargo-2524-2530-3230-3235-seri-tirtirli-3430-on-esk-040-11-ekersan","KAMPANA CARGO 2524-2530-3230 3235 SERİ TIRTIRLI 3430 ÖN","ESK 040 11","6C46 1126-AC","Ekersan","Fren Kampanası","KAMPANA","147","6997.8","https://frenciniz.com/urun/134/kampana-cargo-2524-2530-3230-3235-seri-tirtirli-3430-on-esk-040-11-ekersan"
"135","kampana-2524-3227-3230-on-arka-esk-040-09-ekersan","KAMPANA 2524-3227-3230 ÖN-ARKA","ESK 040 09","7C46 1125 AA","Ekersan","Fren Kampanası","KAMPANA","363","5370.65","https://frenciniz.com/urun/135/kampana-2524-3227-3230-on-arka-esk-040-09-ekersan"
"136","kampana-2520-intercoll-on-esk-040-06-ekersan","KAMPANA 2520 İNTERCOLL ÖN","ESK 040 06","85DB1125AB","Ekersan","Fren Kampanası","KAMPANA","19","5370.65","https://frenciniz.com/urun/136/kampana-2520-intercoll-on-esk-040-06-ekersan"
"137","kampana-2520-intercoll-arka-esk-040-05-ekersan","KAMPANA 2520 İNTERCOLL ARKA","ESK 040 05","85DB1126AA","Ekersan","Fren Kampanası","KAMPANA","103","5370.65","https://frenciniz.com/urun/137/kampana-2520-intercoll-arka-esk-040-05-ekersan"
"138","kampana-turbo-cargo-on-esk-040-04-ekersan","KAMPANA TURBO CARGO ÖN","ESK 040 04","82DB1125AA","Ekersan","Fren Kampanası","KAMPANA","10","5370.65","https://frenciniz.com/urun/138/kampana-turbo-cargo-on-esk-040-04-ekersan"
"139","kampana-turbo-cargo-2517-arka-18-cm-esk-040-02-ekersan","KAMPANA TURBO CARGO 2517 ARKA 18 CM","ESK 040 02","6119230","Ekersan","Fren Kampanası","KAMPANA","2","4892.08","https://frenciniz.com/urun/139/kampana-turbo-cargo-2517-arka-18-cm-esk-040-02-ekersan"
"140","fren-kampanasi-bmc-no-e72012052-1-esk-030-16-ekersan","FREN KAMPANASI (BMC NO: E72012052-1)","ESK 030 16","51RS401276A","Ekersan","Fren Kampanası","KAMPANA","2","3137.31","https://frenciniz.com/urun/140/fren-kampanasi-bmc-no-e72012052-1-esk-030-16-ekersan"
"141","kampana-bmc-m-3000-pikap-on-arka-esk-030-15-ekersan","KAMPANA BMC M 3000 PİKAP ÖN-ARKA","ESK 030 15","566346","Ekersan","Fren Kampanası","KAMPANA","6","3030.96","https://frenciniz.com/urun/141/kampana-bmc-m-3000-pikap-on-arka-esk-030-15-ekersan"
"142","kampana-522-profesyonel-f-r-esk-030-13-ekersan","KAMPANA 522 PROFESYONEL F-R","ESK 030 13","57RS302616UB","Ekersan","Fren Kampanası","KAMPANA","62","5264.3","https://frenciniz.com/urun/142/kampana-522-profesyonel-f-r-esk-030-13-ekersan"
"143","kampana-pro-940-270-fatih-f-r-sogutmali-22-cm-esk-030-12-ekersan","KAMPANA PRO 940/270 FATİH F-R SOĞUTMALI 22 CM","ESK 030 12","5K 60512","Ekersan","Fren Kampanası","KAMPANA","23","6763.83","https://frenciniz.com/urun/143/kampana-pro-940-270-fatih-f-r-sogutmali-22-cm-esk-030-12-ekersan"
"144","kampana-170-fatih-f-r-esk-030-11-ekersan","KAMPANA 170 FATİH F-R","ESK 030 11","5K 56770","Ekersan","Fren Kampanası","KAMPANA","12","6274.62","https://frenciniz.com/urun/144/kampana-170-fatih-f-r-esk-030-11-ekersan"
"145","kampana-220-26-dev-822-827-pro-20-cm-esk-030-08-ekersan","KAMPANA 220.26 DEV-822-827 PRO 20 CM","ESK 030 08","5K 16448","Ekersan","Fren Kampanası","KAMPANA","537","6083.19","https://frenciniz.com/urun/145/kampana-220-26-dev-822-827-pro-20-cm-esk-030-08-ekersan"
"146","fren-kampanasi-bmc-no-5k88968m-esk-030-05-ekersan","Fren Kampanası BMC NO: 5K88968M","ESK 030 05","518782 - 5K88962M - 5K88968 - 5K59690","Ekersan","Fren Kampanası","KAMPANA","74","6147","https://frenciniz.com/urun/146/fren-kampanasi-bmc-no-5k88968m-esk-030-05-ekersan"
"147","kampana-200-26-int-ince-flans-esk-030-04-ekersan","KAMPANA 200.26 İNT.İNCE FLANŞ","ESK 030 04","5K 18782","Ekersan","Fren Kampanası","KAMPANA","14","6274.62","https://frenciniz.com/urun/147/kampana-200-26-int-ince-flans-esk-030-04-ekersan"
"148","kampana-162-22-162-25-on-arka-esk-030-01-ekersan","KAMPANA 162.22-162.25 ÖN-ARKA","ESK 030 01","K8C1008","Ekersan","Fren Kampanası","KAMPANA","5","5402.56","https://frenciniz.com/urun/148/kampana-162-22-162-25-on-arka-esk-030-01-ekersan"
"149","kampana-12-153-man-dingil-esk-020-09-ekersan","KAMPANA 12-153 MAN DİNGİL","ESK 020 09","","Ekersan","Fren Kampanası","KAMPANA","9","4892.08","https://frenciniz.com/urun/149/kampana-12-153-man-dingil-esk-020-09-ekersan"
"150","fren-kampanasi-man-tga-tgs-tgx-tgm-esk-020-07-ekersan","Fren Kampanası MAN TGA TGS TGX TGM","ESK 020 07","81501100118 , 81501100213 , 81501100242","Ekersan","Fren Kampanası","KAMPANA","42","6147","https://frenciniz.com/urun/150/fren-kampanasi-man-tga-tgs-tgx-tgm-esk-020-07-ekersan"
"151","fren-kampanasi-man-tga-tgs-tgx-tgm-esk-020-05-ekersan","Fren Kampanası MAN TGA TGS TGX TGM","ESK 020 05","81501100232","Ekersan","Fren Kampanası","KAMPANA","1087","5360.02","https://frenciniz.com/urun/151/fren-kampanasi-man-tga-tgs-tgx-tgm-esk-020-05-ekersan"
"152","fren-kampanasi-man-tga-tgs-tgx-tgm-esk-020-03-ekersan","Fren Kampanası MAN TGA TGS TGX TGM","ESK 020 03","81501100144","Ekersan","Fren Kampanası","KAMPANA","837","5508.91","https://frenciniz.com/urun/152/fren-kampanasi-man-tga-tgs-tgx-tgm-esk-020-03-ekersan"
"153","fren-kampanasi-mercedes-actros-axor-atego-sk-esk-010-41-ekersan","Fren Kampanası Mercedes Actros Axor Atego SK","ESK 010 41","6584210001","Ekersan","Fren Kampanası","KAMPANA","299","5827.96","https://frenciniz.com/urun/153/fren-kampanasi-mercedes-actros-axor-atego-sk-esk-010-41-ekersan"
"154","kampana-1517-ateco-dingil-esk-010-22-ekersan","KAMPANA 1517 ATECO DİNGİL","ESK 010 22","Fren Kampanası","Ekersan","Fren Kampanası","KAMPANA","7","4892.08","https://frenciniz.com/urun/154/kampana-1517-ateco-dingil-esk-010-22-ekersan"
"155","kampana-2521-2524-kamyon-ilave-dingil-esk-010-12-ekersan","KAMPANA 2521-2524 KAMYON İLAVE DİNGİL","ESK 010 12","6174230201","Ekersan","Fren Kampanası","KAMPANA","19","5360.02","https://frenciniz.com/urun/155/kampana-2521-2524-kamyon-ilave-dingil-esk-010-12-ekersan"
"156","kampana-2521-2524-3031-kamyon-on-18-cm-esk-010-11-ekersan","KAMPANA 2521-2524-3031 KAMYON ÖN 18 CM","ESK 010 11","6244210201","Ekersan","Fren Kampanası","KAMPANA","107","5360.02","https://frenciniz.com/urun/156/kampana-2521-2524-3031-kamyon-on-18-cm-esk-010-11-ekersan"
"157","kampana-2517-2521-kamyon-arka-ozel-22-cm-axl-g30-b28-esk-010-09-ekersan","KAMPANA 2517-2521 KAMYON ARKA (ÖZEL) 22 CM AXL G30-B28","ESK 010 09","3604230101","Ekersan","Fren Kampanası","KAMPANA","103","6295.89","https://frenciniz.com/urun/157/kampana-2517-2521-kamyon-arka-ozel-22-cm-axl-g30-b28-esk-010-09-ekersan"
"158","fren-kampanasi-2622-2517-kamyon-on-esk-010-08-ekersan","Fren Kampanası 2622 -2517 Kamyon ÖN","ESK 010 08","3054210401 , 3054210101","Ekersan","Fren Kampanası","KAMPANA","71","4753.83","https://frenciniz.com/urun/158/fren-kampanasi-2622-2517-kamyon-on-esk-010-08-ekersan"
"159","fren-kampanasi-mercedes-actros-axor-atego-sk-esk-010-05-ekersan","Fren Kampanası Mercedes Actros Axor Atego SK","ESK 010 05","3014230001 , 3014231201","Ekersan","Fren Kampanası","KAMPANA","94","6997.8","https://frenciniz.com/urun/159/fren-kampanasi-mercedes-actros-axor-atego-sk-esk-010-05-ekersan"
"160","fren-kampanasi-mercedes-actros-axor-atego-sk-esk-010-01-ekersan","Fren Kampanası Mercedes Actros Axor Atego SK","ESK 010 01","3464230501","Ekersan","Fren Kampanası","KAMPANA","77","6136.37","https://frenciniz.com/urun/160/fren-kampanasi-mercedes-actros-axor-atego-sk-esk-010-01-ekersan"
"161","fren-diski-kogel-krone-esd-220-02-ekersan","Fren Diski Kögel Krone","ESD 220 02","9267086 - 6604261","Ekersan","Fren Diski","DİSK","53","5360.02","https://frenciniz.com/urun/161/fren-diski-kogel-krone-esd-220-02-ekersan"
"162","valx-dingil-treyler-fren-diski-esd-220-01-ekersan","VALX DİNGİL TREYLER FREN DİSKİ","ESD 220 01","50390001","Ekersan","Fren Diski","DİSK","82","5360.02","https://frenciniz.com/urun/162/valx-dingil-treyler-fren-diski-esd-220-01-ekersan"
"163","mitsubishi-euro-5-on-fren-diski-esd-170-04-ekersan","MITSUBISHI EURO 5 ÖN FREN DİSKİ","ESD 170 04","MK584503Y","Ekersan","Fren Diski","DİSK","18","3243.66","https://frenciniz.com/urun/163/mitsubishi-euro-5-on-fren-diski-esd-170-04-ekersan"
"164","mitsubishi-metropol-arka-otokar-doruk-arka-abs-li-fren-diski-090-17-np-0613-esd-170-01-ekersan","MITSUBISHI METROPOL ARKA/OTOKAR DORUK ARKA ABS'Lİ FREN DİSKİ (090 17) (NP-0613)","ESD 170 01","16F00-05-248AA","Ekersan","Fren Diski","DİSK","50","4519.86","https://frenciniz.com/urun/164/mitsubishi-metropol-arka-otokar-doruk-arka-abs-li-fren-diski-090-17-np-0613-esd-170-01-ekersan"
"165","fren-diski-abs-li-bmc-no-57rs305298-1-esd-160-06-ekersan","Fren Diski ABS'li ( BMC NO: 57RS305298-1)","ESD 160 06","Fren Diski","Ekersan","Fren Diski ABS'li","DİSK","51","6032.92","https://frenciniz.com/urun/165/fren-diski-abs-li-bmc-no-57rs305298-1-esd-160-06-ekersan"
"166","bmc-on-fren-diski-16-delik-bmc-no-57rs307931-1-esd-160-05-ekersan","BMC ÖN FREN DİSKİ 16 DELİK BMC NO: 57RS307931-1","ESD 160 05","57RS307931M","Ekersan","Fren Diski","DİSK","31","5636.53","https://frenciniz.com/urun/166/bmc-on-fren-diski-16-delik-bmc-no-57rs307931-1-esd-160-05-ekersan"
"167","bmc-probus-y-m-abs-li-fren-diski-57rs305716-esd-160-01-ekersan","BMC PROBÜS Y.M. ABS'Lİ FREN DİSKİ 57RS305716","ESD 160 01","57RS305716","Ekersan","Fren Diski","DİSK","7","4551.76","https://frenciniz.com/urun/167/bmc-probus-y-m-abs-li-fren-diski-57rs305716-esd-160-01-ekersan"
"168","fren-diski-ror-meritor-esd-150-04-ekersan","Fren Diski ROR Meritor","ESD 150 04","MBR9018 - 21227349","Ekersan","Fren Diski","DİSK","72","4743.19","https://frenciniz.com/urun/168/fren-diski-ror-meritor-esd-150-04-ekersan"
"169","fren-diski-scania-volvo-esd-140-01-ekersan","Fren Diski Scania Volvo","ESD 140 01","82135830 - 501315228 - 501316953 - 4200172 - 1415147 - 234110 - II371910061","Ekersan","Fren Diski","DİSK","369","4604.94","https://frenciniz.com/urun/169/fren-diski-scania-volvo-esd-140-01-ekersan"
"170","fren-diski-isuzu-citybus-on-esd-130-02-ekersan","FREN DİSKİ ISUZU CITYBUS ÖN","ESD 130 02","377777391054","Ekersan","Fren Diski","DİSK","140","3233.03","https://frenciniz.com/urun/170/fren-diski-isuzu-citybus-on-esd-130-02-ekersan"
"171","fren-diski-isuzu-citybus-arka-esd-130-01-ekersan","FREN DİSKİ ISUZU CITYBUS ARKA","ESD 130 01","3870143170, 13C3508390BA","Ekersan","Fren Diski","DİSK","99","3445.73","https://frenciniz.com/urun/171/fren-diski-isuzu-citybus-arka-esd-130-01-ekersan"
"172","ford-cargo-1846-on-arka-fren-diski-esd-120-03-ekersan","FORD CARGO 1846 ÖN-ARKA FREN DİSKİ","ESD 120 03","DC462A315AA","Ekersan","Fren Diski","DİSK","4","4519.86","https://frenciniz.com/urun/172/ford-cargo-1846-on-arka-fren-diski-esd-120-03-ekersan"
"173","fren-diski-volvo-fh-fm-fl-esd-110-03-ekersan","Fren Diski Volvo FH FM FL","ESD 110 03","85103804, 85110495","Ekersan","Fren Diski","DİSK","22","3722.23","https://frenciniz.com/urun/173/fren-diski-volvo-fh-fm-fl-esd-110-03-ekersan"
"174","fren-diski-esd-110-01-2-ekersan","Fren Diski","ESD 110 01-2","Fren Diski","Ekersan","Fren Diski","DİSK","83","4041.28","https://frenciniz.com/urun/174/fren-diski-esd-110-01-2-ekersan"
"175","fren-diski-volvo-fh-fm-fl-esd-110-01-ekersan","Fren Diski Volvo FH FM FL","ESD 110 01","85103803, 20515093, 5001864498","Ekersan","Fren Diski","DİSK","290","3722.23","https://frenciniz.com/urun/175/fren-diski-volvo-fh-fm-fl-esd-110-01-ekersan"
"176","fren-diski-ror-meritor-esd-100-01-ekersan","Fren Diski ROR Meritor","ESD 100 01","68323825 - MBR5124 - MBR9004","Ekersan","Fren Diski","DİSK","66","5232.4","https://frenciniz.com/urun/176/fren-diski-ror-meritor-esd-100-01-ekersan"
"177","karsan-atak-on-fren-diski-karsan-no-3050037ab-esd-090-08-ekersan","KARSAN ATAK ÖN FREN DİSKİ (KARSAN NO:3050037AB )","ESD 090 08","3050037 - OK01037A - 3050037AA","Ekersan","Fren Diski","DİSK","116","4424.14","https://frenciniz.com/urun/177/karsan-atak-on-fren-diski-karsan-no-3050037ab-esd-090-08-ekersan"
"178","otokar-doruk-on-fren-disk-esd-090-07-ekersan","OTOKAR DORUK ÖN FREN DİSK","ESD 090 07","16H00-05 - 464AA","Ekersan","Fren Diski","DİSK","55","4424.14","https://frenciniz.com/urun/178/otokar-doruk-on-fren-disk-esd-090-07-ekersan"
"179","fren-diski-ford-cargo-esd-090-05-ekersan","Fren Diski Ford Cargo","ESD 090 05","13C33 - 0557","Ekersan","Fren Diski","DİSK","49","3743.5","https://frenciniz.com/urun/179/fren-diski-ford-cargo-esd-090-05-ekersan"
"180","otokar-kent-on-fren-diski-esd-090-04-ekersan","OTOKAR KENT ÖN FREN DİSKİ","ESD 090 04","Fren Diski","Ekersan","Fren Diski","DİSK","157","4636.84","https://frenciniz.com/urun/180/otokar-kent-on-fren-diski-esd-090-04-ekersan"
"181","otokar-sultan-on-fren-diski-esd-090-02-ekersan","OTOKAR SULTAN ÖN FREN DİSKİ","ESD 090 02","13C2505572BA","Ekersan","Fren Diski","DİSK","157","3445.73","https://frenciniz.com/urun/181/otokar-sultan-on-fren-diski-esd-090-02-ekersan"
"182","fren-diski-scania-4-p-g-r-esd-080-01-ekersan","Fren Diski Scania 4 P G R","ESD 080 01","1386686, 1402272, 1852817, K000510, K000810","Ekersan","Fren Diski","DİSK","301","3817.95","https://frenciniz.com/urun/182/fren-diski-scania-4-p-g-r-esd-080-01-ekersan"
"183","fren-diski-mercedes-atego-esd-070-27-ekersan","Fren Diski Mercedes Atego","ESD 070 27","6754210012","Ekersan","Fren Diski","DİSK","13","4636.84","https://frenciniz.com/urun/183/fren-diski-mercedes-atego-esd-070-27-ekersan"
"184","fren-diski-ror-meritor-esd-070-25-ekersan","Fren Diski ROR Meritor","ESD 070 25","1176816 - 17870 - MBR5143","Ekersan","Fren Diski","DİSK","103","5062.24","https://frenciniz.com/urun/184/fren-diski-ror-meritor-esd-070-25-ekersan"
"185","fren-diski-ror-meritor-esd-070-24-ekersan","Fren Diski ROR Meritor","ESD 070 24","1088133","Ekersan","Fren Diski","DİSK","97","4950.09","https://frenciniz.com/urun/185/fren-diski-ror-meritor-esd-070-24-ekersan"
"186","fren-diski-bpw-ecoplus-esd-070-23-ekersan","Fren Diski BPW ECOPlus","ESD 070 23","0308835050, 0308835057","Ekersan","Fren Diski","DİSK","1244","4126.36","https://frenciniz.com/urun/186/fren-diski-bpw-ecoplus-esd-070-23-ekersan"
"187","fren-diski-saf-holland-esd-070-22-ekersan","Fren Diski SAF Holland","ESD 070 22","4079001700, 4079001701","Ekersan","Fren Diski","DİSK","100","4849.54","https://frenciniz.com/urun/187/fren-diski-saf-holland-esd-070-22-ekersan"
"188","fren-diski-bpw-ecoplus-esd-070-20-ekersan","Fren Diski BPW ECOPlus","ESD 070 20","0308835030, 0308835037","Ekersan","Fren Diski","DİSK","310","4126.36","https://frenciniz.com/urun/188/fren-diski-bpw-ecoplus-esd-070-20-ekersan"
"189","fren-diski-saf-holland-esd-070-18-ekersan","Fren Diski SAF Holland","ESD 070 18","407001800, 4079001801","Ekersan","Fren Diski","DİSK","15","4636.84","https://frenciniz.com/urun/189/fren-diski-saf-holland-esd-070-18-ekersan"
"190","fren-diski-saf-holland-esd-070-15-ekersan","Fren Diski SAF Holland","ESD 070 15","4079001300, 4079001301","Ekersan","Fren Diski","DİSK","271","3509.54","https://frenciniz.com/urun/190/fren-diski-saf-holland-esd-070-15-ekersan"
"191","fren-diski-saf-holland-esd-070-14-ekersan","Fren Diski SAF Holland","ESD 070 14","4079001001, 4079001000, 4079001002","Ekersan","Fren Diski","DİSK","72","3700.96","https://frenciniz.com/urun/191/fren-diski-saf-holland-esd-070-14-ekersan"
"192","saf-kucuk-yildiz-8-delik-fren-diski-esd-070-13-ekersan","SAF KÜÇÜK YILDIZ 8 DELİK FREN DİSKİ","ESD 070 13","4079000400","Ekersan","Fren Diski","DİSK","3","4934.62","https://frenciniz.com/urun/192/saf-kucuk-yildiz-8-delik-fren-diski-esd-070-13-ekersan"
"193","fren-diski-saf-holland-esd-070-12-ekersan","Fren Diski SAF Holland","ESD 070 12","407000500, 407000501, 4079000502","Ekersan","Fren Diski","DİSK","334","3962","https://frenciniz.com/urun/193/fren-diski-saf-holland-esd-070-12-ekersan"
"194","bpw-serin-kucuk-8-delik-160-boy-230-gobek-abs-li-fren-diski-esd-070-10-1-ekersan","BPW-SERİN KÜÇÜK 8 DELİK 160 BOY 230 GÖBEK ABS'Lİ FREN DİSKİ","ESD 070 10-1","0308834010, 0308834017, 0308834030","Ekersan","Fren Diski","DİSK","87","4636.84","https://frenciniz.com/urun/194/bpw-serin-kucuk-8-delik-160-boy-230-gobek-abs-li-fren-diski-esd-070-10-1-ekersan"
"195","fren-diski-bpw-ecoplus-esd-070-10-ekersan","Fren Diski BPW ECOPlus","ESD 070 10","0308834010, 0308834017, 0308834030","Ekersan","Fren Diski","DİSK","109","4551.76","https://frenciniz.com/urun/195/fren-diski-bpw-ecoplus-esd-070-10-ekersan"
"196","fren-diski-bpw-ecoplus-esd-070-07-ekersan","Fren Diski BPW ECOPlus","ESD 070 07","0308834100, 0308834107","Ekersan","Fren Diski","DİSK","118","4573.03","https://frenciniz.com/urun/196/fren-diski-bpw-ecoplus-esd-070-07-ekersan"
"197","fren-diski-bpw-ecoplus-esd-070-06-ekersan","Fren Diski BPW ECOPlus","ESD 070 06","0308834080, 0308834087","Ekersan","Fren Diski","DİSK","61","4573.03","https://frenciniz.com/urun/197/fren-diski-bpw-ecoplus-esd-070-06-ekersan"
"198","fren-diski-bpw-ecoplus-esd-070-05-ekersan","Fren Diski BPW ECOPlus","ESD 070 05","0308834040, 0308834047, 0300224093","Ekersan","Fren Diski","DİSK","119","4573.03","https://frenciniz.com/urun/198/fren-diski-bpw-ecoplus-esd-070-05-ekersan"
"199","fren-diski-ror-meritor-esd-070-04-ekersan","Fren Diski ROR Meritor","ESD 070 04","M069018, 13162025, 103696449445, CF103696, M200135, MBR9007, M069018","Ekersan","Fren Diski","DİSK","12","5211.13","https://frenciniz.com/urun/199/fren-diski-ror-meritor-esd-070-04-ekersan"
"200","fren-diski-saf-holland-esd-070-03-ekersan","Fren Diski SAF Holland","ESD 070 03","4079000410, 4079000700, 4079000701","Ekersan","Fren Diski","DİSK","170","4168.9","https://frenciniz.com/urun/200/fren-diski-saf-holland-esd-070-03-ekersan"
"201","fren-diski-bpw-ecoplus-esd-070-02-ekersan","Fren Diski BPW ECOPlus","ESD 070 02","308834020, 308834060, 0308834067, 103784, 104085","Ekersan","Fren Diski","DİSK","241","4636.84","https://frenciniz.com/urun/201/fren-diski-bpw-ecoplus-esd-070-02-ekersan"
"202","fren-diski-bpw-ecoplus-esd-070-01-ekersan","Fren Diski BPW ECOPlus","ESD 070 01","0308835010","Ekersan","Fren Diski","DİSK","6","4892.08","https://frenciniz.com/urun/202/fren-diski-bpw-ecoplus-esd-070-01-ekersan"
"203","fren-diski-scania-4-p-g-r-esd-060-02-ekersan","Fren Diski Scania 4 P G R","ESD 060 02","1387439, 1640561, 1726138, II39112F, II39541F, II39112F, IL39541F, K004322, Z0009911","Ekersan","Fren Diski","DİSK","357","3594.62","https://frenciniz.com/urun/203/fren-diski-scania-4-p-g-r-esd-060-02-ekersan"
"204","fren-diski-renault-midlum-premium-magnum-esd-040-21-ekersan","Fren Diski Renault Midlum Premium Magnum","ESD 040 21","5010598305","Ekersan","Fren Diski","DİSK","11","4636.84","https://frenciniz.com/urun/204/fren-diski-renault-midlum-premium-magnum-esd-040-21-ekersan"
"205","disk-renault-150-10-on-esd-040-07-ekersan","DİSK RENAULT 150/10 ÖN","ESD 040 07","5010422262, 5010525308, 5010598303","Ekersan","Fren Diski","DİSK","18","4211.44","https://frenciniz.com/urun/205/disk-renault-150-10-on-esd-040-07-ekersan"
"206","fren-diski-renault-midlum-premium-magnum-esd-040-06-ekersan","Fren Diski Renault Midlum Premium Magnum","ESD 040 06","5010525362, 5010525015","Ekersan","Fren Diski","DİSK","46","4211.44","https://frenciniz.com/urun/206/fren-diski-renault-midlum-premium-magnum-esd-040-06-ekersan"
"207","disk-renault-midlum-220-on-10-delik-kisa-gobek-esd-040-05-ekersan","DİSK RENAULT MİDLUM 220 ÖN (10 DELİK KISA GÖBEK)","ESD 040 05","5010525014","Ekersan","Fren Diski","DİSK","29","4211.44","https://frenciniz.com/urun/207/disk-renault-midlum-220-on-10-delik-kisa-gobek-esd-040-05-ekersan"
"208","fren-diski-renault-midlum-premium-magnum-esd-040-03-ekersan","Fren Diski Renault Midlum Premium Magnum","ESD 040 03","5010422593, 5010216437, 5010422363, 5006172150, 504134958","Ekersan","Fren Diski","DİSK","32","4594.3","https://frenciniz.com/urun/208/fren-diski-renault-midlum-premium-magnum-esd-040-03-ekersan"
"209","fren-diski-renault-midlum-premium-magnum-esd-040-02-ekersan","Fren Diski Renault Midlum Premium Magnum","ESD 040 02","5010260218","Ekersan","Fren Diski","DİSK","64","4211.44","https://frenciniz.com/urun/209/fren-diski-renault-midlum-premium-magnum-esd-040-02-ekersan"
"210","disk-iveco-eurocargo-110-e-18-arka-abs-li-7189456-esd-030-20-ekersan","DİSK İVECO EUROCARGO 110 E 18 ARKA ABS Lİ 7189456","ESD 030 20","7189456","Ekersan","Fren Diski","DİSK","86","4094.46","https://frenciniz.com/urun/210/disk-iveco-eurocargo-110-e-18-arka-abs-li-7189456-esd-030-20-ekersan"
"211","disk-iveco-eurocargo-e5-100-e-18-on-7189265-esd-030-19-ekersan","DİSK IVECO EUROCARGO E5 100 E 18  ÖN 7189265","ESD 030 19","7189265, 2996418, 2996419","Ekersan","Fren Diski","DİSK","21","4094.46","https://frenciniz.com/urun/211/disk-iveco-eurocargo-e5-100-e-18-on-7189265-esd-030-19-ekersan"
"212","disk-iveco-eurocargo-220-e-21-arka-bijonlu-abs-esd-030-17-ekersan","DİSK İVECO EUROCARGO 220 E 21 ARKA BİJONLU ABS","ESD 030 17","2992636, 7184078, 7189863,","Ekersan","Fren Diski","DİSK","59","4849.54","https://frenciniz.com/urun/212/disk-iveco-eurocargo-220-e-21-arka-bijonlu-abs-esd-030-17-ekersan"
"213","disk-iveco-120-e21-euro-cargo-abs-li-2997450-01906466-esd-030-15-ekersan","DİSK İVECO 120 E21 EURO CARGO ABS'Lİ 2997450-01906466","ESD 030 15","1906466, 7183632, 2997450, 01906466","Ekersan","Fren Diski","DİSK","5","4594.3","https://frenciniz.com/urun/213/disk-iveco-120-e21-euro-cargo-abs-li-2997450-01906466-esd-030-15-ekersan"
"214","disk-85-e-13-euro-cargo-bijonl-esd-030-13-ekersan","DİSK 85 E 13 EURO CARGO BİJONL","ESD 030 13","60260","Ekersan","Fren Diski","DİSK","15","3807.31","https://frenciniz.com/urun/214/disk-85-e-13-euro-cargo-bijonl-esd-030-13-ekersan"
"215","disk-iveco-eurocargo-220-e-21-on-14-delik-kafa-6cm-esd-030-10-ekersan","DİSK İVECO EUROCARGO 220 E 21 ÖN (14 DELİK-KAFA 6CM)","ESD 030 10","7187541, 2995894, 2995702","Ekersan","Fren Diski","DİSK","206","3924.3","https://frenciniz.com/urun/215/disk-iveco-eurocargo-220-e-21-on-14-delik-kafa-6cm-esd-030-10-ekersan"
"216","fren-diski-iveco-eurocargo-stralis-esd-030-09-ekersan","Fren Diski Iveco Eurocargo Stralis","ESD 030 09","2995812, 2996328, 7189476, 7185503","Ekersan","Fren Diski","DİSK","534","4849.54","https://frenciniz.com/urun/216/fren-diski-iveco-eurocargo-stralis-esd-030-09-ekersan"
"217","disk-iveco-eurobus-arka-030-04-8-delik-esd-030-05-ekersan","DİSK İVECO EUROBUS ARKA (030 04) 8 DELİK","ESD 030 05","52226, 1907726, 1907526, 1907527, 1907530, 7172018, 7182770-Y","Ekersan","Fren Diski","DİSK","59","4211.44","https://frenciniz.com/urun/217/disk-iveco-eurobus-arka-030-04-8-delik-esd-030-05-ekersan"
"218","fren-diski-iveco-eurocargo-eurotech-stralis-esd-030-04-ekersan","Fren Diski Iveco Eurocargo Eurotech Stralis","ESD 030 04","7182682, 7182772-Y","Ekersan","Fren Diski","DİSK","7","4211.44","https://frenciniz.com/urun/218/fren-diski-iveco-eurocargo-eurotech-stralis-esd-030-04-ekersan"
"219","disk-iveco-85-12-120-14-79-14-esd-030-03-ekersan","DİSK İVECO 85-12 120-14 79-14","ESD 030 03","7182305, 7179778, 7171274, 1904532, 7168368, 01904532","Ekersan","Fren Diski","DİSK","13","3807.31","https://frenciniz.com/urun/219/disk-iveco-85-12-120-14-79-14-esd-030-03-ekersan"
"220","fren-diski-iveco-eurocargo-stralis-esd-030-02-ekersan","Fren Diski Iveco Eurocargo Stralis","ESD 030 02","1906461, 1906438, 7182305, 7179778, 2992470, 2996329, 7192305","Ekersan","Fren Diski","DİSK","241","4604.94","https://frenciniz.com/urun/220/fren-diski-iveco-eurocargo-stralis-esd-030-02-ekersan"
"221","fren-diski-iveco-eurocargo-eurotech-stralis-esd-030-01-ekersan","Fren Diski Iveco Eurocargo Eurotech Stralis","ESD 030 01","1907631, 1908614, 1908729, 7173317, 718111, 2991979","Ekersan","Fren Diski","DİSK","5","4636.84","https://frenciniz.com/urun/221/fren-diski-iveco-eurocargo-eurotech-stralis-esd-030-01-ekersan"
"222","fren-diski-man-tga-tgs-tgx-esd-020-13-ekersan","Fren Diski MAN TGA TGS TGX","ESD 020 13","81508030063, 81508030054","Ekersan","Fren Diski","DİSK","110","2903.34","https://frenciniz.com/urun/222/fren-diski-man-tga-tgs-tgx-esd-020-13-ekersan"
"223","fren-diski-man-tga-tgs-tgx-esd-020-10-ekersan","Fren Diski MAN TGA TGS TGX","ESD 020 10","81508030041, 81508030021","Ekersan","Fren Diski","DİSK","364","4137.96","https://frenciniz.com/urun/223/fren-diski-man-tga-tgs-tgx-esd-020-10-ekersan"
"224","fren-diski-man-tga-tgs-tgx-esd-020-09-ekersan","Fren Diski MAN TGA TGS TGX","ESD 020 09","81508030040, 81508030031","Ekersan","Fren Diski","DİSK","437","4137.96","https://frenciniz.com/urun/224/fren-diski-man-tga-tgs-tgx-esd-020-09-ekersan"
"225","fren-diski-man-tga-tgs-tgx-esd-020-05-ekersan","Fren Diski MAN TGA TGS TGX","ESD 020 05","81508030024, 81508030022","Ekersan","Fren Diski","DİSK","196","2807.63","https://frenciniz.com/urun/225/fren-diski-man-tga-tgs-tgx-esd-020-05-ekersan"
"226","fren-diski-man-tga-tgs-tgx-esd-020-04-ekersan","Fren Diski MAN TGA TGS TGX","ESD 020 04","81508030026, 81508030024","Ekersan","Fren Diski","DİSK","207","2680.01","https://frenciniz.com/urun/226/fren-diski-man-tga-tgs-tgx-esd-020-04-ekersan"
"227","fren-diski-mercedes-actros-axor-atego-sk-esd-010-27-ekersan","Fren Diski Mercedes Actros Axor Atego SK","ESD 010 27","9604210412, 9604210312, 9604210512","Ekersan","Fren Diski","DİSK","442","4273.32","https://frenciniz.com/urun/227/fren-diski-mercedes-actros-axor-atego-sk-esd-010-27-ekersan"
"228","fren-diski-mercedes-actros-axor-atego-sk-esd-010-22-ekersan","Fren Diski Mercedes Actros Axor Atego SK","ESD 010 22","9704210112","Ekersan","Fren Diski","DİSK","62","4126.36","https://frenciniz.com/urun/228/fren-diski-mercedes-actros-axor-atego-sk-esd-010-22-ekersan"
"229","fren-diski-mercedes-actros-axor-atego-sk-esd-010-19-ekersan","Fren Diski Mercedes Actros Axor Atego SK","ESD 010 19","9704230412","Ekersan","Fren Diski","DİSK","9","4604.94","https://frenciniz.com/urun/229/fren-diski-mercedes-actros-axor-atego-sk-esd-010-19-ekersan"
"230","disk-mersedes-axor-e-m-macasiz-dolu-esd-010-18-ekersan","DİSK MERSEDES AXOR E.M.(MAÇASIZ) DOLU","ESD 010 18","204566","Ekersan","Fren Diski","DİSK","74","4870.81","https://frenciniz.com/urun/230/disk-mersedes-axor-e-m-macasiz-dolu-esd-010-18-ekersan"
"231","fren-diski-mercedes-actros-axor-atego-sk-esd-010-12-ekersan","Fren Diski Mercedes Actros Axor Atego SK","ESD 010 12","9434210312","Ekersan","Fren Diski","DİSK","1291","3857.59","https://frenciniz.com/urun/231/fren-diski-mercedes-actros-axor-atego-sk-esd-010-12-ekersan"
"232","fren-diski-mercedes-atego-esd-010-04-ekersan","Fren Diski Mercedes Atego","ESD 010 04","9754210212, 9754210012, 9754210112","Ekersan","Fren Diski","DİSK","94","3789.91","https://frenciniz.com/urun/232/fren-diski-mercedes-atego-esd-010-04-ekersan"
"233","fren-diski-mercedes-actros-axor-atego-sk-esd-010-03-ekersan","Fren Diski Mercedes Actros Axor Atego SK","ESD 010 03","9754230612, 9754230012, 9754230312","Ekersan","Fren Diski","DİSK","129","3789.91","https://frenciniz.com/urun/233/fren-diski-mercedes-actros-axor-atego-sk-esd-010-03-ekersan"
"234","fren-diski-mercedes-actros-axor-atego-sk-esd-010-02-ekersan","Fren Diski Mercedes Actros Axor Atego SK","ESD 010 02","9424211212, 9424212112, 9424210912, 9424211012, 9424211112, 9424200212","Ekersan","Fren Diski","DİSK","1286","3857.59","https://frenciniz.com/urun/234/fren-diski-mercedes-actros-axor-atego-sk-esd-010-02-ekersan"
"235","fren-diski-mercedes-actros-axor-atego-sk-esd-010-01-ekersan","Fren Diski Mercedes Actros Axor Atego SK","ESD 010 01","3564211012, 3564210312, 3564211212, 3054210312","Ekersan","Fren Diski","DİSK","108","4604.94","https://frenciniz.com/urun/235/fren-diski-mercedes-actros-axor-atego-sk-esd-010-01-ekersan"
"236","12-153-man-arka-73-mm-esb-231-10-ekersan","12-153 Man Arka 73 MM","ESB 231 10","81455010123","Ekersan","Bijon","BİJON","3205","163.57","https://frenciniz.com/urun/236/12-153-man-arka-73-mm-esb-231-10-ekersan"
"237","bijon-man-12-153-ilave-dingil-frezeli-90-mm-esb-230-10-ekersan","BİJON MAN 12.153 İLAVE DİNGİL/FREZELİ-90 MM","ESB 230 10","","Ekersan","Bijon","BİJON","334","178.69","https://frenciniz.com/urun/237/bijon-man-12-153-ilave-dingil-frezeli-90-mm-esb-230-10-ekersan"
"238","bijon-mercedes-2517-2521-arka-frez-128mm-dps-li-esb-192-10-1-ekersan","BİJON MERCEDES 2517-2521 ARKA/FREZ.128MM DPS'Lİ","ESB 192 10-1","3814011471","Ekersan","Bijon","BİJON","198","198.65","https://frenciniz.com/urun/238/bijon-mercedes-2517-2521-arka-frez-128mm-dps-li-esb-192-10-1-ekersan"
"239","axor-actros-yeni-model-arka-92-mm-esb-187-10-ekersan","Axor-Actros Yeni Model Arka 92 mm","ESB 187 10","4014171","Ekersan","Bijon","BİJON","3290","183.64","https://frenciniz.com/urun/239/axor-actros-yeni-model-arka-92-mm-esb-187-10-ekersan"
"240","axor-actros-yeni-model-on-esb-184-20-ekersan","Axor-Actros Yeni Model Ön","ESB 184 20","","Ekersan","Bijon","BİJON","6749","183.64","https://frenciniz.com/urun/240/axor-actros-yeni-model-on-esb-184-20-ekersan"
"241","axor-actros-yeni-model-arka-86-mm-esb-184-10-ekersan","Axor-Actros Yeni Model Arka 86 mm","ESB 184 10","Axor-Actoros Yeni Model Arka 86 mm","Ekersan","Bijon","BİJON","2504","183.64","https://frenciniz.com/urun/241/axor-actros-yeni-model-arka-86-mm-esb-184-10-ekersan"
"242","bijon-mercedes-actros-axor-atego-esb-182-10-ekersan","Bijon Mercedes Actros Axor Atego","ESB 182 10","3814010771-3464010071","Ekersan","Bijon","BİJON","6916","186.39","https://frenciniz.com/urun/242/bijon-mercedes-actros-axor-atego-esb-182-10-ekersan"
"243","bijon-mercedes-mb-800-on-73-mm-esb-170-20-ekersan","BİJON MERCEDES MB 800 ÖN-73 MM","ESB 170 20","3714017071","Ekersan","Bijon","BİJON","180","163.57","https://frenciniz.com/urun/243/bijon-mercedes-mb-800-on-73-mm-esb-170-20-ekersan"
"244","bijon-mercedes-mb-800-arka-86-mm-esb-170-10-ekersan","BİJON MERCEDES MB 800 ARKA-86 MM","ESB 170 10","3714027071","Ekersan","Bijon","BİJON","710","163.57","https://frenciniz.com/urun/244/bijon-mercedes-mb-800-arka-86-mm-esb-170-10-ekersan"
"245","atego-1517-mercedes-arka-esb-142-10-ekersan","Atego 1517 Mercedes Arka","ESB 142 10","3524020071","Ekersan","Bijon","BİJON","1967","170.44","https://frenciniz.com/urun/245/atego-1517-mercedes-arka-esb-142-10-ekersan"
"246","atego-1517-mercedes-on-66-mm-esb-140-20-ekersan","Atego 1517 Mercedes Ön 66 MM","ESB 140 20","3184020271-3274010071-3124011171","Ekersan","Bijon","BİJON","1430","163.57","https://frenciniz.com/urun/246/atego-1517-mercedes-on-66-mm-esb-140-20-ekersan"
"247","atego-1517-mercedes-ilave-dingil-esb-140-10-ekersan","Atego 1517 Mercedes İlave Dingil","ESB 140 10","","Ekersan","Bijon","BİJON","152","182.81","https://frenciniz.com/urun/247/atego-1517-mercedes-ilave-dingil-esb-140-10-ekersan"
"248","bijon-mers-axor-arka-92-mm-frezeli-esb-131-10-1-ekersan","BİJON MERS AXOR ARKA 92 MM FREZELİ","ESB 131 10-1","","Ekersan","Bijon","BİJON","2060","178.69","https://frenciniz.com/urun/248/bijon-mers-axor-arka-92-mm-frezeli-esb-131-10-1-ekersan"
"249","mercedes-dingil-bijon-100-mm-frezeli-d-p-s-li-esb-115-10-1-ekersan","Mercedes Dingil Bijon 100 mm Frezeli D.P.S.'Li","ESB 115 10-1","3814011171-3814010571-3814010471","Ekersan","Bijon","BİJON","2082","178.69","https://frenciniz.com/urun/249/mercedes-dingil-bijon-100-mm-frezeli-d-p-s-li-esb-115-10-1-ekersan"
"250","mercedes-dingil-bijon-100-mm-d-p-s-li-esb-114-10-1-ekersan","Mercedes Dingil Bijon 100 mm D.P.S.Li","ESB 114 10-1","4013971-3814010471-3814010571","Ekersan","Bijon","BİJON","3471","178.69","https://frenciniz.com/urun/250/mercedes-dingil-bijon-100-mm-d-p-s-li-esb-114-10-1-ekersan"
"251","mercedes-on-bijon-84-mm-frezeli-d-p-s-li-esb-113-20-1-ekersan","Mercedes Ön Bijon 84 mm Frezeli D.P.S.Li","ESB 113 20-1","3814011271","Ekersan","Bijon","BİJON","690","178.69","https://frenciniz.com/urun/251/mercedes-on-bijon-84-mm-frezeli-d-p-s-li-esb-113-20-1-ekersan"
"252","mercedes-on-bijon-84-mm-d-p-s-li-esb-112-20-1-ekersan","Mercedes Ön Bijon 84 mm D.P.S.Li","ESB 112 20-1","3814011271-3814010071","Ekersan","Bijon","BİJON","2298","178.69","https://frenciniz.com/urun/252/mercedes-on-bijon-84-mm-d-p-s-li-esb-112-20-1-ekersan"
"253","mercedes-arka-bijon-110-mm-frezeli-d-p-s-li-esb-111-10-1-ekersan","Mercedes Arka Bijon 110 mm Frezeli D.P.S.'Lİ","ESB 111 10-1","3274020471","Ekersan","Bijon","BİJON","5175","181.73","https://frenciniz.com/urun/253/mercedes-arka-bijon-110-mm-frezeli-d-p-s-li-esb-111-10-1-ekersan"
"254","bijon-mercedes-on-77-mm-dps-li-esb-110-20-1-ekersan","BİJON MERCEDES ÖN-77 MM DPS Lİ","ESB 110 20-1","3274010471-3174010371-3054010071-3814010171","Ekersan","Bijon","BİJON","2142","178.03","https://frenciniz.com/urun/254/bijon-mercedes-on-77-mm-dps-li-esb-110-20-1-ekersan"
"255","bijon-mercedes-arka-110-mm-dps-li-esb-110-10-1-ekersan","BİJON MERCEDES ARKA-110 MM DPS Lİ","ESB 110 10-1","3464010071-3814010771-4013771","Ekersan","Bijon","BİJON","4439","175.94","https://frenciniz.com/urun/255/bijon-mercedes-arka-110-mm-dps-li-esb-110-10-1-ekersan"
"256","fren-kampanasi-saf-holland-esk-290-15-ekersan","Fren Kampanası SAF Holland","ESK 290 15","1064027300-1064027310-322052J","Ekersan","Fren Kampanası","KAMPANA","68","4571.58","https://frenciniz.com/urun/256/fren-kampanasi-saf-holland-esk-290-15-ekersan"
"257","fren-kampanasi-saf-holland-esk-290-10-ekersan","Fren Kampanası SAF Holland","ESK 290 10","1064027000-1064027001-1064027010","Ekersan","Fren Kampanası","KAMPANA","7","4724.32","https://frenciniz.com/urun/257/fren-kampanasi-saf-holland-esk-290-10-ekersan"
"258","kampana-saf-wrz-wrlz-8130-esk-290-04-ekersan","KAMPANA SAF WRZ/WRLZ 8130","ESK 290 04","1064019700","Ekersan","Fren Kampanası","KAMPANA","6","3717.16","https://frenciniz.com/urun/258/kampana-saf-wrz-wrlz-8130-esk-290-04-ekersan"
"259","fren-kampanasi-ror-meritor-esk-280-10-ekersan","Fren Kampanası ROR Meritor","ESK 280 10","21021114A-21021114AV-320654J-21021164-21021114","Ekersan","Fren Kampanası","KAMPANA","112","4724.32","https://frenciniz.com/urun/259/fren-kampanasi-ror-meritor-esk-280-10-ekersan"
"260","fren-kampanasi-ror-meritor-esk-280-08-ekersan","Fren Kampanası ROR Meritor","ESK 280 08","21209701-21211030-21211030S","Ekersan","Fren Kampanası","KAMPANA","23","3782.78","https://frenciniz.com/urun/260/fren-kampanasi-ror-meritor-esk-280-08-ekersan"
"261","fren-kampanasi-ror-meritor-esk-280-03-ekersan","Fren Kampanası ROR Meritor","ESK 280 03","21023036 - 21018963 - 21209723","Ekersan","Fren Kampanası","KAMPANA","34","4571.58","https://frenciniz.com/urun/261/fren-kampanasi-ror-meritor-esk-280-03-ekersan"
"262","kampana-smb-axle-419x178-esk-250-04-ekersan","KAMPANA SMB AXLE 419X178","ESK 250 04","6166-465001-449555-M006166-AJB0465001-A5121-A1216C-A15597-MO06166-MO68445","Ekersan","Fren Kampanası","KAMPANA","9","5009.4","https://frenciniz.com/urun/262/kampana-smb-axle-419x178-esk-250-04-ekersan"
"263","fren-kampanasi-bpw-ecoplus-esk-230-26-ekersan","Fren Kampanası BPW ECOPlus","ESK 230 26","310977180-310977230","Ekersan","Fren Kampanası","KAMPANA","3","6056.36","https://frenciniz.com/urun/263/fren-kampanasi-bpw-ecoplus-esk-230-26-ekersan"
"264","fren-kampanasi-bpw-ecoplus-esk-230-05-ekersan","Fren Kampanası BPW ECOPlus","ESK 230 05","310677530-2821","Ekersan","Fren Kampanası","KAMPANA","180","6092.64","https://frenciniz.com/urun/264/fren-kampanasi-bpw-ecoplus-esk-230-05-ekersan"
"265","fren-kampanasi-esk-161-16-ekersan","Fren Kampanası","ESK 161 16","3020-1713-9380037-Y00006429","Ekersan","Fren Kampanası","KAMPANA","44","5114.45","https://frenciniz.com/urun/265/fren-kampanasi-esk-161-16-ekersan"
"266","fren-kampanasi-esk-161-15-ekersan","Fren Kampanası","ESK 161 15","301010414","Ekersan","Fren Kampanası","KAMPANA","1","5848.85","https://frenciniz.com/urun/266/fren-kampanasi-esk-161-15-ekersan"
"267","fren-kampanasi-bpw-ecoplus-esk-161-08-ekersan","Fren Kampanası BPW ECOPlus","ESK 161 08","310677630-310977460","Ekersan","Fren Kampanası","KAMPANA","6","6092.64","https://frenciniz.com/urun/267/fren-kampanasi-bpw-ecoplus-esk-161-08-ekersan"
"268","fren-kampanasi-bpw-ecoplus-esk-160-73-ekersan","Fren Kampanası BPW ECOPlus","ESK 160 73","310677590","Ekersan","Fren Kampanası","KAMPANA","3","6295.15","https://frenciniz.com/urun/268/fren-kampanasi-bpw-ecoplus-esk-160-73-ekersan"
"269","fren-kampanasi-esk-160-29-ekersan","Fren Kampanası","ESK 160 29","","Ekersan","Fren Kampanası","KAMPANA","324","4950.09","https://frenciniz.com/urun/269/fren-kampanasi-esk-160-29-ekersan"
"270","fren-kampanasi-esk-140-07-ekersan","Fren Kampanası","ESK 140 07","5000737342-5000737768-194456-192371","Ekersan","Fren Kampanası","KAMPANA","34","4453.02","https://frenciniz.com/urun/270/fren-kampanasi-esk-140-07-ekersan"
"271","fren-kampanasi-esk-070-12-ekersan","Fren Kampanası","ESK 070 12","478","Ekersan","Fren Kampanası","KAMPANA","269","3278.88","https://frenciniz.com/urun/271/fren-kampanasi-esk-070-12-ekersan"
"272","fren-kampanasi-esk-070-11-ekersan","Fren Kampanası","ESK 070 11","477","Ekersan","Fren Kampanası","KAMPANA","213","2736.08","https://frenciniz.com/urun/272/fren-kampanasi-esk-070-11-ekersan"
"273","fren-kampanasi-esk-060-52-ekersan","Fren Kampanası","ESK 060 52","7183048","Ekersan","Fren Kampanası","KAMPANA","15","8063.23","https://frenciniz.com/urun/273/fren-kampanasi-esk-060-52-ekersan"
"274","fren-kampanasi-esk-060-14-ekersan","Fren Kampanası","ESK 060 14","2479852-2479853-597516","Ekersan","Fren Kampanası","KAMPANA","16","5434.2","https://frenciniz.com/urun/274/fren-kampanasi-esk-060-14-ekersan"
"275","fren-kampanasi-bmc-no-e72012027-1-esk-030-17-ekersan","Fren Kampanası ( BMC NO: E72012027-1 )","ESK 030 17","Fren Kampanası","Ekersan","Fren Kampanası","KAMPANA","2","6763.83","https://frenciniz.com/urun/275/fren-kampanasi-bmc-no-e72012027-1-esk-030-17-ekersan"
"276","kampana-merc-actros-ateco-axor-esk-010-71-ekersan","KAMPANA MERC.ACTROS ATECO AXOR","ESK 010 71","6584210301","Ekersan","Fren Kampanası","KAMPANA","23","6284.29","https://frenciniz.com/urun/276/kampana-merc-actros-ateco-axor-esk-010-71-ekersan"
"277","fren-kampanasi-mercedes-actros-axor-atego-sk-esk-010-61-ekersan","Fren Kampanası Mercedes Actros Axor Atego SK","ESK 010 61","3874210201 - A3874210201 - A6584210301","Ekersan","Fren Kampanası","KAMPANA","22","6284.29","https://frenciniz.com/urun/277/fren-kampanasi-mercedes-actros-axor-atego-sk-esk-010-61-ekersan"
"278","fren-diski-esd-210-01-ekersan","Fren Diski","ESD 210 01","93221314005","Ekersan","Fren Diski","DİSK","16","2950.38","https://frenciniz.com/urun/278/fren-diski-esd-210-01-ekersan"
"279","fren-diski-volvo-fh-fm-fl-esd-110-01-3-ekersan","Fren Diski Volvo FH FM FL","ESD 110 01-3","85103803 - 85110496 - 7421575117 - 21575071 - 20515093","Ekersan","Fren Diski","DİSK","90","3840.54","https://frenciniz.com/urun/279/fren-diski-volvo-fh-fm-fl-esd-110-01-3-ekersan"
"280","fren-diski-volvo-fh-fm-fl-esd-110-01-1-ekersan","Fren Diski Volvo FH FM FL","ESD 110 01-1","85103803","Ekersan","Fren Diski","DİSK","96","3722.24","https://frenciniz.com/urun/280/fren-diski-volvo-fh-fm-fl-esd-110-01-1-ekersan"
"281","karsan-atak-arka-abs-li-fren-diski-esd-090-09-ekersan","KARSAN ATAK ARKA ABS'Lİ FREN DİSKİ","ESD 090 09","3010097AA","Ekersan","Fren Diski","DİSK","10","3934.93","https://frenciniz.com/urun/281/karsan-atak-arka-abs-li-fren-diski-esd-090-09-ekersan"
"282","disk-iveco-t-way-on-5802234113-esd-030-25-ekersan","DİSK İVECO T-WAY ÖN (5802234113)","ESD 030 25","5802234113","Ekersan","Fren Diski","DİSK","54","4945.25","https://frenciniz.com/urun/282/disk-iveco-t-way-on-5802234113-esd-030-25-ekersan"
"283","mekanik-fren-circiri-3-delik-10-kanal-esc-102-ekersan","Mekanik Fren Cırcırı 3 Delik 10 Kanal","ESC 102","(A) A3","Ekersan","Mekanik Fren Cırcırı","CIRCIR","60","1082.4","https://frenciniz.com/urun/283/mekanik-fren-circiri-3-delik-10-kanal-esc-102-ekersan"
"284","scania-arka-disk-bijonu-96-mm-y-m-yuvarlak-kafa-esb-918-10-r-ekersan","Scanıa Arka Disk Bijonu 96 mm Y.M. Yuvarlak Kafa","ESB 918 10-R","","Ekersan","Disk Bijonu/Civatası","BİJON","250","218.55","https://frenciniz.com/urun/284/scania-arka-disk-bijonu-96-mm-y-m-yuvarlak-kafa-esb-918-10-r-ekersan"
"285","bijon-scania-96-mm-esb-914-10-r-ekersan","BİJON SCANIA 96 MM","ESB 914 10-R","1868668","Ekersan","Bijon","BİJON","480","210.3","https://frenciniz.com/urun/285/bijon-scania-96-mm-esb-914-10-r-ekersan"
"286","bijon-scania-volvo-esb-912-20-r-ekersan","Bijon Scania Volvo","ESB 912 20-R","2285275-1868665","Ekersan","Bijon","BİJON","3781","210.3","https://frenciniz.com/urun/286/bijon-scania-volvo-esb-912-20-r-ekersan"
"287","bijon-scania-volvo-esb-912-10-r-ekersan","Bijon Scania Volvo","ESB 912 10-R","1528712","Ekersan","Bijon","BİJON","3637","210.3","https://frenciniz.com/urun/287/bijon-scania-volvo-esb-912-10-r-ekersan"
"288","bijon-scania-volvo-esb-911-20-r-ekersan","Bijon Scania Volvo","ESB 911 20-R","1368690-397266-290062","Ekersan","Bijon","BİJON","4278","215.69","https://frenciniz.com/urun/288/bijon-scania-volvo-esb-911-20-r-ekersan"
"289","bijon-scania-volvo-esb-911-10-r-ekersan","Bijon Scania Volvo","ESB 911 10-R","1368693","Ekersan","Bijon","BİJON","2595","210.3","https://frenciniz.com/urun/289/bijon-scania-volvo-esb-911-10-r-ekersan"
"290","bijon-scania-volvo-esb-910-20-r-ekersan","Bijon Scania Volvo","ESB 910 20-R","1368692-1411980-337559","Ekersan","Bijon","BİJON","1022","210.31","https://frenciniz.com/urun/290/bijon-scania-volvo-esb-910-20-r-ekersan"
"291","bijon-scania-arka-100-mm-kare-kafa-kampanali-esb-910-10-r-ekersan","BİJON SCANİA ARKA-100 MM KARE KAFA KAMPANALI","ESB 910 10-R","272853 - 1368694-SCWB0001-295953-210295953","Ekersan","Bijon","BİJON","1574","210.3","https://frenciniz.com/urun/291/bijon-scania-arka-100-mm-kare-kafa-kampanali-esb-910-10-r-ekersan"
"292","bijon-mitsubishi-on-sol-66-mm-esb-830-21-l-ekersan","BİJON MITSUBISHI ÖN/SOL-66 MM","ESB 830 21-L","","Ekersan","Bijon","BİJON","898","208.93","https://frenciniz.com/urun/292/bijon-mitsubishi-on-sol-66-mm-esb-830-21-l-ekersan"
"293","bijon-mitsubishi-on-sag-66-mm-esb-830-20-r-ekersan","BİJON MITSUBISHI ÖN/SAĞ-66 MM","ESB 830 20-R","","Ekersan","Bijon","BİJON","968","208.93","https://frenciniz.com/urun/293/bijon-mitsubishi-on-sag-66-mm-esb-830-20-r-ekersan"
"294","bijon-mitsubishi-set-l-esb-830-11-l-ekersan","BİJON MITSUBISHI (SET) L","ESB 830 11-L","","Ekersan","Bijon","BİJON","998","316.14","https://frenciniz.com/urun/294/bijon-mitsubishi-set-l-esb-830-11-l-ekersan"
"295","bijon-mitsubishi-set-r-esb-830-10-r-ekersan","BİJON MITSUBISHI (SET) R","ESB 830 10-R","","Ekersan","Bijon","BİJON","1010","316.14","https://frenciniz.com/urun/295/bijon-mitsubishi-set-r-esb-830-10-r-ekersan"
"296","bijon-maraton-on-97-mm-esb-810-20-ekersan","BİJON MARATON ÖN-97 MM","ESB 810 20","MC808846","Ekersan","Bijon","BİJON","420","214.43","https://frenciniz.com/urun/296/bijon-maraton-on-97-mm-esb-810-20-ekersan"
"297","isuzu-nova-arka-92-5-mm-m20-1-5-dis-esb-787-11-l-ekersan","ISUZU NOVA ARKA 92,5 MM M20*1,5 DİŞ","ESB 787 11-L","ISUZU NOVA ARKA 92,5 MM M20*1,5 DİŞ","Ekersan","Bijon","BİJON","894","288.65","https://frenciniz.com/urun/297/isuzu-nova-arka-92-5-mm-m20-1-5-dis-esb-787-11-l-ekersan"
"298","isuzu-nova-arka-92-5-mm-m20-1-5-dis-esb-787-10-r-ekersan","ISUZU NOVA ARKA 92,5 MM M20*1,5 DİŞ","ESB 787 10-R","ISUZU NOVA ARKA 92,5 MM M20*1,5 DİŞ","Ekersan","Bijon","BİJON","896","288.65","https://frenciniz.com/urun/298/isuzu-nova-arka-92-5-mm-m20-1-5-dis-esb-787-10-r-ekersan"
"299","isuzu-citibus-arka-sol-esb-786-11-l-ekersan","ISUZU CITIBUS ARKA SOL","ESB 786 11-L","ISUZU CITIBUS ARKA SOL","Ekersan","Bijon","BİJON","1408","288.65","https://frenciniz.com/urun/299/isuzu-citibus-arka-sol-esb-786-11-l-ekersan"
"300","isuzu-citibus-arka-sag-esb-786-10-r-ekersan","ISUZU CITIBUS ARKA SAĞ","ESB 786 10-R","ISUZU CITIBUS ARKA SAĞ","Ekersan","Bijon","BİJON","1465","288.65","https://frenciniz.com/urun/300/isuzu-citibus-arka-sag-esb-786-10-r-ekersan"
"301","bijon-mitsubishi-444-arka-sol-komple-tek-parca-esb-783-11-l-ekersan","BİJON MITSUBISHI 444 ARKA/SOL/KOMPLE/TEK PARÇA","ESB 783 11-L","","Ekersan","Bijon","BİJON","12","240.54","https://frenciniz.com/urun/301/bijon-mitsubishi-444-arka-sol-komple-tek-parca-esb-783-11-l-ekersan"
"302","mitsubishi-444-arka-sag-tek-parca-esb-783-10-r-ekersan","MITSUBİSHİ 444 ARKA SAĞ/ TEK PARÇA","ESB 783 10-R","MITSUBİSHİ 444 ARKA SAĞ/ TEK PARÇA","Ekersan","Bijon","BİJON","6","240.54","https://frenciniz.com/urun/302/mitsubishi-444-arka-sag-tek-parca-esb-783-10-r-ekersan"
"303","bijon-isuzu-npr-arka-sag-y-m-96-mm-esb-730-10-r-ekersan","BİJON ISUZU NPR ARKA/SAĞ/Y.M.-96 MM","ESB 730 10-R","","Ekersan","Bijon","BİJON","10","208.93","https://frenciniz.com/urun/303/bijon-isuzu-npr-arka-sag-y-m-96-mm-esb-730-10-r-ekersan"
"304","bijon-iveco-eurocargo-stralis-esb-693-10-ekersan","Bijon Iveco Eurocargo Stralis","ESB 693 10","42117447","Ekersan","Bijon","BİJON","1570","199.31","https://frenciniz.com/urun/304/bijon-iveco-eurocargo-stralis-esb-693-10-ekersan"
"305","tir-on-disk-bijonu-65-mm-esb-691-10-ekersan","TIR ÖN DİSK BİJONU 65 MM","ESB 691 10","42117445","Ekersan","Disk Bijonu/Civatası","BİJON","1629","186.94","https://frenciniz.com/urun/305/tir-on-disk-bijonu-65-mm-esb-691-10-ekersan"
"306","85-12-iveco-disk-bijonu-esb-650-10-ekersan","85-12 İveco Disk Bijonu","ESB 650 10","","Ekersan","Disk Bijonu/Civatası","BİJON","66","122.33","https://frenciniz.com/urun/306/85-12-iveco-disk-bijonu-esb-650-10-ekersan"
"307","eurubus-on-disk-bijonu-esb-640-20-ekersan","Eurubüs Ön Disk Bijonu","ESB 640 20","42117433-7168838","Ekersan","Disk Bijonu/Civatası","BİJON","450","164.94","https://frenciniz.com/urun/307/eurubus-on-disk-bijonu-esb-640-20-ekersan"
"308","eurobus-arka-disk-bijon-esb-640-10-ekersan","EUROBUS ARKA DİSK BİJON","ESB 640 10","42117435 , 42064829","Ekersan","Disk Bijonu/Civatası","BİJON","168","164.94","https://frenciniz.com/urun/308/eurobus-arka-disk-bijon-esb-640-10-ekersan"
"309","bijon-iveco-eurocargo-stralis-esb-621-20-ekersan","Bijon Iveco Eurocargo Stralis","ESB 621 20","2476077-7168580-42117449-42101338","Ekersan","Bijon","BİJON","2301","186.94","https://frenciniz.com/urun/309/bijon-iveco-eurocargo-stralis-esb-621-20-ekersan"
"310","bijon-iveco-eurocargo-stralis-esb-621-10-ekersan","Bijon Iveco Eurocargo Stralis","ESB 621 10","42117455-42064826","Ekersan","Bijon","BİJON","4092","199.31","https://frenciniz.com/urun/310/bijon-iveco-eurocargo-stralis-esb-621-10-ekersan"
"311","bijon-iveco-eurocargo-stralis-esb-620-20-ekersan","Bijon Iveco Eurocargo Stralis","ESB 620 20","42117452-2475870","Ekersan","Bijon","BİJON","1821","186.94","https://frenciniz.com/urun/311/bijon-iveco-eurocargo-stralis-esb-620-20-ekersan"
"312","bijon-iveco-eurocargo-stralis-esb-620-10-ekersan","Bijon Iveco Eurocargo Stralis","ESB 620 10","42117457","Ekersan","Bijon","BİJON","2987","199.31","https://frenciniz.com/urun/312/bijon-iveco-eurocargo-stralis-esb-620-10-ekersan"
"313","bijon-50-nc-arka-farkli-64-mm-esb-611-10-ekersan","BİJON 50 NC ARKA/FARKLI-64 MM","ESB 611 10","7168257","Ekersan","Bijon","BİJON","166","134.7","https://frenciniz.com/urun/313/bijon-50-nc-arka-farkli-64-mm-esb-611-10-ekersan"
"314","50-nc-on-esb-610-20-ekersan","50 NC Ön","ESB 610 20","7168346 - 7161201","Ekersan","Bijon","BİJON","34","120.96","https://frenciniz.com/urun/314/50-nc-on-esb-610-20-ekersan"
"315","bijon-iveco-eurocargo-stralis-esb-610-10-ekersan","Bijon Iveco Eurocargo Stralis","ESB 610 10","46390478-42117463-7168257","Ekersan","Bijon","BİJON","1026","120.96","https://frenciniz.com/urun/315/bijon-iveco-eurocargo-stralis-esb-610-10-ekersan"
"316","as-26-200-as-26-235-as-32-260-dingil-esb-532-10-ekersan","As 26 200 - As 26 235 - As 32 260 Dingil","ESB 532 10","21022167","Ekersan","Bijon","BİJON","280","199.31","https://frenciniz.com/urun/316/as-26-200-as-26-235-as-32-260-dingil-esb-532-10-ekersan"
"317","as-26-200-as-26-235-as-32-260-on-esb-530-20-ekersan","As 26 200 - As 26 235 - As 32 260 Ön","ESB 530 20","15033-T","Ekersan","Bijon","BİJON","1720","199.31","https://frenciniz.com/urun/317/as-26-200-as-26-235-as-32-260-on-esb-530-20-ekersan"
"318","as-26-200-as-26-235-as-32-260-arka-esb-530-10-ekersan","As 26 200 - As 26 235 - As 32 260 Arka","ESB 530 10","15034","Ekersan","Bijon","BİJON","2455","199.31","https://frenciniz.com/urun/318/as-26-200-as-26-235-as-32-260-arka-esb-530-10-ekersan"
"319","bijon-esb-461-20-ekersan","Bijon","ESB 461 20","","Ekersan","Bijon","BİJON","2392","199.31","https://frenciniz.com/urun/319/bijon-esb-461-20-ekersan"
"320","bijon-scania-volvo-esb-460-10-ekersan","Bijon Scania Volvo","ESB 460 10","20515519","Ekersan","Bijon","BİJON","510","199.31","https://frenciniz.com/urun/320/bijon-scania-volvo-esb-460-10-ekersan"
"321","bijon-esb-440-10-ekersan","Bijon","ESB 440 10","","Ekersan","Bijon","BİJON","3382","199.31","https://frenciniz.com/urun/321/bijon-esb-440-10-ekersan"
"322","bijon-ford-cargo-esb-422-10-ekersan","Bijon Ford Cargo","ESB 422 10","FC461118CA","Ekersan","Bijon","BİJON","3250","213.05","https://frenciniz.com/urun/322/bijon-ford-cargo-esb-422-10-ekersan"
"323","bijon-scania-volvo-esb-421-20-ekersan","Bijon Scania Volvo","ESB 421 20","20515515","Ekersan","Bijon","BİJON","2607","199.31","https://frenciniz.com/urun/323/bijon-scania-volvo-esb-421-20-ekersan"
"324","bijon-esb-420-20-ekersan","Bijon","ESB 420 20","","Ekersan","Bijon","BİJON","1540","199.31","https://frenciniz.com/urun/324/bijon-esb-420-20-ekersan"
"325","bijon-esb-420-10-ekersan","Bijon","ESB 420 10","81DB118CA","Ekersan","Bijon","BİJON","4023","199.31","https://frenciniz.com/urun/325/bijon-esb-420-10-ekersan"
"326","axor-ym-disk-civatasi-esb-4000-25-ekersan","AXOR YM  DİSK CİVATASI","ESB 4000 25","","Ekersan","Disk Bijonu/Civatası","BİJON","2885","91.74","https://frenciniz.com/urun/326/axor-ym-disk-civatasi-esb-4000-25-ekersan"
"327","alyan-baslikli-disk-civatasi-esb-4000-14-ekersan","ALYAN BAŞLIKLI DİSK CİVATASI","ESB 4000 14","9429900004-9429902804","Ekersan","Disk Bijonu/Civatası","BİJON","5692","73.46","https://frenciniz.com/urun/327/alyan-baslikli-disk-civatasi-esb-4000-14-ekersan"
"328","disk-civatasi-dengeleyici-esb-4000-11-ekersan","DİSK CİVATASI DENGELEYİCİ","ESB 4000 11","SFAX0049-4375100410","Ekersan","Disk Bijonu/Civatası","BİJON","2001","73.46","https://frenciniz.com/urun/328/disk-civatasi-dengeleyici-esb-4000-11-ekersan"
"329","axor-anahtar-basli-disk-civatasi-esb-4000-10-ekersan","AXOR ANAHTAR BAŞLI DİSK CİVATASI","ESB 4000 10","4343291410 - SFAX0050","Ekersan","Disk Bijonu/Civatası","BİJON","5200","73.46","https://frenciniz.com/urun/329/axor-anahtar-basli-disk-civatasi-esb-4000-10-ekersan"
"330","bijon-otokar-kent-on-disk-karsan-no-4472-336-520-esb-3912-20-ekersan","BİJON OTOKAR KENT ÖN DİSK (KARSAN NO: 4472 336 520)","ESB 3912 20","","Ekersan","Bijon","BİJON","410","189.43","https://frenciniz.com/urun/330/bijon-otokar-kent-on-disk-karsan-no-4472-336-520-esb-3912-20-ekersan"
"331","bijon-bmc-arka-sag-frz-capi-24-mm-110-mm-esb-351-10-r-ekersan","BİJON BMC ARKA/SAĞ (FRZ.ÇAPI:24 MM)-110 MM","ESB 351 10-R","","Ekersan","Bijon","BİJON","350","199.31","https://frenciniz.com/urun/331/bijon-bmc-arka-sag-frz-capi-24-mm-110-mm-esb-351-10-r-ekersan"
"332","bijon-935-profesyonel-arka-bijon-145-mm-esb-345-10-ekersan","BİJON 935 Profesyonel Arka Bijon (145 MM)","ESB 345 10","","Ekersan","Bijon","BİJON","390","236.42","https://frenciniz.com/urun/332/bijon-935-profesyonel-arka-bijon-145-mm-esb-345-10-ekersan"
"333","bijon-270-fatih-827-prof-arka-132-mm-esb-344-10-ekersan","BİJON 270 FATİH / 827 PROF. ARKA (132 MM)","ESB 344 10","","Ekersan","Bijon","BİJON","440","236.42","https://frenciniz.com/urun/333/bijon-270-fatih-827-prof-arka-132-mm-esb-344-10-ekersan"
"334","bijon-fatih-int-prof-arka-117-mm-takviyeli-esb-342-10-ekersan","BİJON FATİH İNT./PROF.ARKA-117 MM TAKVİYELİ","ESB 342 10","","Ekersan","Bijon","BİJON","9686","199.31","https://frenciniz.com/urun/334/bijon-fatih-int-prof-arka-117-mm-takviyeli-esb-342-10-ekersan"
"335","bijon-fatih-int-prof-on-esb-340-20-ekersan","BİJON FATİH İNT./PROF.ÖN","ESB 340 20","7K60192","Ekersan","Bijon","BİJON","4506","199.31","https://frenciniz.com/urun/335/bijon-fatih-int-prof-on-esb-340-20-ekersan"
"336","bijon-fatih-int-prof-arka-117-mm-esb-340-10-ekersan","BİJON FATİH İNT./PROF.ARKA-117 MM","ESB 340 10","7K60177KOM-760177","Ekersan","Bijon","BİJON","5379","199.31","https://frenciniz.com/urun/336/bijon-fatih-int-prof-arka-117-mm-esb-340-10-ekersan"
"337","bijon-214-26-dev-fatih-on-e-m-82-mm-esb-330-20-ekersan","BİJON 214.26 DEV FATİH ÖN/E.M.-82 MM","ESB 330 20","7K13123","Ekersan","Bijon","BİJON","100","199.31","https://frenciniz.com/urun/337/bijon-214-26-dev-fatih-on-e-m-82-mm-esb-330-20-ekersan"
"338","bijon-162-fatih-on-sol-77-mm-esb-310-21-l-ekersan","BİJON 162 FATİH ÖN/SOL-77 MM","ESB 310 21-L","K5C1051","Ekersan","Bijon","BİJON","10","186.94","https://frenciniz.com/urun/338/bijon-162-fatih-on-sol-77-mm-esb-310-21-l-ekersan"
"339","bijon-162-fatih-arka-sag-110-mm-esb-310-10-r-ekersan","BİJON 162 FATİH ARKA/SAĞ-110 MM","ESB 310 10-R","K5C2150","Ekersan","Bijon","BİJON","10","186.94","https://frenciniz.com/urun/339/bijon-162-fatih-arka-sag-110-mm-esb-310-10-r-ekersan"
"340","tga-man-arka-frezeli-esb-273-10-ekersan","TGA Man Arka Frezeli","ESB 273 10","","Ekersan","Bijon","BİJON","8","199.31","https://frenciniz.com/urun/340/tga-man-arka-frezeli-esb-273-10-ekersan"
"341","bijon-man-tga-tgs-tgx-esb-272-10-ekersan","Bijon MAN TGA TGS TGX","ESB 272 10","81455010174","Ekersan","Bijon","BİJON","1969","186.94","https://frenciniz.com/urun/341/bijon-man-tga-tgs-tgx-esb-272-10-ekersan"
"342","tga-man-arka-frezeli-esb-261-10-ekersan","TGA Man Arka Frezeli","ESB 261 10","TGA Man Arka Frezeli","Ekersan","Bijon","BİJON","210","186.94","https://frenciniz.com/urun/342/tga-man-arka-frezeli-esb-261-10-ekersan"
"343","bijon-man-tga-tgs-tgx-esb-260-20-ekersan","Bijon MAN TGA TGS TGX","ESB 260 20","81455010133 - 81455010129","Ekersan","Bijon","BİJON","1404","186.94","https://frenciniz.com/urun/343/bijon-man-tga-tgs-tgx-esb-260-20-ekersan"
"344","bijon-man-tga-tgs-tgx-esb-260-10-ekersan","Bijon MAN TGA TGS TGX","ESB 260 10","81455010131-81455010176","Ekersan","Bijon","BİJON","2813","186.94","https://frenciniz.com/urun/344/bijon-man-tga-tgs-tgx-esb-260-10-ekersan"
"345","bijon-gigant-dingil-95-mm-esb-2413-10-ekersan","BİJON GİGANT DİNGİL-95 MM","ESB 2413 10","9713579","Ekersan","Bijon","BİJON","160","215.8","https://frenciniz.com/urun/345/bijon-gigant-dingil-95-mm-esb-2413-10-ekersan"
"346","bijon-otokar-sultan-disk-on-esb-2412-20-ekersan","BİJON OTOKAR SULTAN DİSK ÖN","ESB 2412 20","","Ekersan","Bijon","BİJON","20","156.7","https://frenciniz.com/urun/346/bijon-otokar-sultan-disk-on-esb-2412-20-ekersan"
"347","bijon-otokar-sultan-arka-disk-esb-2412-10-ekersan","BİJON OTOKAR SULTAN ARKA DİSK","ESB 2412 10","","Ekersan","Bijon","BİJON","10","156.7","https://frenciniz.com/urun/347/bijon-otokar-sultan-arka-disk-esb-2412-10-ekersan"
"348","renault-210-disk-bijonu-esb-2321-10-ekersan","Renault 210 Disk Bijonu","ESB 2321 10","","Ekersan","Disk Bijonu/Civatası","BİJON","1090","175.94","https://frenciniz.com/urun/348/renault-210-disk-bijonu-esb-2321-10-ekersan"
"349","renault-magnum-114-mm-esb-2318-10-ekersan","Renault Magnum 114 mm","ESB 2318 10","5010241892","Ekersan","Bijon","BİJON","220","199.31","https://frenciniz.com/urun/349/renault-magnum-114-mm-esb-2318-10-ekersan"
"350","bijon-renault-440-on-disk-79-50-mm-yuvarlak-kafa-25mm-2311-20-esb-2317-20-ekersan","BİJON RENAULT 440 ÖN DİSK-79,50 MM (YUVARLAK KAFA) 25MM (2311-20)","ESB 2317 20","20515514-7420515514","Ekersan","Bijon","BİJON","2452","199.31","https://frenciniz.com/urun/350/bijon-renault-440-on-disk-79-50-mm-yuvarlak-kafa-25mm-2311-20-esb-2317-20-ekersan"
"351","bijon-dps-renault-440-arka-disk-esb-2316-20-ekersan","BİJON DPS RENAULT 440 ARKA DİSK","ESB 2316 20","20515517-7420515517","Ekersan","Bijon","BİJON","7017","199.31","https://frenciniz.com/urun/351/bijon-dps-renault-440-arka-disk-esb-2316-20-ekersan"
"352","bijon-renault-370-420-440-arka-disk-114-mm-cargo-3238-esb-2316-10-ekersan","BİJON RENAULT 370-420-440 ARKA DİSK -114 MM CARGO 3238","ESB 2316 10","20524942-21147687-7421147687","Ekersan","Bijon","BİJON","730","199.31","https://frenciniz.com/urun/352/bijon-renault-370-420-440-arka-disk-114-mm-cargo-3238-esb-2316-10-ekersan"
"353","bijon-renault-370-420-disk-on-70-mm-esb-2313-10-ekersan","BİJON RENAULT 370-420 DİSK ÖN-70 MM","ESB 2313 10","5000737601","Ekersan","Bijon","BİJON","619","199.31","https://frenciniz.com/urun/353/bijon-renault-370-420-disk-on-70-mm-esb-2313-10-ekersan"
"354","bijon-renault-370-420-disk-arka-95-mm-flansli-esb-2312-10-ekersan","BİJON RENAULT 370-420 DİSK ARKA-95 MM (FLANŞLI)","ESB 2312 10","5010566244","Ekersan","Bijon","BİJON","1765","215.8","https://frenciniz.com/urun/354/bijon-renault-370-420-disk-arka-95-mm-flansli-esb-2312-10-ekersan"
"355","bijon-renault-370-on-kampanali-79-mm-2317-20-esb-2311-20-ekersan","BİJON RENAULT 370 ÖN KAMPANALI -79 MM (2317 20)","ESB 2311 20","5010319141-190221","Ekersan","Bijon","BİJON","250","199.31","https://frenciniz.com/urun/355/bijon-renault-370-on-kampanali-79-mm-2317-20-esb-2311-20-ekersan"
"356","bijon-dps-reno-370-420-ceker-esb-2311-10-ekersan","BİJON DPS RENO 370-420 ÇEKER","ESB 2311 10","5010439317-5010439406","Ekersan","Bijon","BİJON","470","215.8","https://frenciniz.com/urun/356/bijon-dps-reno-370-420-ceker-esb-2311-10-ekersan"
"357","bijon-renault-370-420-430-arka-103-mm-kampanali-esb-2310-10-ekersan","BİJON RENAULT 370-420-430 ARKA-103 MM KAMPANALI","ESB 2310 10","0000190220-190513","Ekersan","Bijon","BİJON","927","199.31","https://frenciniz.com/urun/357/bijon-renault-370-420-430-arka-103-mm-kampanali-esb-2310-10-ekersan"
"358","efe-dorse-dipten-frezeli-bijon-100-mm-esb-2240-10-ekersan","Efe Dorse Dipten Frezeli Bijon (100 mm)","ESB 2240 10","Efe Dorse Dipten Frezeli Bijon (100 mm)","Ekersan","Bijon","BİJON","160","255.66","https://frenciniz.com/urun/358/efe-dorse-dipten-frezeli-bijon-100-mm-esb-2240-10-ekersan"
"359","bijon-dps-fruehauf-smb-esb-2117-10-ekersan","BİJON DPS FRUEHAUF- SMB","ESB 2117 10","M069131-M200048-M69131-M069123","Ekersan","Bijon","BİJON","480","211.69","https://frenciniz.com/urun/359/bijon-dps-fruehauf-smb-esb-2117-10-ekersan"
"360","fruehauf-dorse-106-mm-esb-2112-10-ekersan","Fruehauf Dorse 106 mm","ESB 2112 10","A-FA0230","Ekersan","Bijon","BİJON","570","211.68","https://frenciniz.com/urun/360/fruehauf-dorse-106-mm-esb-2112-10-ekersan"
"361","bijon-dorse-treyler-esb-2111-10-ekersan","Bijon Dorse Treyler","ESB 2111 10","AJA0491001-AJB11623A-M006891-15613-11623-	6891","Ekersan","Bijon","BİJON","400","211.68","https://frenciniz.com/urun/361/bijon-dorse-treyler-esb-2111-10-ekersan"
"362","bijon-dorse-treyler-esb-2110-10-ekersan","Bijon Dorse Treyler","ESB 2110 10","20630-AJA491002-AJA0491002-M003133-17328-	3133-491002","Ekersan","Bijon","BİJON","450","211.68","https://frenciniz.com/urun/362/bijon-dorse-treyler-esb-2110-10-ekersan"
"363","sertel-dingil-bijonu-100-mm-esb-2033-10-ekersan","Sertel Dingil Bijonu  100 mm","ESB 2033 10","","Ekersan","Bijon","BİJON","1159","199.31","https://frenciniz.com/urun/363/sertel-dingil-bijonu-100-mm-esb-2033-10-ekersan"
"364","bijon-esb-2032-10-ekersan","Bijon","ESB 2032 10","","Ekersan","Bijon","BİJON","30700","199.31","https://frenciniz.com/urun/364/bijon-esb-2032-10-ekersan"
"365","bijon-esb-2030-10-ekersan","Bijon","ESB 2030 10","","Ekersan","Bijon","BİJON","4431","199.31","https://frenciniz.com/urun/365/bijon-esb-2030-10-ekersan"
"366","pilot-dorse-esb-2010-10-ekersan","Pilot Dorse","ESB 2010 10","","Ekersan","Bijon","BİJON","3800","199.31","https://frenciniz.com/urun/366/pilot-dorse-esb-2010-10-ekersan"
"367","bijon-esb-1915-10-ekersan","Bijon","ESB 1915 10","","Ekersan","Bijon","BİJON","1871","211.68","https://frenciniz.com/urun/367/bijon-esb-1915-10-ekersan"
"368","tir-dorse-22x1-5-esb-1914-10-ekersan","Tır Dorse 22X1.5","ESB 1914 10","","Ekersan","Bijon","BİJON","2143","211.68","https://frenciniz.com/urun/368/tir-dorse-22x1-5-esb-1914-10-ekersan"
"369","bijon-saf-holland-esb-1818-10-ekersan","Bijon SAF Holland","ESB 1818 10","1303111811-3302115600","Ekersan","Bijon","BİJON","695","199.31","https://frenciniz.com/urun/369/bijon-saf-holland-esb-1818-10-ekersan"
"370","bijon-saf-dorse-on-disk-frezeli-65-50-mm-esb-1817-20-ekersan","BİJON SAF DORSE ÖN/DİSK/FREZELİ 65,50 MM","ESB 1817 20","","Ekersan","Bijon","BİJON","4539","199.31","https://frenciniz.com/urun/370/bijon-saf-dorse-on-disk-frezeli-65-50-mm-esb-1817-20-ekersan"
"371","bijon-saf-holland-esb-1816-10-ekersan","Bijon SAF Holland","ESB 1816 10","1303112010-3302115700","Ekersan","Bijon","BİJON","4398","199.31","https://frenciniz.com/urun/371/bijon-saf-holland-esb-1816-10-ekersan"
"372","bijon-saf-holland-esb-1815-10-ekersan","Bijon SAF Holland","ESB 1815 10","1303107511-1303107510-3302107600-A5446","Ekersan","Bijon","BİJON","3692","199.31","https://frenciniz.com/urun/372/bijon-saf-holland-esb-1815-10-ekersan"
"373","bijon-saf-dorse-iveco-frezeli-73-mm-disk-esb-1813-10-ekersan","BİJON SAF DORSE İVECO FREZELİ-73 MM DİSK","ESB 1813 10","1303111810 - 13031117410","Ekersan","Bijon","BİJON","7553","199.31","https://frenciniz.com/urun/373/bijon-saf-dorse-iveco-frezeli-73-mm-disk-esb-1813-10-ekersan"
"374","bijon-saf-dorse-83-mm-safir-ym-esb-1811-10-ekersan","BiJON SAF DORSE 83 MM SAFİR YM","ESB 1811 10","1303107412-3302107800-1303107413-1303107411-1303107410","Ekersan","Bijon","BİJON","2454","199.31","https://frenciniz.com/urun/374/bijon-saf-dorse-83-mm-safir-ym-esb-1811-10-ekersan"
"375","bijon-bpw-ecoplus-esb-1725-10-ekersan","Bijon BPW ECOPlus","ESB 1725 10","329633120-	329633121","Ekersan","Bijon","BİJON","3790","199.31","https://frenciniz.com/urun/375/bijon-bpw-ecoplus-esb-1725-10-ekersan"
"376","bijon-bpw-ecoplus-esb-1723-10-ekersan","Bijon BPW ECOPlus","ESB 1723 10","0329633141","Ekersan","Bijon","BİJON","1971","199.31","https://frenciniz.com/urun/376/bijon-bpw-ecoplus-esb-1723-10-ekersan"
"377","bijon-bpw-ecoplus-esb-1722-10-ekersan","Bijon BPW ECOPlus","ESB 1722 10","329633110","Ekersan","Bijon","BİJON","6593","199.31","https://frenciniz.com/urun/377/bijon-bpw-ecoplus-esb-1722-10-ekersan"
"378","bijon-bpw-ecoplus-esb-1719-10-ekersan","Bijon BPW ECOPlus","ESB 1719 10","329623150-980623270","Ekersan","Bijon","BİJON","1710","218.55","https://frenciniz.com/urun/378/bijon-bpw-ecoplus-esb-1719-10-ekersan"
"379","bijon-bpw-ecoplus-esb-1714-10-ekersan","Bijon BPW ECOPlus","ESB 1714 10","329623170-980623220-8241000989","Ekersan","Bijon","BİJON","2318","218.55","https://frenciniz.com/urun/379/bijon-bpw-ecoplus-esb-1714-10-ekersan"
"380","bpw-dorse-takviyeli-esb-1711-10-ekersan","Bpw Dorse Takviyeli","ESB 1711 10","329613170","Ekersan","Bijon","BİJON","1079","218.55","https://frenciniz.com/urun/380/bpw-dorse-takviyeli-esb-1711-10-ekersan"
"381","bijon-mercedes-403-on-bijon-dps-esb-160-20-1-ekersan","BİJON MERCEDES 403 ÖN BİJON (DPS)","ESB 160 20-1","3384015071","Ekersan","Bijon","BİJON","240","178.06","https://frenciniz.com/urun/381/bijon-mercedes-403-on-bijon-dps-esb-160-20-1-ekersan"
"382","bijon-volvo-ispit-t-arka-100-mm-esb-1511-10-ekersan","BİJON VOLVO İSPİT T ARKA-100 MM","ESB 1511 10","272740-288799-250708600-659112611","Ekersan","Bijon","BİJON","60","178.69","https://frenciniz.com/urun/382/bijon-volvo-ispit-t-arka-100-mm-esb-1511-10-ekersan"
"383","bijon-scania-volvo-esb-1426-20-ekersan","Bijon Scania Volvo","ESB 1426 20","7420515515-20515515","Ekersan","Bijon","BİJON","2765","199.31","https://frenciniz.com/urun/383/bijon-scania-volvo-esb-1426-20-ekersan"
"384","bijon-scania-volvo-esb-1426-10-ekersan","Bijon Scania Volvo","ESB 1426 10","20515519-7420515519","Ekersan","Bijon","BİJON","6086","210.3","https://frenciniz.com/urun/384/bijon-scania-volvo-esb-1426-10-ekersan"
"385","bijon-scania-volvo-esb-1414-10-ekersan","Bijon Scania Volvo","ESB 1414 10","20524942-7421147687","Ekersan","Bijon","BİJON","2944","199.31","https://frenciniz.com/urun/385/bijon-scania-volvo-esb-1414-10-ekersan"
"386","volvo-arka-110-mm-esb-1413-10-ekersan","Volvo Arka 110 mm","ESB 1413 10","1573083-1589010-1589009","Ekersan","Bijon","BİJON","80","199.31","https://frenciniz.com/urun/386/volvo-arka-110-mm-esb-1413-10-ekersan"
"387","bijon-scania-volvo-esb-1412-10-ekersan","Bijon Scania Volvo","ESB 1412 10","3963997","Ekersan","Bijon","BİJON","830","210.3","https://frenciniz.com/urun/387/bijon-scania-volvo-esb-1412-10-ekersan"
"388","bijon-volvo-arka-uzun-117-mm-cap-27-mm-buyuk-kafa-esb-1411-10-ekersan","BİJON VOLVO ARKA UZUN-117 MM ÇAP 27 MM BÜYÜK KAFA","ESB 1411 10","20428545-15890088","Ekersan","Bijon","BİJON","1512","218.55","https://frenciniz.com/urun/388/bijon-volvo-arka-uzun-117-mm-cap-27-mm-buyuk-kafa-esb-1411-10-ekersan"
"389","bijon-scania-volvo-esb-1410-20-ekersan","Bijon Scania Volvo","ESB 1410 20","1573081","Ekersan","Bijon","BİJON","2097","199.31","https://frenciniz.com/urun/389/bijon-scania-volvo-esb-1410-20-ekersan"
"390","bijon-scania-volvo-esb-1410-10-ekersan","Bijon Scania Volvo","ESB 1410 10","1573082","Ekersan","Bijon","BİJON","1594","199.31","https://frenciniz.com/urun/390/bijon-scania-volvo-esb-1410-10-ekersan"
"391","bijon-ror-dorse-85-mm-esb-1313-10-ekersan","BİJON ROR DORSE-85 MM","ESB 1313 10","21022167","Ekersan","Bijon","BİJON","280","218.55","https://frenciniz.com/urun/391/bijon-ror-dorse-85-mm-esb-1313-10-ekersan"
"392","bijon-ror-meritor-esb-1312-10-ekersan","Bijon ROR Meritor","ESB 1312 10","21020977-21020997","Ekersan","Bijon","BİJON","150","218.55","https://frenciniz.com/urun/392/bijon-ror-meritor-esb-1312-10-ekersan"
"393","bijon-mercedes-actros-axor-atego-esb-111-20-1-ekersan","Bijon Mercedes Actros Axor Atego","ESB 111 20-1","3814010171-3174010371-3274010471-3054010071","Ekersan","Bijon","BİJON","140","180.79","https://frenciniz.com/urun/393/bijon-mercedes-actros-axor-atego-esb-111-20-1-ekersan"
"394","bijon-daf-cf-xf-esb-1014-10-ekersan","Bijon DAF CF XF","ESB 1014 10","620646 - 1309191 - 99730","Ekersan","Bijon","BİJON","1335","199.31","https://frenciniz.com/urun/394/bijon-daf-cf-xf-esb-1014-10-ekersan"
"395","bijon-daf-cf-xf-esb-1013-10-ekersan","Bijon DAF CF XF","ESB 1013 10","99720-1337020","Ekersan","Bijon","BİJON","1556","199.31","https://frenciniz.com/urun/395/bijon-daf-cf-xf-esb-1013-10-ekersan"
"396","bijon-daf-cf-xf-esb-1012-10-ekersan","Bijon DAF CF XF","ESB 1012 10","99731-1309190-1356736-890763","Ekersan","Bijon","BİJON","1085","199.31","https://frenciniz.com/urun/396/bijon-daf-cf-xf-esb-1012-10-ekersan"
"397","bijon-daf-cf-xf-esb-1010-20-ekersan","Bijon DAF CF XF","ESB 1010 20","99730-1309191-620646","Ekersan","Bijon","BİJON","1077","199.31","https://frenciniz.com/urun/397/bijon-daf-cf-xf-esb-1010-20-ekersan"
"398","bijon-daf-cf-xf-esb-1010-10-ekersan","Bijon DAF CF XF","ESB 1010 10","99717-1373007-1308038-620649","Ekersan","Bijon","BİJON","1462","210.3","https://frenciniz.com/urun/398/bijon-daf-cf-xf-esb-1010-10-ekersan"
"399","otomatik-fren-circiri-man-tga-tgs-tgx-esc-80328-ekersan","Otomatik Fren Cırcırı MAN TGA TGS TGX","ESC 80328","81506106255-81506106259-80087","Ekersan","Otomatik Fren Cırcırı","CIRCIR","3","1452","https://frenciniz.com/urun/399/otomatik-fren-circiri-man-tga-tgs-tgx-esc-80328-ekersan"
"400","otomatik-fren-circiri-renault-midlum-premium-magnum-esc-79460-ekersan","Otomatik Fren Cırcırı Renault Midlum Premium Magnum","ESC 79460","5010260117-79077","Ekersan","Otomatik Fren Cırcırı","CIRCIR","14","1452","https://frenciniz.com/urun/400/otomatik-fren-circiri-renault-midlum-premium-magnum-esc-79460-ekersan"
"401","ekersan-423071-man-26-281-circir-sol-esc-79374-ekersan","EKERSAN 423071 MAN 26-281 CIRCIR SOL","ESC 79374","81506106077-81506106129-81506106187-81506106221-815061033187-4731733-70731-60501-70965-72986-72509-2625-	42625","Ekersan","Fren Cırcırı","CIRCIR","42","1452","https://frenciniz.com/urun/401/ekersan-423071-man-26-281-circir-sol-esc-79374-ekersan"
"402","423070-man-26-281-circir-sag-esc-79373-ekersan","423070 MAN 26-281 CIRCIR SAĞ","ESC 79373","42620-2620-6001-72508-72985-70964-70730-60001-4731725-1004000-815061032188-81506106220-81506106188-81506106128-81506106078","Ekersan","Fren Cırcırı","CIRCIR","51","1452","https://frenciniz.com/urun/402/423070-man-26-281-circir-sag-esc-79373-ekersan"
"403","otomatik-fren-circiri-man-tga-tgs-tgx-esc-79361-ekersan","Otomatik Fren Cırcırı MAN TGA TGS TGX","ESC 79361","81506106084-81506106154-81506106212-81506107154-79211-72971-72321-70723-2090-42090-14722-4731642","Ekersan","Otomatik Fren Cırcırı","CIRCIR","74","1452","https://frenciniz.com/urun/403/otomatik-fren-circiri-man-tga-tgs-tgx-esc-79361-ekersan"
"404","otomatik-fren-circiri-esc-79335-ekersan","Otomatik Fren Cırcırı","ESC 79335","43365-3714200038","Ekersan","Otomatik Fren Cırcırı","CIRCIR","62","1452","https://frenciniz.com/urun/404/otomatik-fren-circiri-esc-79335-ekersan"
"405","ekersan-scania-4020-fren-circiri-sag-esc-78198-ekersan","EKERSAN SCANIA 4020 FREN CIRCIRI SAĞ","ESC 78198","","Ekersan","Fren Cırcırı","CIRCIR","25","1452","https://frenciniz.com/urun/405/ekersan-scania-4020-fren-circiri-sag-esc-78198-ekersan"
"406","ekersan-scania-4021-fren-circiri-sol-esc-78197-ekersan","EKERSAN SCANIA 4021 FREN CIRCIRI SOL","ESC 78197","","Ekersan","Fren Cırcırı","CIRCIR","25","1452","https://frenciniz.com/urun/406/ekersan-scania-4021-fren-circiri-sol-esc-78197-ekersan"
"407","fren-circiri-scania-2771-esc-72878-ekersan","FREN CIRCIRI SCANIA 2771","ESC 72878","72728","Ekersan","Fren Cırcırı","CIRCIR","44","1452","https://frenciniz.com/urun/407/fren-circiri-scania-2771-esc-72878-ekersan"
"408","fren-circiri-scania-2772-esc-72877-ekersan","FREN CIRCIRI SCANIA 2772","ESC 72877","72727","Ekersan","Fren Cırcırı","CIRCIR","50","1452","https://frenciniz.com/urun/408/fren-circiri-scania-2772-esc-72877-ekersan"
"409","ekersan-424078-fren-circir-daf-esc-72855-ekersan","EKERSAN 424078 FREN CIRCIR DAF","ESC 72855","755617","Ekersan","Fren Cırcırı","CIRCIR","16","1452","https://frenciniz.com/urun/409/ekersan-424078-fren-circir-daf-esc-72855-ekersan"
"410","ekersan-424077-fren-circir-daf-esc-72854-ekersan","EKERSAN 424077 FREN CIRCIR DAF","ESC 72854","755616","Ekersan","Fren Cırcırı","CIRCIR","16","1452","https://frenciniz.com/urun/410/ekersan-424077-fren-circir-daf-esc-72854-ekersan"
"411","ekersan-3226-maraton-circir-arka-esc-72735-ekersan","EKERSAN 3226 MARATON CIRCIR ARKA","ESC 72735","807632","Ekersan","Fren Cırcırı","CIRCIR","30","1452","https://frenciniz.com/urun/411/ekersan-3226-maraton-circir-arka-esc-72735-ekersan"
"412","daf-esc-72695-ekersan","DAF","ESC 72695","43660-72313-297172-159564","Ekersan","Fren Cırcırı","CIRCIR","4","1452","https://frenciniz.com/urun/412/daf-esc-72695-ekersan"
"413","daf-esc-72694-ekersan","DAF","ESC 72694","159563-297173-72312-43655","Ekersan","Fren Cırcırı","CIRCIR","4","1452","https://frenciniz.com/urun/413/daf-esc-72694-ekersan"
"414","otomatik-fren-circiri-esc-72689-ekersan","Otomatik Fren Cırcırı","ESC 72689","105016001-12103631-361543-2025-	42025-72301-46036-159590","Ekersan","Otomatik Fren Cırcırı","CIRCIR","2","1452","https://frenciniz.com/urun/414/otomatik-fren-circiri-esc-72689-ekersan"
"415","otomatik-fren-circiri-esc-72688-ekersan","Otomatik Fren Cırcırı","ESC 72688","159589-46035-72302-42020-2020-361544-12103554-105015001","Ekersan","Otomatik Fren Cırcırı","CIRCIR","11","1452","https://frenciniz.com/urun/415/otomatik-fren-circiri-esc-72688-ekersan"
"416","mercedes-v-8-otobus-arka-circir-r-l-esc-72363-ekersan","MERCEDES V-8 OTOBÜS ARKA CIRCIR R-L","ESC 72363","72213-42130-14693-14694-2130-4731287-3014201138","Ekersan","Fren Cırcırı","CIRCIR","1","1452","https://frenciniz.com/urun/416/mercedes-v-8-otobus-arka-circir-r-l-esc-72363-ekersan"
"417","mekanik-fren-circiri-mercedes-actros-axor-atego-esc-507401-ekersan","Mekanik Fren Cırcırı Mercedes Actros Axor Atego","ESC 507401","517454700-2100212902-3464201838-3484201838-5021172204","Ekersan","Mekanik Fren Cırcırı","CIRCIR","28","1082.4","https://frenciniz.com/urun/417/mekanik-fren-circiri-mercedes-actros-axor-atego-esc-507401-ekersan"
"418","mekanik-fren-circiri-mercedes-actros-axor-atego-esc-407401-ekersan","Mekanik Fren Cırcırı Mercedes Actros Axor Atego","ESC 407401","517454690-2100212903-3464201738-5021172197-878712","Ekersan","Mekanik Fren Cırcırı","CIRCIR","32","1082.4","https://frenciniz.com/urun/418/mekanik-fren-circiri-mercedes-actros-axor-atego-esc-407401-ekersan"
"419","fren-circiri-tamir-takimi-esc-1815-ekersan","Fren Cırcırı Tamir Takımı","ESC 1815","","Ekersan","Fren Cırcırı","CIRCIR","95","759","https://frenciniz.com/urun/419/fren-circiri-tamir-takimi-esc-1815-ekersan"
"420","mekanik-fren-circiri-7-delik-10-kanal-esc-1760-ekersan","Mekanik Fren Cırcırı 7 Delik 10 Kanal","ESC 1760","517465130-517465130-517465220-100001760-24490-A3450","Ekersan","Mekanik Fren Cırcırı","CIRCIR","113","1082.4","https://frenciniz.com/urun/420/mekanik-fren-circiri-7-delik-10-kanal-esc-1760-ekersan"
"421","bpw-porya-kapagi-gecmeli-tirnakli-orjinal-yazili-eyd-700-14-1-ekersan","BPW PORYA KAPAĞI GEÇMELİ - TIRNAKLI ORJİNAL YAZILI","EYD 700 14-1","","Ekersan","Porya","PORYA","6","699.6","https://frenciniz.com/urun/421/bpw-porya-kapagi-gecmeli-tirnakli-orjinal-yazili-eyd-700-14-1-ekersan"
"422","dorse-korugu-komple-koruk-ft-34810-k04f-ekersan","DORSE KÖRÜĞÜ KOMPLE KÖRÜK","FT 34810-K04F","","Ekersan","Süspansiyon Körüğü","SÜSP. KÖRÜĞÜ","22","3300","https://frenciniz.com/urun/422/dorse-korugu-komple-koruk-ft-34810-k04f-ekersan"
"423","kaliper-mekanizmasi-bilyali-yildiz-basli-421128-1-ekersan","Kaliper Mekanizması Bilyalı YILDIZ BAŞLI","421128-1","","Ekersan","Kaliper Ayar Mekanizması","KALİPER ÜRÜNLERİ","250","726","https://frenciniz.com/urun/423/kaliper-mekanizmasi-bilyali-yildiz-basli-421128-1-ekersan"
"424","aks-somun-buyuk-yeni-model-vidali-eyd-92-30-ekersan","AKS SOMUN BÜYüK YENİ MODEL VİDALI","EYD 92 30","","Ekersan","Somun / Cıvata","BİJON","186","1056","https://frenciniz.com/urun/424/aks-somun-buyuk-yeni-model-vidali-eyd-92-30-ekersan"
"425","yte-dorse-yayi-eyd-70-67-ekersan","YTE DORSE YAYI","EYD 70 67","","Ekersan","Yay","FREN YAYLARI","76","66","https://frenciniz.com/urun/425/yte-dorse-yayi-eyd-70-67-ekersan"
"426","mercedes-perno-pimli-eyd-301-46-ekersan","MERCEDES PERNO PİMLİ","EYD 301 46","","Ekersan","Perno","KALİPER ÜRÜNLERİ","80","330","https://frenciniz.com/urun/426/mercedes-perno-pimli-eyd-301-46-ekersan"
"427","sertel-porya-kapagi-aluminyum-kucuk-m135-22-eyd-700-06-1-ekersan","SERTEL PORYA KAPAĞI ALÜMİNYUM KÜÇÜK M135-22","EYD 700 06-1","","Ekersan","Porya","PORYA","2","462","https://frenciniz.com/urun/427/sertel-porya-kapagi-aluminyum-kucuk-m135-22-eyd-700-06-1-ekersan"
"428","roll-koruk-bpw-ecoplus-ft-34644-ekersan","Roll Körük BPW ECOPlus","FT 34644","0003270101 , 0003270201 , 3073270101 ,1134445","Ekersan","Süspansiyon Körüğü","SÜSP. KÖRÜĞÜ","22","1320","https://frenciniz.com/urun/428/roll-koruk-bpw-ecoplus-ft-34644-ekersan"
"429","pistonlu-komple-koruk-ft-3498608-kp-ekersan","PİSTONLU KOMPLE KÖRÜK","FT 3498608-KP","","Ekersan","Süspansiyon Körüğü","SÜSP. KÖRÜĞÜ","13","2970","https://frenciniz.com/urun/429/pistonlu-komple-koruk-ft-3498608-kp-ekersan"
"430","roll-koruk-man-tga-tgs-tgx-ft-34720-ekersan","Roll Körük MAN TGA TGS TGX","FT 34720","3873280101 , 81436010033 , 1629193 , 0220024100","Ekersan","Süspansiyon Körüğü","SÜSP. KÖRÜĞÜ","74","1320","https://frenciniz.com/urun/430/roll-koruk-man-tga-tgs-tgx-ft-34720-ekersan"
"431","aks-somun-bp-e-m-buyuk-eyd-92-28-ekersan","AKS SOMUN BP E.M BÜYÜK","EYD 92 28","","Ekersan","Somun / Cıvata","BİJON","169","1056","https://frenciniz.com/urun/431/aks-somun-bp-e-m-buyuk-eyd-92-28-ekersan"
"432","tirsan-dorse-kisa-yay-24-cm-eyd-70-04-3-ekersan","TIRSAN DORSE KISA YAY 24 CM","EYD 70 04-3","(A) B4","Ekersan","Yay","FREN YAYLARI","300","72.6","https://frenciniz.com/urun/432/tirsan-dorse-kisa-yay-24-cm-eyd-70-04-3-ekersan"
"433","man-abs-sensoru-sag-300cm-ef-4410329880-ekersan","MAN ABS SENSÖRÜ SAĞ 300CM","EF-4410329880","","Ekersan","ABS Sensörü/Modülü/Kablo","SENSÖR VE UZATMALAR","20","831.6","https://frenciniz.com/urun/433/man-abs-sensoru-sag-300cm-ef-4410329880-ekersan"
"434","man-abs-sensoru-sol-300cm-ef-4410329870-ekersan","MAN ABS SENSÖRÜ SOL 300CM","EF-4410329870","","Ekersan","ABS Sensörü/Modülü/Kablo","SENSÖR VE UZATMALAR","20","831.6","https://frenciniz.com/urun/434/man-abs-sensoru-sol-300cm-ef-4410329870-ekersan"
"435","jumbo-dorse-yayi-bpv-eyd-70-66-ekersan","JUMBO DORSE YAYI BPV","EYD 70 66","","Ekersan","Yay","FREN YAYLARI","30","66","https://frenciniz.com/urun/435/jumbo-dorse-yayi-bpv-eyd-70-66-ekersan"
"436","24-24-d-p-imd-fren-korugu-m22-57-mm-8106-2-ekersan","24/24 D/P İMD.FREN KÖRÜĞÜ M22 57 mm","8106-2","","Ekersan","Fren Körüğü","FREN KÖRÜKLERİ","120","3168","https://frenciniz.com/urun/436/24-24-d-p-imd-fren-korugu-m22-57-mm-8106-2-ekersan"
"437","20-nolu-koruk-lastigi-derin-koruksan-eyd-100-67-k-ekersan","20 Nolu Körük Lastiği DERİN KÖRÜKSAN","EYD 100 67-K","","Ekersan","Fren Körüğü","FREN KÖRÜKLERİ","50","188.76","https://frenciniz.com/urun/437/20-nolu-koruk-lastigi-derin-koruksan-eyd-100-67-k-ekersan"
"438","16-nolu-koruk-lastigi-derin-koruksan-eyd-100-66-k-ekersan","16 Nolu Körük Lastiği DERİN KÖRÜKSAN","EYD 100 66-K","","Ekersan","Fren Körüğü","FREN KÖRÜKLERİ","52","181.5","https://frenciniz.com/urun/438/16-nolu-koruk-lastigi-derin-koruksan-eyd-100-66-k-ekersan"
"439","36-nolu-koruk-lastigi-derin-koruksan-eyd-100-65-k-ekersan","36 Nolu Körük Lastiği DERİN KÖRÜKSAN","EYD 100 65-K","","Ekersan","Fren Körüğü","FREN KÖRÜKLERİ","10","236.28","https://frenciniz.com/urun/439/36-nolu-koruk-lastigi-derin-koruksan-eyd-100-65-k-ekersan"
"440","12-nolu-koruk-lastigi-derin-koruksan-eyd-100-51-k-ekersan","12 Nolu Körük Lastiği DERİN KÖRÜKSAN","EYD 100 51-K","","Ekersan","Fren Körüğü","FREN KÖRÜKLERİ","15","166.98","https://frenciniz.com/urun/440/12-nolu-koruk-lastigi-derin-koruksan-eyd-100-51-k-ekersan"
"441","30-nolu-koruk-lastigi-derin-koruksan-eyd-100-63-k-ekersan","30 Nolu Körük Lastiği DERİN KÖRÜKSAN","EYD 100 63-K","","Ekersan","Fren Körüğü","FREN KÖRÜKLERİ","30","216.48","https://frenciniz.com/urun/441/30-nolu-koruk-lastigi-derin-koruksan-eyd-100-63-k-ekersan"
"442","24-nolu-koruk-lastigi-derin-koruksan-eyd-100-62-k-ekersan","24 Nolu Körük Lastiği DERİN KÖRÜKSAN","EYD 100 62-K","","Ekersan","Fren Körüğü","FREN KÖRÜKLERİ","20","204.6","https://frenciniz.com/urun/442/24-nolu-koruk-lastigi-derin-koruksan-eyd-100-62-k-ekersan"
"443","20-nolu-koruk-lastigi-duz-koruksan-eyd-100-61-k-ekersan","20 Nolu Körük Lastiği DÜZ KÖRÜKSAN","EYD 100 61-K","","Ekersan","Fren Körüğü","FREN KÖRÜKLERİ","15","181.5","https://frenciniz.com/urun/443/20-nolu-koruk-lastigi-duz-koruksan-eyd-100-61-k-ekersan"
"444","16-nolu-koruk-lastigi-duz-koruksan-eyd-100-60-k-ekersan","16 Nolu Körük Lastiği DÜZ KÖRÜKSAN","EYD 100 60-K","","Ekersan","Fren Körüğü","FREN KÖRÜKLERİ","10","174.24","https://frenciniz.com/urun/444/16-nolu-koruk-lastigi-duz-koruksan-eyd-100-60-k-ekersan"
"445","30-nolu-koruk-lastigi-duz-koruksan-eyd-100-40-k-ekersan","30 Nolu Körük Lastiği DÜZ KÖRÜKSAN","EYD 100 40-K","","Ekersan","Fren Körüğü","FREN KÖRÜKLERİ","15","211.2","https://frenciniz.com/urun/445/30-nolu-koruk-lastigi-duz-koruksan-eyd-100-40-k-ekersan"
"446","iki-katli-koruk-capraz-ft-34220-2p01-ekersan","İKİ KATLI KÖRÜK ÇAPRAZ","FT 34220-2P01","","Ekersan","Süspansiyon Körüğü","SÜSP. KÖRÜĞÜ","221","726","https://frenciniz.com/urun/446/iki-katli-koruk-capraz-ft-34220-2p01-ekersan"
"447","roll-koruk-man-tga-tgs-tgx-ft-341888-ekersan","Roll Körük MAN TGA TGS TGX","FT 341888","81436010163 - 81436010163 - 81436010162","Ekersan","Süspansiyon Körüğü","SÜSP. KÖRÜĞÜ","20","990","https://frenciniz.com/urun/447/roll-koruk-man-tga-tgs-tgx-ft-341888-ekersan"
"448","pistonsuz-koruk-man-tga-tgs-tgx-424705-s01-ekersan","Pistonsuz Körük MAN TGA TGS TGX","424705.S01","81436010155","Ekersan","Süspansiyon Körüğü","SÜSP. KÖRÜĞÜ","19","2277","https://frenciniz.com/urun/448/pistonsuz-koruk-man-tga-tgs-tgx-424705-s01-ekersan"
"449","arfesan-16-24-d-d-disk-tipi-dorse-imdatli-koruk-sol-arf-16-24-d-d-l-ekersan","ARFESAN 16/24 D/D DİSK TİPİ DORSE İMDATLI KÖRÜK SOL","ARF 16/24 D/D - L","03.130.00.40 - 03.130.00.41","Ekersan","Fren Körüğü","FREN KÖRÜKLERİ","173","2970","https://frenciniz.com/urun/449/arfesan-16-24-d-d-disk-tipi-dorse-imdatli-koruk-sol-arf-16-24-d-d-l-ekersan"
"450","arfesan-16-24-d-d-disk-tipi-dorse-imdatli-koruk-sag-arf-16-24-d-d-r-ekersan","ARFESAN 16/24 D/D DİSK TİPİ DORSE İMDATLI KÖRÜK SAĞ","ARF 16/24 D/D - R","03.130.00.40 - 03.130.00.41","Ekersan","Fren Körüğü","FREN KÖRÜKLERİ","173","2970","https://frenciniz.com/urun/450/arfesan-16-24-d-d-disk-tipi-dorse-imdatli-koruk-sag-arf-16-24-d-d-r-ekersan"
"451","saf-pistonsuz-koruk-ft-344022-ekersan","SAF PİSTONSUZ KÖRÜK","FT 344022","","Ekersan","Süspansiyon Körüğü","SÜSP. KÖRÜĞÜ","20","1518","https://frenciniz.com/urun/451/saf-pistonsuz-koruk-ft-344022-ekersan"
"452","pistonsuz-koruk-ft-344183-ekersan","Pistonsuz Körük","FT 344183","","Ekersan","Süspansiyon Körüğü","SÜSP. KÖRÜĞÜ","25","1518","https://frenciniz.com/urun/452/pistonsuz-koruk-ft-344183-ekersan"
"453","frenco-kaliper-tm-tk-saf-sol-fx-3180-ekersan","FRENCO KALİPER TM.TK.SAF - SOL","FX-3180","","Ekersan","Kaliper Tamir Takımı","KALİPER ÜRÜNLERİ","1","5893.8","https://frenciniz.com/urun/453/frenco-kaliper-tm-tk-saf-sol-fx-3180-ekersan"
"454","saf-jumbo-pabuc-makarasi-eyd-075059-ekersan","SAF JUMBO PABUÇ MAKARASI","EYD 075059","","Ekersan","Fren Pabucu","FREN PABUÇLARI","1","145.2","https://frenciniz.com/urun/454/saf-jumbo-pabuc-makarasi-eyd-075059-ekersan"
"455","scani-arka-duz-sensor-ef-1729793-ekersan","SCANI ARKA DÜZ SENSÖR","EF-1729793","","Ekersan","Sensör","SENSÖR VE UZATMALAR","7","792","https://frenciniz.com/urun/455/scani-arka-duz-sensor-ef-1729793-ekersan"
"456","metal-pistonlu-komple-koruk-ft-34813-k-ekersan","METAL PİSTONLU KOMPLE KÖRÜK","FT 34813-K","","Ekersan","Süspansiyon Körüğü","SÜSP. KÖRÜĞÜ","55","2178","https://frenciniz.com/urun/456/metal-pistonlu-komple-koruk-ft-34813-k-ekersan"
"457","man-abs-sensoru-on-sag-150cm-ef-81-271206176-ekersan","MAN ABS SENSÖRÜ ÖN SAĞ 150CM","EF-81.271206176","","Ekersan","ABS Sensörü/Modülü/Kablo","SENSÖR VE UZATMALAR","19","726","https://frenciniz.com/urun/457/man-abs-sensoru-on-sag-150cm-ef-81-271206176-ekersan"
"458","man-abs-sensoru-on-sol-150-cm-ef-81-271206177-ekersan","MAN ABS SENSÖRÜ ÖN SOL 150 CM","EF-81.271206177","","Ekersan","ABS Sensörü/Modülü/Kablo","SENSÖR VE UZATMALAR","19","726","https://frenciniz.com/urun/458/man-abs-sensoru-on-sol-150-cm-ef-81-271206177-ekersan"
"459","dorse-korugu-pistonsuz-ft-34881-ekersan","DORSE KÖRÜĞÜ PİSTONSUZ","FT 34881","","Ekersan","Süspansiyon Körüğü","SÜSP. KÖRÜĞÜ","79","1782","https://frenciniz.com/urun/459/dorse-korugu-pistonsuz-ft-34881-ekersan"
"460","arfesan-16-24-d-p-disk-tipi-imdatli-koruk-sag-arf-16-24-d-p-r-ekersan","ARFESAN 16/24 D/P DİSK TİPİ İMDATLI KÖRÜK SAĞ","ARF 16/24 D/P - R","23.616.24.63","Ekersan","Fren Körüğü","FREN KÖRÜKLERİ","43","5940","https://frenciniz.com/urun/460/arfesan-16-24-d-p-disk-tipi-imdatli-koruk-sag-arf-16-24-d-p-r-ekersan"
"461","serin-bpw-dorse-makara-takimi-45-lik-burclu-eyd-301-05-2-ekersan","SERİN/BPW DORSE MAKARA TAKIMI 45 LİK  BURÇLU","EYD 301 05-2","","Ekersan","Burç / Muylu","SÜSP. KÖRÜĞÜ","2838","231","https://frenciniz.com/urun/461/serin-bpw-dorse-makara-takimi-45-lik-burclu-eyd-301-05-2-ekersan"
"462","arfesan-24-luk-sfk-disk-fren-korugu-sol-arf-24-sfk-d-l-ekersan","ARFESAN 24 LÜK SFK DiSK FREN KÖRÜĞÜ SOL","ARF 24 SFK D - L","01.124.00.08","Ekersan","Fren Körüğü","FREN KÖRÜKLERİ","41","1980","https://frenciniz.com/urun/462/arfesan-24-luk-sfk-disk-fren-korugu-sol-arf-24-sfk-d-l-ekersan"
"463","abs-sensoru-on-yeni-model-actros-arox-euro6-ef-4410321930-ekersan","ABS SENSÖRÜ ÖN YENİ MODEL ACTROS AROX EURO6","EF-4410321930","","Ekersan","ABS Sensörü/Modülü/Kablo","SENSÖR VE UZATMALAR","23","792","https://frenciniz.com/urun/463/abs-sensoru-on-yeni-model-actros-arox-euro6-ef-4410321930-ekersan"
"464","arfesan-20-lik-sfk-disk-fren-korugu-sag-arf-20-sfk-d-r-ekersan","ARFESAN 20 LİK SFK DiSK FREN KÖRÜĞÜ SAĞ","ARF 20 SFK D - R","01.120.00.93","Ekersan","Fren Körüğü","FREN KÖRÜKLERİ","57","1980","https://frenciniz.com/urun/464/arfesan-20-lik-sfk-disk-fren-korugu-sag-arf-20-sfk-d-r-ekersan"
"465","arfesan-30-30-d-p-kampana-tipi-imdatli-koruk-arf-30-30-d-p-k-ekersan","ARFESAN 30/30 D/P KAMPANA TİPİ İMDATLI KÖRÜK","ARF 30/30 D/P- K","23.730.30.06","Ekersan","Fren Körüğü","FREN KÖRÜKLERİ","94","6270","https://frenciniz.com/urun/465/arfesan-30-30-d-p-kampana-tipi-imdatli-koruk-arf-30-30-d-p-k-ekersan"
"466","arfesan-24-24-d-p-kampana-tipi-imdatli-koruk-arf-24-24-d-p-k-ekersan","ARFESAN 24/24 D/P KAMPANA TİPİ İMDATLI KÖRÜK","ARF 24/24 D/P- K","23.724.24.158","Ekersan","Fren Körüğü","FREN KÖRÜKLERİ","23","6270","https://frenciniz.com/urun/466/arfesan-24-24-d-p-kampana-tipi-imdatli-koruk-arf-24-24-d-p-k-ekersan"
"467","arfesan-24-24-d-p-disk-tipi-imdatli-koruk-arf-24-24-d-p-ekersan","ARFESAN 24/24 D/P DİSK TİPİ İMDATLI KÖRÜK","ARF 24/24 D/P","23.624.24.22","Ekersan","Fren Körüğü","FREN KÖRÜKLERİ","11","5940","https://frenciniz.com/urun/467/arfesan-24-24-d-p-disk-tipi-imdatli-koruk-arf-24-24-d-p-ekersan"
"468","arfesan-20-24-d-p-disk-tipi-imdatli-koruk-arf-20-24-d-p-ekersan","ARFESAN 20/24 D/P DİSK TİPİ İMDATLI KÖRÜK","ARF 20/24 D/P","30.620.24.09 - 30.620.24.08 - 23.620.24.42","Ekersan","Fren Körüğü","FREN KÖRÜKLERİ","106","5940","https://frenciniz.com/urun/468/arfesan-20-24-d-p-disk-tipi-imdatli-koruk-arf-20-24-d-p-ekersan"
"469","arfesan-16-24-d-p-disk-tipi-imdatli-koruk-sol-arf-16-24-d-p-l-ekersan","ARFESAN 16/24 D/P DİSK TİPİ İMDATLI KÖRÜK SOL","ARF 16/24 D/P - L","23.616.24.62","Ekersan","Fren Körüğü","FREN KÖRÜKLERİ","58","5940","https://frenciniz.com/urun/469/arfesan-16-24-d-p-disk-tipi-imdatli-koruk-sol-arf-16-24-d-p-l-ekersan"
"470","arfesan-20-lik-sfk-disk-fren-korugu-sol-arf-20-sfk-d-l-ekersan","ARFESAN 20 LİK SFK DiSK FREN KÖRÜĞÜ SOL","ARF 20 SFK D - L","01.120.00.92","Ekersan","Fren Körüğü","FREN KÖRÜKLERİ","57","1980","https://frenciniz.com/urun/470/arfesan-20-lik-sfk-disk-fren-korugu-sol-arf-20-sfk-d-l-ekersan"
"471","arfesan-24-luk-sfk-disk-fren-korugu-sag-arf-24-sfk-d-r-ekersan","ARFESAN 24 LÜK SFK DiSK FREN KÖRÜĞÜ SAĞ","ARF 24 SFK D - R","01.124.00.07","Ekersan","Fren Körüğü","FREN KÖRÜKLERİ","41","1980","https://frenciniz.com/urun/471/arfesan-24-luk-sfk-disk-fren-korugu-sag-arf-24-sfk-d-r-ekersan"
"472","abs-sensoru-duz-arka-sol-yeni-model-actros-arox-euro6-ef-4410323970-ekersan","ABS SENSÖRÜ DÜZ ARKA SOL YENİ MODEL ACTROS AROX EURO6","EF-4410323970","0075422118","Ekersan","ABS Sensörü/Modülü/Kablo","SENSÖR VE UZATMALAR","24","792","https://frenciniz.com/urun/472/abs-sensoru-duz-arka-sol-yeni-model-actros-arox-euro6-ef-4410323970-ekersan"
"473","abs-sensoru-duz-arka-sag-yeni-model-actros-arox-euro6-ef-4410323960-ekersan","ABS SENSÖRÜ DÜZ ARKA SAĞ YENİ MODEL ACTROS AROX EURO6","EF-4410323960","0075422018","Ekersan","ABS Sensörü/Modülü/Kablo","SENSÖR VE UZATMALAR","19","792","https://frenciniz.com/urun/473/abs-sensoru-duz-arka-sag-yeni-model-actros-arox-euro6-ef-4410323960-ekersan"
"474","abs-sensoru-duz-100-cm-ef-4410325730-ekersan","ABS SENSÖRÜ DÜZ 100 CM","EF-4410325730","","Ekersan","ABS Sensörü/Modülü/Kablo","SENSÖR VE UZATMALAR","229","580.8","https://frenciniz.com/urun/474/abs-sensoru-duz-100-cm-ef-4410325730-ekersan"
"475","sensor-l-200-cm-kampana-ef-4410328480-ekersan","SENSÖR L 200 CM KAMPANA","EF-4410328480","","Ekersan","Fren Kampanası","KAMPANA","37","693","https://frenciniz.com/urun/475/sensor-l-200-cm-kampana-ef-4410328480-ekersan"
"476","abs-uzatma-kablosu-e-m-4mt-ef-4497120400-ekersan","ABS UZATMA KABLOSU E.M 4MT","EF-4497120400","4497120380","Ekersan","ABS Sensörü/Modülü/Kablo","SENSÖR VE UZATMALAR","35","653.4","https://frenciniz.com/urun/476/abs-uzatma-kablosu-e-m-4mt-ef-4497120400-ekersan"
"477","14-ton-porya-esp-16-14-01-ekersan","14 TON PORYA","ESP.16.14.01","03.272.62.27.0 - 03.272.62.19.0 - 03.272.62.20.0","Ekersan","Porya","PORYA","1","7893.6","https://frenciniz.com/urun/477/14-ton-porya-esp-16-14-01-ekersan"
"478","diskli-on-porya-esp-08-11-ekersan","DİSKLİ ÖN PORYA","ESP.08.11","DC461106 (YENİ ÜRÜN)","Ekersan","Porya","PORYA","2","8500.8","https://frenciniz.com/urun/478/diskli-on-porya-esp-08-11-ekersan"
"479","man-mercedes-18-lik-balata-k623-pwr-k006-ekersan","MAN - MERCEDES 18 LİK BALATA (K623)","PWR-K006","19487","Ekersan","Fren Balatası","BALATA","180","1122","https://frenciniz.com/urun/479/man-mercedes-18-lik-balata-k623-pwr-k006-ekersan"
"480","ford-cargo-2520-2621-20-en-balata-k878-20-pwr-k005-ekersan","FORD CARGO 2520-2621 20 EN BALATA  (K878/20)","PWR-K005","19921","Ekersan","Fren Balatası","BALATA","96","1261.92","https://frenciniz.com/urun/480/ford-cargo-2520-2621-20-en-balata-k878-20-pwr-k005-ekersan"
"481","man-mercedes-22-lik-balata-k6268-pwr-k004-ekersan","MAN - MERCEDES 22 LİK BALATA (K6268)","PWR-K004","19488","Ekersan","Fren Balatası","BALATA","228","1295.71","https://frenciniz.com/urun/481/man-mercedes-22-lik-balata-k6268-pwr-k004-ekersan"
"482","fren-balatasi-20-en-k880-pwr-k003-ekersan","FREN BALATASI 20 EN (K880)","PWR-K003","19071 - 19939","Ekersan","Fren Balatası","BALATA","150","1158.7","https://frenciniz.com/urun/482/fren-balatasi-20-en-k880-pwr-k003-ekersan"
"483","bpw-dorse-kampana-balatasi-k689-pwr-k002-ekersan","BPW DORSE KAMPANA BALATASI (K689)","PWR-K002","19032","Ekersan","Fren Balatası","BALATA","171","1210.31","https://frenciniz.com/urun/483/bpw-dorse-kampana-balatasi-k689-pwr-k002-ekersan"
"484","bpw-dorse-balatasi-kampana-k687-pwr-k001-ekersan","BPW DORSE BALATASI KAMPANA (K687)","PWR-K001","19094","Ekersan","Fren Balatası","BALATA","90","1261.92","https://frenciniz.com/urun/484/bpw-dorse-balatasi-kampana-k687-pwr-k001-ekersan"
"485","gigant-krone-dorse-pistonsuz-427003-s-ekersan","GİGANT KRONE DORSE PİSTONSUZ -","427003.S","515069174S , 09377003S","Ekersan","Süspansiyon Körüğü","SÜSP. KÖRÜĞÜ","57","2178","https://frenciniz.com/urun/485/gigant-krone-dorse-pistonsuz-427003-s-ekersan"
"486","gigant-krone-dorse-plastik-pistonlu-427003-kp-ekersan","GİGANT KRONE DORSE PLASTİK PİSTONLU -","427003.KP","515069174 , 09377003","Ekersan","Süspansiyon Körüğü","SÜSP. KÖRÜĞÜ","50","2904","https://frenciniz.com/urun/486/gigant-krone-dorse-plastik-pistonlu-427003-kp-ekersan"
"487","ford-f-max-cekici-plastik-pistonlu-425832-cp-ekersan","FORD F-MAX CEKİCİ PLASTİK PİSTONLU","425832.CP","","Ekersan","Süspansiyon Körüğü","SÜSP. KÖRÜĞÜ","98","2904","https://frenciniz.com/urun/487/ford-f-max-cekici-plastik-pistonlu-425832-cp-ekersan"
"488","sertel-diskli-porya-200-mm-boy-esp-30-04-ekersan","SERTEL DİSKLİ PORYA 200 MM BOY","ESP.30.04","","Ekersan","Porya","PORYA","3","6223.8","https://frenciniz.com/urun/488/sertel-diskli-porya-200-mm-boy-esp-30-04-ekersan"
"489","sertel-diskli-porya-boy-192-boy-esp-30-03-ekersan","SERTEL DİSKLİ PORYA BOY 192 BOY","ESP.30.03","","Ekersan","Porya","PORYA","1","5920.2","https://frenciniz.com/urun/489/sertel-diskli-porya-boy-192-boy-esp-30-03-ekersan"
"490","ford-f-max-diskli-diferansiyel-porya-dc461106-af-yeni-urun-esp-08-16-ekersan","FORD F-MAX DİSKLİ DİFERANSİYEL PORYA DC461106-AF (YENİ ÜRÜN)","ESP.08.16","DC461106AF","Ekersan","Porya","PORYA","1","8045.4","https://frenciniz.com/urun/490/ford-f-max-diskli-diferansiyel-porya-dc461106-af-yeni-urun-esp-08-16-ekersan"
"491","aydin-dingil-somunu-eyd-92-07-ekersan","AYDIN DİNGİL SOMUNU","EYD 92 07","","Ekersan","Bijon","BİJON","43","462","https://frenciniz.com/urun/491/aydin-dingil-somunu-eyd-92-07-ekersan"
"492","mustafa-ceylan-dingil-somunu-eyd-92-06-ekersan","MUSTAFA CEYLAN DİNGİL SOMUNU","EYD 92 06","","Ekersan","Bijon","BİJON","42","462","https://frenciniz.com/urun/492/mustafa-ceylan-dingil-somunu-eyd-92-06-ekersan"
"493","porya-scania-volvo-esp-04-05-ekersan","Porya Scania Volvo","ESP.04.05","1391617, 1388906, 1818003, 2019853, 2120485","Ekersan","Porya","PORYA","3","11233.2","https://frenciniz.com/urun/493/porya-scania-volvo-esp-04-05-ekersan"
"494","16-24-d-p-imd-fren-korugu-uzun-64-cm-8125-1-ekersan","16/24 D/P İMD.FREN KÖRÜĞÜ UZUN 64 CM","8125-1","8682644620312","Ekersan","Fren Körüğü","FREN KÖRÜKLERİ","76","3432","https://frenciniz.com/urun/494/16-24-d-p-imd-fren-korugu-uzun-64-cm-8125-1-ekersan"
"495","ford-cargo-f-max-diskli-cekici-porya-esp-08-13-ekersan","FORD CARGO F-MAX DİSKLİ ÇEKİCİ PORYA","ESP.08.13","DC461106-AB, FC461116A","Ekersan","Porya","PORYA","1","9867","https://frenciniz.com/urun/495/ford-cargo-f-max-diskli-cekici-porya-esp-08-13-ekersan"
"496","pabuc-bp-y-m-ceneli-360-200-sac-makarasiz-03-7100-300-031-00-ekersan","PABUÇ - BP Y.M.ÇENELİ 360/200 - SAÇ MAKARASIZ","03.7100.300.031.00","05.091.19.34.0","Ekersan","Fren Pabucu","FREN PABUÇLARI","144","1062.6","https://frenciniz.com/urun/496/pabuc-bp-y-m-ceneli-360-200-sac-makarasiz-03-7100-300-031-00-ekersan"
"497","porya-bpw-ecoplus-esp-16-12-08-ekersan","Porya BPW ECOPlus","ESP.16.12.08","0327243120","Ekersan","Porya","PORYA","1","6072","https://frenciniz.com/urun/497/porya-bpw-ecoplus-esp-16-12-08-ekersan"
"498","abs-sensor-dik-250-cm-axor-ef-4410329200-ekersan","ABS SENSÖR DİK 250 CM AXOR","EF-4410329200","AXOR","Ekersan","ABS Sensörü/Modülü/Kablo","SENSÖR VE UZATMALAR","9","726","https://frenciniz.com/urun/498/abs-sensor-dik-250-cm-axor-ef-4410329200-ekersan"
"499","abs-sensor-duz-40-cm-ef-4410329050-ekersan","ABS SENSÖR DÜZ 40 CM","EF-4410329050","","Ekersan","ABS Sensörü/Modülü/Kablo","SENSÖR VE UZATMALAR","169","462","https://frenciniz.com/urun/499/abs-sensor-duz-40-cm-ef-4410329050-ekersan"
"500","abs-sensor-l-40-cm-ef-4410328080-ekersan","ABS SENSÖR L 40 CM","EF-4410328080","","Ekersan","ABS Sensörü/Modülü/Kablo","SENSÖR VE UZATMALAR","316","462","https://frenciniz.com/urun/500/abs-sensor-l-40-cm-ef-4410328080-ekersan"
"501","sf-hdx-modul-t-perno-tm-tk-ch6001-ekersan","SF HDX MODUL T PERNO TM TK","CH6001","SAF 3 434 3861 00 - HALDEX 95397","Ekersan","Kaliper Perno Tamir Takımı","KALİPER ÜRÜNLERİ","3","2007.72","https://frenciniz.com/urun/501/sf-hdx-modul-t-perno-tm-tk-ch6001-ekersan"
"502","b-v-yeni-set-komple-sag-chs5005-ekersan","B.V YENİ SET KOMPLE SAĞ","CHS5005","","Ekersan","Kaliper Tamir Takımı","KALİPER ÜRÜNLERİ","1","11180.4","https://frenciniz.com/urun/502/b-v-yeni-set-komple-sag-chs5005-ekersan"
"503","kaliper-mekanizma-seti-y-m-ch5033-ekersan","KALİPER MEKANİZMA SETİ Y.M.","CH5033","","Ekersan","Kaliper Ayar Mekanizması","KALİPER ÜRÜNLERİ","254","8250","https://frenciniz.com/urun/503/kaliper-mekanizma-seti-y-m-ch5033-ekersan"
"504","modulx-gen-2-mekanizma-komple-set-ch4035-ekersan","MODULX GEN-2 MEKANİZMA KOMPLE SET","CH4035","","Ekersan","Kaliper Tamir Takımı (Modulx)","KALİPER ÜRÜNLERİ","28","13739.88","https://frenciniz.com/urun/504/modulx-gen-2-mekanizma-komple-set-ch4035-ekersan"
"505","mb-arcs-set-sol-chs3014-ekersan","MB ARCS SET (SOL)","CHS3014","","Ekersan","Kaliper Tamir Takımı","KALİPER ÜRÜNLERİ","9","13768.92","https://frenciniz.com/urun/505/mb-arcs-set-sol-chs3014-ekersan"
"506","mb-arcs-set-sag-chs3013-ekersan","MB ARCS SET (SAĞ)","CHS3013","","Ekersan","Kaliper Tamir Takımı","KALİPER ÜRÜNLERİ","9","13768.92","https://frenciniz.com/urun/506/mb-arcs-set-sag-chs3013-ekersan"
"507","arcs-kaliper-tasiyici-on-sol-ch3284-ekersan","ARCS KALİPER TAŞIYICI ÖN SOL","CH3284","A0004216506 - 6409157424","Ekersan","Kaliper Ayar Mekanizması","KALİPER ÜRÜNLERİ","2","7986","https://frenciniz.com/urun/507/arcs-kaliper-tasiyici-on-sol-ch3284-ekersan"
"508","arcs-kaliper-tasiyici-on-sag-ch3283-ekersan","ARCS KALİPER TAŞIYICI ÖN SAĞ","CH3283","A0004216406 - 6409157434","Ekersan","Kaliper Ayar Mekanizması","KALİPER ÜRÜNLERİ","1","7986","https://frenciniz.com/urun/508/arcs-kaliper-tasiyici-on-sag-ch3283-ekersan"
"509","pan17-19-kaliper-ust-kapagi-ch3193-ekersan","PAN17-19 KALİPER ÜST KAPAĞI","CH3193","","Ekersan","Kaliper Kapak/Conta","KALİPER ÜRÜNLERİ","2","4631.88","https://frenciniz.com/urun/509/pan17-19-kaliper-ust-kapagi-ch3193-ekersan"
"510","pan19-1-22-1-ayar-tasiyici-mekanizmali-set-ch3173-ekersan","PAN19-1/22-1 AYAR TAŞIYICI MEKANİZMALI SET","CH3173","","Ekersan","Kaliper Ayar Mekanizması","KALİPER ÜRÜNLERİ","28","3115.2","https://frenciniz.com/urun/510/pan19-1-22-1-ayar-tasiyici-mekanizmali-set-ch3173-ekersan"
"511","kaliper-mekanizma-ve-kapak-seti-ch2225-ekersan","Kaliper Mekanizma Ve Kapak Seti","CH2225","20-2606","Ekersan","Kaliper Kapak/Conta","KALİPER ÜRÜNLERİ","16","5718.24","https://frenciniz.com/urun/511/kaliper-mekanizma-ve-kapak-seti-ch2225-ekersan"
"512","elsa2-mekanizmali-aluminyum-kapak-tk-ch2224-ekersan","ELSA2 MEKANİZMALI ALÜMİNYUM KAPAK TK","CH2224","","Ekersan","Kaliper Tamir Takımı (Elsa)","KALİPER ÜRÜNLERİ","4","5718.24","https://frenciniz.com/urun/512/elsa2-mekanizmali-aluminyum-kapak-tk-ch2224-ekersan"
"513","elsa195-225-perno-tm-tk-tek-cizgili-ch2210-ekersan","ELSA195-225 PERNO TM TK (TEK ÇİZGİLİ)","CH2210","CMSK.7.1","Ekersan","Kaliper Perno Tamir Takımı","KALİPER ÜRÜNLERİ","12","3306.6","https://frenciniz.com/urun/513/elsa195-225-perno-tm-tk-tek-cizgili-ch2210-ekersan"
"514","elsa195-225-ayar-dislisi-ch2188-ekersan","ELSA195-225 AYAR DİŞLİSİ","CH2188","","Ekersan","Kaliper Ayar Mekanizması","KALİPER ÜRÜNLERİ","2","671.88","https://frenciniz.com/urun/514/elsa195-225-ayar-dislisi-ch2188-ekersan"
"515","elsa-225-ayar-dislisi-ch2068-ekersan","ELSA 225 AYAR DİŞLİSİ","CH2068","","Ekersan","Kaliper Ayar Mekanizması","KALİPER ÜRÜNLERİ","2","1007.16","https://frenciniz.com/urun/515/elsa-225-ayar-dislisi-ch2068-ekersan"
"516","elsa2-195-225-perno-tk-tam-tek-kanalli-ch2045-ekersan","ELSA2-195-225 PERNO TK TAM TEK KANALLI","CH2045","MCK1298 - 85109890 - 9500931 - 5001 866 989","Ekersan","Kaliper Tamir Takımı (Elsa)","KALİPER ÜRÜNLERİ","3","3513.84","https://frenciniz.com/urun/516/elsa2-195-225-perno-tk-tam-tek-kanalli-ch2045-ekersan"
"517","kaliper-masura-bilya-yatagi-takimi-114-mm-ch2039-ekersan","KALİPER MASURA BİLYA YATAĞI TAKIMI (114 MM)","CH2039","","Ekersan","Kaliper Tamir Takımı","KALİPER ÜRÜNLERİ","3","3402.96","https://frenciniz.com/urun/517/kaliper-masura-bilya-yatagi-takimi-114-mm-ch2039-ekersan"
"518","rulman-yatagi-aci-0-113-mm-ch1178-ekersan","Rulman Yatagı Açı 0-113 mm","CH1178","Z002881","Ekersan","Kaliper Tamir Takımı","KALİPER ÜRÜNLERİ","6","1277.76","https://frenciniz.com/urun/518/rulman-yatagi-aci-0-113-mm-ch1178-ekersan"
"519","piston-tapet-lastik-tamir-takimi-69-mm-ch1127-ekersan","Piston Tapet & Lastik Tamir Takımı 69 mm","CH1127","K001300 - K010603 - K000366 - K092079 - 000 420 2382 - 000 420 4082 - 000 420 4982 - 81.50822.6020 - 81.50822.6031 - 1723417","Ekersan","Lastik","FREN KÖRÜKLERİ","12","831.6","https://frenciniz.com/urun/519/piston-tapet-lastik-tamir-takimi-69-mm-ch1127-ekersan"
"520","sl7-sm7-ayar-mekanizmasi-y-m-uzun-ch1101-ekersan","SL7/SM7 AYAR MEKANİZMASI Y.M. UZUN","CH1101","","Ekersan","Kaliper Ayar Mekanizması","KALİPER ÜRÜNLERİ","60","3656.4","https://frenciniz.com/urun/520/sl7-sm7-ayar-mekanizmasi-y-m-uzun-ch1101-ekersan"
"521","sensorsuz-sac-kapak-ch1089-ekersan","SENSÖRSÜZ SAC KAPAK","CH1089","","Ekersan","Sensör","SENSÖR VE UZATMALAR","2","847.44","https://frenciniz.com/urun/521/sensorsuz-sac-kapak-ch1089-ekersan"
"522","sb5-3-kablolu-sensorlu-kapak-mb-ch1078-ekersan","SB5 3 KABLOLU SENSÖRLÜ KAPAK MB","CH1078","","Ekersan","Kaliper Kapak/Conta","KALİPER ÜRÜNLERİ","10","1565.52","https://frenciniz.com/urun/522/sb5-3-kablolu-sensorlu-kapak-mb-ch1078-ekersan"
"523","sb6-7-sn6-sn7-sk7-na7-st7-3-kalolu-scn-tip-sensorlu-kapak-mb-ch1071-ekersan","SB6-7 SN6/SN7/SK7/NA7/ST7 3 KALOLU SCN TİP SENSÖRLÜ KAPAK MB","CH1071","","Ekersan","Kaliper Kapak/Conta","KALİPER ÜRÜNLERİ","2","1470.48","https://frenciniz.com/urun/523/sb6-7-sn6-sn7-sk7-na7-st7-3-kalolu-scn-tip-sensorlu-kapak-mb-ch1071-ekersan"
"524","sb6-7-sn6-sn7-sk7-na7-st7-3-kalolu-sensorlu-kapak-mb-ch1070-ekersan","SB6-7 SN6/SN7/SK7/NA7/ST7 3 KALOLU SENSÖRLÜ KAPAK MB","CH1070","","Ekersan","Kaliper Kapak/Conta","KALİPER ÜRÜNLERİ","6","1454.64","https://frenciniz.com/urun/524/sb6-7-sn6-sn7-sk7-na7-st7-3-kalolu-sensorlu-kapak-mb-ch1070-ekersan"
"525","sn6-sn7-sk7-na7-st7-rulman-yatagi-aci-0-113-mm-ch1044-ekersan","SN6/SN7/SK7/NA7/ST7 RULMAN YATAĞI AÇI 0-113 mm","CH1044","Z002881","Ekersan","Kaliper Tamir Takımı","KALİPER ÜRÜNLERİ","6","1166.88","https://frenciniz.com/urun/525/sn6-sn7-sk7-na7-st7-rulman-yatagi-aci-0-113-mm-ch1044-ekersan"
"526","sn6-sn7-sk7-na7-st7-sl7-sm7-milsiz-kopru-baglantisi-ch1042-ekersan","SN6/SN7/SK7/NA7/ST7/SL7/SM7 MİLSİZ KÖPRÜ BAĞLANTISI","CH1042","","Ekersan","Kaliper Tamir Takımı (Wabco)","KALİPER ÜRÜNLERİ","6","1437.48","https://frenciniz.com/urun/526/sn6-sn7-sk7-na7-st7-sl7-sm7-milsiz-kopru-baglantisi-ch1042-ekersan"
"527","perno-tamir-takimi-ch1039-ekersan","Perno Tamir Takımı","CH1039","K000472 - K017707 - 000 420 3482 - 81.50822.6019 - 1723416 - 42541412 - 09.801.06.33.0 - 3 434 3812 00","Ekersan","Kaliper Perno Tamir Takımı","KALİPER ÜRÜNLERİ","66","1741.08","https://frenciniz.com/urun/527/perno-tamir-takimi-ch1039-ekersan"
"528","yayli-sabit-ayar-mekanizmasi-ch1030-ekersan","Yaylı Sabit Ayar Mekanizması","CH1030","CKSK.10.1","Ekersan","Kaliper Ayar Mekanizması","KALİPER ÜRÜNLERİ","49","208.56","https://frenciniz.com/urun/528/yayli-sabit-ayar-mekanizmasi-ch1030-ekersan"
"529","ayar-mekanizmasi-ch1029-ekersan","Ayar Mekanizması","CH1029","CKSK.10.30","Ekersan","Kaliper Ayar Mekanizması","KALİPER ÜRÜNLERİ","99","1038.84","https://frenciniz.com/urun/529/ayar-mekanizmasi-ch1029-ekersan"
"530","sb6-sb7-perno-tamir-takimi-ch1025-ekersan","SB6/SB7 PERNO TAMİR TAKIMI","CH1025","K000132 - 000 420 1082 - 000 420 2182 - 1390426 - 1798063 - 2121644","Ekersan","Kaliper Perno Tamir Takımı","KALİPER ÜRÜNLERİ","3","1805.76","https://frenciniz.com/urun/530/sb6-sb7-perno-tamir-takimi-ch1025-ekersan"
"531","sb6-7-sn6-sn7-sk7-na7-st7-sensorsuz-kapak-ch1019-ekersan","SB6-7 SN6/SN7/SK7/NA7/ST7 SENSÖRSÜZ KAPAK","CH1019","CKSK.16.1","Ekersan","Kaliper Kapak/Conta","KALİPER ÜRÜNLERİ","6","638.88","https://frenciniz.com/urun/531/sb6-7-sn6-sn7-sk7-na7-st7-sensorsuz-kapak-ch1019-ekersan"
"532","sb5-ayar-dislisi-alti-kose-ch1012-ekersan","SB5 AYAR DİŞLİSİ ALTI KÖŞE","CH1012","","Ekersan","Kaliper Ayar Mekanizması","KALİPER ÜRÜNLERİ","1","256.08","https://frenciniz.com/urun/532/sb5-ayar-dislisi-alti-kose-ch1012-ekersan"
"533","ford-cargo-on-suspansiyon-korugu-pistonsuz-421889-s-ekersan","FORD CARGO ÖN SÜSPANSİYON KÖRÜĞÜ PİSTONSUZ","421889.S","9C465580BAS","Ekersan","Süspansiyon Körüğü","SÜSP. KÖRÜĞÜ","29","1874.4","https://frenciniz.com/urun/533/ford-cargo-on-suspansiyon-korugu-pistonsuz-421889-s-ekersan"
"534","ford-cargo-on-suspansyon-koruk-komple-421889-c-ekersan","FORD CARGO ÖN SÜSPANSYON KÖRÜK KOMPLE","421889.C","9C465580BAN , t179769","Ekersan","Süspansiyon Körüğü","SÜSP. KÖRÜĞÜ","5","2956.8","https://frenciniz.com/urun/534/ford-cargo-on-suspansyon-koruk-komple-421889-c-ekersan"
"535","arfesan-36-lik-dingil-kaldirma-korugu-arf-36-lik-sfk-ekersan","ARFESAN 36 LIK DİNGİL KALDIRMA KÖRÜĞÜ","ARF 36 LIK SFK","01.14.00.113","Ekersan","Süspansiyon Körüğü","SÜSP. KÖRÜĞÜ","56","3762","https://frenciniz.com/urun/535/arfesan-36-lik-dingil-kaldirma-korugu-arf-36-lik-sfk-ekersan"
"536","arfesan-24-luk-fren-korugu-arf-24-sfk-ekersan","ARFESAN 24 LUK FREN KÖRÜĞÜ","ARF 24 SFK","01.62.00.250 - 01.62.00.267","Ekersan","Fren Körüğü","FREN KÖRÜKLERİ","118","1980","https://frenciniz.com/urun/536/arfesan-24-luk-fren-korugu-arf-24-sfk-ekersan"
"537","24v-15-li-ebs-kablosu-eyd-80-34-ekersan","24V 15'Lİ EBS KABLOSU","EYD 80 34","","Ekersan","EBS Modülatör","SENSÖR VE UZATMALAR","3","79.2","https://frenciniz.com/urun/537/24v-15-li-ebs-kablosu-eyd-80-34-ekersan"
"538","24v-elektrik-kablosu-disi-eyd-80-33-ekersan","24V ELEKTRİK KABLOSU (DİŞİ)","EYD 80 33","","Ekersan","Elektrik Kablosu","SENSÖR VE UZATMALAR","5","28.38","https://frenciniz.com/urun/538/24v-elektrik-kablosu-disi-eyd-80-33-ekersan"
"539","24v-elektrik-kablosu-erkek-eyd-80-32-ekersan","24V ELEKTRİK KABLOSU (ERKEK)","EYD 80 32","","Ekersan","Elektrik Kablosu","SENSÖR VE UZATMALAR","3","28.38","https://frenciniz.com/urun/539/24v-elektrik-kablosu-erkek-eyd-80-32-ekersan"
"540","semi-ve-nurmek-dingil-porya-kapagi-icten-yivli-eyd-700-43-ekersan","SEMİ VE NURMEK DİNGİL PORYA KAPAĞI İÇTEN YİVLİ","EYD 700 43","","Ekersan","Porya","PORYA","21","528","https://frenciniz.com/urun/540/semi-ve-nurmek-dingil-porya-kapagi-icten-yivli-eyd-700-43-ekersan"
"541","axl-porya-kapagi-12-ton-sac-138-2-eyd-700-31-1-ekersan","AXL PORYA KAPAĞI 12 TON (SAÇ) 138*2","EYD 700 31-1","","Ekersan","Porya","PORYA","43","528","https://frenciniz.com/urun/541/axl-porya-kapagi-12-ton-sac-138-2-eyd-700-31-1-ekersan"
"542","volvo-renault-porya-kapagi-eyd-700-26-ekersan","VOLVO RENAULT PORYA KAPAĞI","EYD 700 26","","Ekersan","Porya","PORYA","4","528","https://frenciniz.com/urun/542/volvo-renault-porya-kapagi-eyd-700-26-ekersan"
"543","alman-dingil-bp-dors-kucuk-yay-eyd-70-13-ekersan","ALMAN DİNGİL BP DORS KÜÇÜK YAY","EYD 70 13","","Ekersan","Dingil","SÜSP. KÖRÜĞÜ","120","59.4","https://frenciniz.com/urun/543/alman-dingil-bp-dors-kucuk-yay-eyd-70-13-ekersan"
"544","sensor-l-100-cm-kampana-ef-4410328090-ekersan","SENSÖR L 100 CM KAMPANA","EF-4410328090","ATF 5030","Ekersan","Fren Kampanası","KAMPANA","98","495","https://frenciniz.com/urun/544/sensor-l-100-cm-kampana-ef-4410328090-ekersan"
"545","145-175-205-9-14-nbr-absli-arka-porya-atego-cdf-88181-ekersan","145*175/205*9/14 NBR ABSLİ ARKA PORYA ATEGO","CDF-88181","","Ekersan","Porya","PORYA","10","17.99","https://frenciniz.com/urun/545/145-175-205-9-14-nbr-absli-arka-porya-atego-cdf-88181-ekersan"
"546","75-100-10-13-nbr-arka-dis-scania-cdf-88171-ekersan","75*100**10/13 NBR ARKA DIŞ SCANIA","CDF-88171","","Ekersan","Keçe","PORYA","8","9.39","https://frenciniz.com/urun/546/75-100-10-13-nbr-arka-dis-scania-cdf-88171-ekersan"
"547","117-158-17-80-bpw-dingil-ym-tirnakli-cdf-88029-ekersan","117*158*17,80 BPW DİNGİL YM TIRNAKLI","CDF-88029","0256647400","Ekersan","Dingil","SÜSP. KÖRÜĞÜ","40","17.49","https://frenciniz.com/urun/547/117-158-17-80-bpw-dingil-ym-tirnakli-cdf-88029-ekersan"
"548","kaliper-plastik-tapa-60-6064-ekersan","KALİPER PLASTİK TAPA","60-6064","","Ekersan","Kaliper","KALİPER ÜRÜNLERİ","10","580.8","https://frenciniz.com/urun/548/kaliper-plastik-tapa-60-6064-ekersan"
"549","komple-koruk-plstik-piston-424159-cp-ekersan","KOMPLE KÖRÜK PLSTİK  PİSTON","424159.CP","UJA0894001 , MLF7035","Ekersan","Süspansiyon Körüğü","SÜSP. KÖRÜĞÜ","21","3036","https://frenciniz.com/urun/549/komple-koruk-plstik-piston-424159-cp-ekersan"
"550","ebs-dorse-kontrol-ventili-tamir-takimi-303-08-0001-02-ekersan","Ebs Dorse Kontrol Ventili Tamir Takimi","303.08.0001.02","","Ekersan","EBS Modülatör","SENSÖR VE UZATMALAR","1","29.3","https://frenciniz.com/urun/550/ebs-dorse-kontrol-ventili-tamir-takimi-303-08-0001-02-ekersan"
"551","ebs-dingil-kaldirma-bobini-rekorsuz-4630840410-303-04-0013-ekersan","EBS DİNGİL KALDIRMA BOBİNİ REKORSUZ 4630840410","303.04.0013","4630840410","Ekersan","Dingil","SÜSP. KÖRÜĞÜ","10","58.87","https://frenciniz.com/urun/551/ebs-dingil-kaldirma-bobini-rekorsuz-4630840410-303-04-0013-ekersan"
"552","arfesan-16-lik-sfk-disk-fren-korugu-arf-16-sfk-ekersan","ARFESAN 16 LIK SFK DİSK FREN KÖRÜĞÜ","ARF 16 SFK","01.116.00.82","Ekersan","Fren Körüğü","FREN KÖRÜKLERİ","104","1980","https://frenciniz.com/urun/552/arfesan-16-lik-sfk-disk-fren-korugu-arf-16-sfk-ekersan"
"553","arfesan-16-24-d-d-disk-tipi-dorse-imdatli-koruk-arf-16-24-d-d-ekersan","ARFESAN 16/24 D/D DİSK TİPİ DORSE İMDATLI KÖRÜK","ARF 16/24 D/D","03.130.00.188","Ekersan","Fren Körüğü","FREN KÖRÜKLERİ","13","2970","https://frenciniz.com/urun/553/arfesan-16-24-d-d-disk-tipi-dorse-imdatli-koruk-arf-16-24-d-d-ekersan"
"554","elsa-2-radial-rnlt-420-mn-tga-set-sol-fx-2030-ekersan","ELSA-2 RADIAL RNLT 420 - MN TGA SET SOL","FX-2030","","Ekersan","Kaliper Tamir Takımı (Elsa)","KALİPER ÜRÜNLERİ","1","8948.28","https://frenciniz.com/urun/554/elsa-2-radial-rnlt-420-mn-tga-set-sol-fx-2030-ekersan"
"555","frenco-sb6-sb7-perno-tamir-takimi-10-1294-ekersan","FRENCO SB6/SB7 PERNO TAMİR TAKIMI","10-1294","K105599K55, 2286677","Ekersan","Kaliper Perno Tamir Takımı","KALİPER ÜRÜNLERİ","2","1726.56","https://frenciniz.com/urun/555/frenco-sb6-sb7-perno-tamir-takimi-10-1294-ekersan"
"556","disk-balatasi-29171-29158-42230-1-290-ekersan","Disk Balatası (29171-29158)","42230/1-290","29158 - 29171","Ekersan","Fren Balatası","BALATA","113","2006.4","https://frenciniz.com/urun/556/disk-balatasi-29171-29158-42230-1-290-ekersan"
"557","30-luk-servis-kampana-korugu-8108-ekersan","30 LUK SERVİS KAMPANA KÖRÜĞÜ","8108","8682644620046","Ekersan","Fren Körüğü","FREN KÖRÜKLERİ","1238","1267.2","https://frenciniz.com/urun/557/30-luk-servis-kampana-korugu-8108-ekersan"
"558","bpw-eskol-tm-tk-yarim-eyd-100-71-1-ekersan","BPW ESKOL TM TK YARIM","EYD 100 71-1","","Ekersan","Fren Körüğü","FREN KÖRÜKLERİ","296","396","https://frenciniz.com/urun/558/bpw-eskol-tm-tk-yarim-eyd-100-71-1-ekersan"
"559","porya-flansi-diskli-scb9010-9-schmitz-dorse-flansi-esp-18-23-01-ekersan","PORYA FLANŞI DİSKLİ SCB9010/9 - SCHMITZ DORSE FLANŞI","ESP.18.23.01","1004054","Ekersan","Porya","PORYA","1","5616.6","https://frenciniz.com/urun/559/porya-flansi-diskli-scb9010-9-schmitz-dorse-flansi-esp-18-23-01-ekersan"
"560","tip-36-dingil-kaldirma-korugu-bk-00-0036-ekersan","TİP 36 DİNGİL KALDIRMA KÖRÜĞÜ","BK 00 0036","8682644620381","Ekersan","Süspansiyon Körüğü","SÜSP. KÖRÜĞÜ","6","2970","https://frenciniz.com/urun/560/tip-36-dingil-kaldirma-korugu-bk-00-0036-ekersan"
"561","tip-16-24-d-p-disk-imdat-fren-korugu-bk-01-1624-ekersan","TİP 16/24 D/P DİSK İMDAT FREN KÖRÜĞÜ","BK 01 1624","8682644620299","Ekersan","Fren Körüğü","FREN KÖRÜKLERİ","2","5940","https://frenciniz.com/urun/561/tip-16-24-d-p-disk-imdat-fren-korugu-bk-01-1624-ekersan"
"562","tip-20-disk-servis-fren-korugu-bk-04-0020-ekersan","TİP 20 DİSK SERVİS FREN KÖRÜĞÜ","BK 04 0020","8682644620145 8682644620152","Ekersan","Fren Körüğü","FREN KÖRÜKLERİ","2","1650","https://frenciniz.com/urun/562/tip-20-disk-servis-fren-korugu-bk-04-0020-ekersan"
"563","porya-serin-dorse-plot-kampanali-kisa-804708-serin-kodu-esp-26-27-ekersan","PORYA SERİN DORSE PLOT KAMPANALI KISA (804708) SERİN KODU","ESP.26.27","","Ekersan","Porya","PORYA","3","8045.4","https://frenciniz.com/urun/563/porya-serin-dorse-plot-kampanali-kisa-804708-serin-kodu-esp-26-27-ekersan"
"564","ford-kargo-kizagi-kizak-30535-ekersan","FORD KARGO KIZAĞI","KIZAK 30535","","Ekersan","Kızak","KALİPER ÜRÜNLERİ","2","3960","https://frenciniz.com/urun/564/ford-kargo-kizagi-kizak-30535-ekersan"
"565","porya-hs-ecoplus-hz-ecoplus-12-ton-porya-yeni-urun-esp-16-12-17-ekersan","PORYA HS.. ECOPLUS - HZ.. ECOPLUS 12 TON PORYA (YENİ ÜRÜN)","ESP.16.12.17","0327243420","Ekersan","Porya","PORYA","2","5768.4","https://frenciniz.com/urun/565/porya-hs-ecoplus-hz-ecoplus-12-ton-porya-yeni-urun-esp-16-12-17-ekersan"
"566","koruk-426290-s1-ekersan","KÖRÜK","426290.S1","","Ekersan","Süspansiyon Körüğü","SÜSP. KÖRÜĞÜ","4","1821.6","https://frenciniz.com/urun/566/koruk-426290-s1-ekersan"
"567","porya-scania-y-m-diskli-cekici-euro-6-esp-03-16-ekersan","PORYA SCANIA Y.M.DİSKLİ ÇEKİCİ EURO 6","ESP.03.16","2290525, 1822615, 2603319","Ekersan","Porya","PORYA","1","7741.8","https://frenciniz.com/urun/567/porya-scania-y-m-diskli-cekici-euro-6-esp-03-16-ekersan"
"568","scania-teker-kecesi-yeni-model-arka-ic-142-170-15-16-cdf-88170-ekersan","SCANIA TEKER KEÇESİ YENİ MODEL ARKA İÇ 142/170/15-16","CDF-88170","1740992","Ekersan","Keçe","PORYA","8","19.69","https://frenciniz.com/urun/568/scania-teker-kecesi-yeni-model-arka-ic-142-170-15-16-cdf-88170-ekersan"
"569","kizak-volvo-kizak-30505-ekersan","KIZAK VOLVO","KIZAK 30505","68322778 , 3092253","Ekersan","Kızak","KALİPER ÜRÜNLERİ","2","3960","https://frenciniz.com/urun/569/kizak-volvo-kizak-30505-ekersan"
"570","kizak-renault-420-kizak-30502-ekersan","KIZAK RENAULT 420","KIZAK 30502","68323675 , 68323673","Ekersan","Kızak","KALİPER ÜRÜNLERİ","1","3960","https://frenciniz.com/urun/570/kizak-renault-420-kizak-30502-ekersan"
"571","arfesan-30-luk-fren-korugu-arf-30-sfk-ekersan","ARFESAN 30 LUK FREN KÖRÜĞÜ","ARF 30 SFK","01.63.00.125","Ekersan","Fren Körüğü","FREN KÖRÜKLERİ","99","1980","https://frenciniz.com/urun/571/arfesan-30-luk-fren-korugu-arf-30-sfk-ekersan"
"572","arfesan-24x30-d-d-imdatli-fren-korugu-arf-24-30-d-d-ekersan","ARFESAN 24X30 D/D İMDATLI FREN KÖRÜĞÜ","ARF 24/30 D/D","03.19.00.160","Ekersan","Fren Körüğü","FREN KÖRÜKLERİ","80","2970","https://frenciniz.com/urun/572/arfesan-24x30-d-d-imdatli-fren-korugu-arf-24-30-d-d-ekersan"
"573","arfesan-30x30-d-d-imdatli-fren-korugu-arf-30-30-d-d-ekersan","ARFESAN 30X30 D/D İMDATLI FREN KÖRÜĞÜ","ARF 30/30 D/D","03.24.00.89","Ekersan","Fren Körüğü","FREN KÖRÜKLERİ","56","2970","https://frenciniz.com/urun/573/arfesan-30x30-d-d-imdatli-fren-korugu-arf-30-30-d-d-ekersan"
"574","ebs-park-butonu-rekorlu-9710029120-303-16-0006-ekersan","EBS PARK BUTONU REKORLU 9710029120","303.16.0006","","Ekersan","EBS Modülatör","SENSÖR VE UZATMALAR","2","113.65","https://frenciniz.com/urun/574/ebs-park-butonu-rekorlu-9710029120-303-16-0006-ekersan"
"575","kaliper-plastik-tapa-takimi-427141-ekersan","Kaliper Plastik Tapa Takımı","427141","","Ekersan","Kaliper","KALİPER ÜRÜNLERİ","79","231","https://frenciniz.com/urun/575/kaliper-plastik-tapa-takimi-427141-ekersan"
"576","pan-19-1-22-1-sf-axle-set-sol-fx-3040-ekersan","PAN-19-1 22-1 SF AXLE SET SOL","FX-3040","","Ekersan","Kaliper Tamir Takımı (PAN)","KALİPER ÜRÜNLERİ","1","5674.68","https://frenciniz.com/urun/576/pan-19-1-22-1-sf-axle-set-sol-fx-3040-ekersan"
"577","pan-19-1-22-1-sf-axle-set-sag-fx-3030-ekersan","PAN-19-1 22-1 SF AXLE SET SAĞ","FX-3030","","Ekersan","Kaliper Tamir Takımı (PAN)","KALİPER ÜRÜNLERİ","1","5674.68","https://frenciniz.com/urun/577/pan-19-1-22-1-sf-axle-set-sag-fx-3030-ekersan"
"578","renault-kerax-6x4-santiye-cerli-kampanali-cekici-porya-esp-13-09-ekersan","RENAULT KERAX 6x4 (ŞANTİYE) CERLİ KAMPANALI ÇEKİCİ PORYA","ESP.13.09","7420517167, 5001861915, 1026661","Ekersan","Porya","PORYA","2","7590","https://frenciniz.com/urun/578/renault-kerax-6x4-santiye-cerli-kampanali-cekici-porya-esp-13-09-ekersan"
"579","kaliper-semeri-kizak-10511-ekersan","KALİPER SEMERİ","KIZAK 10511","K004679 , 0130388550","Ekersan","Kızak","KALİPER ÜRÜNLERİ","1","3960","https://frenciniz.com/urun/579/kaliper-semeri-kizak-10511-ekersan"
"580","kaliper-semeri-volvo-fh-12-kizak-30512-ekersan","KALİPER SEMERİ VOLVO FH 12","KIZAK 30512","MCK1319","Ekersan","Kızak","KALİPER ÜRÜNLERİ","2","3960","https://frenciniz.com/urun/580/kaliper-semeri-volvo-fh-12-kizak-30512-ekersan"
"581","kaliper-kizak-scania-kizak-10509-ekersan","KALİPER KIZAK SCANIA","KIZAK 10509","K010765 , 1756388","Ekersan","Kızak","KALİPER ÜRÜNLERİ","4","3960","https://frenciniz.com/urun/581/kaliper-kizak-scania-kizak-10509-ekersan"
"582","kaliper-kizak-volvo-duco-22-5-kizak-30500-ekersan","KALİPER KIZAK VOLVO DUCO 22/5","KIZAK 30500","68323539","Ekersan","Kızak","KALİPER ÜRÜNLERİ","2","3960","https://frenciniz.com/urun/582/kaliper-kizak-volvo-duco-22-5-kizak-30500-ekersan"
"583","tip-24-disk-servis-fren-korugu-sol-bk-05-0024-ekersan","TİP 24 DİSK SERVİS FREN KÖRÜĞÜ SOL","BK 05 0024","","Ekersan","Fren Körüğü","FREN KÖRÜKLERİ","3","1650","https://frenciniz.com/urun/583/tip-24-disk-servis-fren-korugu-sol-bk-05-0024-ekersan"
"584","kaliper-tamir-takimi-komple-pimli-426147-ekersan","Kaliper Tamir Takımı Komple (Pimli)","426147","","Ekersan","Kaliper","KALİPER ÜRÜNLERİ","5","3762","https://frenciniz.com/urun/584/kaliper-tamir-takimi-komple-pimli-426147-ekersan"
"585","knor-simits-dorse-tasiyici-kizak-kizak-10517-ekersan","KNOR SİMITS DORSE TAŞIYICI KIZAK","KIZAK 10517","K007475 ,","Ekersan","Kızak","KALİPER ÜRÜNLERİ","1","3960","https://frenciniz.com/urun/585/knor-simits-dorse-tasiyici-kizak-kizak-10517-ekersan"
"586","knor-tga-man-tasiyici-kizak-on-arka-ayni-kizak-10512-ekersan","KNOR TGA MAN TAŞIYICI KIZAK (ÖN-ARKA AYNI)","KIZAK 10512","K001278","Ekersan","Kızak","KALİPER ÜRÜNLERİ","10","3960","https://frenciniz.com/urun/586/knor-tga-man-tasiyici-kizak-on-arka-ayni-kizak-10512-ekersan"
"587","axor-mersedes-yeni-model-arka-tasiyici-kizak-29244-balata-kizak-10504-ekersan","AXOR MERSEDES YENİ MODEL ARKA TAŞIYICI KIZAK 29244 BALATA","KIZAK 10504","0004231006 , K052379K50","Ekersan","Kızak","KALİPER ÜRÜNLERİ","22","3960","https://frenciniz.com/urun/587/axor-mersedes-yeni-model-arka-tasiyici-kizak-29244-balata-kizak-10504-ekersan"
"588","knorr-dorse-bpw-kizak-3-delik-29167-balata-kizak-10518-ekersan","KNORR DORSE BPW KIZAK 3 DELİK 29167 BALATA","KIZAK 10518","K004680, 2379696","Ekersan","Kızak","KALİPER ÜRÜNLERİ","3","3960","https://frenciniz.com/urun/588/knorr-dorse-bpw-kizak-3-delik-29167-balata-kizak-10518-ekersan"
"589","saf-dorse-knorr-2-delik-kizak-29171-balata-kizak-10510-ekersan","SAF DORSE KNORR 2 DELİK KIZAK 29171 BALATA","KIZAK 10510","K015308","Ekersan","Kızak","KALİPER ÜRÜNLERİ","4","3960","https://frenciniz.com/urun/589/saf-dorse-knorr-2-delik-kizak-29171-balata-kizak-10510-ekersan"
"590","saf-dorse-yeni-model-kizak-kizak-40501-ekersan","SAF DORSE YENİ MODEL KIZAK","KIZAK 40501","94618 , 94619","Ekersan","Kızak","KALİPER ÜRÜNLERİ","4","3960","https://frenciniz.com/urun/590/saf-dorse-yeni-model-kizak-kizak-40501-ekersan"
"591","mersedes-axor-on-kizak-29167-balata-kizak-10502-ekersan","MERSEDES AXOR ÖN KIZAK 29167 BALATA","KIZAK 10502","K000026, Z007541, 2121591","Ekersan","Kızak","KALİPER ÜRÜNLERİ","4","3960","https://frenciniz.com/urun/591/mersedes-axor-on-kizak-29167-balata-kizak-10502-ekersan"
"592","kaliper-kapak-sac-10-1089-ekersan","KALİPER KAPAK SAC","10-1089","","Ekersan","Kaliper Kapak/Conta","KALİPER ÜRÜNLERİ","15","546.48","https://frenciniz.com/urun/592/kaliper-kapak-sac-10-1089-ekersan"
"593","frencoo-pan19-2-piston-ve-perno-tm-tk-tam-30-3610-ekersan","FRENCOO PAN19-2 PİSTON VE PERNO TM TK TAM","30-3610","12 999 746, 5001.858.722","Ekersan","Kaliper Perno Tamir Takımı","KALİPER ÜRÜNLERİ","5","1987.92","https://frenciniz.com/urun/593/frencoo-pan19-2-piston-ve-perno-tm-tk-tam-30-3610-ekersan"
"594","disk-balatasi-29403-pwr-5042-ekersan","DİSK BALATASI 29403","PWR-5042","29403","Ekersan","Fren Balatası","BALATA","12","3292.48","https://frenciniz.com/urun/594/disk-balatasi-29403-pwr-5042-ekersan"
"595","tip-24-servis-fren-korugu-kelepceli-bk-01-0024-ekersan","TİP 24 SERVİS FREN KÖRÜĞÜ KELEPÇELİ","BK 01 0024","","Ekersan","Fren Körüğü","FREN KÖRÜKLERİ","6","1650","https://frenciniz.com/urun/595/tip-24-servis-fren-korugu-kelepceli-bk-01-0024-ekersan"
"596","125-152-4-15-nbr-arka-teker-porya-kecesi-cdf-88149-ekersan","125*152,4*15 NBR ARKA TEKER PORYA KEÇESİ","CDF-88149","","Ekersan","Porya","PORYA","332","4.92","https://frenciniz.com/urun/596/125-152-4-15-nbr-arka-teker-porya-kecesi-cdf-88149-ekersan"
"597","frencoo-kaliper-mil-kece-tm-tk-20-2380-ekersan","FRENCOO KALİPER MİL KEÇE TM.TK.","20-2380","MCK1118, 85102092","Ekersan","Kaliper Tamir Takımı","KALİPER ÜRÜNLERİ","4","1878.36","https://frenciniz.com/urun/597/frencoo-kaliper-mil-kece-tm-tk-20-2380-ekersan"
"598","kaliper-tamir-takimi-kasikli-set-tablali-426144-1-ekersan","KALİPER TAMİR TAKIMI KAŞIKLI SET (TABLALI)","426144-1","","Ekersan","Kaliper","KALİPER ÜRÜNLERİ","143","4382.4","https://frenciniz.com/urun/598/kaliper-tamir-takimi-kasikli-set-tablali-426144-1-ekersan"
"599","b-v-set-komple-fx-5010-ekersan","B.V SET KOMPLE","FX-5010","","Ekersan","Kaliper Tamir Takımı","KALİPER ÜRÜNLERİ","1","8512.68","https://frenciniz.com/urun/599/b-v-set-komple-fx-5010-ekersan"
"600","ebs-uzatma-sensoru-knorr-4-mt-ef-0278324000-ekersan","EBS UZATMA SENSÖRÜ KNORR  4 MT","EF-0278324000","","Ekersan","EBS Modülatör","SENSÖR VE UZATMALAR","105","653.4","https://frenciniz.com/urun/600/ebs-uzatma-sensoru-knorr-4-mt-ef-0278324000-ekersan"
"601","scania-y-m-ceker-on-suspansiyon-koruk-lastik-424930-s-ekersan","SCANIA Y.M.ÇEKER ÖN SÜSPANSİYON KÖRÜK LASTİK","424930.S","","Ekersan","Süspansiyon Körüğü","SÜSP. KÖRÜĞÜ","48","1914","https://frenciniz.com/urun/601/scania-y-m-ceker-on-suspansiyon-koruk-lastik-424930-s-ekersan"
"602","scania-y-m-cekeci-suspansiyon-koruk-lastik-424933-s-ekersan","SCANIA Y.M. ÇEKECİ SÜSPANSİYON KÖRÜK LASTİK","424933.S","","Ekersan","Süspansiyon Körüğü","SÜSP. KÖRÜĞÜ","48","2112","https://frenciniz.com/urun/602/scania-y-m-cekeci-suspansiyon-koruk-lastik-424933-s-ekersan"
"603","scania-y-m-ceker-arka-424933-c-ekersan","SCANIA Y.M (ÇEKER ARKA)","424933.C","2617887 , 1434933 , 1434933","Ekersan","Süspansiyon Körüğü","SÜSP. KÖRÜĞÜ","43","3828","https://frenciniz.com/urun/603/scania-y-m-ceker-arka-424933-c-ekersan"
"604","scania-y-m-ceker-on-424930-cp-ekersan","SCANİA Y.M (ÇEKER ÖN)","424930.CP","1434930 , 1932592 ,2617884","Ekersan","Süspansiyon Körüğü","SÜSP. KÖRÜĞÜ","48","2640","https://frenciniz.com/urun/604/scania-y-m-ceker-on-424930-cp-ekersan"
"605","frencoo-maxx22t-rulman-yatagi-30-3790-ekersan","FRENCOO MAXX22T RULMAN YATAĞI","30-3790","","Ekersan","Kaliper Tamir Takımı","KALİPER ÜRÜNLERİ","5","1726.56","https://frenciniz.com/urun/605/frencoo-maxx22t-rulman-yatagi-30-3790-ekersan"
"606","frenco-kaliper-tamir-takimi-fx-3080-ekersan","FRENCO KALİPER TAMİR TAKIMI","FX-3080","","Ekersan","Kaliper","KALİPER ÜRÜNLERİ","1","8403.12","https://frenciniz.com/urun/606/frenco-kaliper-tamir-takimi-fx-3080-ekersan"
"607","frenco-maxx-22-set-man-tgx-tgs-tamir-takimi-fx-3050-ekersan","FRENCO MAXX 22 SET MAN TGX TGS TAMİR TAKIMI","FX-3050","","Ekersan","Kaliper Tamir Takımı (Maxx22)","KALİPER ÜRÜNLERİ","1","8403.12","https://frenciniz.com/urun/607/frenco-maxx-22-set-man-tgx-tgs-tamir-takimi-fx-3050-ekersan"
"608","komple-koruk-metal-piston-volvo-fh-fm-fl-426420-c-ekersan","Komple Körük Metal Piston Volvo FH FM FL","426420.C","1076420 , 20582213 ,21961448","Ekersan","Süspansiyon Körüğü","SÜSP. KÖRÜĞÜ","5","2706","https://frenciniz.com/urun/608/komple-koruk-metal-piston-volvo-fh-fm-fl-426420-c-ekersan"
"609","man-tga-424884-c-ekersan","Man Tga","424884.C","81436006035 , 81436006055","Ekersan","Süspansiyon Körüğü","SÜSP. KÖRÜĞÜ","70","3168","https://frenciniz.com/urun/609/man-tga-424884-c-ekersan"
"610","man-tga-424882-c-ekersan","Man Tga","424882.C","0542941010 , 81436016065 , 81436006036","Ekersan","Süspansiyon Körüğü","SÜSP. KÖRÜĞÜ","106","3102","https://frenciniz.com/urun/610/man-tga-424882-c-ekersan"
"611","volvo-fh-424718-c-ekersan","Volvo FH","424718.C","20554759 , 1075363 , MLF7145","Ekersan","Süspansiyon Körüğü","SÜSP. KÖRÜĞÜ","36","2706","https://frenciniz.com/urun/611/volvo-fh-424718-c-ekersan"
"612","volvo-komple-pistonlu-koruk-424713-c-ekersan","VOLVO KOMPLE PİSTONLU KÖRÜK","424713.C","20554755 , MLF7098 , MLF7098","Ekersan","Süspansiyon Körüğü","SÜSP. KÖRÜĞÜ","139","3036","https://frenciniz.com/urun/612/volvo-komple-pistonlu-koruk-424713-c-ekersan"
"613","fruehauf-424156-c-ekersan","Fruehauf","424156.C","","Ekersan","Süspansiyon Körüğü","SÜSP. KÖRÜĞÜ","34","3036","https://frenciniz.com/urun/613/fruehauf-424156-c-ekersan"
"614","volvo-426420-s-ekersan","Volvo","426420.S","20582213S , 21961448S","Ekersan","Süspansiyon Körüğü","SÜSP. KÖRÜĞÜ","11","1716","https://frenciniz.com/urun/614/volvo-426420-s-ekersan"
"615","man-tga-424884-s02-ekersan","Man Tga","424884.S02","81436006055 , 81436010174","Ekersan","Süspansiyon Körüğü","SÜSP. KÖRÜĞÜ","134","2019.6","https://frenciniz.com/urun/615/man-tga-424884-s02-ekersan"
"616","bpw-daf-tirsan-yeni-kisa-424881-s-ekersan","Bpw / Daf-Tırsan Yeni KISA","424881.S","0542941010","Ekersan","Süspansiyon Körüğü","SÜSP. KÖRÜĞÜ","97","2145","https://frenciniz.com/urun/616/bpw-daf-tirsan-yeni-kisa-424881-s-ekersan"
"617","smb-fruehauf-koruk-lastik-424159-s-ekersan","Smb / Fruehauf KÖRÜK LASTİK","424159.S","MLF7015","Ekersan","Süspansiyon Körüğü","SÜSP. KÖRÜĞÜ","70","2112","https://frenciniz.com/urun/617/smb-fruehauf-koruk-lastik-424159-s-ekersan"
"618","frencoo-tgs-kaliper-tm-tk-full-set-fx-3120-ekersan","FRENCOO TGS KALİPER TM TK FULL SET","FX-3120","","Ekersan","Kaliper Tamir Takımı","KALİPER ÜRÜNLERİ","2","8403.12","https://frenciniz.com/urun/618/frencoo-tgs-kaliper-tm-tk-full-set-fx-3120-ekersan"
"619","frencoo-man-tgs-kaliper-tm-tk-set-fx-3110-ekersan","FRENCOO MAN TGS KALİPER TM.TK.SET","FX-3110","","Ekersan","Kaliper Tamir Takımı","KALİPER ÜRÜNLERİ","2","8403.12","https://frenciniz.com/urun/619/frencoo-man-tgs-kaliper-tm-tk-set-fx-3110-ekersan"
"620","baykar-16-24-d-p-disk-imdat-fren-korugu-sol-bk-04-1624-ekersan","BAYKAR 16/24 D/P DİSK İMDAT FREN KÖRÜĞÜ SOL","BK 04 1624","","Ekersan","Fren Körüğü","FREN KÖRÜKLERİ","3","5940","https://frenciniz.com/urun/620/baykar-16-24-d-p-disk-imdat-fren-korugu-sol-bk-04-1624-ekersan"
"621","baykar-16-24-d-p-disk-imdat-fren-koruk-kisa-sol-bk-12-1624-ekersan","BAYKAR 16/24 D/P DİSK İMDAT FREN KÖRÜK KISA (SOL)","BK 12 1624","","Ekersan","Fren Körüğü","FREN KÖRÜKLERİ","1","5940","https://frenciniz.com/urun/621/baykar-16-24-d-p-disk-imdat-fren-koruk-kisa-sol-bk-12-1624-ekersan"
"622","bpw-tipi-ceneli-pabuc-18-cm-takviyeli-eyd-80-24-1-ekersan","BPW TİPİ ÇENELİ PABUÇ 18 CM TAKVİYELİ","EYD 80 24-1","","Ekersan","Fren Pabucu","FREN PABUÇLARI","1","1287","https://frenciniz.com/urun/622/bpw-tipi-ceneli-pabuc-18-cm-takviyeli-eyd-80-24-1-ekersan"
"623","20-nolu-koruk-lastigi-derin-eyd-100-67-ekersan","20 Nolu Körük Lastiği Derin","EYD 100 67","","Ekersan","Fren Körüğü","FREN KÖRÜKLERİ","722","156.42","https://frenciniz.com/urun/623/20-nolu-koruk-lastigi-derin-eyd-100-67-ekersan"
"624","20-nolu-koruk-lastigi-eyd-100-61-ekersan","20 Nolu Körük Lastiği","EYD 100 61","","Ekersan","Fren Körüğü","FREN KÖRÜKLERİ","440","144.21","https://frenciniz.com/urun/624/20-nolu-koruk-lastigi-eyd-100-61-ekersan"
"625","16-nolu-koruk-lastigi-derin-eyd-100-66-ekersan","16 Nolu Körük Lastiği Derin","EYD 100 66","","Ekersan","Fren Körüğü","FREN KÖRÜKLERİ","597","144.21","https://frenciniz.com/urun/625/16-nolu-koruk-lastigi-derin-eyd-100-66-ekersan"
"626","maxx-22t-set-left-fx-3095-ekersan","MAXX 22T SET (LEFT)","FX-3095","","Ekersan","Kaliper Tamir Takımı (Maxx22)","KALİPER ÜRÜNLERİ","2","7638.84","https://frenciniz.com/urun/626/maxx-22t-set-left-fx-3095-ekersan"
"627","frenco-12-180-tgl-man-kaliper-set-fx-1021-ekersan","FRENCO 12-180 TGL MAN KALİPER SET","FX-1021","","Ekersan","Kaliper","KALİPER ÜRÜNLERİ","2","6547.2","https://frenciniz.com/urun/627/frenco-12-180-tgl-man-kaliper-set-fx-1021-ekersan"
"628","24-nolu-koruk-lastigi-eyd-100-39-ekersan","24 Nolu Körük Lastiği","EYD 100 39","","Ekersan","Fren Körüğü","FREN KÖRÜKLERİ","283","150.48","https://frenciniz.com/urun/628/24-nolu-koruk-lastigi-eyd-100-39-ekersan"
"629","24-nolu-koruk-lastigi-derin-eyd-100-62-ekersan","24 Nolu Körük Lastiği Derin","EYD 100 62","","Ekersan","Fren Körüğü","FREN KÖRÜKLERİ","66","170.28","https://frenciniz.com/urun/629/24-nolu-koruk-lastigi-derin-eyd-100-62-ekersan"
"630","susp-koruk-komple-4-saplamali-42810-c1-ekersan","SÜSP.KÖRÜK KOMPLE 4 SAPLAMALI","42810.C1","016010","Ekersan","Süspansiyon Körüğü","SÜSP. KÖRÜĞÜ","7","3168","https://frenciniz.com/urun/630/susp-koruk-komple-4-saplamali-42810-c1-ekersan"
"631","lastik-bmc-koruk-42722-s-ekersan","LASTİK BMC KÖRÜK","42722.S","","Ekersan","Süspansiyon Körüğü","SÜSP. KÖRÜĞÜ","28","2112","https://frenciniz.com/urun/631/lastik-bmc-koruk-42722-s-ekersan"
"632","susp-koruk-lastik-4-saplamali-42810-s1-ekersan","SÜSP.KÖRÜK LASTİK 4 SAPLAMALI","42810.S1","","Ekersan","Süspansiyon Körüğü","SÜSP. KÖRÜĞÜ","92","1914","https://frenciniz.com/urun/632/susp-koruk-lastik-4-saplamali-42810-s1-ekersan"
"633","komple-koruk-plastik-piston-426318-cp-ekersan","Komple Körük Plastik Piston","426318.CP","US06318F , 550025981, 016512 , 1244666","Ekersan","Süspansiyon Körüğü","SÜSP. KÖRÜĞÜ","46","2706","https://frenciniz.com/urun/633/komple-koruk-plastik-piston-426318-cp-ekersan"
"634","masura-bilya-yatagi-tamir-takimi-50-5276-ekersan","Masura Bilya Yatağı Tamir Takımı","50-5276","","Ekersan","Kaliper Tamir Takımı","KALİPER ÜRÜNLERİ","4","1529.88","https://frenciniz.com/urun/634/masura-bilya-yatagi-tamir-takimi-50-5276-ekersan"
"635","frenco-masura-rulman-yatagi-30-3697-ekersan","FRENCO MASURA RULMAN YATAĞI","30-3697","","Ekersan","Kaliper Tamir Takımı","KALİPER ÜRÜNLERİ","4","1638.12","https://frenciniz.com/urun/635/frenco-masura-rulman-yatagi-30-3697-ekersan"
"636","frenco-kaliper-tamir-takimi-30-3750-ekersan","FRENCO KALİPER TAMİR TAKIMI","30-3750","640 222 928 2","Ekersan","Kaliper","KALİPER ÜRÜNLERİ","10","1878.36","https://frenciniz.com/urun/636/frenco-kaliper-tamir-takimi-30-3750-ekersan"
"637","pistonsuz-koruk-mercedes-actros-axor-atego-arocs-424390-s1-ekersan","Pistonsuz Körük Mercedes Actros Axor Atego Arocs","424390.S1","9423280001","Ekersan","Süspansiyon Körüğü","SÜSP. KÖRÜĞÜ","127","1683","https://frenciniz.com/urun/637/pistonsuz-koruk-mercedes-actros-axor-atego-arocs-424390-s1-ekersan"
"638","frencoo-kaliper-tamir-takimi-fx-2050-ekersan","FRENCOO KALİPER TAMİR TAKIMI","FX-2050","","Ekersan","Kaliper","KALİPER ÜRÜNLERİ","4","8948.28","https://frenciniz.com/urun/638/frencoo-kaliper-tamir-takimi-fx-2050-ekersan"
"639","frenco-kaliper-tm-tk-fx-2010-ekersan","FRENCO KALİPER TM.TK.","FX-2010","","Ekersan","Kaliper Tamir Takımı","KALİPER ÜRÜNLERİ","1","8948.28","https://frenciniz.com/urun/639/frenco-kaliper-tm-tk-fx-2010-ekersan"
"640","pwr-disk-balata-scania-y-m-wav-29331-pwr-5041-ekersan","PWR DİSK BALATA SCANIA Y.M. (WAV 29331)","PWR-5041","29331","Ekersan","Fren Balatası","BALATA","10","2473.68","https://frenciniz.com/urun/640/pwr-disk-balata-scania-y-m-wav-29331-pwr-5041-ekersan"
"641","disk-balatasi-29195-42322-1-300-ekersan","Disk Balatası (29195)","42322/1-300","29175 - 29195","Ekersan","Fren Balatası","BALATA","204","2059.2","https://frenciniz.com/urun/641/disk-balatasi-29195-42322-1-300-ekersan"
"642","frencoo-duco-toz-lastigi-tk-20-2420-ekersan","FRENCOO DUCO TOZ LASTİĞİ TK","20-2420","MCK1139, 1487339, 85107913","Ekersan","Kaliper Toz Lastiği","KALİPER ÜRÜNLERİ","10","286.44","https://frenciniz.com/urun/642/frencoo-duco-toz-lastigi-tk-20-2420-ekersan"
"643","mercedes-pabuc-makarasi-eyd-206-14-ekersan","Mercedes Pabuç Makarası","EYD 206 14","","Ekersan","Fren Pabucu","FREN PABUÇLARI","190","231","https://frenciniz.com/urun/643/mercedes-pabuc-makarasi-eyd-206-14-ekersan"
"644","fren-pabucu-mercedes-22cm-eyd-206-08-ekersan","Fren Pabucu - MERCEDES 22CM","EYD 206 08","624.420.02.19","Ekersan","Fren Pabucu","FREN PABUÇLARI","116","2145","https://frenciniz.com/urun/644/fren-pabucu-mercedes-22cm-eyd-206-08-ekersan"
"645","ebs-ana-hat-kablosu-12-mt-w4491731200-ekersan","EBS ANA HAT KABLOSU 12 MT.","W4491731200","","Ekersan","EBS Modülatör","SENSÖR VE UZATMALAR","5","5280","https://frenciniz.com/urun/645/ebs-ana-hat-kablosu-12-mt-w4491731200-ekersan"
"646","frencoo-sensor-kapagi-10-1099-ekersan","FRENCOO SENSÖR KAPAĞI","10-1099","","Ekersan","Kaliper Tamir Takımı (Frenco)","KALİPER ÜRÜNLERİ","1","1082.4","https://frenciniz.com/urun/646/frencoo-sensor-kapagi-10-1099-ekersan"
"647","kaliper-perno-tamir-takimi-knorr-wabco-meritor-421167-1-ekersan","Kaliper Perno Tamir Takımı Knorr WABCO Meritor","421167-1","","Ekersan","Kaliper Perno Tamir Takımı","KALİPER ÜRÜNLERİ","6","930.6","https://frenciniz.com/urun/647/kaliper-perno-tamir-takimi-knorr-wabco-meritor-421167-1-ekersan"
"648","disk-balatasi-29088-42197-2-255-ekersan","Disk Balatası (29088)","42197/2-255","29088","Ekersan","Fren Balatası","BALATA","2","1900.8","https://frenciniz.com/urun/648/disk-balatasi-29088-42197-2-255-ekersan"
"649","frencoo-kaliper-tamir-takimi-arox-sol-fx-3140-ekersan","FRENCOO KALİPER TAMİR TAKIMI AROX SOL","FX-3140","","Ekersan","Kaliper","KALİPER ÜRÜNLERİ","1","7967.52","https://frenciniz.com/urun/649/frencoo-kaliper-tamir-takimi-arox-sol-fx-3140-ekersan"
"650","katli-koruk-civatali-422211-p02-ekersan","Katlı Körük Civatalı","422211.P02","","Ekersan","Süspansiyon Körüğü","SÜSP. KÖRÜĞÜ","144","1056","https://frenciniz.com/urun/650/katli-koruk-civatali-422211-p02-ekersan"
"651","komple-koruk-plastik-piston-renault-midlum-premium-magnum-424154-cp05-ekersan","Komple Körük Plastik Piston Renault Midlum Premium Magnum","424154.CP05","5010488071","Ekersan","Süspansiyon Körüğü","SÜSP. KÖRÜĞÜ","1","2904","https://frenciniz.com/urun/651/komple-koruk-plastik-piston-renault-midlum-premium-magnum-424154-cp05-ekersan"
"652","frencoo-kaliper-rulman-yatagi-10-1284-ekersan","FRENCOO KALİPER RULMAN YATAĞI","10-1284","","Ekersan","Kaliper Tamir Takımı","KALİPER ÜRÜNLERİ","2","1038.84","https://frenciniz.com/urun/652/frencoo-kaliper-rulman-yatagi-10-1284-ekersan"
"653","porya-kapagi-scania-takim-30-08002-ekersan","PORYA KAPAĞI SCANIA TAKIM","30.08002","","Ekersan","Porya","PORYA","31","435.6","https://frenciniz.com/urun/653/porya-kapagi-scania-takim-30-08002-ekersan"
"654","saf-abs-dislisi-yeni-model-100-dis-sac-buyuk-eyd-91-22-ekersan","SAF ABS DİŞLİSİ YENİ MODEL 100 DİŞ SAÇ BÜYÜK","EYD 91 22","4029108100","Ekersan","ABS Sensörü/Modülü/Kablo","SENSÖR VE UZATMALAR","30","237.6","https://frenciniz.com/urun/654/saf-abs-dislisi-yeni-model-100-dis-sac-buyuk-eyd-91-22-ekersan"
"655","porya-bpw-ecoplus-esp-16-16-02-ekersan","Porya BPW ECOPlus","ESP.16.16.02","0327280140, 0327280100, 0327280190","Ekersan","Porya","PORYA","5","10626","https://frenciniz.com/urun/655/porya-bpw-ecoplus-esp-16-16-02-ekersan"
"656","disk-balatasi-knorr-wabco-meritor-42317-1-300-ekersan","Disk Balatası Knorr WABCO Meritor","42317/1-300","29228","Ekersan","Fren Balatası","BALATA","25","2191.2","https://frenciniz.com/urun/656/disk-balatasi-knorr-wabco-meritor-42317-1-300-ekersan"
"657","disk-balatasi-29087-42182-1-300-ekersan","Disk Balatası (29087)","42182/1-300","29042 - 29108 - 29087 - 29106 - 29109 - 29163 - 29179 - 29201 - 29202 - 29061","Ekersan","Fren Balatası","BALATA","343","2059.2","https://frenciniz.com/urun/657/disk-balatasi-29087-42182-1-300-ekersan"
"658","disk-balatasi-mercedes-actros-axor-iveco-stralis-man-tga-tgs-tgx-42182-2-300-ekersan","Disk Balatası Mercedes Actros Axor Iveco Stralis MAN TGA TGS TGX","42182/2-300","29042 - 29108 - 29087 - 29106 - 29109 - 29163 - 29179 - 29201 - 29202 - 29061","Ekersan","Fren Balatası","BALATA","14","2534.4","https://frenciniz.com/urun/658/disk-balatasi-mercedes-actros-axor-iveco-stralis-man-tga-tgs-tgx-42182-2-300-ekersan"
"659","tasli-koruk-424028-c02-ekersan","TASLI KÖRÜK","424028.C02","015323 , MLF8176","Ekersan","Süspansiyon Körüğü","SÜSP. KÖRÜĞÜ","30","2838","https://frenciniz.com/urun/659/tasli-koruk-424028-c02-ekersan"
"660","komple-koruk-metal-piston-mercedes-actros-axor-atego-arocs-424183-c01-ekersan","Komple Körük Metal Piston Mercedes Actros Axor Atego Arocs","424183.C01","9423202221 , 9423206821","Ekersan","Süspansiyon Körüğü","SÜSP. KÖRÜĞÜ","9","3102","https://frenciniz.com/urun/660/komple-koruk-metal-piston-mercedes-actros-axor-atego-arocs-424183-c01-ekersan"
"661","pistonsuz-koruk-424183-s1-ekersan","Pistonsuz Körük","424183.S1","(B) E1/E2","Ekersan","Süspansiyon Körüğü","SÜSP. KÖRÜĞÜ","288","1947","https://frenciniz.com/urun/661/pistonsuz-koruk-424183-s1-ekersan"
"662","24-24-d-p-disk-korugu-iveco-tipi-8115-ekersan","24/24 D/P DİSK KÖRÜĞÜ İVECO TİPİ","8115","","Ekersan","Fren Körüğü","FREN KÖRÜKLERİ","124","3630","https://frenciniz.com/urun/662/24-24-d-p-disk-korugu-iveco-tipi-8115-ekersan"
"663","20-24-d-p-disk-koruk-iveco-tipi-8114-ekersan","20/24 D/P DİSK KÖRÜK İVECO TİPİ","8114","","Ekersan","Fren Körüğü","FREN KÖRÜKLERİ","58","3630","https://frenciniz.com/urun/663/20-24-d-p-disk-koruk-iveco-tipi-8114-ekersan"
"664","16-24-d-p-disk-korugu-iveco-tipi-8113-ekersan","16/24 D/P DİSK KÖRÜĞÜ İVECO TİPİ","8113","","Ekersan","Fren Körüğü","FREN KÖRÜKLERİ","4","3630","https://frenciniz.com/urun/664/16-24-d-p-disk-korugu-iveco-tipi-8113-ekersan"
"665","24-16-d-p-disk-koruk-scania-8112-ekersan","24/16 D/P DİSK KÖRÜK SCANIA","8112","8682644620466","Ekersan","Fren Körüğü","FREN KÖRÜKLERİ","185","3432","https://frenciniz.com/urun/665/24-16-d-p-disk-koruk-scania-8112-ekersan"
"666","24-30-d-p-m22-fren-korugu-8102-ekersan","24/30 D/P (M22) FREN KÖRÜĞÜ","8102","8682644620367","Ekersan","Fren Körüğü","FREN KÖRÜKLERİ","270","3432","https://frenciniz.com/urun/666/24-30-d-p-m22-fren-korugu-8102-ekersan"
"667","pistonsuz-koruk-42836-s2-ekersan","Pistonsuz Körük","42836.S2","0513982","Ekersan","Süspansiyon Körüğü","SÜSP. KÖRÜĞÜ","11","2013","https://frenciniz.com/urun/667/pistonsuz-koruk-42836-s2-ekersan"
"668","pistonsuz-koruk-424157-s-ekersan","Pistonsuz Körük","424157.S","","Ekersan","Süspansiyon Körüğü","SÜSP. KÖRÜĞÜ","16","2244","https://frenciniz.com/urun/668/pistonsuz-koruk-424157-s-ekersan"
"669","komple-koruk-plastik-piston-volvo-fh-fm-fl-424157-cp05-ekersan","Komple Körük Plastik Piston Volvo FH FM FL","424157.CP05","21222442 , CF152721","Ekersan","Süspansiyon Körüğü","SÜSP. KÖRÜĞÜ","34","2970","https://frenciniz.com/urun/669/komple-koruk-plastik-piston-volvo-fh-fm-fl-424157-cp05-ekersan"
"670","disk-balatasi-29173-29203-29272-42310-2-292-ekersan","Disk Balatası (29173-29203-29272)","42310/2-292","29173 - 29203 - 29272","Ekersan","Fren Balatası","BALATA","152","2138.4","https://frenciniz.com/urun/670/disk-balatasi-29173-29203-29272-42310-2-292-ekersan"
"671","porya-bpw-diskli-y-m-esp-16-04-04-ekersan","PORYA BPW DİSKLİ Y.M.","ESP.16.04.04","0327243410","Ekersan","Porya","PORYA","1","6831","https://frenciniz.com/urun/671/porya-bpw-diskli-y-m-esp-16-04-04-ekersan"
"672","fren-disk-balatasi-29244-42314-2-300-ekersan","Fren Disk Balatası (29244)","42314/2-300","29244","Ekersan","Fren Balatası","BALATA","82","1874.4","https://frenciniz.com/urun/672/fren-disk-balatasi-29244-42314-2-300-ekersan"
"673","disk-balatasi-29174-42284-2-293-ekersan","Disk Balatası (29174)","42284/2-293","29174","Ekersan","Fren Balatası","BALATA","69","2138.4","https://frenciniz.com/urun/673/disk-balatasi-29174-42284-2-293-ekersan"
"674","frencoo-kaliper-tamir-takimi-40-4120-ekersan","FRENCOO KALİPER TAMİR TAKIMI","40-4120","93299","Ekersan","Kaliper","KALİPER ÜRÜNLERİ","1","2511.96","https://frenciniz.com/urun/674/frencoo-kaliper-tamir-takimi-40-4120-ekersan"
"675","frencoo-kaliper-tamir-takimi-20-2589-ekersan","FRENCOO KALİPER TAMİR TAKIMI","20-2589","MCK1289, 81.50802.6026","Ekersan","Kaliper","KALİPER ÜRÜNLERİ","3","2180.64","https://frenciniz.com/urun/675/frencoo-kaliper-tamir-takimi-20-2589-ekersan"
"676","frencoo-kaliper-tamir-takimi-20-2390-ekersan","FRENCOO KALİPER TAMİR TAKIMI","20-2390","MCK1116, 1489197, 85102094, AMMCK1116, 5021202776, 1489197, STRMCK1116","Ekersan","Kaliper","KALİPER ÜRÜNLERİ","8","1834.8","https://frenciniz.com/urun/676/frencoo-kaliper-tamir-takimi-20-2390-ekersan"
"677","ebs-uzatma-kablosu-wabco-3-mt-ef-4497230300-ekersan","EBS UZATMA KABLOSU WABCO 3 MT","EF-4497230300","","Ekersan","EBS Modülatör","SENSÖR VE UZATMALAR","78","653.4","https://frenciniz.com/urun/677/ebs-uzatma-kablosu-wabco-3-mt-ef-4497230300-ekersan"
"678","frenco-sf-hdx-modul-t-kaliper-tapasi-siyah-60-6063-ekersan","FRENCO SF HDX MODUL T KALİPER TAPASI SİYAH","60-6063","","Ekersan","Kaliper","KALİPER ÜRÜNLERİ","10","504.24","https://frenciniz.com/urun/678/frenco-sf-hdx-modul-t-kaliper-tapasi-siyah-60-6063-ekersan"
"679","disk-montaj-seti-eyd-91-21-ekersan","Disk Montaj Seti","EYD 91 21","","Ekersan","Fren Diski","DİSK","469","455.4","https://frenciniz.com/urun/679/disk-montaj-seti-eyd-91-21-ekersan"
"680","disk-balatasi-mercedes-actros-axor-renault-premium-magnum-volvo-fh-fm-42200-2-290-ekersan","Disk Balatası Mercedes Actros Axor Renault Premium Magnum Volvo FH FM","42200/2-290","29094-29095 - 29197","Ekersan","Fren Balatası","BALATA","37","1900.8","https://frenciniz.com/urun/680/disk-balatasi-mercedes-actros-axor-renault-premium-magnum-volvo-fh-fm-42200-2-290-ekersan"
"681","komple-koruk-metal-piston-volvo-fh-fm-fl-426418-c-ekersan","Komple Körük Metal Piston Volvo FH FM FL","426418.C","20582214 , 20374511 , 20374511","Ekersan","Süspansiyon Körüğü","SÜSP. KÖRÜĞÜ","68","2574","https://frenciniz.com/urun/681/komple-koruk-metal-piston-volvo-fh-fm-fl-426418-c-ekersan"
"682","maxx22-balata-itici-pleyt-sol-30-3699-ekersan","MAXX22 BALATA İTİCİ PLEYT SOL","30-3699","","Ekersan","Fren Balatası","BALATA","1","917.4","https://frenciniz.com/urun/682/maxx22-balata-itici-pleyt-sol-30-3699-ekersan"
"683","maxx22-rulman-yatagi-30-3690-ekersan","MAXX22 RULMAN YATAĞI","30-3690","","Ekersan","Kaliper Tamir Takımı","KALİPER ÜRÜNLERİ","8","1638.12","https://frenciniz.com/urun/683/maxx22-rulman-yatagi-30-3690-ekersan"
"684","maxx22-piston-kapagi-30-3688-ekersan","MAXX22 PİSTON KAPAĞI","30-3688","640 322 650 4","Ekersan","Kaliper Tamir Takımı (Maxx22)","KALİPER ÜRÜNLERİ","8","607.2","https://frenciniz.com/urun/684/maxx22-piston-kapagi-30-3688-ekersan"
"685","maxx22-ayar-tasiyici-mekanizmali-set-man-tgx-30-3682-ekersan","MAXX22 AYAR TAŞIYICI MEKANİZMALI SET MAN TGX","30-3682","","Ekersan","Kaliper Ayar Mekanizması","KALİPER ÜRÜNLERİ","6","2402.4","https://frenciniz.com/urun/685/maxx22-ayar-tasiyici-mekanizmali-set-man-tgx-30-3682-ekersan"
"686","maxx22-ayar-tasiyici-mekanizmali-set-man-tgs-30-3681-ekersan","MAXX22 AYAR TAŞIYICI MEKANİZMALI SET MAN TGS","30-3681","","Ekersan","Kaliper Ayar Mekanizması","KALİPER ÜRÜNLERİ","1","2402.4","https://frenciniz.com/urun/686/maxx22-ayar-tasiyici-mekanizmali-set-man-tgs-30-3681-ekersan"
"687","duco-ayar-mekanizmasi-tm-tk-sol-20-2431-ekersan","DUCO AYAR MEKANİZMASI TM TK SOL","20-2431","MCK1236, 3092262","Ekersan","Kaliper Ayar Mekanizması","KALİPER ÜRÜNLERİ","10","3243.24","https://frenciniz.com/urun/687/duco-ayar-mekanizmasi-tm-tk-sol-20-2431-ekersan"
"688","duco-ayar-mekanizmasi-tm-tk-sag-20-2430-ekersan","DUCO AYAR MEKANİZMASI TM TK SAĞ","20-2430","MCK1237, 3092263, CMSK.3.10","Ekersan","Kaliper Ayar Mekanizması","KALİPER ÜRÜNLERİ","10","3243.24","https://frenciniz.com/urun/688/duco-ayar-mekanizmasi-tm-tk-sag-20-2430-ekersan"
"689","duco-rulman-yatak-saci-20-2256-ekersan","DUCO RULMAN YATAK SACI","20-2256","","Ekersan","Kaliper Tamir Takımı (Duco)","KALİPER ÜRÜNLERİ","10","865.92","https://frenciniz.com/urun/689/duco-rulman-yatak-saci-20-2256-ekersan"
"690","sl7-sm7-balata-tututcu-10-1261-ekersan","SL7 SM7 BALATA TUTUTCU","10-1261","K000129, II19712004, II30679004, II197120061, 0004202682, 0501211049, 6274200186, 6274200188, 36508226001, 36508226005, 1448911,","Ekersan","Fren Balatası","BALATA","5","208.56","https://frenciniz.com/urun/690/sl7-sm7-balata-tututcu-10-1261-ekersan"
"691","sn6-7-sk7-kaliper-govde-tapasi-45-mm-10-1208-ekersan","SN6-7 SK7 KALİPER GÖVDE TAPASI 45 MM.","10-1208","","Ekersan","Kaliper","KALİPER ÜRÜNLERİ","10","434.28","https://frenciniz.com/urun/691/sn6-7-sk7-kaliper-govde-tapasi-45-mm-10-1208-ekersan"
"692","sn6-7-sk7-kaliper-govde-tapasi-42-mm-10-1207-ekersan","SN6-7 SK7 KALİPER GÖVDE TAPASI 42 MM.","10-1207","","Ekersan","Kaliper","KALİPER ÜRÜNLERİ","10","434.28","https://frenciniz.com/urun/692/sn6-7-sk7-kaliper-govde-tapasi-42-mm-10-1207-ekersan"
"693","sb5-3-kablolu-sensor-kapak-12-160-mn-tgl-icin-10-1194-ekersan","SB5- 3 KABLOLU SENSÖR&KAPAK (12-160 MN TGL İÇİN)","10-1194","","Ekersan","Kaliper Tamir Takımı (Wabco)","KALİPER ÜRÜNLERİ","1","1082.4","https://frenciniz.com/urun/693/sb5-3-kablolu-sensor-kapak-12-160-mn-tgl-icin-10-1194-ekersan"
"694","sb5-sensorsuz-kapak-10-1094-ekersan","SB5 SENSÖRSÜZ KAPAK","10-1094","","Ekersan","Kaliper Kapak/Conta","KALİPER ÜRÜNLERİ","10","455.4","https://frenciniz.com/urun/694/sb5-sensorsuz-kapak-10-1094-ekersan"
"695","sb5-sensorsuz-kapak-10-1090-ekersan","SB5 SENSÖRSÜZ KAPAK","10-1090","","Ekersan","Kaliper Kapak/Conta","KALİPER ÜRÜNLERİ","1","343.2","https://frenciniz.com/urun/695/sb5-sensorsuz-kapak-10-1090-ekersan"
"696","elsa2-195-ayar-dislisi-sag-20-2621-ekersan","ELSA2-195 AYAR DİŞLİSİ SAĞ","20-2621","","Ekersan","Kaliper Ayar Mekanizması","KALİPER ÜRÜNLERİ","2","591.36","https://frenciniz.com/urun/696/elsa2-195-ayar-dislisi-sag-20-2621-ekersan"
"697","elsa2-195-ayar-dislisi-sol-20-2620-ekersan","ELSA2-195 AYAR DİŞLİSİ SOL","20-2620","","Ekersan","Kaliper Ayar Mekanizması","KALİPER ÜRÜNLERİ","3","591.36","https://frenciniz.com/urun/697/elsa2-195-ayar-dislisi-sol-20-2620-ekersan"
"698","elsa195-225-rulman-yatagi-20-2488-ekersan","ELSA195-225 RULMAN YATAĞI","20-2488","","Ekersan","Kaliper Tamir Takımı","KALİPER ÜRÜNLERİ","1","1813.68","https://frenciniz.com/urun/698/elsa195-225-rulman-yatagi-20-2488-ekersan"
"699","elsa195-225-rulman-yatagi-on-20-2489-ekersan","ELSA195-225 RULMAN YATAĞI (ÖN)","20-2489","","Ekersan","Kaliper Tamir Takımı","KALİPER ÜRÜNLERİ","1","2094.84","https://frenciniz.com/urun/699/elsa195-225-rulman-yatagi-on-20-2489-ekersan"
"700","elsa2-195-225-rulman-yatagi-dokum-20-2640-ekersan","ELSA2-195-225 RULMAN YATAGI DÖKÜM","20-2640","","Ekersan","Kaliper Tamir Takımı","KALİPER ÜRÜNLERİ","10","722.04","https://frenciniz.com/urun/700/elsa2-195-225-rulman-yatagi-dokum-20-2640-ekersan"
"701","porya-cargo-3238-on-ym-bilyali-espkit-08-10-ekersan","PORYA CARGO 3238 ÖN YM BİLYALI","ESPKİT.08.10","9C461106AA","Ekersan","Porya","PORYA","2","13200","https://frenciniz.com/urun/701/porya-cargo-3238-on-ym-bilyali-espkit-08-10-ekersan"
"702","kaliper-tamir-takimi-arox-sag-fx-3130-ekersan","KALİPER TAMİR TAKIMI AROX SAĞ","FX-3130","","Ekersan","Kaliper","KALİPER ÜRÜNLERİ","2","7967.52","https://frenciniz.com/urun/702/kaliper-tamir-takimi-arox-sag-fx-3130-ekersan"
"703","sb-sn-3-kablolu-sensor-kapak-mn-tga-icin-10-1096-ekersan","SB/SN 3 KABLOLU SENSÖR&KAPAK (MN TGA İÇİN)","10-1096","","Ekersan","Sensör","SENSÖR VE UZATMALAR","5","1082.4","https://frenciniz.com/urun/703/sb-sn-3-kablolu-sensor-kapak-mn-tga-icin-10-1096-ekersan"
"704","renault-premium-424915-s-ekersan","Renault Premıum","424915.S","5001855856","Ekersan","Süspansiyon Körüğü","SÜSP. KÖRÜĞÜ","18","2640","https://frenciniz.com/urun/704/renault-premium-424915-s-ekersan"
"705","frencoo-kaliper-piston-tm-tk-69-luk-y-m-10-1169-ekersan","FRENCOO KALİPER PİSTON TM.TK. 69 LUK Y.M.","10-1169","","Ekersan","Kaliper Tamir Takımı","KALİPER ÜRÜNLERİ","5","514.8","https://frenciniz.com/urun/705/frencoo-kaliper-piston-tm-tk-69-luk-y-m-10-1169-ekersan"
"706","porya-sertel-s-1-esp-22-04-02-ekersan","PORYA SERTEL S-1","ESP.22.04.02","","Ekersan","Porya","PORYA","3","5616.6","https://frenciniz.com/urun/706/porya-sertel-s-1-esp-22-04-02-ekersan"
"707","frencoo-maxx22t-ayar-tasiyici-mekanizmali-set-30-3755-ekersan","FRENCOO MAXX22T AYAR TAŞIYICI MEKANİZMALI SET","30-3755","","Ekersan","Kaliper Ayar Mekanizması","KALİPER ÜRÜNLERİ","1","2402.4","https://frenciniz.com/urun/707/frencoo-maxx22t-ayar-tasiyici-mekanizmali-set-30-3755-ekersan"
"708","frencoo-sf-hdx-modul-t-rulman-tk-ust-60-6081-ekersan","FRENCOO SF HDX MODUL T RULMAN TK ( ÜST)","60-6081","","Ekersan","Kaliper Tamir Takımı (Frenco)","KALİPER ÜRÜNLERİ","4","417.12","https://frenciniz.com/urun/708/frencoo-sf-hdx-modul-t-rulman-tk-ust-60-6081-ekersan"
"709","frencoo-sf-hdx-modul-t-ayar-civata-dislisi-60-6090-ekersan","FRENCOO SF HDX MODUL T AYAR CİVATA DİŞLİSİ","60-6090","","Ekersan","Kaliper Tamir Takımı (Frenco)","KALİPER ÜRÜNLERİ","10","612.48","https://frenciniz.com/urun/709/frencoo-sf-hdx-modul-t-ayar-civata-dislisi-60-6090-ekersan"
"710","axor-set-yeni-model-fx-1080-ekersan","AXOR SET YENİ MODEL","FX-1080","","Ekersan","Kaliper Tamir Takımı","KALİPER ÜRÜNLERİ","1","5456.88","https://frenciniz.com/urun/710/axor-set-yeni-model-fx-1080-ekersan"
"711","disk-balatasi-29256-pwr-5030-ekersan","DİSK BALATASI 29256","PWR-5030","29256","Ekersan","Fren Balatası","BALATA","12","1746.89","https://frenciniz.com/urun/711/disk-balatasi-29256-pwr-5030-ekersan"
"712","pan22-1-balata-itici-pleyti-sag-30-3582-ekersan","PAN22-1 BALATA İTİCİ PLEYTİ (SAĞ)","30-3582","","Ekersan","Fren Balatası","BALATA","1","843.48","https://frenciniz.com/urun/712/pan22-1-balata-itici-pleyti-sag-30-3582-ekersan"
"713","pan22-1-balata-itici-pleyti-sol-30-3583-ekersan","PAN22-1 BALATA İTİCİ PLEYTİ (SOL)","30-3583","","Ekersan","Fren Balatası","BALATA","1","843.48","https://frenciniz.com/urun/713/pan22-1-balata-itici-pleyti-sol-30-3583-ekersan"
"714","elsa2-radial-aluminyum-kapak-tk-20-2609-ekersan","ELSA2 RADIAL ALÜMİNYUM KAPAK TK","20-2609","","Ekersan","Kaliper Tamir Takımı (Elsa)","KALİPER ÜRÜNLERİ","1","5237.76","https://frenciniz.com/urun/714/elsa2-radial-aluminyum-kapak-tk-20-2609-ekersan"
"715","1846-cargo-y-m-abs-dislisi-eyd-91-30-ekersan","1846 CARGO Y.M. ABS DİŞLİSİ","EYD 91 30","","Ekersan","ABS Sensörü/Modülü/Kablo","SENSÖR VE UZATMALAR","13","607.2","https://frenciniz.com/urun/715/1846-cargo-y-m-abs-dislisi-eyd-91-30-ekersan"
"716","pwr-disk-balatasi-mers-arocs-y-m-29315-pwr-5029-ekersan","PWR DİSK BALATASI MERS.AROCS Y.M. 29315","PWR-5029","29315","Ekersan","Fren Balatası","BALATA","37","2379.43","https://frenciniz.com/urun/716/pwr-disk-balatasi-mers-arocs-y-m-29315-pwr-5029-ekersan"
"717","pwr-disk-balatasi-scania-y-m-pwr-5028-ekersan","PWR DİSK BALATASI SCANIA Y.M.","PWR-5028","29332","Ekersan","Fren Balatası","BALATA","21","2672.6","https://frenciniz.com/urun/717/pwr-disk-balatasi-scania-y-m-pwr-5028-ekersan"
"718","disk-balata-schmitz-29328-pwr-5027-ekersan","DİSK BALATA SCHMİTZ (29328)","PWR-5027","29328","Ekersan","Fren Balatası","BALATA","35","2582.58","https://frenciniz.com/urun/718/disk-balata-schmitz-29328-pwr-5027-ekersan"
"719","balata-man-tgax-29252-29253-pwr-5022-ekersan","BALATA MAN TGAX (29252 / 29253)","PWR-5022","29253","Ekersan","Fren Balatası","BALATA","6","2541.92","https://frenciniz.com/urun/719/balata-man-tgax-29252-29253-pwr-5022-ekersan"
"720","balata-man-tgax-29279-pwr-5020-ekersan","BALATA MAN TGAX (29279)","PWR-5020","29279","Ekersan","Fren Balatası","BALATA","27","2584.82","https://frenciniz.com/urun/720/balata-man-tgax-29279-pwr-5020-ekersan"
"721","balata-renault-220-on-arka-29141-29142-pwr-5019-ekersan","BALATA RENAULT 220 ÖN-ARKA (29141 / 29142)","PWR-5019","29141","Ekersan","Fren Balatası","BALATA","12","2239.38","https://frenciniz.com/urun/721/balata-renault-220-on-arka-29141-29142-pwr-5019-ekersan"
"722","balata-saf-dingil-29195-pwr-5018-ekersan","BALATA SAF DİNGİL (29195)","PWR-5018","29195","Ekersan","Fren Balatası","BALATA","61","2293.9","https://frenciniz.com/urun/722/balata-saf-dingil-29195-pwr-5018-ekersan"
"723","balata-man-iveco-otokar-29115-pwr-5017-ekersan","BALATA MAN-İVECO-OTOKAR (29115)","PWR-5017","29115","Ekersan","Fren Balatası","BALATA","34","2047.72","https://frenciniz.com/urun/723/balata-man-iveco-otokar-29115-pwr-5017-ekersan"
"724","balata-mercedes-iveco-man-renault-29030-pwr-5016-ekersan","BALATA MERCEDES/IVECO/MAN/RENAULT (29030)","PWR-5016","29030","Ekersan","Fren Balatası","BALATA","26","2668.78","https://frenciniz.com/urun/724/balata-mercedes-iveco-man-renault-29030-pwr-5016-ekersan"
"725","balata-renault-magnum-dorse-29169-pwr-5015-ekersan","BALATA RENAULT MAGNUM DORSE (29169)","PWR-5015","29169","Ekersan","Fren Balatası","BALATA","32","2285.71","https://frenciniz.com/urun/725/balata-renault-magnum-dorse-29169-pwr-5015-ekersan"
"726","balata-renault-truck-volvo-440-29173-pwr-5014-ekersan","BALATA RENAULT TRUCK /VOLVO 440 (29173)","PWR-5014","29173","Ekersan","Fren Balatası","BALATA","12","2208.62","https://frenciniz.com/urun/726/balata-renault-truck-volvo-440-29173-pwr-5014-ekersan"
"727","balata-yeni-bpw-buyuk-29228-pwr-5013-ekersan","BALATA YENİ BPW BÜYÜK (29228)","PWR-5013","29228","Ekersan","Fren Balatası","BALATA","165","2501.66","https://frenciniz.com/urun/727/balata-yeni-bpw-buyuk-29228-pwr-5013-ekersan"
"728","balata-yeni-bpw-kucuk-29227-pwr-5012-ekersan","BALATA YENİ BPW KÜÇÜK (29227)","PWR-5012","29227","Ekersan","Fren Balatası","BALATA","24","2391.97","https://frenciniz.com/urun/728/balata-yeni-bpw-kucuk-29227-pwr-5012-ekersan"
"729","balata-ren-mid-270-pre-370-420-magnum-dxi-29131-29156-pwr-5011-ekersan","BALATA REN.MİD.270/PRE 370/420 /MAGNUM DXI (29131-29156)","PWR-5011","29131","Ekersan","Fren Balatası","BALATA","33","2778.86","https://frenciniz.com/urun/729/balata-ren-mid-270-pre-370-420-magnum-dxi-29131-29156-pwr-5011-ekersan"
"730","balata-saf-dingil-29162-pwr-5010-ekersan","BALATA SAF DİNGİL (29162)","PWR-5010","29162","Ekersan","Fren Balatası","BALATA","62","2482.13","https://frenciniz.com/urun/730/balata-saf-dingil-29162-pwr-5010-ekersan"
"731","balata-saf-jumbo-dingil-29159-29126-pwr-5009-ekersan","BALATA SAF JUMBO DİNGİL (29159 / 29126)","PWR-5009","29159","Ekersan","Fren Balatası","BALATA","20","2164.27","https://frenciniz.com/urun/731/balata-saf-jumbo-dingil-29159-29126-pwr-5009-ekersan"
"732","balata-volvo-fh12-420-serisi-29125-pwr-5008-ekersan","BALATA VOLVO FH12 420 SERİSİ (29125)","PWR-5008","29125","Ekersan","Fren Balatası","BALATA","16","2555.52","https://frenciniz.com/urun/732/balata-volvo-fh12-420-serisi-29125-pwr-5008-ekersan"
"733","balata-renault-premium-430-440-450-460-dxi-29174-pwr-5007-ekersan","BALATA RENAULT PREMIUM 430/440/450/460 DXI (29174)","PWR-5007","29174","Ekersan","Fren Balatası","BALATA","29","2426.03","https://frenciniz.com/urun/733/balata-renault-premium-430-440-450-460-dxi-29174-pwr-5007-ekersan"
"734","balata-axor-disk-arka-y-m-29244-29245-pwr-5006-ekersan","BALATA AXOR DİSK ARKA Y.M. (29244 / 29245)","PWR-5006","29244","Ekersan","Fren Balatası","BALATA","25","2367.42","https://frenciniz.com/urun/734/balata-axor-disk-arka-y-m-29244-29245-pwr-5006-ekersan"
"735","balata-axor-disk-on-y-m-29246-29247-pwr-5005-ekersan","BALATA AXOR DİSK ÖN Y.M. (29246 / 29247)","PWR-5005","29246","Ekersan","Fren Balatası","BALATA","21","2602.51","https://frenciniz.com/urun/735/balata-axor-disk-on-y-m-29246-29247-pwr-5005-ekersan"
"736","balata-axor-disk-e-m-29087-pwr-5004-ekersan","BALATA AXOR DİSK  E.M. (29087)","PWR-5004","29087","Ekersan","Fren Balatası","BALATA","24","2394.74","https://frenciniz.com/urun/736/balata-axor-disk-e-m-29087-pwr-5004-ekersan"
"737","balata-kogel-bpw-dingil-29171-pwr-5002-ekersan","BALATA KOGEL-BPW DİNGİL (29171)","PWR-5002","29171","Ekersan","Fren Balatası","BALATA","44","2264.59","https://frenciniz.com/urun/737/balata-kogel-bpw-dingil-29171-pwr-5002-ekersan"
"738","balata-bpw-dingil-jumbo-atego-29165-29166-pwr-5001-ekersan","BALATA BPW DİNGİL JUMBO-ATEGO (29165-29166)","PWR-5001","29165","Ekersan","Fren Balatası","BALATA","54","2151.34","https://frenciniz.com/urun/738/balata-bpw-dingil-jumbo-atego-29165-29166-pwr-5001-ekersan"
"739","balata-fruehauf-dorse-bpw-dingil-29167-pwr-5000-ekersan","BALATA FRUEHAUF DORSE BPW DİNGİL (29167)","PWR-5000","29167","Ekersan","Fren Balatası","BALATA","69","2394.74","https://frenciniz.com/urun/739/balata-fruehauf-dorse-bpw-dingil-29167-pwr-5000-ekersan"
"740","porya-pirlanta-dingil-plot-12-ton-esp-30-02-ekersan","PORYA PIRLANTA DİNGİL PLOT 12 TON","ESP.30.02","","Ekersan","Porya","PORYA","1","6375.6","https://frenciniz.com/urun/740/porya-pirlanta-dingil-plot-12-ton-esp-30-02-ekersan"
"741","porya-cos-tds-esp-23-01-ekersan","PORYA COS/TDS","ESP.23.01","","Ekersan","Porya","PORYA","5","5313","https://frenciniz.com/urun/741/porya-cos-tds-esp-23-01-ekersan"
"742","porya-sogutmali-y-m-88-lik-esp-18-14-ekersan","PORYA SOĞUTMALI Y.M (88'LİK)","ESP.18.14","3307304500, 1307304510, 3307304502","Ekersan","Porya","PORYA","2","7893.6","https://frenciniz.com/urun/742/porya-sogutmali-y-m-88-lik-esp-18-14-ekersan"
"743","porya-saf-holland-esp-18-13-ekersan","Porya SAF Holland","ESP.18.13","3307305600, 3307305601, 03307305603","Ekersan","Porya","PORYA","3","8197.2","https://frenciniz.com/urun/743/porya-saf-holland-esp-18-13-ekersan"
"744","saf-diskli-porya-82-lik-esp-18-10-ekersan","SAF DİSKLİ PORYA (82'LİK)","ESP.18.10","3307303000, 3307303001","Ekersan","Porya","PORYA","3","7893.6","https://frenciniz.com/urun/744/saf-diskli-porya-82-lik-esp-18-10-ekersan"
"745","jant-flansi-saf-esp-18-09-01-ekersan","JANT FLANŞI SAF","ESP.18.09.01","1146200100, 1146200402, 1146200401","Ekersan","Porya","PORYA","2","5313","https://frenciniz.com/urun/745/jant-flansi-saf-esp-18-09-01-ekersan"
"746","porya-12-tonluk-pilot-axl-akkar-bpw-tipi-esp-16-29-ekersan","PORYA 12 TONLUK PİLOT AXL-AKKAR BPW TİPİ","ESP.16.29","","Ekersan","Porya","PORYA","4","6375.6","https://frenciniz.com/urun/746/porya-12-tonluk-pilot-axl-akkar-bpw-tipi-esp-16-29-ekersan"
"747","porya-seckinsan-eski-model-114-esp-16-25-ekersan","PORYA SEÇKİNSAN ESKİ MODEL 114","ESP.16.25","","Ekersan","Porya","PORYA","1","8045.4","https://frenciniz.com/urun/747/porya-seckinsan-eski-model-114-esp-16-25-ekersan"
"748","bpw-porya-esp-16-12-15-ekersan","BPW PORYA","ESP.16.12.15","0327243290, 0980107350","Ekersan","Porya","PORYA","1","6679.2","https://frenciniz.com/urun/748/bpw-porya-esp-16-12-15-ekersan"
"749","porya-bpw-diskli-9-ton-plot-esp-16-04-02-ekersan","PORYA BPW DİSKLİ 9 TON PLOT","ESP.16.04.02","0327230990, 0980106670","Ekersan","Porya","PORYA","1","7134.6","https://frenciniz.com/urun/749/porya-bpw-diskli-9-ton-plot-esp-16-04-02-ekersan"
"750","porya-bpw-jumbo-cakma-esp-16-01-04-ekersan","PORYA BPW JUMBO ÇAKMA","ESP.16.01.04","0327227480","Ekersan","Porya","PORYA","1","5616.6","https://frenciniz.com/urun/750/porya-bpw-jumbo-cakma-esp-16-01-04-ekersan"
"751","porya-iveco-cerli-cekici-esp-09-08-ekersan","PORYA IVECO CERLİ ÇEKİCİ","ESP.09.08","42104692, 42104691","Ekersan","Porya","PORYA","1","9715.2","https://frenciniz.com/urun/751/porya-iveco-cerli-cekici-esp-09-08-ekersan"
"752","porya-ford-cargo-3238-4142-4136-on-kampanali-esp-08-10-ekersan","PORYA FORD CARGO 3238 -4142- 4136 ÖN KAMPANALI","ESP.08.10","9C461106AA, RF8C46, 1106AB","Ekersan","Porya","PORYA","7","7438.2","https://frenciniz.com/urun/752/porya-ford-cargo-3238-4142-4136-on-kampanali-esp-08-10-ekersan"
"753","porya-35-30-kargo-cekici-esp-08-08-ekersan","PORYA 35/30 KARGO ÇEKİCİ","ESP.08.08","A333K4561","Ekersan","Porya","PORYA","12","7590","https://frenciniz.com/urun/753/porya-35-30-kargo-cekici-esp-08-08-ekersan"
"754","porya-3230-cargo-on-esp-08-07-ekersan","PORYA 3230 CARGO ÖN","ESP.08.07","98CT1106, 9C451K002AA, DC461104","Ekersan","Porya","PORYA","1","7438.2","https://frenciniz.com/urun/754/porya-3230-cargo-on-esp-08-07-ekersan"
"755","porya-pro-522-kampanali-on-esp-07-13-ekersan","PORYA PRO 522 KAMPANALI ÖN","ESP.07.13","81357010176, 36357010000","Ekersan","Porya","PORYA","1","5616.6","https://frenciniz.com/urun/755/porya-pro-522-kampanali-on-esp-07-13-ekersan"
"756","porya-220-26-dev-822-827-on-esp-07-04-ekersan","PORYA 220/26 DEV 822/827 ÖN","ESP.07.04","7K87702M","Ekersan","Porya","PORYA","1","7893.6","https://frenciniz.com/urun/756/porya-220-26-dev-822-827-on-esp-07-04-ekersan"
"757","porya-162-25-fatih-cekici-esp-07-02-ekersan","PORYA 162/25 FATİH ÇEKİCİ","ESP.07.02","7 KA 12558","Ekersan","Porya","PORYA","1","10170.6","https://frenciniz.com/urun/757/porya-162-25-fatih-cekici-esp-07-02-ekersan"
"758","porya-daf-cf75-on-esp-04-06-ekersan","PORYA DAF CF75 ÖN","ESP.04.06","1818004, 1699327, 1691621","Ekersan","Porya","PORYA","1","10777.8","https://frenciniz.com/urun/758/porya-daf-cf75-on-esp-04-06-ekersan"
"759","porya-scania-yeni-model-cekici-esp-03-11-ekersan","PORYA SCANIA YENİ MODEL ÇEKİCİ","ESP.03.11","1800283, 2290542","Ekersan","Porya","PORYA","2","9259.8","https://frenciniz.com/urun/759/porya-scania-yeni-model-cekici-esp-03-11-ekersan"
"760","porya-scania-diskli-y-model-cekici-esp-03-03-ekersan","PORYA SCANIA DİSKLİ Y.MODEL ÇEKİCİ","ESP.03.03","1724790","Ekersan","Porya","PORYA","1","9259.8","https://frenciniz.com/urun/760/porya-scania-diskli-y-model-cekici-esp-03-03-ekersan"
"761","porya-scania-diskli-cekici-esp-03-02-ekersan","PORYA SCANIA DİSKLİ ÇEKİCİ","ESP.03.02","1800283 - 1382884","Ekersan","Porya","PORYA","2","8956.2","https://frenciniz.com/urun/761/porya-scania-diskli-cekici-esp-03-02-ekersan"
"762","cerli-cekici-porya-esp-02-27-ekersan","CERLİ ÇEKİCİ PORYA","ESP.02.27","81357006150, 81357006154, 8357006136, 81357010174","Ekersan","Porya","PORYA","1","8045.4","https://frenciniz.com/urun/762/cerli-cekici-porya-esp-02-27-ekersan"
"763","12-163-on-porya-esp-02-21-ekersan","12.163 ÖN PORYA","ESP.02.21","81443010182","Ekersan","Porya","PORYA","1","4857.6","https://frenciniz.com/urun/763/12-163-on-porya-esp-02-21-ekersan"
"764","porya-33-372-32-270-man-on-esp-02-12-ekersan","PORYA 33/372-32/270 MAN ÖN","ESP.02.12","81443010146, 81443013146","Ekersan","Porya","PORYA","1","6679.2","https://frenciniz.com/urun/764/porya-33-372-32-270-man-on-esp-02-12-ekersan"
"765","porya-26-230-26-270-cerli-ceki-esp-02-10-ekersan","PORYA 26/230-26/270 CERLİ ÇEKİ","ESP.02.10","81357010141","Ekersan","Porya","PORYA","1","9715.2","https://frenciniz.com/urun/765/porya-26-230-26-270-cerli-ceki-esp-02-10-ekersan"
"766","porya-atego-diskli-on-flansli-esp-01-43-01-ekersan","PORYA ATEGO DİSKLİ ÖN FLANŞLI","ESP.01.43.01","9753300544","Ekersan","Porya","PORYA","2","4098.6","https://frenciniz.com/urun/766/porya-atego-diskli-on-flansli-esp-01-43-01-ekersan"
"767","porya-axor-diskli-on-flansli-esp-01-39-01-ekersan","PORYA AXOR DİSKLİ ÖN  FLANŞLI","ESP.01.39.01","9433340945","Ekersan","Porya","PORYA","14","5920.2","https://frenciniz.com/urun/767/porya-axor-diskli-on-flansli-esp-01-39-01-ekersan"
"768","porya-mercedes-diskli-dingil-esp-01-35-ekersan","PORYA MERCEDES DİSKLİ DİNGİL","ESP.01.35","9463560401, 9463560501","Ekersan","Porya","PORYA","1","7893.6","https://frenciniz.com/urun/768/porya-mercedes-diskli-dingil-esp-01-35-ekersan"
"769","porya-1838-actoros-diskli-akisli-cekici-esp-01-27-ekersan","PORYA 1838 ACTOROS DİSKLİ AKİSLİ ÇEKİCİ","ESP.01.27","9463560701","Ekersan","Porya","PORYA","1","11536.8","https://frenciniz.com/urun/769/porya-1838-actoros-diskli-akisli-cekici-esp-01-27-ekersan"
"770","porya-1840-1848-axor-on-esp-01-02-ekersan","PORYA 1840-1848 AXOR ÖN","ESP.01.02","9423341201, 9423340701, 9423341501, 9423340201","Ekersan","Porya","PORYA","2","8349","https://frenciniz.com/urun/770/porya-1840-1848-axor-on-esp-01-02-ekersan"
"771","bpw-pabuc-yayi-2-li-catal-yay-h-24328-ekersan","BPW PABUÇ YAYI-2'Lİ ÇATAL YAY","H-24328","(A) A4","Ekersan","Fren Pabucu","FREN PABUÇLARI","382","42.24","https://frenciniz.com/urun/771/bpw-pabuc-yayi-2-li-catal-yay-h-24328-ekersan"
"772","bpw-pabuc-yayi-2-li-catal-yay-h-24327-ekersan","BPW PABUÇ YAYI-2'Lİ ÇATAL YAY","H-24327","(A) A4","Ekersan","Fren Pabucu","FREN PABUÇLARI","389","42.24","https://frenciniz.com/urun/772/bpw-pabuc-yayi-2-li-catal-yay-h-24327-ekersan"
"773","saf-dorse-kovan-somunu-kucuk-sag-eyd-92-04-ekersan","SAF DORSE KOVAN SOMUNU KÜÇÜK SAĞ","EYD 92 04","","Ekersan","Somun / Cıvata","BİJON","176","415.8","https://frenciniz.com/urun/773/saf-dorse-kovan-somunu-kucuk-sag-eyd-92-04-ekersan"
"774","saf-dorse-kovan-somunu-kucuk-sol-eyd-92-03-ekersan","SAF DORSE KOVAN SOMUNU KÜÇÜK SOL","EYD 92 03","","Ekersan","Somun / Cıvata","BİJON","177","415.8","https://frenciniz.com/urun/774/saf-dorse-kovan-somunu-kucuk-sol-eyd-92-03-ekersan"
"775","saf-dorse-kovan-somunu-buyuk-sag-eyd-92-02-ekersan","SAF DORSE KOVAN SOMUNU BÜYÜK SAĞ","EYD 92 02","","Ekersan","Somun / Cıvata","BİJON","58","462","https://frenciniz.com/urun/775/saf-dorse-kovan-somunu-buyuk-sag-eyd-92-02-ekersan"
"776","saf-dorse-kovan-somunu-buyuk-sol-eyd-92-01-ekersan","SAF DORSE KOVAN SOMUNU BÜYÜK SOL","EYD 92 01","","Ekersan","Somun / Cıvata","BİJON","101","462","https://frenciniz.com/urun/776/saf-dorse-kovan-somunu-buyuk-sol-eyd-92-01-ekersan"
"777","scania-abs-dislisi-on-sac-eyd-91-27-ekersan","SCANIA ABS DİŞLİSİ ÖN SAÇ","EYD 91 27","1442300","Ekersan","ABS Sensörü/Modülü/Kablo","SENSÖR VE UZATMALAR","21","231","https://frenciniz.com/urun/777/scania-abs-dislisi-on-sac-eyd-91-27-ekersan"
"778","atego-abs-dislisi-arka-y-m-eyd-91-23-1-ekersan","ATEGO ABS DİŞLİSİ ARKA Y.M.","EYD 91 23-1","9733561015","Ekersan","ABS Sensörü/Modülü/Kablo","SENSÖR VE UZATMALAR","3","330","https://frenciniz.com/urun/778/atego-abs-dislisi-arka-y-m-eyd-91-23-1-ekersan"
"779","atego-abs-dislisi-arka-eyd-91-23-ekersan","ATEGO ABS DİŞLİSİ ARKA","EYD 91 23","9703560415","Ekersan","ABS Sensörü/Modülü/Kablo","SENSÖR VE UZATMALAR","5","303.6","https://frenciniz.com/urun/779/atego-abs-dislisi-arka-eyd-91-23-ekersan"
"780","dorse-170-192-16-abs-dislisi-eyd-91-19-ekersan","DORSE 170*192*16 ABS DİŞLİSİ","EYD 91 19","","Ekersan","ABS Sensörü/Modülü/Kablo","SENSÖR VE UZATMALAR","27","481.8","https://frenciniz.com/urun/780/dorse-170-192-16-abs-dislisi-eyd-91-19-ekersan"
"781","dorse-168-192-16-abs-dislisi-eyd-91-18-ekersan","DORSE 168*192*16 ABS DİŞLİSİ","EYD 91 18","","Ekersan","ABS Sensörü/Modülü/Kablo","SENSÖR VE UZATMALAR","34","481.8","https://frenciniz.com/urun/781/dorse-168-192-16-abs-dislisi-eyd-91-18-ekersan"
"782","volvo-renault-440-abs-dislisi-arka-eyd-91-15-ekersan","VOLVO RENAULT 440 ABS DİŞLİSİ / ARKA","EYD 91 15","20424109","Ekersan","ABS Sensörü/Modülü/Kablo","SENSÖR VE UZATMALAR","159","475.2","https://frenciniz.com/urun/782/volvo-renault-440-abs-dislisi-arka-eyd-91-15-ekersan"
"783","volvo-renault-440-abs-dislisi-on-eyd-91-14-ekersan","VOLVO RENAULT 440 ABS DİŞLİSİ / ÖN","EYD 91 14","20392016","Ekersan","ABS Sensörü/Modülü/Kablo","SENSÖR VE UZATMALAR","16","415.8","https://frenciniz.com/urun/783/volvo-renault-440-abs-dislisi-on-eyd-91-14-ekersan"
"784","cargo-abs-dislisi-arka-eyd-91-13-ekersan","CARGO ABS DİŞLİSİ / ARKA","EYD 91 13","","Ekersan","ABS Sensörü/Modülü/Kablo","SENSÖR VE UZATMALAR","50","871.2","https://frenciniz.com/urun/784/cargo-abs-dislisi-arka-eyd-91-13-ekersan"
"785","saf-dorse-abs-dislisi-eyd-91-11-ekersan","SAF DORSE ABS DİŞLİSİ","EYD 91 11","4029106300","Ekersan","ABS Sensörü/Modülü/Kablo","SENSÖR VE UZATMALAR","65","217.8","https://frenciniz.com/urun/785/saf-dorse-abs-dislisi-eyd-91-11-ekersan"
"786","axor-abs-dislisi-arka-y-m-eyd-91-10-1-ekersan","AXOR ABS DİŞLİSİ ARKA Y-M","EYD 91 10-1","9423560515","Ekersan","ABS Sensörü/Modülü/Kablo","SENSÖR VE UZATMALAR","50","303.6","https://frenciniz.com/urun/786/axor-abs-dislisi-arka-y-m-eyd-91-10-1-ekersan"
"787","axor-abs-dislisi-e-m-arka-eyd-91-10-ekersan","AXOR ABS DİŞLİSİ E.M / ARKA","EYD 91 10","9423560715","Ekersan","ABS Sensörü/Modülü/Kablo","SENSÖR VE UZATMALAR","293","303.6","https://frenciniz.com/urun/787/axor-abs-dislisi-e-m-arka-eyd-91-10-ekersan"
"788","axor-y-m-abs-dislisi-on-eyd-91-09-1-ekersan","AXOR Y.M ABS DİŞLİSİ / ÖN","EYD 91 09-1","9433340115","Ekersan","ABS Sensörü/Modülü/Kablo","SENSÖR VE UZATMALAR","66","264","https://frenciniz.com/urun/788/axor-y-m-abs-dislisi-on-eyd-91-09-1-ekersan"
"789","daf-abs-dislisi-on-eyd-91-06-ekersan","DAF ABS DİŞLİSİ / ÖN","EYD 91 06","1805821","Ekersan","ABS Sensörü/Modülü/Kablo","SENSÖR VE UZATMALAR","79","217.8","https://frenciniz.com/urun/789/daf-abs-dislisi-on-eyd-91-06-ekersan"
"790","bpw-abs-dislisi-y-m-sac-eyd-91-03-ekersan","BPW ABS DİŞLİSİ Y.M SAÇ","EYD 91 03","03.3100.84.41","Ekersan","ABS Sensörü/Modülü/Kablo","SENSÖR VE UZATMALAR","35","303.6","https://frenciniz.com/urun/790/bpw-abs-dislisi-y-m-sac-eyd-91-03-ekersan"
"791","bpw-abs-dislisi-disk-fren-y-m-sac-100-dis-eyd-91-02-ekersan","BPW ABS DİŞLİSİ DİSK FREN Y.M SAÇ 100 DİŞ","EYD 91 02","0331008510 - 0331008530","Ekersan","Fren Diski","DİSK","70","264","https://frenciniz.com/urun/791/bpw-abs-dislisi-disk-fren-y-m-sac-100-dis-eyd-91-02-ekersan"
"792","126-156-5-7-8-bpw-abs-dislisi-celik-eyd-91-01-ekersan","126*156.5*7.8 BPW ABS DİŞLİSİ ÇELİK","EYD 91 01","0331008530S","Ekersan","ABS Sensörü/Modülü/Kablo","SENSÖR VE UZATMALAR","155","488.4","https://frenciniz.com/urun/792/126-156-5-7-8-bpw-abs-dislisi-celik-eyd-91-01-ekersan"
"793","alman-saf-18-cm-pabuc-e-m-eyd-80-26-ekersan","ALMAN SAF 18 CM PABUÇ E.M.","EYD 80 26","","Ekersan","Fren Pabucu","FREN PABUÇLARI","104","1056","https://frenciniz.com/urun/793/alman-saf-18-cm-pabuc-e-m-eyd-80-26-ekersan"
"794","bpw-takviyeli-pabuc-20-cm-eyd-80-24-ekersan","BPW TAKVİYELİ PABUÇ 20 CM","EYD 80 24","(A) D3","Ekersan","Fren Pabucu","FREN PABUÇLARI","26","1287","https://frenciniz.com/urun/794/bpw-takviyeli-pabuc-20-cm-eyd-80-24-ekersan"
"795","saf-dorse-bilyali-pabuc-18-cm-eyd-80-07-ekersan","SAF DORSE BİLYALI PABUÇ 18 CM","EYD 80 07","(A) G4 - 3054.0120.00","Ekersan","Fren Pabucu","FREN PABUÇLARI","30","1518","https://frenciniz.com/urun/795/saf-dorse-bilyali-pabuc-18-cm-eyd-80-07-ekersan"
"796","fruhauf-dorse-18-cm-pabuc-eyd-80-06-ekersan","FRUHAUF DORSE 18 CM PABUÇ","EYD 80 06","6504773","Ekersan","Fren Pabucu","FREN PABUÇLARI","20","1221","https://frenciniz.com/urun/796/fruhauf-dorse-18-cm-pabuc-eyd-80-06-ekersan"
"797","fruhauf-dorse-20-cm-pabuc-eyd-80-05-ekersan","FRUHAUF DORSE 20 CM PABUÇ","EYD 80 05","","Ekersan","Fren Pabucu","FREN PABUÇLARI","20","1221","https://frenciniz.com/urun/797/fruhauf-dorse-20-cm-pabuc-eyd-80-05-ekersan"
"798","bpw-20-cm-balatali-pabuc-eyd-80-04-2-ekersan","BPW 20 CM BALATALI PABUÇ","EYD 80 04-2","(A) G4","Ekersan","Fren Pabucu","FREN PABUÇLARI","12","1683","https://frenciniz.com/urun/798/bpw-20-cm-balatali-pabuc-eyd-80-04-2-ekersan"
"799","bpw-18-cm-pabuc-balatali-eyd-80-04-1-ekersan","BPW 18 CM PABUÇ BALATALI","EYD 80 04-1","","Ekersan","Fren Pabucu","FREN PABUÇLARI","252","1683","https://frenciniz.com/urun/799/bpw-18-cm-pabuc-balatali-eyd-80-04-1-ekersan"
"800","bpw-18-cm-pabuc-eyd-80-04-ekersan","BPW 18 CM PABUÇ","EYD 80 04","(A) F4 - 05.091.46.17.0","Ekersan","Fren Pabucu","FREN PABUÇLARI","213","1141.8","https://frenciniz.com/urun/800/bpw-18-cm-pabuc-eyd-80-04-ekersan"
"801","fren-pabucu-bpw-20-cm-eyd-80-03-ekersan","Fren Pabucu Bpw 20 cm.","EYD 80 03","(A) H4 - 05.091.27.83.0","Ekersan","Fren Pabucu","FREN PABUÇLARI","1521","1141.8","https://frenciniz.com/urun/801/fren-pabucu-bpw-20-cm-eyd-80-03-ekersan"
"802","yeksan-axs-porya-kapagi-eyd-700-51-ekersan","YEKSAN AXS PORYA KAPAĞI","EYD 700 51","","Ekersan","Porya","PORYA","70","528","https://frenciniz.com/urun/802/yeksan-axs-porya-kapagi-eyd-700-51-ekersan"
"803","semi-tds-dingil-porya-kapagi-icten-yivli-eyd-700-43-1-ekersan","SEMİ-TDS DİNGİL PORYA KAPAĞI İÇTEN YİVLİ","EYD 700 43-1","","Ekersan","Porya","PORYA","6","528","https://frenciniz.com/urun/803/semi-tds-dingil-porya-kapagi-icten-yivli-eyd-700-43-1-ekersan"
"804","ef-42-dingil-porya-kapagi-eyd-700-34-ekersan","EF 42 DİNGİL  PORYA KAPAĞI","EYD 700 34","","Ekersan","Porya","PORYA","42","528","https://frenciniz.com/urun/804/ef-42-dingil-porya-kapagi-eyd-700-34-ekersan"
"805","pirlanta-porya-kapagi-eyd-700-33-ekersan","PIRLANTA PORYA KAPAĞI","EYD 700 33","","Ekersan","Porya","PORYA","70","528","https://frenciniz.com/urun/805/pirlanta-porya-kapagi-eyd-700-33-ekersan"
"806","axl-ak-kar-porya-kapagi-12-ton-sac-134-2-eyd-700-31-ekersan","AXL (AK-KAR) PORYA KAPAĞI 12 TON (SAÇ) 134*2","EYD 700 31","","Ekersan","Porya","PORYA","43","528","https://frenciniz.com/urun/806/axl-ak-kar-porya-kapagi-12-ton-sac-134-2-eyd-700-31-ekersan"
"807","aydin-dorse-dingil-porya-kapagi-eyd-700-30-ekersan","AYDIN DORSE DİNGİL PORYA KAPAĞI","EYD 700 30","","Ekersan","Porya","PORYA","42","528","https://frenciniz.com/urun/807/aydin-dorse-dingil-porya-kapagi-eyd-700-30-ekersan"
"808","mustafa-ceylan-dorse-porya-kapak-eyd-700-28-ekersan","MUSTAFA CEYLAN DORSE PORYA KAPAK","EYD 700 28","","Ekersan","Porya","PORYA","71","528","https://frenciniz.com/urun/808/mustafa-ceylan-dorse-porya-kapak-eyd-700-28-ekersan"
"809","cos-dingil-porya-kapagi-eyd-700-08-ekersan","COS DİNGİL PORYA KAPAĞI","EYD 700 08","","Ekersan","Porya","PORYA","51","528","https://frenciniz.com/urun/809/cos-dingil-porya-kapagi-eyd-700-08-ekersan"
"810","serin-dorse-porya-kapagi-eyd-700-07-ekersan","SERİN DORSE PORYA KAPAĞI","EYD 700 07","","Ekersan","Porya","PORYA","124","528","https://frenciniz.com/urun/810/serin-dorse-porya-kapagi-eyd-700-07-ekersan"
"811","sertel-porya-kapagi-143-aluminyum-eyd-700-06-ekersan","SERTEL PORYA KAPAĞI 143 ALÜMİNYUM","EYD 700 06","","Ekersan","Porya","PORYA","396","528","https://frenciniz.com/urun/811/sertel-porya-kapagi-143-aluminyum-eyd-700-06-ekersan"
"812","osman-koc-porya-kapagi-k2-eyd-700-04-ekersan","OSMAN KOÇ PORYA KAPAĞI K2","EYD 700 04","","Ekersan","Porya","PORYA","7","528","https://frenciniz.com/urun/812/osman-koc-porya-kapagi-k2-eyd-700-04-ekersan"
"813","osman-koc-porya-kapagi-k1-eyd-700-03-ekersan","OSMAN KOÇ PORYA KAPAĞI K1","EYD 700 03","","Ekersan","Porya","PORYA","74","528","https://frenciniz.com/urun/813/osman-koc-porya-kapagi-k1-eyd-700-03-ekersan"
"814","jumbo-dorse-yayi-ozel-eyd-70-65-ekersan","JUMBO DORSE YAYI ÖZEL","EYD 70 65","","Ekersan","Yay","FREN YAYLARI","26","66","https://frenciniz.com/urun/814/jumbo-dorse-yayi-ozel-eyd-70-65-ekersan"
"815","isuzu-nor-fren-yayi-eyd-70-58-ekersan","ISUZU NOR FREN YAYI","EYD 70 58","(A) B4","Ekersan","Yay","FREN YAYLARI","180","46.2","https://frenciniz.com/urun/815/isuzu-nor-fren-yayi-eyd-70-58-ekersan"
"816","isuzu-turkuaz-fren-yayi-eyd-70-55-ekersan","ISUZU TURKUAZ FREN YAYI","EYD 70 55","(A) B4","Ekersan","Yay","FREN YAYLARI","60","46.2","https://frenciniz.com/urun/816/isuzu-turkuaz-fren-yayi-eyd-70-55-ekersan"
"817","isuzu-sampiyon-fren-yayi-eyd-70-49-ekersan","ISUZU ŞAMPİYON FREN YAYI","EYD 70 49","(A) B4","Ekersan","Yay","FREN YAYLARI","260","46.2","https://frenciniz.com/urun/817/isuzu-sampiyon-fren-yayi-eyd-70-49-ekersan"
"818","isuzu-npr-fren-yayi-eyd-70-48-ekersan","ISUZU NPR FREN YAYI","EYD 70 48","(A) B4","Ekersan","Yay","FREN YAYLARI","420","46.2","https://frenciniz.com/urun/818/isuzu-npr-fren-yayi-eyd-70-48-ekersan"
"819","522-pro-fren-yayi-buyuk-eyd-70-22-ekersan","522 PRO FREN YAYI (BÜYÜK)","EYD 70 22","","Ekersan","Yay","FREN YAYLARI","10","52.8","https://frenciniz.com/urun/819/522-pro-fren-yayi-buyuk-eyd-70-22-ekersan"
"820","tir-aski-yayi-eyd-70-18-ekersan","TIR ASKI YAYI","EYD 70 18","(A) C4","Ekersan","Yay","FREN YAYLARI","40","52.8","https://frenciniz.com/urun/820/tir-aski-yayi-eyd-70-18-ekersan"
"821","jumbo-dorse-yayi-eyd-70-12-ekersan","JUMBO DORSE YAYI","EYD 70 12","(A) C4","Ekersan","Yay","FREN YAYLARI","264","85.8","https://frenciniz.com/urun/821/jumbo-dorse-yayi-eyd-70-12-ekersan"
"822","volvo-tir-y-m-fren-yayi-eyd-70-11-ekersan","VOLVO TIR Y.M.FREN YAYI","EYD 70 11","(A) B4","Ekersan","Yay","FREN YAYLARI","220","112.2","https://frenciniz.com/urun/822/volvo-tir-y-m-fren-yayi-eyd-70-11-ekersan"
"823","renault-kerax-yay-kucuk-eyd-70-10-1-ekersan","RENAULT KERAX YAY KÜÇÜK","EYD 70 10-1","","Ekersan","Yay","FREN YAYLARI","65","99","https://frenciniz.com/urun/823/renault-kerax-yay-kucuk-eyd-70-10-1-ekersan"
"824","renault-magnum-tir-fren-yay-eyd-70-10-ekersan","RENAULT MAGNUM TIR FREN YAY","EYD 70 10","(A) B4","Ekersan","Yay","FREN YAYLARI","80","99","https://frenciniz.com/urun/824/renault-magnum-tir-fren-yay-eyd-70-10-ekersan"
"825","daf-arka-yay-eyd-70-06-ekersan","Daf Arka Yay","EYD 70 06","(A) B4","Ekersan","Yay","FREN YAYLARI","139","105.6","https://frenciniz.com/urun/825/daf-arka-yay-eyd-70-06-ekersan"
"826","tirsan-dorse-buyuk-yay-29-cm-eyd-70-05-ekersan","TIRSAN DORSE BÜYÜK YAY 29 CM","EYD 70 05","(A) A4","Ekersan","Yay","FREN YAYLARI","1480","85.8","https://frenciniz.com/urun/826/tirsan-dorse-buyuk-yay-29-cm-eyd-70-05-ekersan"
"827","tirsan-dorse-orta-yay-28-cm-eyd-70-04-2-ekersan","TIRSAN DORSE ORTA YAY 28 CM","EYD 70 04-2","(A) B4","Ekersan","Yay","FREN YAYLARI","184","85.8","https://frenciniz.com/urun/827/tirsan-dorse-orta-yay-28-cm-eyd-70-04-2-ekersan"
"828","tirsan-dorse-orta-yay-sertel-27-cm-eyd-70-04-1-ekersan","TIRSAN DORSE ORTA YAY (SERTEL) 27 CM","EYD 70 04-1","(A) B4","Ekersan","Yay","FREN YAYLARI","973","85.8","https://frenciniz.com/urun/828/tirsan-dorse-orta-yay-sertel-27-cm-eyd-70-04-1-ekersan"
"829","tirsan-dorse-kucuk-yay-25-cm-eyd-70-04-ekersan","TIRSAN DORSE KÜÇÜK YAY 25 CM","EYD 70 04","(A) C4","Ekersan","Yay","FREN YAYLARI","22","85.8","https://frenciniz.com/urun/829/tirsan-dorse-kucuk-yay-25-cm-eyd-70-04-ekersan"
"830","fren-yayi-vabis-buyuk-eyd-70-03-1-ekersan","FREN YAYI VABİS BÜYÜK","EYD 70 03-1","(A) C4","Ekersan","Yay","FREN YAYLARI","103","92.4","https://frenciniz.com/urun/830/fren-yayi-vabis-buyuk-eyd-70-03-1-ekersan"
"831","dorse-civatali-yay-eyd-70-02-ekersan","Dorse Civatalı Yay","EYD 70 02","","Ekersan","Yay","FREN YAYLARI","351","85.8","https://frenciniz.com/urun/831/dorse-civatali-yay-eyd-70-02-ekersan"
"832","kaplin-lastigi-y-m-eyd-500-05-2-2-ekersan","KAPLİN LASTİĞİ Y.M.","EYD 500 05-2-2","","Ekersan","Lastik","FREN KÖRÜKLERİ","837","13.2","https://frenciniz.com/urun/832/kaplin-lastigi-y-m-eyd-500-05-2-2-ekersan"
"833","kaplin-lastigi-duz-e-m-eyd-500-05-2-ekersan","KAPLİN LASTİĞİ DÜZ E.M","EYD 500 05-2","","Ekersan","Lastik","FREN KÖRÜKLERİ","3080","13.2","https://frenciniz.com/urun/833/kaplin-lastigi-duz-e-m-eyd-500-05-2-ekersan"
"834","sertel-dingil-pabuc-makara-takimi-5-cm-eyd-301-08-ekersan","SERTEL DİNGİL PABUÇ MAKARA TAKIMI 5 CM","EYD 301 08","","Ekersan","Fren Pabucu","FREN PABUÇLARI","2872","231","https://frenciniz.com/urun/834/sertel-dingil-pabuc-makara-takimi-5-cm-eyd-301-08-ekersan"
"835","fren-pabucu-eyd-300-34-ekersan","Fren Pabucu","EYD 300 34","","Ekersan","Fren Pabucu","FREN PABUÇLARI","286","3300","https://frenciniz.com/urun/835/fren-pabucu-eyd-300-34-ekersan"
"836","420-200-burcsuz-pabuc-arasi-5-cm-eyd-300-12-ekersan","420/200 BURÇSUZ PABUÇ ARASI 5 CM","EYD 300 12","(A) E3","Ekersan","Fren Pabucu","FREN PABUÇLARI","1","2046","https://frenciniz.com/urun/836/420-200-burcsuz-pabuc-arasi-5-cm-eyd-300-12-ekersan"
"837","420-200-burcsuz-sertel-e-m-eyd-300-03-ekersan","420/200 BURÇSUZ SERTEL E.M","EYD 300 03","","Ekersan","Burç / Muylu","SÜSP. KÖRÜĞÜ","20","2046","https://frenciniz.com/urun/837/420-200-burcsuz-sertel-e-m-eyd-300-03-ekersan"
"838","as-900-arka-yay-orjinal-eyd-30-05-ekersan","AS 900 ARKA YAY ORJİNAL","EYD 30 05","(A) C4","Ekersan","Yay","FREN YAYLARI","56","85.8","https://frenciniz.com/urun/838/as-900-arka-yay-orjinal-eyd-30-05-ekersan"
"839","as-600-dodge-arka-fren-yayi-orjinal-23-cm-eyd-30-01-ekersan","AS 600 DODGE ARKA FREN YAYI ORJİNAL 23 CM","EYD 30 01","(A) C4","Ekersan","Yay","FREN YAYLARI","60","85.8","https://frenciniz.com/urun/839/as-600-dodge-arka-fren-yayi-orjinal-23-cm-eyd-30-01-ekersan"
"840","perno-klips-eyd-209-11-ekersan","Perno Klips","EYD 209 11","","Ekersan","Perno","KALİPER ÜRÜNLERİ","1161","25.08","https://frenciniz.com/urun/840/perno-klips-eyd-209-11-ekersan"
"841","sertel-pabuc-perno-tek-tarafi-yarikli-kilit-sacli-takim-eyd-209-03-ekersan","SERTEL PABUÇ PERNO TEK TARAFI YARIKLI KİLİT SAÇLI TAKIM","EYD 209 03","","Ekersan","Fren Pabucu","FREN PABUÇLARI","1218","633.6","https://frenciniz.com/urun/841/sertel-pabuc-perno-tek-tarafi-yarikli-kilit-sacli-takim-eyd-209-03-ekersan"
"842","disk-bijonu-eyd-209-02-ekersan","Disk Bijonu","EYD 209 02","","Ekersan","Disk Bijonu/Civatası","BİJON","68549","50.82","https://frenciniz.com/urun/842/disk-bijonu-eyd-209-02-ekersan"
"843","disk-montaj-seti-eyd-209-01-ekersan","Disk Montaj Seti","EYD 209 01","","Ekersan","Fren Diski","DİSK","862","396","https://frenciniz.com/urun/843/disk-montaj-seti-eyd-209-01-ekersan"
"844","fren-pabucu-volvo-17-5-cm-ust-8-mm-uzak-eyd-206-43-1-ekersan","FREN PABUCU VOLVO 17,5 CM ÜST (8 MM) (UZAK)","EYD 206 43-1","30.951.95","Ekersan","Fren Pabucu","FREN PABUÇLARI","17","1102.2","https://frenciniz.com/urun/844/fren-pabucu-volvo-17-5-cm-ust-8-mm-uzak-eyd-206-43-1-ekersan"
"845","fren-pabucu-volvo-17-5-cm-alt-8-mm-yakin-eyd-206-43-ekersan","FREN PABUCU VOLVO 17,5 CM ALT (8 MM) (YAKIN)","EYD 206 43","30.951.95","Ekersan","Fren Pabucu","FREN PABUÇLARI","17","1102.2","https://frenciniz.com/urun/845/fren-pabucu-volvo-17-5-cm-alt-8-mm-yakin-eyd-206-43-ekersan"
"846","fren-pabucu-volvo-renault-bmc-no-68371632p-ust-eyd-206-38-ekersan","Fren Pabucu VOLVO-RENAULT-BMC NO: 68371632P-UST","EYD 206 38","(A) F4 - 30.951.96","Ekersan","Fren Pabucu","FREN PABUÇLARI","301","1102.2","https://frenciniz.com/urun/846/fren-pabucu-volvo-renault-bmc-no-68371632p-ust-eyd-206-38-ekersan"
"847","fren-pabucu-volvo-renault-bmc-no-68371632p-alt-eyd-206-37-ekersan","Fren Pabucu VOLVO-RENAULT-BMC NO: 68371632P-ALT","EYD 206 37","(A) F4 - 30.951.96","Ekersan","Fren Pabucu","FREN PABUÇLARI","287","1102.2","https://frenciniz.com/urun/847/fren-pabucu-volvo-renault-bmc-no-68371632p-alt-eyd-206-37-ekersan"
"848","iveco-20-cm-pabuc-eyd-206-23-ekersan","İVECO 20 CM PABUÇ","EYD 206 23","","Ekersan","Fren Pabucu","FREN PABUÇLARI","12","1062.6","https://frenciniz.com/urun/848/iveco-20-cm-pabuc-eyd-206-23-ekersan"
"849","super-man-fren-pabucu-22-cm-tek-tarafli-sol-eyd-206-09-1-ekersan","SÜPER MAN FREN PABUCU 22 CM TEK TARAFLI SOL","EYD 206 09-1","(A) D3","Ekersan","Fren Pabucu","FREN PABUÇLARI","18","2211","https://frenciniz.com/urun/849/super-man-fren-pabucu-22-cm-tek-tarafli-sol-eyd-206-09-1-ekersan"
"850","super-man-fren-pabucu-22-cm-tek-tarafli-sag-eyd-206-09-ekersan","SÜPER MAN FREN PABUCU 22 CM TEK TARAFLI SAĞ","EYD 206 09","(A) D3","Ekersan","Fren Pabucu","FREN PABUÇLARI","18","2211","https://frenciniz.com/urun/850/super-man-fren-pabucu-22-cm-tek-tarafli-sag-eyd-206-09-ekersan"
"851","fren-pabucu-mercedes-18cm-eyd-206-07-ekersan","Fren Pabucu - MERCEDES 18CM","EYD 206 07","(A) G4 - 620.420.00.19","Ekersan","Fren Pabucu","FREN PABUÇLARI","23","2145","https://frenciniz.com/urun/851/fren-pabucu-mercedes-18cm-eyd-206-07-ekersan"
"852","mercedes-fren-pabucu-16-cm-eyd-206-06-ekersan","MERCEDES FREN PABUCU 16 CM","EYD 206 06","(A) D3 - 393.420.07.19","Ekersan","Fren Pabucu","FREN PABUÇLARI","12","2145","https://frenciniz.com/urun/852/mercedes-fren-pabucu-16-cm-eyd-206-06-ekersan"
"853","turbo-int-fren-pabucu-20-cm-ford-cargo-eyd-206-05-ekersan","TURBO İNT.FREN PABUCU 20 CM - FORD CARGO","EYD 206 05","(A) E3 - 1906410 / 1906368","Ekersan","Fren Pabucu","FREN PABUÇLARI","56","924","https://frenciniz.com/urun/853/turbo-int-fren-pabucu-20-cm-ford-cargo-eyd-206-05-ekersan"
"854","fatih-cargo-fren-pabucu-17-5-cm-eyd-206-04-ekersan","FATİH CARGO FREN PABUCU 17.5 CM","EYD 206 04","","Ekersan","Fren Pabucu","FREN PABUÇLARI","2","924","https://frenciniz.com/urun/854/fatih-cargo-fren-pabucu-17-5-cm-eyd-206-04-ekersan"
"855","fren-pabucu-bmc-no-683703-2-22-0cm-volvo-eyd-206-03-1-ekersan","FREN PABUCU (BMC NO: 683703-2) - 22,0CM - VOLVO","EYD 206 03-1","(A) C3 - 30.900.77","Ekersan","Fren Pabucu","FREN PABUÇLARI","17","924","https://frenciniz.com/urun/855/fren-pabucu-bmc-no-683703-2-22-0cm-volvo-eyd-206-03-1-ekersan"
"856","fren-pabucu-bmc-no-683703-1-22-0cm-volvo-eyd-206-03-ekersan","FREN PABUCU (BMC NO: 683703-1) - 22,0CM - VOLVO","EYD 206 03","(A) C3 - 30.900.77","Ekersan","Fren Pabucu","FREN PABUÇLARI","17","924","https://frenciniz.com/urun/856/fren-pabucu-bmc-no-683703-1-22-0cm-volvo-eyd-206-03-ekersan"
"857","fren-pabucu-20-cm-bmc-no-683702-2-eyd-206-02-1-ekersan","FREN PABUCU 20 CM ( BMC NO: 683702-2)","EYD 206 02-1","(A) E4 - 30.900.76","Ekersan","Fren Pabucu","FREN PABUÇLARI","73","924","https://frenciniz.com/urun/857/fren-pabucu-20-cm-bmc-no-683702-2-eyd-206-02-1-ekersan"
"858","fren-pabucu-20-cm-bmc-no-683702-1-eyd-206-02-ekersan","FREN PABUCU 20 CM ( BMC NO: 683702-1)","EYD 206 02","(A) E4 - 30.900.76","Ekersan","Fren Pabucu","FREN PABUÇLARI","83","924","https://frenciniz.com/urun/858/fren-pabucu-20-cm-bmc-no-683702-1-eyd-206-02-ekersan"
"859","fren-pabucu-bmc-no-683701-2-volvo-17-5cm-eyd-206-01-1-ekersan","Fren Pabucu (BMC NO: 683701-2) - VOLVO - 17.5CM","EYD 206 01-1","(A) G4 - 30.900.75","Ekersan","Fren Pabucu","FREN PABUÇLARI","85","924","https://frenciniz.com/urun/859/fren-pabucu-bmc-no-683701-2-volvo-17-5cm-eyd-206-01-1-ekersan"
"860","fatih-int-pabucu-yakin-17-5cm-volvo-bmc-eyd-206-01-ekersan","FATİH İNT. PABUCU YAKIN 17.5CM - VOLVO - BMC","EYD 206 01","(A) G4 - 30.900.75","Ekersan","Fren Pabucu","FREN PABUÇLARI","65","924","https://frenciniz.com/urun/860/fatih-int-pabucu-yakin-17-5cm-volvo-bmc-eyd-206-01-ekersan"
"861","260-lik-kaldirma-lastigi-eyd-205-06-ekersan","260'LIK KALDIRMA LASTİĞİ","EYD 205 06","","Ekersan","Lastik","FREN KÖRÜKLERİ","15","363","https://frenciniz.com/urun/861/260-lik-kaldirma-lastigi-eyd-205-06-ekersan"
"862","250-lik-kaldirma-lastigi-eyd-205-03-ekersan","250'LİK KALDIRMA LASTİĞİ","EYD 205 03","","Ekersan","Lastik","FREN KÖRÜKLERİ","25","363","https://frenciniz.com/urun/862/250-lik-kaldirma-lastigi-eyd-205-03-ekersan"
"863","mercedes-perno-standart-eyd-202-06-ekersan","MERCEDES PERNO STANDART","EYD 202 06","","Ekersan","Perno","KALİPER ÜRÜNLERİ","4916","191.4","https://frenciniz.com/urun/863/mercedes-perno-standart-eyd-202-06-ekersan"
"864","cargo-3230-3430-ym-fren-yayi-eyd-20-09-ekersan","CARGO 3230-3430 YM FREN YAYI","EYD 20 09","(A) B4","Ekersan","Yay","FREN YAYLARI","70","79.2","https://frenciniz.com/urun/864/cargo-3230-3430-ym-fren-yayi-eyd-20-09-ekersan"
"865","ford-cargo-fatih-arka-yay-124-eyd-20-08-ekersan","FORD CARGO FATİH ARKA YAY(124)","EYD 20 08","(A) A4","Ekersan","Yay","FREN YAYLARI","208","59.4","https://frenciniz.com/urun/865/ford-cargo-fatih-arka-yay-124-eyd-20-08-ekersan"
"866","bpw-s-kolu-tamir-takimi-eyd-100-71-ekersan","Bpw ""S"" Kolu Tamir Takımı","EYD 100 71","","Ekersan","Fren Körüğü","FREN KÖRÜKLERİ","287","462","https://frenciniz.com/urun/866/bpw-s-kolu-tamir-takimi-eyd-100-71-ekersan"
"867","36-nolu-koruk-lastigi-derin-eyd-100-65-ekersan","36 Nolu Körük Lastiği Derin","EYD 100 65","","Ekersan","Fren Körüğü","FREN KÖRÜKLERİ","240","200.64","https://frenciniz.com/urun/867/36-nolu-koruk-lastigi-derin-eyd-100-65-ekersan"
"868","12-nolu-koruk-lastigi-eyd-100-50-ekersan","12 Nolu Körük Lastiği","EYD 100 50","","Ekersan","Fren Körüğü","FREN KÖRÜKLERİ","426","130.02","https://frenciniz.com/urun/868/12-nolu-koruk-lastigi-eyd-100-50-ekersan"
"869","9-nolu-koruk-lastigi-eyd-100-41-ekersan","9 Nolu Körük Lastiği","EYD 100 41","","Ekersan","Fren Körüğü","FREN KÖRÜKLERİ","1","120.45","https://frenciniz.com/urun/869/9-nolu-koruk-lastigi-eyd-100-41-ekersan"
"870","30-nolu-koruk-lastigi-eyd-100-40-ekersan","30 Nolu Körük Lastiği","EYD 100 40","","Ekersan","Fren Körüğü","FREN KÖRÜKLERİ","188","156.42","https://frenciniz.com/urun/870/30-nolu-koruk-lastigi-eyd-100-40-ekersan"
"871","ozkoc-dorse-yayi-eyd-10-11-ekersan","ÖZKOÇ DORSE YAYI","EYD 10 11","(A) A4","Ekersan","Yay","FREN YAYLARI","60","105.6","https://frenciniz.com/urun/871/ozkoc-dorse-yayi-eyd-10-11-ekersan"
"872","kol-yayi-kisa-eyd-10-08-ekersan","KOL YAYI KISA","EYD 10 08","(A) C4","Ekersan","Yay","FREN YAYLARI","610","52.8","https://frenciniz.com/urun/872/kol-yayi-kisa-eyd-10-08-ekersan"
"873","kol-yayi-standart-orta-eyd-10-07-ekersan","Kol Yayı Standart - ORTA","EYD 10 07","(A) A4","Ekersan","Yay","FREN YAYLARI","2057","52.8","https://frenciniz.com/urun/873/kol-yayi-standart-orta-eyd-10-07-ekersan"
"874","kol-yayi-uzun-eyd-10-06-ekersan","Kol Yayı Uzun","EYD 10 06","(A) B4","Ekersan","Yay","FREN YAYLARI","1243","52.8","https://frenciniz.com/urun/874/kol-yayi-uzun-eyd-10-06-ekersan"
"875","26-230-man-yayi-eyd-10-05-ekersan","26-230 MAN YAYI","EYD 10 05","(A) C4","Ekersan","Yay","FREN YAYLARI","11","85.8","https://frenciniz.com/urun/875/26-230-man-yayi-eyd-10-05-ekersan"
"876","mercedes-v6-v8-on-fren-yayi-eyd-10-02-ekersan","MERCEDES V6-V8 ÖN FREN YAYI","EYD 10 02","(A) A4","Ekersan","Yay","FREN YAYLARI","3090","52.8","https://frenciniz.com/urun/876/mercedes-v6-v8-on-fren-yayi-eyd-10-02-ekersan"
"877","fren-yayi-eyd-10-01-ekersan","FREN YAYI","EYD 10 01","(A) A4","Ekersan","Yay","FREN YAYLARI","1390","52.8","https://frenciniz.com/urun/877/fren-yayi-eyd-10-01-ekersan"
"878","pistonsuz-koruk-saf-holland-42941-s-ekersan","Pistonsuz Körük SAF Holland","42941.S","0542940030 , 0542940030","Ekersan","Süspansiyon Körüğü","SÜSP. KÖRÜĞÜ","53","2112","https://frenciniz.com/urun/878/pistonsuz-koruk-saf-holland-42941-s-ekersan"
"879","komple-koruk-metal-piston-saf-holland-42941-c-ekersan","Komple Körük Metal Piston SAF Holland","42941.C","0542940281 , 0542940101","Ekersan","Süspansiyon Körüğü","SÜSP. KÖRÜĞÜ","293","3498","https://frenciniz.com/urun/879/komple-koruk-metal-piston-saf-holland-42941-c-ekersan"
"880","pistonsuz-koruk-saf-holland-42940-s-ekersan","Pistonsuz Körük SAF Holland","42940.S","0542940910 , 0542942560","Ekersan","Süspansiyon Körüğü","SÜSP. KÖRÜĞÜ","10","2046","https://frenciniz.com/urun/880/pistonsuz-koruk-saf-holland-42940-s-ekersan"
"881","suspansiyon-koruk-lastik-daf-42889-s-ekersan","SÜSPANSİYON KÖRÜK LASTİK DAF","42889.S","","Ekersan","Süspansiyon Körüğü","SÜSP. KÖRÜĞÜ","39","1848","https://frenciniz.com/urun/881/suspansiyon-koruk-lastik-daf-42889-s-ekersan"
"882","cargo-on-koruk-lastik-42887-s-ekersan","CARGO ÖN KÖRÜK LASTİK","42887.S","","Ekersan","Süspansiyon Körüğü","SÜSP. KÖRÜĞÜ","20","1848","https://frenciniz.com/urun/882/cargo-on-koruk-lastik-42887-s-ekersan"
"883","pistonsuz-koruk-saf-holland-42881-s-ekersan","Pistonsuz Körük SAF Holland","42881.S","0542940010 , 0542942580","Ekersan","Süspansiyon Körüğü","SÜSP. KÖRÜĞÜ","153","2442","https://frenciniz.com/urun/883/pistonsuz-koruk-saf-holland-42881-s-ekersan"
"884","pistonsuz-koruk-42836-s1-ekersan","Pistonsuz Körük","42836.S1","0067504","Ekersan","Süspansiyon Körüğü","SÜSP. KÖRÜĞÜ","106","1881","https://frenciniz.com/urun/884/pistonsuz-koruk-42836-s1-ekersan"
"885","daf-42836-c1-ekersan","Daf","42836.C1","1697678 , 0388165","Ekersan","Süspansiyon Körüğü","SÜSP. KÖRÜĞÜ","279","2772","https://frenciniz.com/urun/885/daf-42836-c1-ekersan"
"886","schmitz-428185-s-ekersan","Schmitz","428185.S","","Ekersan","Süspansiyon Körüğü","SÜSP. KÖRÜĞÜ","6","2244","https://frenciniz.com/urun/886/schmitz-428185-s-ekersan"
"887","pistonsuz-koruk-42813-s-ekersan","Pistonsuz Körük","42813.S","","Ekersan","Süspansiyon Körüğü","SÜSP. KÖRÜĞÜ","667","1815","https://frenciniz.com/urun/887/pistonsuz-koruk-42813-s-ekersan"
"888","komple-koruk-metal-piston-volvo-fh-fm-fl-42813-c-ekersan","Komple Körük Metal Piston Volvo FH FM FL","42813.C","2229000300 , 2229210300","Ekersan","Süspansiyon Körüğü","SÜSP. KÖRÜĞÜ","152","2772","https://frenciniz.com/urun/888/komple-koruk-metal-piston-volvo-fh-fm-fl-42813-c-ekersan"
"889","pistonsuz-koruk-810-2-saplamali-lastik-42810-s-ekersan","Pistonsuz Körük 810 2 saplamalı lastik","42810.S","016010S","Ekersan","Süspansiyon Körüğü","SÜSP. KÖRÜĞÜ","52","1848","https://frenciniz.com/urun/889/pistonsuz-koruk-810-2-saplamali-lastik-42810-s-ekersan"
"890","susp-koruk-komple-metal-4-saplamali-kisa-42810-c16-ekersan","SÜSP.KÖRÜK KOMPLE METAL 4 SAPLAMALI KISA","42810.C16","","Ekersan","Süspansiyon Körüğü","SÜSP. KÖRÜĞÜ","22","3102","https://frenciniz.com/urun/890/susp-koruk-komple-metal-4-saplamali-kisa-42810-c16-ekersan"
"891","volvo-yeni-427804-s-ekersan","Volvo Yeni","427804.S","","Ekersan","Süspansiyon Körüğü","SÜSP. KÖRÜĞÜ","91","1755.6","https://frenciniz.com/urun/891/volvo-yeni-427804-s-ekersan"
"892","komple-koruk-metal-piston-volvo-fh-fm-fl-427804-c-ekersan","Komple Körük Metal Piston Volvo FH FM FL","427804.C","20582209 , 20531986","Ekersan","Süspansiyon Körüğü","SÜSP. KÖRÜĞÜ","71","2706","https://frenciniz.com/urun/892/komple-koruk-metal-piston-volvo-fh-fm-fl-427804-c-ekersan"
"893","volvo-yeni-427803-s-ekersan","Volvo Yeni","427803.S","","Ekersan","Süspansiyon Körüğü","SÜSP. KÖRÜĞÜ","81","1848","https://frenciniz.com/urun/893/volvo-yeni-427803-s-ekersan"
"894","komple-koruk-metal-piston-volvo-fh-fm-fl-427803-c-ekersan","Komple Körük Metal Piston Volvo FH FM FL","427803.C","21961374 , 20582206 , 20427800","Ekersan","Süspansiyon Körüğü","SÜSP. KÖRÜĞÜ","95","2805","https://frenciniz.com/urun/894/komple-koruk-metal-piston-volvo-fh-fm-fl-427803-c-ekersan"
"895","komple-bmc-koruk-42722-c-ekersan","KOMPLE BMC KÖRÜK","42722.C","","Ekersan","Süspansiyon Körüğü","SÜSP. KÖRÜĞÜ","41","4092","https://frenciniz.com/urun/895/komple-bmc-koruk-42722-c-ekersan"
"896","roll-koruk-man-tga-tgs-tgx-42720-r-ekersan","Roll Körük MAN TGA TGS TGX","42720.R","3873280101 , 81436010033 , 1629193 , 0220024100","Ekersan","Süspansiyon Körüğü","SÜSP. KÖRÜĞÜ","90","1188","https://frenciniz.com/urun/896/roll-koruk-man-tga-tgs-tgx-42720-r-ekersan"
"897","volvo-yeni-426418-s-ekersan","Volvo Yeni","426418.S","","Ekersan","Süspansiyon Körüğü","SÜSP. KÖRÜĞÜ","157","1782","https://frenciniz.com/urun/897/volvo-yeni-426418-s-ekersan"
"898","pistonsuz-koruk-426416-s-ekersan","Pistonsuz Körük","426416.S","","Ekersan","Süspansiyon Körüğü","SÜSP. KÖRÜĞÜ","95","1848","https://frenciniz.com/urun/898/pistonsuz-koruk-426416-s-ekersan"
"899","komple-koruk-metal-piston-volvo-fh-fm-fl-426416-c-ekersan","Komple Körük Metal Piston Volvo FH FM FL","426416.C","21961456 , 21961456 , 20374510","Ekersan","Süspansiyon Körüğü","SÜSP. KÖRÜĞÜ","79","2640","https://frenciniz.com/urun/899/komple-koruk-metal-piston-volvo-fh-fm-fl-426416-c-ekersan"
"900","pistonsuz-koruk-426318-s-ekersan","Pistonsuz Körük","426318.S","016512S  , 016512S","Ekersan","Süspansiyon Körüğü","SÜSP. KÖRÜĞÜ","5","2112","https://frenciniz.com/urun/900/pistonsuz-koruk-426318-s-ekersan"
"901","komple-koruk-424915-c-ekersan","Komple Körük","424915.C","20757541 , 20757541 , 20757541 , 20757541","Ekersan","Süspansiyon Körüğü","SÜSP. KÖRÜĞÜ","14","4026","https://frenciniz.com/urun/901/komple-koruk-424915-c-ekersan"
"902","pistonsuz-koruk-volvo-fh-fm-fl-424913-s04-ekersan","Pistonsuz Körük Volvo FH FM FL","424913.S04","1379393","Ekersan","Süspansiyon Körüğü","SÜSP. KÖRÜĞÜ","138","2468.4","https://frenciniz.com/urun/902/pistonsuz-koruk-volvo-fh-fm-fl-424913-s04-ekersan"
"903","komple-koruk-metal-piston-volvo-fh-fm-fl-424913-c02-ekersan","Komple Körük Metal Piston Volvo FH FM FL","424913.C02","1379392 , 1440294","Ekersan","Süspansiyon Körüğü","SÜSP. KÖRÜĞÜ","93","3564","https://frenciniz.com/urun/903/komple-koruk-metal-piston-volvo-fh-fm-fl-424913-c02-ekersan"
"904","susp-koruk-tek-cikis-424912-s10-ekersan","SÜSP.KÖRÜK  TEK ÇIKIŞ","424912.S10","(B) L1","Ekersan","Süspansiyon Körüğü","SÜSP. KÖRÜĞÜ","12","2508","https://frenciniz.com/urun/904/susp-koruk-tek-cikis-424912-s10-ekersan"
"905","pistonsuz-koruk-cift-cikis-424912-s08-ekersan","Pistonsuz Körük Çift Çıkış","424912.S08","5001832067","Ekersan","Süspansiyon Körüğü","SÜSP. KÖRÜĞÜ","115","2613.6","https://frenciniz.com/urun/905/pistonsuz-koruk-cift-cikis-424912-s08-ekersan"
"906","komple-koruk-metal-piston-tek-cikis-424912-c10-ekersan","Komple Körük Metal Piston Tek çıkış","424912.C10","5010557355 , 7422025556","Ekersan","Süspansiyon Körüğü","SÜSP. KÖRÜĞÜ","20","3564","https://frenciniz.com/urun/906/komple-koruk-metal-piston-tek-cikis-424912-c10-ekersan"
"907","komple-koruk-metal-piston-cift-cikis-424912-c07-ekersan","Komple Körük Metal Piston Çift Çıkış","424912.C07","5010294307 , MLF7063","Ekersan","Süspansiyon Körüğü","SÜSP. KÖRÜĞÜ","79","3696","https://frenciniz.com/urun/907/komple-koruk-metal-piston-cift-cikis-424912-c07-ekersan"
"908","pistonsuz-koruk-man-tga-tgs-tgx-424882-s02-ekersan","Pistonsuz Körük MAN TGA TGS TGX","424882.S02","81436010151 , 81436010176","Ekersan","Süspansiyon Körüğü","SÜSP. KÖRÜĞÜ","140","1980","https://frenciniz.com/urun/908/pistonsuz-koruk-man-tga-tgs-tgx-424882-s02-ekersan"
"909","komple-koruk-plastik-piston-kisa-424881-cp-ekersan","Komple Körük Plastik Piston KISA","424881.CP","0542943410","Ekersan","Süspansiyon Körüğü","SÜSP. KÖRÜĞÜ","4","3564","https://frenciniz.com/urun/909/komple-koruk-plastik-piston-kisa-424881-cp-ekersan"
"910","volvo-424718-s-ekersan","Volvo","424718.S","","Ekersan","Süspansiyon Körüğü","SÜSP. KÖRÜĞÜ","84","1617","https://frenciniz.com/urun/910/volvo-424718-s-ekersan"
"911","pistonsuz-koruk-424713-s-ekersan","Pistonsuz Körük","424713.S","MLF7098","Ekersan","Süspansiyon Körüğü","SÜSP. KÖRÜĞÜ","66","2032.8","https://frenciniz.com/urun/911/pistonsuz-koruk-424713-s-ekersan"
"912","komple-koruk-metal-piston-424713-c02-ekersan","Komple Körük Metal Piston","424713.C02","(B) K4","Ekersan","Süspansiyon Körüğü","SÜSP. KÖRÜĞÜ","11","3036","https://frenciniz.com/urun/912/komple-koruk-metal-piston-424713-c02-ekersan"
"913","komple-koruk-metal-piston-mercedes-actros-axor-atego-arocs-424390-c01-ekersan","Komple Körük Metal Piston Mercedes Actros Axor Atego Arocs","424390.C01","9423205221 , 9423200421","Ekersan","Süspansiyon Körüğü","SÜSP. KÖRÜĞÜ","24","2541","https://frenciniz.com/urun/913/komple-koruk-metal-piston-mercedes-actros-axor-atego-arocs-424390-c01-ekersan"
"914","suspansiyon-koruk-cift-giris-424183-s2-ekersan","SÜSPANSİYON KÖRÜK ÇİFT GİRİŞ","424183.S2","(A) E1","Ekersan","Süspansiyon Körüğü","SÜSP. KÖRÜĞÜ","83","2026.2","https://frenciniz.com/urun/914/suspansiyon-koruk-cift-giris-424183-s2-ekersan"
"915","komple-koruk-metal-piston-424159-c06-ekersan","Komple Körük Metal Piston","424159.C06","MLF7127","Ekersan","Süspansiyon Körüğü","SÜSP. KÖRÜĞÜ","31","3194.4","https://frenciniz.com/urun/915/komple-koruk-metal-piston-424159-c06-ekersan"
"916","pistonsuz-koruk-424158-s02-ekersan","Pistonsuz Körük","424158.S02","(B) K2","Ekersan","Süspansiyon Körüğü","SÜSP. KÖRÜĞÜ","155","2112","https://frenciniz.com/urun/916/pistonsuz-koruk-424158-s02-ekersan"
"917","pistonsuz-koruk-424023-s-ekersan","Pistonsuz Körük","424023.S","","Ekersan","Süspansiyon Körüğü","SÜSP. KÖRÜĞÜ","68","1980","https://frenciniz.com/urun/917/pistonsuz-koruk-424023-s-ekersan"
"918","komple-koruk-metal-piston-424023-c03-ekersan","Komple Körük Metal Piston","424023.C03","3229003100 , 3229213100","Ekersan","Süspansiyon Körüğü","SÜSP. KÖRÜĞÜ","54","3234","https://frenciniz.com/urun/918/komple-koruk-metal-piston-424023-c03-ekersan"
"919","suspansiyon-korugu-pistonsuz-424022-s05-ekersan","SÜSPANSİYON KÖRÜĞÜ PİSTONSUZ","424022.S05","","Ekersan","Süspansiyon Körüğü","SÜSP. KÖRÜĞÜ","49","1848","https://frenciniz.com/urun/919/suspansiyon-korugu-pistonsuz-424022-s05-ekersan"
"920","pistonsuz-koruk-424022-s02-ekersan","Pistonsuz Körük","424022.S02","3229003300","Ekersan","Süspansiyon Körüğü","SÜSP. KÖRÜĞÜ","40","1848","https://frenciniz.com/urun/920/pistonsuz-koruk-424022-s02-ekersan"
"921","komple-koruk-plastik-piston-424022-cp03-ekersan","Komple Körük Plastik Piston","424022.CP03","3229003300","Ekersan","Süspansiyon Körüğü","SÜSP. KÖRÜĞÜ","45","2508","https://frenciniz.com/urun/921/komple-koruk-plastik-piston-424022-cp03-ekersan"
"922","ekersan-424004-saf-dorse-susp-koruk-komple-metal-piston-424004-c03-ekersan","EKERSAN 424004 SAF DORSE SÜSP.KÖRÜK KOMPLE METAL PİSTON","424004.C03","MLF7091 , 2229000700","Ekersan","Süspansiyon Körüğü","SÜSP. KÖRÜĞÜ","94","3234","https://frenciniz.com/urun/922/ekersan-424004-saf-dorse-susp-koruk-komple-metal-piston-424004-c03-ekersan"
"923","susp-koruk-lastik-423608-s-ekersan","SÜSP.KÖRÜK LASTİK","423608.S","1903608S , 1774804S","Ekersan","Süspansiyon Körüğü","SÜSP. KÖRÜĞÜ","52","2475","https://frenciniz.com/urun/923/susp-koruk-lastik-423608-s-ekersan"
"924","susp-koruk-komple-scania-y-m-423608-c-ekersan","SÜSP.KÖRÜK KOMPLE SCANIA Y.M.","423608.C","1903608 , 1774804","Ekersan","Süspansiyon Körüğü","SÜSP. KÖRÜĞÜ","191","3610.2","https://frenciniz.com/urun/924/susp-koruk-komple-scania-y-m-423608-c-ekersan"
"925","katli-koruk-civatasiz-duz-422211-p01-ekersan","Katlı Körük Civatasız Düz","422211.P01","21221395","Ekersan","Süspansiyon Körüğü","SÜSP. KÖRÜĞÜ","213","1056","https://frenciniz.com/urun/925/katli-koruk-civatasiz-duz-422211-p01-ekersan"
"926","somun-doner-pullu-33-luk-dps-m22-1-5-ess-320-10-ekersan","SOMUN DÖNER PULLU 33'LÜK DPS M22*1,5","ESS 320 10","","Ekersan","Somun / Cıvata","BİJON","5986","75.57","https://frenciniz.com/urun/926/somun-doner-pullu-33-luk-dps-m22-1-5-ess-320-10-ekersan"
"927","aliminyum-jant-somunu-kisa-11-dis-ess-300-22-ekersan","Aliminyum Jant Somunu Kısa 11 Diş","ESS 300 22","","Ekersan","Somun / Cıvata","BİJON","1810","189.69","https://frenciniz.com/urun/927/aliminyum-jant-somunu-kisa-11-dis-ess-300-22-ekersan"
"928","aliminyum-jant-somunu-kisa-ess-300-20-ekersan","Aliminyum Jant Somunu Kısa","ESS 300 20","-","Ekersan","Somun / Cıvata","BİJON","7973","188.31","https://frenciniz.com/urun/928/aliminyum-jant-somunu-kisa-ess-300-20-ekersan"
"929","aliminyum-jant-somunu-uzun-11-dis-ess-300-12-ekersan","Aliminyum Jant Somunu Uzun 11 Diş","ESS 300 12","","Ekersan","Somun / Cıvata","BİJON","1885","189.69","https://frenciniz.com/urun/929/aliminyum-jant-somunu-uzun-11-dis-ess-300-12-ekersan"
"930","aliminyum-jant-somunu-uzun-ess-300-10-ekersan","Aliminyum Jant Somunu Uzun","ESS 300 10","-","Ekersan","Somun / Cıvata","BİJON","2636","188.31","https://frenciniz.com/urun/930/aliminyum-jant-somunu-uzun-ess-300-10-ekersan"
"931","kucuk-doner-pullu-somun-ess-180-10-ekersan","Küçük Döner Pullu Somun","ESS 180 10","-","Ekersan","Somun / Cıvata","BİJON","150","74.09","https://frenciniz.com/urun/931/kucuk-doner-pullu-somun-ess-180-10-ekersan"
"932","buyuk-doner-pullu-somun-ess-171-10-ekersan","Büyük Döner Pullu Somun","ESS 171 10","-","Ekersan","Somun / Cıvata","BİJON","24994","78.76","https://frenciniz.com/urun/932/buyuk-doner-pullu-somun-ess-171-10-ekersan"
"933","buyuk-doner-pullu-somun-ess-170-10-ekersan","Büyük Döner Pullu Somun","ESS 170 10","-","Ekersan","Somun / Cıvata","BİJON","6510","78.76","https://frenciniz.com/urun/933/buyuk-doner-pullu-somun-ess-170-10-ekersan"
"934","somun-ford-arka-ess-140-10-ekersan","SOMUN FORD ARKA","ESS 140 10","","Ekersan","Somun / Cıvata","BİJON","20","39.48","https://frenciniz.com/urun/934/somun-ford-arka-ess-140-10-ekersan"
"935","ispit-somunu-ess-131-10-ekersan","İspit  Somunu","ESS 131 10","-","Ekersan","Somun / Cıvata","BİJON","62","60.2","https://frenciniz.com/urun/935/ispit-somunu-ess-131-10-ekersan"
"936","man-mercedes-somunu-uzun-ess-120-10-ekersan","Man-Mercedes Somunu Uzun","ESS 120 10","-","Ekersan","Somun / Cıvata","BİJON","5816","60.2","https://frenciniz.com/urun/936/man-mercedes-somunu-uzun-ess-120-10-ekersan"
"937","50-nc-somunu-ess-080-10-ekersan","50 NC somunu","ESS 080 10","-","Ekersan","Somun / Cıvata","BİJON","764","60.2","https://frenciniz.com/urun/937/50-nc-somunu-ess-080-10-ekersan"
"938","27-lik-18x1-5-doner-pullu-somun-ess-029-10-ekersan","27'lik 18x1,5 Döner Pullu Somun","ESS 029 10","-","Ekersan","Somun / Cıvata","BİJON","12133","74.09","https://frenciniz.com/urun/938/27-lik-18x1-5-doner-pullu-somun-ess-029-10-ekersan"
"939","30-luk-doner-pullu-somun-ess-028-10-ekersan","30'luk Döner Pullu Somun","ESS 028 10","-","Ekersan","Somun / Cıvata","BİJON","14995","74.09","https://frenciniz.com/urun/939/30-luk-doner-pullu-somun-ess-028-10-ekersan"
"940","somun-kisa-doner-pullu-22-1-5-dakromatli-ess-025-20-3-ekersan","SOMUN KISA DÖNER PULLU 22*1,5 DAKROMATLI","ESS 025 20-3","","Ekersan","Somun / Cıvata","BİJON","55436","73.37","https://frenciniz.com/urun/940/somun-kisa-doner-pullu-22-1-5-dakromatli-ess-025-20-3-ekersan"
"941","doner-pullu-somun-man-tga-tgs-tgx-ess-025-20-ekersan","Döner Pullu Somun MAN TGA TGS TGX","ESS 025 20","81455030056 - 81455030026","Ekersan","Somun / Cıvata","BİJON","91042","74.09","https://frenciniz.com/urun/941/doner-pullu-somun-man-tga-tgs-tgx-ess-025-20-ekersan"
"942","doner-pullu-somun-ess-024-11-l-ekersan","Döner Pullu Somun","ESS 024 11-L","-","Ekersan","Somun / Cıvata","BİJON","90","74.09","https://frenciniz.com/urun/942/doner-pullu-somun-ess-024-11-l-ekersan"
"943","doner-pullu-somun-14-dis-volvo-r-ess-024-10-r-ekersan","Döner Pullu Somun 14 diş volvo (R)","ESS 024 10-R","","Ekersan","Somun / Cıvata","BİJON","748","74.09","https://frenciniz.com/urun/943/doner-pullu-somun-14-dis-volvo-r-ess-024-10-r-ekersan"
"944","doner-pullu-somun-ess-023-10-r-ekersan","Döner Pullu Somun","ESS 023 10-R","","Ekersan","Somun / Cıvata","BİJON","11047","74.09","https://frenciniz.com/urun/944/doner-pullu-somun-ess-023-10-r-ekersan"
"945","doner-pullu-somun-ess-020-10-ekersan","Döner Pullu Somun","ESS 020 10","-","Ekersan","Somun / Cıvata","BİJON","100000","74.09","https://frenciniz.com/urun/945/doner-pullu-somun-ess-020-10-ekersan"
"946","porya-ozkoc-4646-disk-porya-e-m-esp-22-08-ekersan","PORYA ÖZKOÇ 4646 DİSK PORYA E.M","ESP.22.08","","Ekersan","Porya","PORYA","1","4488","https://frenciniz.com/urun/946/porya-ozkoc-4646-disk-porya-e-m-esp-22-08-ekersan"
"947","akkar-dingil-diskli-porya-a2-esp-22-06-01-ekersan","AKKAR DİNGİL DİSKLİ PORYA A2","ESP.22.06.01","","Ekersan","Porya","PORYA","1","6527.4","https://frenciniz.com/urun/947/akkar-dingil-diskli-porya-a2-esp-22-06-01-ekersan"
"948","aydin-dingil-porya-kampanali-esp-22-05-01-ekersan","AYDIN DİNGİL PORYA KAMPANALI","ESP.22.05.01","","Ekersan","Porya","PORYA","1","6375.6","https://frenciniz.com/urun/948/aydin-dingil-porya-kampanali-esp-22-05-01-ekersan"
"949","porya-sertel-t4-k4-esp-22-04-01-ekersan","PORYA SERTEL T4 - K4","ESP.22.04.01","","Ekersan","Porya","PORYA","3","6375.6","https://frenciniz.com/urun/949/porya-sertel-t4-k4-esp-22-04-01-ekersan"
"950","porya-osman-koc-k1-esp-22-03-01-ekersan","PORYA OSMAN KOÇ K1","ESP.22.03.01","","Ekersan","Porya","PORYA","4","7134.6","https://frenciniz.com/urun/950/porya-osman-koc-k1-esp-22-03-01-ekersan"
"951","kaliper-semeri-bpw-dingil-29171-balata-kizak-10503-ekersan","KALİPER SEMERİ BPW DİNGİL 29171 BALATA","KIZAK 10503","K012619, 2379697","Ekersan","Kızak","KALİPER ÜRÜNLERİ","3","3960","https://frenciniz.com/urun/951/kaliper-semeri-bpw-dingil-29171-balata-kizak-10503-ekersan"
"952","16-24-d-d-disk-korugu-8138-ekersan","16/24 D/D DİSK KÖRÜĞÜ","8138","","Ekersan","Fren Körüğü","FREN KÖRÜKLERİ","797","2772","https://frenciniz.com/urun/952/16-24-d-d-disk-korugu-8138-ekersan"
"953","20-24-d-p-disk-fren-korugu-64-mm-8132-ekersan","20/24 D/P Disk Fren Körüğü 64 mm","8132","8642644620329","Ekersan","Fren Körüğü","FREN KÖRÜKLERİ","1170","3432","https://frenciniz.com/urun/953/20-24-d-p-disk-fren-korugu-64-mm-8132-ekersan"
"954","16-lik-servis-fren-korugu-disk-8131-ekersan","16'LIK SERVİS FREN KÖRÜĞÜ DİSK","8131","","Ekersan","Fren Körüğü","FREN KÖRÜKLERİ","1351","1320","https://frenciniz.com/urun/954/16-lik-servis-fren-korugu-disk-8131-ekersan"
"955","20-lik-servis-fren-korugu-disk-8129-ekersan","20'LİK SERVİS FREN KÖRÜĞÜ DİSK","8129","","Ekersan","Fren Körüğü","FREN KÖRÜKLERİ","751","1320","https://frenciniz.com/urun/955/20-lik-servis-fren-korugu-disk-8129-ekersan"
"956","9-6200-cargo-imd-fren-korugu-8127-ekersan","9/6200 CARGO İMD.FREN KÖRÜĞÜ","8127","(A) A2","Ekersan","Fren Körüğü","FREN KÖRÜKLERİ","38","3168","https://frenciniz.com/urun/956/9-6200-cargo-imd-fren-korugu-8127-ekersan"
"957","16-24-d-p-imd-fren-korugu-8125-ekersan","16/24 D/P İMD.FREN KÖRÜĞÜ","8125","8682644620305","Ekersan","Fren Körüğü","FREN KÖRÜKLERİ","175","3300","https://frenciniz.com/urun/957/16-24-d-p-imd-fren-korugu-8125-ekersan"
"958","24-24-d-p-disk-fren-korugu-64-mm-8121-1-ekersan","24/24 D/P Disk Fren Körüğü 64 mm","8121-1","8682644620268","Ekersan","Fren Körüğü","FREN KÖRÜKLERİ","582","3300","https://frenciniz.com/urun/958/24-24-d-p-disk-fren-korugu-64-mm-8121-1-ekersan"
"959","12-6200-cargo-imdat-fren-korugu-8120-ekersan","12/6200 CARGO İMDAT FREN KÖRÜĞÜ","8120","(A) B2","Ekersan","Fren Körüğü","FREN KÖRÜKLERİ","87","3168","https://frenciniz.com/urun/959/12-6200-cargo-imdat-fren-korugu-8120-ekersan"
"960","24-30-d-p-kisa-mil-koruk-disk-korugu-8111-ekersan","24/30 D/P KISA MİL KÖRÜK DİSK KÖRÜĞÜ","8111","","Ekersan","Fren Körüğü","FREN KÖRÜKLERİ","405","3630","https://frenciniz.com/urun/960/24-30-d-p-kisa-mil-koruk-disk-korugu-8111-ekersan"
"961","24-luk-servis-fren-korugu-disk-8110-ekersan","24'lük Servis Fren Körüğü Disk","8110","8682644620176-8682644620183-8682644620190","Ekersan","Fren Körüğü","FREN KÖRÜKLERİ","1075","1320","https://frenciniz.com/urun/961/24-luk-servis-fren-korugu-disk-8110-ekersan"
"962","24-luk-servis-fren-korugu-ekersan-8109-ekersan","24'LÜK SERVİS FREN KÖRÜĞÜ EKERSAN","8109","8682644620022","Ekersan","Fren Körüğü","FREN KÖRÜKLERİ","1251","1267.2","https://frenciniz.com/urun/962/24-luk-servis-fren-korugu-ekersan-8109-ekersan"
"963","24-24-d-p-imd-fren-korugu-m22-64-mm-8106-1-ekersan","24/24 D/P İMD.FREN KÖRÜĞÜ M22 64 mm","8106-1","","Ekersan","Fren Körüğü","FREN KÖRÜKLERİ","1","3300","https://frenciniz.com/urun/963/24-24-d-p-imd-fren-korugu-m22-64-mm-8106-1-ekersan"
"964","24-24-d-p-imd-fren-korugu-m16-8106-ekersan","24/24 D/P İMD.FREN KÖRÜĞÜ M16","8106","","Ekersan","Fren Körüğü","FREN KÖRÜKLERİ","250","3300","https://frenciniz.com/urun/964/24-24-d-p-imd-fren-korugu-m16-8106-ekersan"
"965","30-24-d-p-imd-fren-korugu-m22-8105-ekersan","30/24 D/P İMD.FREN KÖRÜĞÜ M22","8105","8682644620367","Ekersan","Fren Körüğü","FREN KÖRÜKLERİ","259","3432","https://frenciniz.com/urun/965/30-24-d-p-imd-fren-korugu-m22-8105-ekersan"
"966","30-30-d-p-imdatli-fren-korugu-disk-8104-1-ekersan","30/30 D/P İMDATLI FREN KÖRÜĞÜ DİSK","8104-1","","Ekersan","Fren Körüğü","FREN KÖRÜKLERİ","2","3630","https://frenciniz.com/urun/966/30-30-d-p-imdatli-fren-korugu-disk-8104-1-ekersan"
"967","30-30-d-p-imd-fren-korugu-ekersan-8104-ekersan","30/30 D/P İMD.FREN KÖRÜĞÜ EKERSAN","8104","","Ekersan","Fren Körüğü","FREN KÖRÜKLERİ","1946","3432","https://frenciniz.com/urun/967/30-30-d-p-imd-fren-korugu-ekersan-8104-ekersan"
"968","24-30-d-d-imd-fren-korugu-ekersan-8103-ekersan","24/30 D/D İMD.FREN KÖRÜĞÜ EKERSAN","8103","8682644620435","Ekersan","Fren Körüğü","FREN KÖRÜKLERİ","1032","2772","https://frenciniz.com/urun/968/24-30-d-d-imd-fren-korugu-ekersan-8103-ekersan"
"969","30-30-d-d-imd-fren-korugu-ekersan-8101-ekersan","30/30 D/D İMD.FREN KÖRÜĞÜ EKERSAN","8101","","Ekersan","Fren Körüğü","FREN KÖRÜKLERİ","822","2772","https://frenciniz.com/urun/969/30-30-d-d-imd-fren-korugu-ekersan-8101-ekersan"
"970","dorse-porya-kapak-m152-00x2-50-smb-fruehauf-70-02020-ekersan","DORSE PORYA KAPAK M152.00X2.50 SMB-FRUEHAUF","70.02020","","Ekersan","Porya","PORYA","37","396","https://frenciniz.com/urun/970/dorse-porya-kapak-m152-00x2-50-smb-fruehauf-70-02020-ekersan"
"971","kaliper-tamir-takimi-60-6310-ekersan","KALİPER TAMİR TAKIMI","60-6310","","Ekersan","Kaliper","KALİPER ÜRÜNLERİ","1","5237.76","https://frenciniz.com/urun/971/kaliper-tamir-takimi-60-6310-ekersan"
"972","16-24-d-p-disk-fren-korugu-22-1-5-boy-64-mm-8122-1-ekersan","16/24 D/P DİSK FREN KÖRÜĞÜ 22*1,5 BOY:64 MM","8122-1","8682644620299","Ekersan","Fren Körüğü","FREN KÖRÜKLERİ","1985","3300","https://frenciniz.com/urun/972/16-24-d-p-disk-fren-korugu-22-1-5-boy-64-mm-8122-1-ekersan"
"973","perno-tapasi-40x12-mm-429002-ekersan","Perno Tapası 40x12 mm","429002","","Ekersan","Perno","KALİPER ÜRÜNLERİ","703","22.44","https://frenciniz.com/urun/973/perno-tapasi-40x12-mm-429002-ekersan"
"974","kaliper-mekanizma-seti-427138-ekersan","Kaliper Mekanizma Seti","427138","","Ekersan","Kaliper Ayar Mekanizması","KALİPER ÜRÜNLERİ","21","3762","https://frenciniz.com/urun/974/kaliper-mekanizma-seti-427138-ekersan"
"975","kaliper-perno-tamir-takimi-knorr-wabco-meritor-427120-ekersan","Kaliper Perno Tamir Takımı Knorr WABCO Meritor","427120","3434386100","Ekersan","Kaliper Perno Tamir Takımı","KALİPER ÜRÜNLERİ","302","983.4","https://frenciniz.com/urun/975/kaliper-perno-tamir-takimi-knorr-wabco-meritor-427120-ekersan"
"976","kaliper-mekanizmali-kapak-426124-ekersan","Kaliper Mekanizmalı Kapak","426124","","Ekersan","Kaliper Kapak/Conta","KALİPER ÜRÜNLERİ","5","752.4","https://frenciniz.com/urun/976/kaliper-mekanizmali-kapak-426124-ekersan"
"977","kaliper-perno-tamir-takimi-knorr-wabco-meritor-426123-ekersan","Kaliper Perno Tamir Takımı Knorr WABCO Meritor","426123","","Ekersan","Kaliper Perno Tamir Takımı","KALİPER ÜRÜNLERİ","436","1254","https://frenciniz.com/urun/977/kaliper-perno-tamir-takimi-knorr-wabco-meritor-426123-ekersan"
"978","koruk-bogaz-somunu-uzun-112-u-425299-ekersan","KÖRÜK BOĞAZ SOMUNU (UZUN) (112 U)","425299","","Ekersan","Süspansiyon Körüğü","SÜSP. KÖRÜĞÜ","8","660","https://frenciniz.com/urun/978/koruk-bogaz-somunu-uzun-112-u-425299-ekersan"
"979","koruk-bogaz-somunu-kisa-425298-ekersan","KÖRÜK BOĞAZ SOMUNU (KISA)","425298","","Ekersan","Süspansiyon Körüğü","SÜSP. KÖRÜĞÜ","8","567.6","https://frenciniz.com/urun/979/koruk-bogaz-somunu-kisa-425298-ekersan"
"980","ayar-mekanizmasi-522-set-425268-ekersan","AYAR MEKANİZMASI (522 SET)","425268","","Ekersan","Kaliper Ayar Mekanizması","KALİPER ÜRÜNLERİ","5","1782","https://frenciniz.com/urun/980/ayar-mekanizmasi-522-set-425268-ekersan"
"981","410-dublex-grubu-toz-lastigi-silikon-iveco-902-425245-ekersan","Ø 410 DUBLEX GRUBU TOZ LASTİĞİ (SİLİKON) İVECO 902","425245","","Ekersan","Kaliper Toz Lastiği","KALİPER ÜRÜNLERİ","24","99","https://frenciniz.com/urun/981/410-dublex-grubu-toz-lastigi-silikon-iveco-902-425245-ekersan"
"982","522-toz-lastigi-silikon-425224-ekersan","522 TOZ LASTİĞİ (SİLİKON)","425224","","Ekersan","Kaliper Toz Lastiği","KALİPER ÜRÜNLERİ","25","145.2","https://frenciniz.com/urun/982/522-toz-lastigi-silikon-425224-ekersan"
"983","toz-lastigi-silikon-110-toz-lastik-425210-ekersan","TOZ LASTİĞİ (SİLİKON)(110 TOZ LASTİK)","425210","","Ekersan","Kaliper Toz Lastiği","KALİPER ÜRÜNLERİ","61","92.4","https://frenciniz.com/urun/983/toz-lastigi-silikon-110-toz-lastik-425210-ekersan"
"984","fren-ayar-mekanizmasi-sag-425101-ekersan","Fren Ayar Mekanizması (Sağ)","425101","5001868118 - 3097100 - 272908 - 8550978","Ekersan","Kaliper Ayar Mekanizması","KALİPER ÜRÜNLERİ","13","640.2","https://frenciniz.com/urun/984/fren-ayar-mekanizmasi-sag-425101-ekersan"
"985","fren-ayar-mekanizmasi-sol-425100-ekersan","Fren Ayar Mekanizması (Sol)","425100","5001868117 - 3097099 - 272909 - 8550978","Ekersan","Kaliper Ayar Mekanizması","KALİPER ÜRÜNLERİ","42","640.2","https://frenciniz.com/urun/985/fren-ayar-mekanizmasi-sol-425100-ekersan"
"986","kaliper-ayar-mekanizma-seti-uzun-422158-ekersan","Kaliper Ayar Mekanizma Seti (Uzun)","422158","","Ekersan","Kaliper Ayar Mekanizması","KALİPER ÜRÜNLERİ","135","1247.4","https://frenciniz.com/urun/986/kaliper-ayar-mekanizma-seti-uzun-422158-ekersan"
"987","kaliper-ayar-mekanizma-seti-pimli-kisa-422152-ekersan","Kaliper Ayar Mekanizma Seti (Pimli - Kısa)","422152","","Ekersan","Kaliper Ayar Mekanizması","KALİPER ÜRÜNLERİ","87","1247.4","https://frenciniz.com/urun/987/kaliper-ayar-mekanizma-seti-pimli-kisa-422152-ekersan"
"988","kaliper-balata-tutucusu-422121-ekersan","Kaliper Balata Tutucusu","422121","","Ekersan","Fren Balatası","BALATA","4","534.6","https://frenciniz.com/urun/988/kaliper-balata-tutucusu-422121-ekersan"
"989","kaliper-balata-tutucusu-pimli-sol-422120-ekersan","KALİPER BALATA TUTUCUSU PİMLİ (SOL)","422120","","Ekersan","Fren Balatası","BALATA","6","534.6","https://frenciniz.com/urun/989/kaliper-balata-tutucusu-pimli-sol-422120-ekersan"
"990","kaliper-kapak-conta-seti-422119-ekersan","Kaliper Kapak Conta Seti","422119","","Ekersan","Kaliper Kapak/Conta","KALİPER ÜRÜNLERİ","3","270.6","https://frenciniz.com/urun/990/kaliper-kapak-conta-seti-422119-ekersan"
"991","kaliper-masura-bilya-yatagi-knorr-wabco-meritor-422115-ekersan","Kaliper Masura Bilya Yatağı Knorr WABCO Meritor","422115","","Ekersan","Kaliper Tamir Takımı","KALİPER ÜRÜNLERİ","164","706.2","https://frenciniz.com/urun/991/kaliper-masura-bilya-yatagi-knorr-wabco-meritor-422115-ekersan"
"992","kliper-ayar-civatasi-axor-ym-3-yivli-civata-421236-ekersan","KLİPER AYAR CİVATASI (AXOR YM 3 YİVLİ CİVATA)","421236","(A) B3","Ekersan","Kaliper Ayar Mekanizması","KALİPER ÜRÜNLERİ","1770","158.4","https://frenciniz.com/urun/992/kliper-ayar-civatasi-axor-ym-3-yivli-civata-421236-ekersan"
"993","kaliper-toz-lastigi-tamir-takimi-69-mm-54-mm-421235-ekersan","Kaliper Toz Lastiği Tamir Takımı (Ø 69 mm - 54 mm)","421235","","Ekersan","Kaliper Toz Lastiği","KALİPER ÜRÜNLERİ","400","369.6","https://frenciniz.com/urun/993/kaliper-toz-lastigi-tamir-takimi-69-mm-54-mm-421235-ekersan"
"994","kaliper-masura-bilya-yatagi-knorr-wabco-meritor-421225-ekersan","Kaliper Masura Bilya Yatağı Knorr WABCO Meritor","421225","","Ekersan","Kaliper Tamir Takımı","KALİPER ÜRÜNLERİ","261","745.8","https://frenciniz.com/urun/994/kaliper-masura-bilya-yatagi-knorr-wabco-meritor-421225-ekersan"
"995","kaliper-tapa-seti-421202-ekersan","Kaliper Tapa Seti","421202","","Ekersan","Kaliper","KALİPER ÜRÜNLERİ","20","356.4","https://frenciniz.com/urun/995/kaliper-tapa-seti-421202-ekersan"
"996","kaliper-plastik-kapak-sensorlu-2-kablolu-421201-ekersan","Kaliper Plastik Kapak Sensörlü (2 Kablolu)","421201","","Ekersan","Kaliper Kapak/Conta","KALİPER ÜRÜNLERİ","2","653.4","https://frenciniz.com/urun/996/kaliper-plastik-kapak-sensorlu-2-kablolu-421201-ekersan"
"997","kaliper-masura-bilya-yatagi-0-113-mm-421186-ekersan","Kaliper Masura Bilya Yatağı (0° - 113 mm)","421186","","Ekersan","Kaliper Tamir Takımı","KALİPER ÜRÜNLERİ","240","745.8","https://frenciniz.com/urun/997/kaliper-masura-bilya-yatagi-0-113-mm-421186-ekersan"
"998","kaliper-masura-bilya-yatagi-iveco-eurocargo-stralis-421184-ekersan","Kaliper Masura Bilya Yatağı Iveco Eurocargo Stralis","421184","","Ekersan","Kaliper Tamir Takımı","KALİPER ÜRÜNLERİ","247","745.8","https://frenciniz.com/urun/998/kaliper-masura-bilya-yatagi-iveco-eurocargo-stralis-421184-ekersan"
"999","kisa-lastikli-burc-421181-ekersan","Kısa Lastikli Burç","421181","","Ekersan","Burç / Muylu","SÜSP. KÖRÜĞÜ","1","151.8","https://frenciniz.com/urun/999/kisa-lastikli-burc-421181-ekersan"
"1000","kaliper-perno-tamir-takimi-knorr-wabco-meritor-421164-ekersan","Kaliper Perno Tamir Takımı Knorr WABCO Meritor","421164","","Ekersan","Kaliper Perno Tamir Takımı","KALİPER ÜRÜNLERİ","180","448.8","https://frenciniz.com/urun/1000/kaliper-perno-tamir-takimi-knorr-wabco-meritor-421164-ekersan"
"1001","kaliper-koruklu-lastik-takimi-421162-ekersan","Kaliper Körüklü Lastik Takımı","421162","","Ekersan","Kaliper","KALİPER ÜRÜNLERİ","225","118.8","https://frenciniz.com/urun/1001/kaliper-koruklu-lastik-takimi-421162-ekersan"
"1002","kaliper-perno-tamir-takimi-mercedes-actros-axor-atego-421161-ekersan","Kaliper Perno Tamir Takımı Mercedes Actros Axor Atego","421161","0004204382","Ekersan","Kaliper Perno Tamir Takımı","KALİPER ÜRÜNLERİ","272","891","https://frenciniz.com/urun/1002/kaliper-perno-tamir-takimi-mercedes-actros-axor-atego-421161-ekersan"
"1003","plastik-sensor-kapagi-2-cikisli-421152-ekersan","PLASTİK SENSÖR KAPAĞI 2 ÇIKIŞLI","421152","","Ekersan","Sensör","SENSÖR VE UZATMALAR","2","653.4","https://frenciniz.com/urun/1003/plastik-sensor-kapagi-2-cikisli-421152-ekersan"
"1004","kaliper-masura-bilya-takimi-knorr-wabco-meritor-421147-ekersan","Kaliper Masura Bilya Takımı Knorr WABCO Meritor","421147","","Ekersan","Kaliper Tamir Takımı","KALİPER ÜRÜNLERİ","18","270.6","https://frenciniz.com/urun/1004/kaliper-masura-bilya-takimi-knorr-wabco-meritor-421147-ekersan"
"1005","kaliper-masura-bilya-takimi-knorr-wabco-meritor-421146-ekersan","Kaliper Masura Bilya Takımı Knorr WABCO Meritor","421146","","Ekersan","Kaliper Tamir Takımı","KALİPER ÜRÜNLERİ","333","270.6","https://frenciniz.com/urun/1005/kaliper-masura-bilya-takimi-knorr-wabco-meritor-421146-ekersan"
"1006","kaliper-mekanizma-zinciri-29-bakla-421139-ekersan","Kaliper Mekanizma Zinciri (29 Bakla)","421139","","Ekersan","Kaliper Ayar Mekanizması","KALİPER ÜRÜNLERİ","292","165","https://frenciniz.com/urun/1006/kaliper-mekanizma-zinciri-29-bakla-421139-ekersan"
"1007","kaliper-ayar-civatasi-421138-ekersan","Kaliper Ayar Civatası","421138","(A) C3","Ekersan","Kaliper Ayar Mekanizması","KALİPER ÜRÜNLERİ","3873","158.4","https://frenciniz.com/urun/1007/kaliper-ayar-civatasi-421138-ekersan"
"1008","kaliper-kilavuz-pim-takimi-knorr-wabco-meritor-421137-ekersan","Kaliper Kılavuz Pim Takımı Knorr WABCO Meritor","421137","","Ekersan","Kaliper Kilavuz Pim Takimi","KALİPER ÜRÜNLERİ","318","660","https://frenciniz.com/urun/1008/kaliper-kilavuz-pim-takimi-knorr-wabco-meritor-421137-ekersan"
"1009","kaliper-kilavuz-pim-takimi-knorr-wabco-meritor-421132-ekersan","Kaliper Kılavuz Pim Takımı Knorr WABCO Meritor","421132","","Ekersan","Kaliper Kilavuz Pim Takimi","KALİPER ÜRÜNLERİ","134","673.2","https://frenciniz.com/urun/1009/kaliper-kilavuz-pim-takimi-knorr-wabco-meritor-421132-ekersan"
"1010","kaliper-kilavuz-pim-takimi-knorr-wabco-meritor-421131-ekersan","Kaliper Kılavuz Pim Takımı Knorr WABCO Meritor","421131","","Ekersan","Kaliper Kilavuz Pim Takimi","KALİPER ÜRÜNLERİ","2","673.2","https://frenciniz.com/urun/1010/kaliper-kilavuz-pim-takimi-knorr-wabco-meritor-421131-ekersan"
"1011","kaliper-mekanizmasi-bilyali-421128-ekersan","Kaliper Mekanizması Bilyalı","421128","","Ekersan","Kaliper Ayar Mekanizması","KALİPER ÜRÜNLERİ","240","620.4","https://frenciniz.com/urun/1011/kaliper-mekanizmasi-bilyali-421128-ekersan"
"1012","kaliper-ayar-mekanizmasi-yayli-421127-ekersan","Kaliper Ayar Mekanizması (Yaylı)","421127","","Ekersan","Kaliper Ayar Mekanizması","KALİPER ÜRÜNLERİ","641","178.2","https://frenciniz.com/urun/1012/kaliper-ayar-mekanizmasi-yayli-421127-ekersan"
"1013","kaliper-masura-bilya-yatagi-0-421124-ekersan","Kaliper Masura Bilya Yatağı (0°)","421124","","Ekersan","Kaliper Tamir Takımı","KALİPER ÜRÜNLERİ","1","699.6","https://frenciniz.com/urun/1013/kaliper-masura-bilya-yatagi-0-421124-ekersan"
"1014","kaliper-toz-lastigi-tamir-takimi-74-mm-421106-ekersan","Kaliper Toz Lastiği Tamir Takımı (Ø 74 mm)","421106","0980102630 - 3434380400 - 0004200682 - 0004203982 - 81508226007 - 81508226022 - 81508226032 - 1743421 - 1746824 - 1756389","Ekersan","Kaliper Toz Lastiği","KALİPER ÜRÜNLERİ","132","369.6","https://frenciniz.com/urun/1014/kaliper-toz-lastigi-tamir-takimi-74-mm-421106-ekersan"
"1015","kaliper-toz-lastigi-tamir-takimi-69-mm-421101-ekersan","Kaliper Toz Lastiği Tamir Takımı (Ø 69 mm)","421101","","Ekersan","Kaliper Toz Lastiği","KALİPER ÜRÜNLERİ","160","336.6","https://frenciniz.com/urun/1015/kaliper-toz-lastigi-tamir-takimi-69-mm-421101-ekersan"
"1016","kaliper-toz-lastigi-tamir-takimi-69-mm-421100-ekersan","Kaliper Toz Lastiği Tamir Takımı (Ø 69 mm)","421100","42541413 - 0004202382 - 0004204082 - 0004204282 - 81508226020 - 81508226031 - 3434381400 - 1622785 - 1689313","Ekersan","Kaliper Toz Lastiği","KALİPER ÜRÜNLERİ","1890","369.6","https://frenciniz.com/urun/1016/kaliper-toz-lastigi-tamir-takimi-69-mm-421100-ekersan"
"1017","disk-balatasi-29279-42325-1-300-ekersan","Disk Balatası (29279)","42325/1-300","29279","Ekersan","Fren Balatası","BALATA","16","2059.2","https://frenciniz.com/urun/1017/disk-balatasi-29279-42325-1-300-ekersan"
"1018","disk-balatasi-knorr-wabco-meritor-42313-2-300-ekersan","Disk Balatası Knorr WABCO Meritor","42313/2-300","29246","Ekersan","Fren Balatası","BALATA","78","2138.4","https://frenciniz.com/urun/1018/disk-balatasi-knorr-wabco-meritor-42313-2-300-ekersan"
"1019","maxx-22-sensorlu-kapak-30-3694-ekersan","MAXX 22 SENSÖRLÜ KAPAK","30-3694","640 322 928 2, 81.50822.6040","Ekersan","Kaliper Kapak/Conta","KALİPER ÜRÜNLERİ","6","1746.36","https://frenciniz.com/urun/1019/maxx-22-sensorlu-kapak-30-3694-ekersan"
"1020","maxx22-rulman-tk-30-3684-ekersan","MAXX22 RULMAN TK","30-3684","","Ekersan","Kaliper Tamir Takımı (Maxx22)","KALİPER ÜRÜNLERİ","10","612.48","https://frenciniz.com/urun/1020/maxx22-rulman-tk-30-3684-ekersan"
"1021","kaliper-ayar-mekanizmasi-30-3579-ekersan","KALİPER AYAR MEKANİZMASI","30-3579","","Ekersan","Kaliper Ayar Mekanizması","KALİPER ÜRÜNLERİ","9","1737.12","https://frenciniz.com/urun/1021/kaliper-ayar-mekanizmasi-30-3579-ekersan"
"1022","pan17-balata-itici-pleyt-sag-yargili-30-3530-ekersan","PAN17 BALATA İTİCİ PLEYT SAĞ (YARGILI)","30-3530","","Ekersan","Fren Balatası","BALATA","2","743.16","https://frenciniz.com/urun/1022/pan17-balata-itici-pleyt-sag-yargili-30-3530-ekersan"
"1023","kaliper-masura-rulman-yatagi-30-3510-ekersan","KALİPER MASURA RULMAN YATAĞI","30-3510","","Ekersan","Kaliper Tamir Takımı","KALİPER ÜRÜNLERİ","1","984.72","https://frenciniz.com/urun/1023/kaliper-masura-rulman-yatagi-30-3510-ekersan"
"1024","disk-balatasi-29125-42242-1-290-ekersan","Disk Balatası (29125)","42242/1-290","29125","Ekersan","Fren Balatası","BALATA","8","1980","https://frenciniz.com/urun/1024/disk-balatasi-29125-42242-1-290-ekersan"
"1025","disk-balatasi-29159-42232-2-290-ekersan","Disk Balatası (29159)","42232/2-290","29159 , 29126","Ekersan","Fren Balatası","BALATA","138","1900.8","https://frenciniz.com/urun/1025/disk-balatasi-29159-42232-2-290-ekersan"
"1026","disk-balatasi-bpw-42200-7-290-ekersan","Disk Balatası BPW","42200/7-290","29165 - 29215","Ekersan","Fren Balatası","BALATA","196","1900.8","https://frenciniz.com/urun/1026/disk-balatasi-bpw-42200-7-290-ekersan"
"1027","kaliper-mekanizma-disli-ve-kap-20-2601-ekersan","KALİPER MEKANİZMA DİŞLİ VE KAP","20-2601","","Ekersan","Kaliper Ayar Mekanizması","KALİPER ÜRÜNLERİ","3","4583.04","https://frenciniz.com/urun/1027/kaliper-mekanizma-disli-ve-kap-20-2601-ekersan"
"1028","elsa2-rulman-yatagi-123mm-20-2487-ekersan","ELSA2 RULMAN YATAĞI 123MM","20-2487","","Ekersan","Kaliper Tamir Takımı","KALİPER ÜRÜNLERİ","4","1638.12","https://frenciniz.com/urun/1028/elsa2-rulman-yatagi-123mm-20-2487-ekersan"
"1029","duco-ayar-mekanizmasi-sol-20-2471-ekersan","DUCO AYAR MEKANİZMASI SOL","20-2471","MCK1111, 3092265, SJ4102","Ekersan","Kaliper Ayar Mekanizması","KALİPER ÜRÜNLERİ","8","1507.44","https://frenciniz.com/urun/1029/duco-ayar-mekanizmasi-sol-20-2471-ekersan"
"1030","duco-ayar-mekanizmasi-sag-20-2470-ekersan","DUCO AYAR MEKANİZMASI SAĞ","20-2470","MCK1112, 3092266, SJ4103","Ekersan","Kaliper Ayar Mekanizması","KALİPER ÜRÜNLERİ","4","1507.44","https://frenciniz.com/urun/1030/duco-ayar-mekanizmasi-sag-20-2470-ekersan"
"1031","disk-balatasi-29167-42182-6-300-ekersan","Disk Balatası (29167)","42182/6-300","29167-29216-29270","Ekersan","Fren Balatası","BALATA","94","2059.2","https://frenciniz.com/urun/1031/disk-balatasi-29167-42182-6-300-ekersan"
"1032","disk-balatasi-29011-42117-1-250-ekersan","Disk Balatası 29011","42117/1-250","29011","Ekersan","Fren Balatası","BALATA","65","2059.2","https://frenciniz.com/urun/1032/disk-balatasi-29011-42117-1-250-ekersan"
"1033","8-20-aliminyum-percin-1000-820-ekersan","8/20 Aliminyum Perçin","1000 820","(A) C4","Ekersan","Perçin","FREN PABUÇLARI","191","594","https://frenciniz.com/urun/1033/8-20-aliminyum-percin-1000-820-ekersan"
"1034","8-17-aluminyum-percin-1000-817-ekersan","8*17 ALUMİNYUM PERÇİN","1000 817","(A) D4","Ekersan","Perçin","FREN PABUÇLARI","34","594","https://frenciniz.com/urun/1034/8-17-aluminyum-percin-1000-817-ekersan"
"1035","6-17-aluminyum-percin-1000-617-ekersan","6*17 ALUMİNYUM PERÇİN","1000 617","(A) D4","Ekersan","Perçin","FREN PABUÇLARI","59","594","https://frenciniz.com/urun/1035/6-17-aluminyum-percin-1000-617-ekersan"
"1036","sn6sk7sl7sm7-piston-kapagi-somunlu-10-1403-ekersan","SN6SK7SL7SM7 PİSTON KAPAĞI SOMUNLU","10-1403","","Ekersan","Kaliper Tamir Takımı (Wabco)","KALİPER ÜRÜNLERİ","3","340.56","https://frenciniz.com/urun/1036/sn6sk7sl7sm7-piston-kapagi-somunlu-10-1403-ekersan"
"1037","kaliper-kapagi-10-1400-ekersan","KALİPER KAPAĞI","10-1400","","Ekersan","Kaliper Kapak/Conta","KALİPER ÜRÜNLERİ","4","330","https://frenciniz.com/urun/1037/kaliper-kapagi-10-1400-ekersan"
"1038","kaliper-mil-kece-tm-tk-10-1320-ekersan","KALİPER MİL-KEÇE TM.TK.","10-1320","K001915, K048389K50, K099604K50, 0004204682, 81508226019, 81508226034, 81508226037, 1477675, 1527631, 2121646, 1639100, 1847716,","Ekersan","Kaliper Tamir Takımı","KALİPER ÜRÜNLERİ","5","1244.76","https://frenciniz.com/urun/1038/kaliper-mil-kece-tm-tk-10-1320-ekersan"
"1039","kaliper-tamir-takimi-10-1299-ekersan","KALİPER TAMİR TAKIMI","10-1299","","Ekersan","Kaliper","KALİPER ÜRÜNLERİ","16","1834.8","https://frenciniz.com/urun/1039/kaliper-tamir-takimi-10-1299-ekersan"
"1040","kaliper-masura-bilya-yatagi-knorr-wabco-meritor-10-1277-ekersan","Kaliper Masura Bilya Yatağı Knorr WABCO Meritor","10-1277","","Ekersan","Kaliper Tamir Takımı","KALİPER ÜRÜNLERİ","3","1038.84","https://frenciniz.com/urun/1040/kaliper-masura-bilya-yatagi-knorr-wabco-meritor-10-1277-ekersan"
"1041","sb6-7-sn6-7-sk7-balata-tutucu-10-1260-ekersan","SB6-7 SN6-7 SK7 BALATA TUTUCU","10-1260","K000133, II19712004, II30679004, 0004202582, 13C3305630AA","Ekersan","Fren Balatası","BALATA","1","208.56","https://frenciniz.com/urun/1041/sb6-7-sn6-7-sk7-balata-tutucu-10-1260-ekersan"
"1042","lastik-10-1242-ekersan","LASTİK","10-1242","","Ekersan","Lastik","FREN KÖRÜKLERİ","20","133.32","https://frenciniz.com/urun/1042/lastik-10-1242-ekersan"
"1043","kaliper-piston-tm-tk-10-1160-ekersan","KALİPER PİSTON TM.TK.","10-1160","II179320065, II304130065, 1746824, 1759811, 0980102630, 81508226007, 81508226022, 0004200682, 0004203982, 3434380400, 1390429,","Ekersan","Kaliper Tamir Takımı","KALİPER ÜRÜNLERİ","18","471.24","https://frenciniz.com/urun/1043/kaliper-piston-tm-tk-10-1160-ekersan"
"1044","ayar-tasiyici-10-1154-ekersan","AYAR TAŞIYICI","10-1154","","Ekersan","Kaliper Ayar Mekanizması","KALİPER ÜRÜNLERİ","1","831.6","https://frenciniz.com/urun/1044/ayar-tasiyici-10-1154-ekersan"
"1045","kaliper-kopru-baglantisi-10-1153-ekersan","KALİPER KÖPRÜ BAĞLANTISI","10-1153","","Ekersan","Kaliper","KALİPER ÜRÜNLERİ","1","917.4","https://frenciniz.com/urun/1045/kaliper-kopru-baglantisi-10-1153-ekersan"
"1046","kaliper-kopru-baglantisi-10-1152-ekersan","KALİPER KÖPRÜ BAĞLANTISI","10-1152","","Ekersan","Kaliper","KALİPER ÜRÜNLERİ","8","939.84","https://frenciniz.com/urun/1046/kaliper-kopru-baglantisi-10-1152-ekersan"
"1047","kaliper-kopru-baglantisi-10-1151-ekersan","KALİPER KÖPRÜ BAĞLANTISI","10-1151","CKSK.17.1","Ekersan","Kaliper","KALİPER ÜRÜNLERİ","6","939.84","https://frenciniz.com/urun/1047/kaliper-kopru-baglantisi-10-1151-ekersan"
"1048","sn5-kaliper-tapasi-10-1134-ekersan","SN5 KALİPER TAPASI","10-1134","","Ekersan","Kaliper","KALİPER ÜRÜNLERİ","10","493.68","https://frenciniz.com/urun/1048/sn5-kaliper-tapasi-10-1134-ekersan"
"1049","sb6-7-sensorlu-3-kablolu-kapak-10-1093-ekersan","SB6-7 SENSÖRLÜ 3 KABLOLU KAPAK","10-1093","","Ekersan","Kaliper Tamir Takımı (Wabco)","KALİPER ÜRÜNLERİ","6","1082.4","https://frenciniz.com/urun/1049/sb6-7-sensorlu-3-kablolu-kapak-10-1093-ekersan"
"1050","sb5-6-7-sn6-7-ayar-civatasi-10-1080-ekersan","SB5-6-7 SN6-7 AYAR CİVATASI","10-1080","","Ekersan","Kaliper Tamir Takımı (Wabco)","KALİPER ÜRÜNLERİ","1","219.12","https://frenciniz.com/urun/1050/sb5-6-7-sn6-7-ayar-civatasi-10-1080-ekersan"
"1051","sb6-7-sn6-7-ayar-zenciri-29-baglantili-10-1071-ekersan","SB6-7 SN6-7 AYAR ZENCİRİ 29 BAĞLANTILI","10-1071","","Ekersan","Kaliper Tamir Takımı (Wabco)","KALİPER ÜRÜNLERİ","20","231","https://frenciniz.com/urun/1051/sb6-7-sn6-7-ayar-zenciri-29-baglantili-10-1071-ekersan"
"1052","sn6-sn7-sk7-cift-tirnakli-rulman-10-1050-ekersan","SN6-SN7-SK7 ÇİFT TIRNAKLI RULMAN","10-1050","","Ekersan","Kaliper Tamir Takımı (Wabco)","KALİPER ÜRÜNLERİ","3","372.24","https://frenciniz.com/urun/1052/sn6-sn7-sk7-cift-tirnakli-rulman-10-1050-ekersan"
"1053","saf-dorse-porya-kapak-plastik-buyuk-eyd-075099-ekersan","SAF DORSE PORYA KAPAK (PLASTİK BÜYÜK)","EYD.075099","","Ekersan","Porya","PORYA","1623","224.4","https://frenciniz.com/urun/1053/saf-dorse-porya-kapak-plastik-buyuk-eyd-075099-ekersan"
"1054","saf-dorse-porya-kapak-plastik-kucuk-eyd-075074-ekersan","SAF DORSE PORYA KAPAK (PLASTİK KÜÇÜK)","EYD.075074","","Ekersan","Porya","PORYA","35","224.4","https://frenciniz.com/urun/1054/saf-dorse-porya-kapak-plastik-kucuk-eyd-075074-ekersan"
"1055","bpw-porya-kapagi-icten-yivli-buyuk-eyd-0170064-ekersan","BPW PORYA KAPAĞI İÇTEN YİVLİ BÜYÜK","EYD.0170064","","Ekersan","Porya","PORYA","40","396","https://frenciniz.com/urun/1055/bpw-porya-kapagi-icten-yivli-buyuk-eyd-0170064-ekersan"
