"score","id","category","primary_query","secondary_queries","url","stock","price"
"108","801","Fren Pabucu","Fren Pabucu BPW ECOPlus 20 cm OEM (A) H4 EYD 80 03","BPW dorse dingili Fren Pabucu | BPW dorse dingili (A) H4 | (A) H4 Fren Pabucu | EYD 80 03 Fren Pabucu | Fren Pabucu BPW ECOPlus 20 cm","https://www.frenciniz.com/urun/801/fren-pabucu-bpw-ecoplus-20-cm-oem-a-h4-eyd-80-03-ekersan","1521","1141.8"
"108","231","Fren Diski","Fren Diski Mercedes Actros Axor OEM 9434210312 ESD 010 12","Mercedes-Benz Actros Fren Diski | Mercedes-Benz Actros 9434210312 | 9434210312 Fren Diski | ESD 010 12 Fren Diski | Fren Diski Mercedes Actros Axor","https://www.frenciniz.com/urun/231/fren-diski-mercedes-actros-axor-oem-9434210312-esd-010-12-ekersan","1291","3857.59"
"108","234","Fren Diski","Fren Diski Mercedes Actros Axor OEM 9424211212 ESD 010 02","Mercedes-Benz Actros Fren Diski | Mercedes-Benz Actros 9424211212 | 9424211212 Fren Diski | ESD 010 02 Fren Diski | Fren Diski Mercedes Actros Axor","https://www.frenciniz.com/urun/234/fren-diski-mercedes-actros-axor-oem-9424211212-esd-010-02-ekersan","1286","3857.59"
"108","186","Fren Diski","Fren Diski BPW ECOPlus OEM 0308835050 ESD 070 23","BPW dorse dingili Fren Diski | BPW dorse dingili 0308835050 | 0308835050 Fren Diski | ESD 070 23 Fren Diski | Fren Diski BPW ECOPlus","https://www.frenciniz.com/urun/186/fren-diski-bpw-ecoplus-oem-0308835050-esd-070-23-ekersan","1244","4126.36"
"108","216","Fren Diski","Fren Diski Iveco Eurocargo Stralis OEM 2995812 ESD 030 09","Iveco Eurocargo Fren Diski | Iveco Eurocargo 2995812 | 2995812 Fren Diski | ESD 030 09 Fren Diski | Fren Diski Iveco Eurocargo Stralis","https://www.frenciniz.com/urun/216/fren-diski-iveco-eurocargo-stralis-oem-2995812-esd-030-09-ekersan","534","4849.54"
"108","227","Fren Diski","Fren Diski Mercedes Actros Arocs Axor OEM 9604210412 ESD 010 27","Mercedes-Benz Actros Fren Diski | Mercedes-Benz Actros 9604210412 | 9604210412 Fren Diski | ESD 010 27 Fren Diski | Fren Diski Mercedes Actros Arocs Axor","https://www.frenciniz.com/urun/227/fren-diski-mercedes-actros-arocs-axor-oem-9604210412-esd-010-27-ekersan","442","4273.32"
"108","224","Fren Diski","Fren Diski MAN TGA TGM TGS TGX OEM 81508030040 ESD 020 09","MAN TGA Fren Diski | MAN TGA 81508030040 | 81508030040 Fren Diski | ESD 020 09 Fren Diski | Fren Diski MAN TGA TGM TGS TGX","https://www.frenciniz.com/urun/224/fren-diski-man-tga-tgm-tgs-tgx-oem-81508030040-esd-020-09-ekersan","437","4137.96"
"108","169","Fren Diski","Fren Diski Mercedes Travego Tourismo OEM 82135830 ESD 140 01","Otokar Doruk Fren Diski | Otokar Doruk 82135830 | 82135830 Fren Diski | ESD 140 01 Fren Diski | Fren Diski Mercedes Travego Tourismo","https://www.frenciniz.com/urun/169/fren-diski-mercedes-travego-tourismo-oem-82135830-esd-140-01-ekersan","369","4604.94"
"108","223","Fren Diski","Fren Diski MAN TGA TGM TGS TGX OEM 81508030041 ESD 020 10","MAN TGA Fren Diski | MAN TGA 81508030041 | 81508030041 Fren Diski | ESD 020 10 Fren Diski | Fren Diski MAN TGA TGM TGS TGX","https://www.frenciniz.com/urun/223/fren-diski-man-tga-tgm-tgs-tgx-oem-81508030041-esd-020-10-ekersan","364","4137.96"
"108","203","Fren Diski","Fren Diski Scania P G R OEM 1387439 ESD 060 02","Scania 4 serisi Fren Diski | Scania 4 serisi 1387439 | 1387439 Fren Diski | ESD 060 02 Fren Diski | Fren Diski Scania P G R","https://www.frenciniz.com/urun/203/fren-diski-scania-p-g-r-oem-1387439-esd-060-02-ekersan","357","3594.62"
"108","193","Fren Diski","Fren Diski SAF Holland OEM 407000500 ESD 070 12","SAF dorse dingili Fren Diski | SAF dorse dingili 407000500 | 407000500 Fren Diski | ESD 070 12 Fren Diski | Fren Diski SAF Holland","https://www.frenciniz.com/urun/193/fren-diski-saf-holland-oem-407000500-esd-070-12-ekersan","334","3962"
"108","188","Fren Diski","Fren Diski BPW ECOPlus OEM 0308835030 ESD 070 20","BPW dorse dingili Fren Diski | BPW dorse dingili 0308835030 | 0308835030 Fren Diski | ESD 070 20 Fren Diski | Fren Diski BPW ECOPlus","https://www.frenciniz.com/urun/188/fren-diski-bpw-ecoplus-oem-0308835030-esd-070-20-ekersan","310","4126.36"
"108","182","Fren Diski","Fren Diski Scania P G R OEM 1386686 ESD 080 01","Scania 4 serisi Fren Diski | Scania 4 serisi 1386686 | 1386686 Fren Diski | ESD 080 01 Fren Diski | Fren Diski Scania P G R","https://www.frenciniz.com/urun/182/fren-diski-scania-p-g-r-oem-1386686-esd-080-01-ekersan","301","3817.95"
"108","846","Fren Pabucu","Fren Pabucu Renault Premium Magnum Kerax Midlum Volvo FH FH12 FM FL BMC Probus Profesyonel OEM (A) F4 EYD 206 38","Volvo FH Fren Pabucu | Volvo FH (A) F4 | (A) F4 Fren Pabucu | EYD 206 38 Fren Pabucu | Fren Pabucu Renault Premium Magnum Kerax Midlum Volvo FH FH12 FM FL BMC Probus Profesyonel","https://www.frenciniz.com/urun/846/fren-pabucu-renault-premium-magnum-kerax-midlum-volvo-fh-fh12-fm-fl-bmc-probus-profesyonel-oem","301","1102.2"
"108","175","Fren Diski","Fren Diski Volvo FH FM FL OEM 85103803 ESD 110 01","Volvo FH Fren Diski | Volvo FH 85103803 | 85103803 Fren Diski | ESD 110 01 Fren Diski | Fren Diski Volvo FH FM FL","https://www.frenciniz.com/urun/175/fren-diski-volvo-fh-fm-fl-oem-85103803-esd-110-01-ekersan","290","3722.23"
"108","847","Fren Pabucu","Fren Pabucu Renault Premium Magnum Kerax Midlum Volvo FH FH12 FM FL BMC Probus Profesyonel OEM (A) F4 EYD 206 37","Volvo FH Fren Pabucu | Volvo FH (A) F4 | (A) F4 Fren Pabucu | EYD 206 37 Fren Pabucu | Fren Pabucu Renault Premium Magnum Kerax Midlum Volvo FH FH12 FM FL BMC Probus Profesyonel","https://www.frenciniz.com/urun/847/fren-pabucu-renault-premium-magnum-kerax-midlum-volvo-fh-fh12-fm-fl-bmc-probus-profesyonel-oem","287","1102.2"
"108","190","Fren Diski","Fren Diski SAF Holland OEM 4079001300 ESD 070 15","SAF dorse dingili Fren Diski | SAF dorse dingili 4079001300 | 4079001300 Fren Diski | ESD 070 15 Fren Diski | Fren Diski SAF Holland","https://www.frenciniz.com/urun/190/fren-diski-saf-holland-oem-4079001300-esd-070-15-ekersan","271","3509.54"
"108","201","Fren Diski","Fren Diski BPW ECOPlus OEM 308834020 ESD 070 02","BPW dorse dingili Fren Diski | BPW dorse dingili 308834020 | 308834020 Fren Diski | ESD 070 02 Fren Diski | Fren Diski BPW ECOPlus","https://www.frenciniz.com/urun/201/fren-diski-bpw-ecoplus-oem-308834020-esd-070-02-ekersan","241","4636.84"
"108","220","Fren Diski","Fren Diski Iveco Eurocargo Stralis OEM 1906461 ESD 030 02","Iveco Eurocargo Fren Diski | Iveco Eurocargo 1906461 | 1906461 Fren Diski | ESD 030 02 Fren Diski | Fren Diski Iveco Eurocargo Stralis","https://www.frenciniz.com/urun/220/fren-diski-iveco-eurocargo-stralis-oem-1906461-esd-030-02-ekersan","241","4604.94"
"108","74","Fren Diski","Fren Diski Ford Cargo WABCO ABS EBS Ön Arka 1846 OEM DC462A315AA ESD 120 03-1","Ford Cargo Fren Diski | Ford Cargo DC462A315AA | DC462A315AA Fren Diski | ESD 120 03-1 Fren Diski | Fren Diski Ford Cargo WABCO ABS EBS Ön Arka 1846","https://www.frenciniz.com/urun/74/fren-diski-ford-cargo-wabco-abs-ebs-on-arka-1846-oem-dc462a315aa-esd-120-03-1-ekersan","223","4700.65"
"108","800","Fren Pabucu","Fren Pabucu BPW ECOPlus 18 cm OEM (A) F4 EYD 80 04","BPW dorse dingili Fren Pabucu | BPW dorse dingili (A) F4 | (A) F4 Fren Pabucu | EYD 80 04 Fren Pabucu | Fren Pabucu BPW ECOPlus 18 cm","https://www.frenciniz.com/urun/800/fren-pabucu-bpw-ecoplus-18-cm-oem-a-f4-eyd-80-04-ekersan","213","1141.8"
"108","226","Fren Diski","Fren Diski MAN L2000 M2000 OEM 81508030026 ESD 020 04","MAN L2000 Fren Diski | MAN L2000 81508030026 | 81508030026 Fren Diski | ESD 020 04 Fren Diski | Fren Diski MAN L2000 M2000","https://www.frenciniz.com/urun/226/fren-diski-man-l2000-m2000-oem-81508030026-esd-020-04-ekersan","207","2680.01"
"108","215","Fren Diski","Fren Diski Iveco Eurocargo Stralis Trakker 6 cm 14 Delik Ön 220 OEM 7187541 ESD 030 10","Iveco Eurocargo Fren Diski | Iveco Eurocargo 7187541 | 7187541 Fren Diski | ESD 030 10 Fren Diski | Fren Diski Iveco Eurocargo Stralis Trakker 6 cm 14 Delik Ön 220","https://www.frenciniz.com/urun/215/fren-diski-iveco-eurocargo-stralis-trakker-6-cm-14-delik-on-220-oem-7187541-esd-030-10-ekersan","206","3924.3"
"108","225","Fren Diski","Fren Diski MAN L2000 M2000 OEM 81508030024 ESD 020 05","MAN L2000 Fren Diski | MAN L2000 81508030024 | 81508030024 Fren Diski | ESD 020 05 Fren Diski | Fren Diski MAN L2000 M2000","https://www.frenciniz.com/urun/225/fren-diski-man-l2000-m2000-oem-81508030024-esd-020-05-ekersan","196","2807.63"
"108","200","Fren Diski","Fren Diski SAF Holland OEM 4079000410 ESD 070 03","SAF dorse dingili Fren Diski | SAF dorse dingili 4079000410 | 4079000410 Fren Diski | ESD 070 03 Fren Diski | Fren Diski SAF Holland","https://www.frenciniz.com/urun/200/fren-diski-saf-holland-oem-4079000410-esd-070-03-ekersan","170","4168.9"
"108","72","Fren Diski","Fren Diski MAN L2000 TGL TGM OEM 81508030042 ESD 020 12","MAN TGM Fren Diski | MAN TGM 81508030042 | 81508030042 Fren Diski | ESD 020 12 Fren Diski | Fren Diski MAN L2000 TGL TGM","https://www.frenciniz.com/urun/72/fren-diski-man-l2000-tgl-tgm-oem-81508030042-esd-020-12-ekersan","167","2903.34"
"108","180","Fren Diski","Fren Diski Otokar Doruk Sultan Ön SKU ESD 090 04","Otokar Doruk Fren Diski | Otokar Doruk ESD 090 04 | ESD 090 04 Fren Diski | Fren Diski Otokar Doruk Sultan Ön","https://www.frenciniz.com/urun/180/fren-diski-otokar-doruk-sultan-on-sku-esd-090-04-ekersan","157","4636.84"
"108","181","Fren Diski","Fren Diski Otokar Doruk Sultan Ön OEM 13C2505572BA ESD 090 02","Otokar Doruk Fren Diski | Otokar Doruk 13C2505572BA | 13C2505572BA Fren Diski | ESD 090 02 Fren Diski | Fren Diski Otokar Doruk Sultan Ön","https://www.frenciniz.com/urun/181/fren-diski-otokar-doruk-sultan-on-oem-13c2505572ba-esd-090-02-ekersan","157","3445.73"
"108","496","Fren Pabucu","Fren Pabucu BPW ECOPlus Y.M 360 200 OEM 05.091.19.34.0 03.7100.300.031.00","BPW dorse dingili Fren Pabucu | BPW dorse dingili 05.091.19.34.0 | 05.091.19.34.0 Fren Pabucu | 03.7100.300.031.00 Fren Pabucu | Fren Pabucu BPW ECOPlus Y.M 360 200","https://www.frenciniz.com/urun/496/fren-pabucu-bpw-ecoplus-y-m-360-200-oem-05-091-19-34-0-03-7100-300-031-00-ekersan","144","1062.6"
"108","170","Fren Diski","Fren Diski Isuzu Novo NovoCiti Life CitiLife OEM 377777391054 ESD 130 02","Isuzu Novo Fren Diski | Isuzu Novo 377777391054 | 377777391054 Fren Diski | ESD 130 02 Fren Diski | Fren Diski Isuzu Novo NovoCiti Life CitiLife","https://www.frenciniz.com/urun/170/fren-diski-isuzu-novo-novociti-life-citilife-oem-377777391054-esd-130-02-ekersan","140","3233.03"
"108","233","Fren Diski","Fren Diski Mercedes Actros Axor OEM 9754230612 ESD 010 03","Mercedes-Benz Actros Fren Diski | Mercedes-Benz Actros 9754230612 | 9754230612 Fren Diski | ESD 010 03 Fren Diski | Fren Diski Mercedes Actros Axor","https://www.frenciniz.com/urun/233/fren-diski-mercedes-actros-axor-oem-9754230612-esd-010-03-ekersan","129","3789.91"
"108","198","Fren Diski","Fren Diski BPW ECOPlus OEM 0308834040 ESD 070 05","BPW dorse dingili Fren Diski | BPW dorse dingili 0308834040 | 0308834040 Fren Diski | ESD 070 05 Fren Diski | Fren Diski BPW ECOPlus","https://www.frenciniz.com/urun/198/fren-diski-bpw-ecoplus-oem-0308834040-esd-070-05-ekersan","119","4573.03"
"108","196","Fren Diski","Fren Diski BPW ECOPlus OEM 0308834100 ESD 070 07","BPW dorse dingili Fren Diski | BPW dorse dingili 0308834100 | 0308834100 Fren Diski | ESD 070 07 Fren Diski | Fren Diski BPW ECOPlus","https://www.frenciniz.com/urun/196/fren-diski-bpw-ecoplus-oem-0308834100-esd-070-07-ekersan","118","4573.03"
"108","177","Fren Diski","Fren Diski Karsan Atak Ön OEM 3050037 ESD 090 08","Karsan Atak Fren Diski | Karsan Atak 3050037 | 3050037 Fren Diski | ESD 090 08 Fren Diski | Fren Diski Karsan Atak Ön","https://www.frenciniz.com/urun/177/fren-diski-karsan-atak-on-oem-3050037-esd-090-08-ekersan","116","4424.14"
"108","644","Fren Pabucu","Fren Pabucu Mercedes Actros Axor 22 cm OEM 624.420.02.19 EYD 206 08","Mercedes-Benz Actros Fren Pabucu | Mercedes-Benz Actros 624.420.02.19 | 624.420.02.19 Fren Pabucu | EYD 206 08 Fren Pabucu | Fren Pabucu Mercedes Actros Axor 22 cm","https://www.frenciniz.com/urun/644/fren-pabucu-mercedes-actros-axor-22-cm-oem-624-420-02-19-eyd-206-08-ekersan","116","2145"
"108","222","Fren Diski","Fren Diski MAN TGL OEM 81508030063 ESD 020 13","MAN TGL Fren Diski | MAN TGL 81508030063 | 81508030063 Fren Diski | ESD 020 13 Fren Diski | Fren Diski MAN TGL","https://www.frenciniz.com/urun/222/fren-diski-man-tgl-oem-81508030063-esd-020-13-ekersan","110","2903.34"
"108","195","Fren Diski","Fren Diski BPW ECOPlus OEM 0308834010 ESD 070 10","BPW dorse dingili Fren Diski | BPW dorse dingili 0308834010 | 0308834010 Fren Diski | ESD 070 10 Fren Diski | Fren Diski BPW ECOPlus","https://www.frenciniz.com/urun/195/fren-diski-bpw-ecoplus-oem-0308834010-esd-070-10-ekersan","109","4551.76"
"108","235","Fren Diski","Fren Diski Mercedes Actros Axor OEM 3564211012 ESD 010 01","Mercedes-Benz Actros Fren Diski | Mercedes-Benz Actros 3564211012 | 3564211012 Fren Diski | ESD 010 01 Fren Diski | Fren Diski Mercedes Actros Axor","https://www.frenciniz.com/urun/235/fren-diski-mercedes-actros-axor-oem-3564211012-esd-010-01-ekersan","108","4604.94"
"108","184","Fren Diski","Fren Diski ROR Meritor OEM 1176816 ESD 070 25","ROR dorse dingili Fren Diski | ROR dorse dingili 1176816 | 1176816 Fren Diski | ESD 070 25 Fren Diski | Fren Diski ROR Meritor","https://www.frenciniz.com/urun/184/fren-diski-ror-meritor-oem-1176816-esd-070-25-ekersan","103","5062.24"
"108","187","Fren Diski","Fren Diski SAF Holland OEM 4079001700 ESD 070 22","SAF dorse dingili Fren Diski | SAF dorse dingili 4079001700 | 4079001700 Fren Diski | ESD 070 22 Fren Diski | Fren Diski SAF Holland","https://www.frenciniz.com/urun/187/fren-diski-saf-holland-oem-4079001700-esd-070-22-ekersan","100","4849.54"
"108","171","Fren Diski","Fren Diski Isuzu Novo NovoCiti Life CitiLife Arka OEM 3870143170 ESD 130 01","Isuzu Novo Fren Diski | Isuzu Novo 3870143170 | 3870143170 Fren Diski | ESD 130 01 Fren Diski | Fren Diski Isuzu Novo NovoCiti Life CitiLife Arka","https://www.frenciniz.com/urun/171/fren-diski-isuzu-novo-novociti-life-citilife-arka-oem-3870143170-esd-130-01-ekersan","99","3445.73"
"108","185","Fren Diski","Fren Diski ROR Meritor OEM 1088133 ESD 070 24","ROR dorse dingili Fren Diski | ROR dorse dingili 1088133 | 1088133 Fren Diski | ESD 070 24 Fren Diski | Fren Diski ROR Meritor","https://www.frenciniz.com/urun/185/fren-diski-ror-meritor-oem-1088133-esd-070-24-ekersan","97","4950.09"
"108","280","Fren Diski","Fren Diski Volvo FH FM FL OEM 85103803 ESD 110 01-1","Volvo FH Fren Diski | Volvo FH 85103803 | 85103803 Fren Diski | ESD 110 01-1 Fren Diski | Fren Diski Volvo FH FM FL","https://www.frenciniz.com/urun/280/fren-diski-volvo-fh-fm-fl-oem-85103803-esd-110-01-1-ekersan","96","3722.24"
"108","232","Fren Diski","Fren Diski Mercedes Atego Tourino OEM 9754210212 ESD 010 04","Mercedes-Benz Atego Fren Diski | Mercedes-Benz Atego 9754210212 | 9754210212 Fren Diski | ESD 010 04 Fren Diski | Fren Diski Mercedes Atego Tourino","https://www.frenciniz.com/urun/232/fren-diski-mercedes-atego-tourino-oem-9754210212-esd-010-04-ekersan","94","3789.91"
"108","279","Fren Diski","Fren Diski Volvo FH FM FL OEM 85103803 ESD 110 01-3","Volvo FH Fren Diski | Volvo FH 85103803 | 85103803 Fren Diski | ESD 110 01-3 Fren Diski | Fren Diski Volvo FH FM FL","https://www.frenciniz.com/urun/279/fren-diski-volvo-fh-fm-fl-oem-85103803-esd-110-01-3-ekersan","90","3840.54"
"108","194","Fren Diski","Fren Diski Dorse Treyler 8 Delik 160 230 OEM 0308834010 ESD 070 10-1","BPW dorse dingili Fren Diski | BPW dorse dingili 0308834010 | 0308834010 Fren Diski | ESD 070 10-1 Fren Diski | Fren Diski Dorse Treyler 8 Delik 160 230","https://www.frenciniz.com/urun/194/fren-diski-dorse-treyler-8-delik-160-230-oem-0308834010-esd-070-10-1-ekersan","87","4636.84"
"108","210","Fren Diski","Fren Diski Iveco Eurocargo Stralis Trakker WABCO ABS EBS Arka 110 OEM 7189456 ESD 030 20","Iveco Eurocargo Fren Diski | Iveco Eurocargo 7189456 | 7189456 Fren Diski | ESD 030 20 Fren Diski | Fren Diski Iveco Eurocargo Stralis Trakker WABCO ABS EBS Arka 110","https://www.frenciniz.com/urun/210/fren-diski-iveco-eurocargo-stralis-trakker-wabco-abs-ebs-arka-110-oem-7189456-esd-030-20-ekersan","86","4094.46"
"108","859","Fren Pabucu","Fren Pabucu Volvo FH FH12 FM FL BMC Probus Profesyonel Fatih Pro 5 cm OEM (A) G4 EYD 206 01-1","Volvo FH Fren Pabucu | Volvo FH (A) G4 | (A) G4 Fren Pabucu | EYD 206 01-1 Fren Pabucu | Fren Pabucu Volvo FH FH12 FM FL BMC Probus Profesyonel Fatih Pro 5 cm","https://www.frenciniz.com/urun/859/fren-pabucu-volvo-fh-fh12-fm-fl-bmc-probus-profesyonel-fatih-pro-5-cm-oem-a-g4-eyd-206-01-1","85","924"
"108","174","Fren Diski","Fren Diski ESD 110 01 2 SKU ESD 110 01-2","Kamyon Fren Diski | Kamyon ESD 110 01-2 | ESD 110 01-2 Fren Diski | Fren Diski ESD 110 01 2","https://www.frenciniz.com/urun/174/fren-diski-esd-110-01-2-sku-esd-110-01-2-ekersan","83","4041.28"
"108","858","Fren Pabucu","Fren Pabucu BMC Probus Profesyonel Fatih Pro 20 cm OEM (A) E4 EYD 206 02","BMC Probus Fren Pabucu | BMC Probus (A) E4 | (A) E4 Fren Pabucu | EYD 206 02 Fren Pabucu | Fren Pabucu BMC Probus Profesyonel Fatih Pro 20 cm","https://www.frenciniz.com/urun/858/fren-pabucu-bmc-probus-profesyonel-fatih-pro-20-cm-oem-a-e4-eyd-206-02-ekersan","83","924"
"108","162","Fren Diski","Fren Diski York Valx OEM 50390001 ESD 220 01","Dorse / treyler Fren Diski | Dorse / treyler 50390001 | 50390001 Fren Diski | ESD 220 01 Fren Diski | Fren Diski York Valx","https://www.frenciniz.com/urun/162/fren-diski-york-valx-oem-50390001-esd-220-01-ekersan","82","5360.02"
"108","84","Fren Diski","Fren Diski Volvo FH FM FL OEM 8551042 ESD 110 05","Volvo FH Fren Diski | Volvo FH 8551042 | 8551042 Fren Diski | ESD 110 05 Fren Diski | Fren Diski Volvo FH FM FL","https://www.frenciniz.com/urun/84/fren-diski-volvo-fh-fm-fl-oem-8551042-esd-110-05-ekersan","79","4428.01"
"108","230","Fren Diski","Fren Diski Mercedes Axor E.M OEM 204566 ESD 010 18","Mercedes-Benz Axor Fren Diski | Mercedes-Benz Axor 204566 | 204566 Fren Diski | ESD 010 18 Fren Diski | Fren Diski Mercedes Axor E.M","https://www.frenciniz.com/urun/230/fren-diski-mercedes-axor-e-m-oem-204566-esd-010-18-ekersan","74","4870.81"
"108","857","Fren Pabucu","Fren Pabucu BMC Probus Profesyonel Fatih Pro 20 cm OEM (A) E4 EYD 206 02-1","BMC Probus Fren Pabucu | BMC Probus (A) E4 | (A) E4 Fren Pabucu | EYD 206 02-1 Fren Pabucu | Fren Pabucu BMC Probus Profesyonel Fatih Pro 20 cm","https://www.frenciniz.com/urun/857/fren-pabucu-bmc-probus-profesyonel-fatih-pro-20-cm-oem-a-e4-eyd-206-02-1-ekersan","73","924"
"108","168","Fren Diski","Fren Diski ROR Meritor OEM MBR9018 ESD 150 04","ROR dorse dingili Fren Diski | ROR dorse dingili MBR9018 | MBR9018 Fren Diski | ESD 150 04 Fren Diski | Fren Diski ROR Meritor","https://www.frenciniz.com/urun/168/fren-diski-ror-meritor-oem-mbr9018-esd-150-04-ekersan","72","4743.19"
"108","191","Fren Diski","Fren Diski SAF Holland OEM 4079001001 ESD 070 14","SAF dorse dingili Fren Diski | SAF dorse dingili 4079001001 | 4079001001 Fren Diski | ESD 070 14 Fren Diski | Fren Diski SAF Holland","https://www.frenciniz.com/urun/191/fren-diski-saf-holland-oem-4079001001-esd-070-14-ekersan","72","3700.96"
"108","176","Fren Diski","Fren Diski ROR Meritor OEM 68323825 ESD 100 01","ROR dorse dingili Fren Diski | ROR dorse dingili 68323825 | 68323825 Fren Diski | ESD 100 01 Fren Diski | Fren Diski ROR Meritor","https://www.frenciniz.com/urun/176/fren-diski-ror-meritor-oem-68323825-esd-100-01-ekersan","66","5232.4"
"108","860","Fren Pabucu","Fren Pabucu Volvo FH FH12 FM FL BMC Probus Profesyonel Fatih Pro 5 cm OEM (A) G4 EYD 206 01","Volvo FH Fren Pabucu | Volvo FH (A) G4 | (A) G4 Fren Pabucu | EYD 206 01 Fren Pabucu | Fren Pabucu Volvo FH FH12 FM FL BMC Probus Profesyonel Fatih Pro 5 cm","https://www.frenciniz.com/urun/860/fren-pabucu-volvo-fh-fh12-fm-fl-bmc-probus-profesyonel-fatih-pro-5-cm-oem-a-g4-eyd-206-01","65","924"
"108","209","Fren Diski","Fren Diski Renault Midlum Premium Magnum OEM 5010260218 ESD 040 02","Renault Trucks Midlum Fren Diski | Renault Trucks Midlum 5010260218 | 5010260218 Fren Diski | ESD 040 02 Fren Diski | Fren Diski Renault Midlum Premium Magnum","https://www.frenciniz.com/urun/209/fren-diski-renault-midlum-premium-magnum-oem-5010260218-esd-040-02-ekersan","64","4211.44"
"108","228","Fren Diski","Fren Diski Mercedes Actros Axor OEM 9704210112 ESD 010 22","Mercedes-Benz Actros Fren Diski | Mercedes-Benz Actros 9704210112 | 9704210112 Fren Diski | ESD 010 22 Fren Diski | Fren Diski Mercedes Actros Axor","https://www.frenciniz.com/urun/228/fren-diski-mercedes-actros-axor-oem-9704210112-esd-010-22-ekersan","62","4126.36"
"108","197","Fren Diski","Fren Diski BPW ECOPlus OEM 0308834080 ESD 070 06","BPW dorse dingili Fren Diski | BPW dorse dingili 0308834080 | 0308834080 Fren Diski | ESD 070 06 Fren Diski | Fren Diski BPW ECOPlus","https://www.frenciniz.com/urun/197/fren-diski-bpw-ecoplus-oem-0308834080-esd-070-06-ekersan","61","4573.03"
"108","212","Fren Diski","Fren Diski Iveco Eurocargo Stralis Trakker WABCO ABS EBS Arka 220 OEM 2992636 ESD 030 17","Iveco Eurocargo Fren Diski | Iveco Eurocargo 2992636 | 2992636 Fren Diski | ESD 030 17 Fren Diski | Fren Diski Iveco Eurocargo Stralis Trakker WABCO ABS EBS Arka 220","https://www.frenciniz.com/urun/212/fren-diski-iveco-eurocargo-stralis-trakker-wabco-abs-ebs-arka-220-oem-2992636-esd-030-17-ekersan","59","4849.54"
"108","217","Fren Diski","Fren Diski Iveco Eurocargo Stralis Trakker 8 Delik Arka 030 OEM 52226 ESD 030 05","Iveco Eurocargo Fren Diski | Iveco Eurocargo 52226 | 52226 Fren Diski | ESD 030 05 Fren Diski | Fren Diski Iveco Eurocargo Stralis Trakker 8 Delik Arka 030","https://www.frenciniz.com/urun/217/fren-diski-iveco-eurocargo-stralis-trakker-8-delik-arka-030-oem-52226-esd-030-05-ekersan","59","4211.44"
"108","853","Fren Pabucu","Fren Pabucu Ford Cargo 20 cm OEM (A) E3 EYD 206 05","Ford Cargo Fren Pabucu | Ford Cargo (A) E3 | (A) E3 Fren Pabucu | EYD 206 05 Fren Pabucu | Fren Pabucu Ford Cargo 20 cm","https://www.frenciniz.com/urun/853/fren-pabucu-ford-cargo-20-cm-oem-a-e3-eyd-206-05-ekersan","56","924"
"108","178","Fren Diski","Fren Diski Otokar Doruk Sultan Ön OEM 16H00-05 ESD 090 07","Otokar Doruk Fren Diski | Otokar Doruk 16H00-05 | 16H00-05 Fren Diski | ESD 090 07 Fren Diski | Fren Diski Otokar Doruk Sultan Ön","https://www.frenciniz.com/urun/178/fren-diski-otokar-doruk-sultan-on-oem-16h00-05-esd-090-07-ekersan","55","4424.14"
"108","282","Fren Diski","Fren Diski Iveco Eurocargo Stralis Trakker Ön OEM 5802234113 ESD 030 25","Iveco Eurocargo Fren Diski | Iveco Eurocargo 5802234113 | 5802234113 Fren Diski | ESD 030 25 Fren Diski | Fren Diski Iveco Eurocargo Stralis Trakker Ön","https://www.frenciniz.com/urun/282/fren-diski-iveco-eurocargo-stralis-trakker-on-oem-5802234113-esd-030-25-ekersan","54","4945.25"
"108","161","Fren Diski","Fren Diski Kögel Krone OEM 9267086 ESD 220 02","Gigant dorse dingili Fren Diski | Gigant dorse dingili 9267086 | 9267086 Fren Diski | ESD 220 02 Fren Diski | Fren Diski Kögel Krone","https://www.frenciniz.com/urun/161/fren-diski-kogel-krone-oem-9267086-esd-220-02-ekersan","53","5360.02"
"108","43","Fren Diski","Fren Diski MAN L2000 M2000 TGM OEM 81508030027 ESD 020 17","MAN TGM Fren Diski | MAN TGM 81508030027 | 81508030027 Fren Diski | ESD 020 17 Fren Diski | Fren Diski MAN L2000 M2000 TGM","https://www.frenciniz.com/urun/43/fren-diski-man-l2000-m2000-tgm-oem-81508030027-esd-020-17-ekersan","50","4519.86"
"108","164","Fren Diski","Fren Diski Mitsubishi Canter Fuso Isuzu NPR NQR Otokar Doruk Sultan Arka 090 0613 OEM 16F00-05-248AA ESD 170 01","Mitsubishi Canter Fren Diski | Mitsubishi Canter 16F00-05-248AA | 16F00-05-248AA Fren Diski | ESD 170 01 Fren Diski | Fren Diski Mitsubishi Canter Fuso Isuzu NPR NQR Otokar Doruk Sultan Arka 090 0613","https://www.frenciniz.com/urun/164/fren-diski-mitsubishi-canter-fuso-isuzu-npr-nqr-otokar-doruk-sultan-arka-090-0613-oem-16f00-05","50","4519.86"
"108","12","Fren Diski","Fren Diski Renault Midlum Premium Magnum OEM 5010598309 ESD 040 31","Volvo FL II/FL III Fren Diski | Volvo FL II/FL III 5010598309 | 5010598309 Fren Diski | ESD 040 31 Fren Diski | Fren Diski Renault Midlum Premium Magnum","https://www.frenciniz.com/urun/12/fren-diski-renault-midlum-premium-magnum-oem-5010598309-esd-040-31-ekersan","49","5464.8"
"108","179","Fren Diski","Fren Diski Ford Cargo OEM 13C33 ESD 090 05","Ford Cargo Fren Diski | Ford Cargo 13C33 | 13C33 Fren Diski | ESD 090 05 Fren Diski | Fren Diski Ford Cargo","https://www.frenciniz.com/urun/179/fren-diski-ford-cargo-oem-13c33-esd-090-05-ekersan","49","3743.5"
"108","206","Fren Diski","Fren Diski Renault Midlum Premium Magnum OEM 5010525362 ESD 040 06","Renault Trucks Midlum Fren Diski | Renault Trucks Midlum 5010525362 | 5010525362 Fren Diski | ESD 040 06 Fren Diski | Fren Diski Renault Midlum Premium Magnum","https://www.frenciniz.com/urun/206/fren-diski-renault-midlum-premium-magnum-oem-5010525362-esd-040-06-ekersan","46","4211.44"
"108","41","Fren Diski","Fren Diski Volvo FH FM FL 410 OEM 8551042 ESD 110 02","Volvo FH Fren Diski | Volvo FH 8551042 | 8551042 Fren Diski | ESD 110 02 Fren Diski | Fren Diski Volvo FH FM FL 410","https://www.frenciniz.com/urun/41/fren-diski-volvo-fh-fm-fl-410-oem-8551042-esd-110-02-ekersan","44","4234.65"
"108","6","Fren Diski","Fren Diski Isuzu Novo NovoCiti Life CitiLife 387 061 2600 OEM 387.061.2600.51 ESD 130 09","Isuzu Novo Fren Diski | Isuzu Novo 387.061.2600.51 | 387.061.2600.51 Fren Diski | ESD 130 09 Fren Diski | Fren Diski Isuzu Novo NovoCiti Life CitiLife 387 061 2600","https://www.frenciniz.com/urun/6/fren-diski-isuzu-novo-novociti-life-citilife-387-061-2600-oem-387-061-2600-51-esd-130-09-ekersan","39","3243.66"
"108","76","Fren Diski","Fren Diski Renault Midlum Premium Magnum OEM 5010525326 ESD 040 04","Renault Trucks Midlum Fren Diski | Renault Trucks Midlum 5010525326 | 5010525326 Fren Diski | ESD 040 04 Fren Diski | Fren Diski Renault Midlum Premium Magnum","https://www.frenciniz.com/urun/76/fren-diski-renault-midlum-premium-magnum-oem-5010525326-esd-040-04-ekersan","34","6763.83"
"108","13","Fren Diski","Fren Diski Renault Midlum Premium Magnum OEM 20700508 ESD 040 30","Renault Trucks Midlum Fren Diski | Renault Trucks Midlum 20700508 | 20700508 Fren Diski | ESD 040 30 Fren Diski | Fren Diski Renault Midlum Premium Magnum","https://www.frenciniz.com/urun/13/fren-diski-renault-midlum-premium-magnum-oem-20700508-esd-040-30-ekersan","32","5237.1"
"108","208","Fren Diski","Fren Diski Renault Midlum Premium Magnum OEM 5010422593 ESD 040 03","Renault Trucks Midlum Fren Diski | Renault Trucks Midlum 5010422593 | 5010422593 Fren Diski | ESD 040 03 Fren Diski | Fren Diski Renault Midlum Premium Magnum","https://www.frenciniz.com/urun/208/fren-diski-renault-midlum-premium-magnum-oem-5010422593-esd-040-03-ekersan","32","4594.3"
"108","166","Fren Diski","Fren Diski BMC Probus Profesyonel Fatih Pro 16 Delik OEM 57RS307931M ESD 160 05","BMC Probus Fren Diski | BMC Probus 57RS307931M | 57RS307931M Fren Diski | ESD 160 05 Fren Diski | Fren Diski BMC Probus Profesyonel Fatih Pro 16 Delik","https://www.frenciniz.com/urun/166/fren-diski-bmc-probus-profesyonel-fatih-pro-16-delik-oem-57rs307931m-esd-160-05-ekersan","31","5636.53"
"108","795","Fren Pabucu","Fren Pabucu SAF Holland 18 cm OEM (A) G4 EYD 80 07","SAF dorse dingili Fren Pabucu | SAF dorse dingili (A) G4 | (A) G4 Fren Pabucu | EYD 80 07 Fren Pabucu | Fren Pabucu SAF Holland 18 cm","https://www.frenciniz.com/urun/795/fren-pabucu-saf-holland-18-cm-oem-a-g4-eyd-80-07-ekersan","30","1518"
"108","207","Fren Diski","Fren Diski Renault Premium Magnum Kerax Midlum 10 Delik Ön 220 OEM 5010525014 ESD 040 05","Renault Trucks Premium Fren Diski | Renault Trucks Premium 5010525014 | 5010525014 Fren Diski | ESD 040 05 Fren Diski | Fren Diski Renault Premium Magnum Kerax Midlum 10 Delik Ön 220","https://www.frenciniz.com/urun/207/fren-diski-renault-premium-magnum-kerax-midlum-10-delik-on-220-oem-5010525014-esd-040-05-ekersan","29","4211.44"
"108","794","Fren Pabucu","Fren Pabucu BPW ECOPlus 20 cm OEM (A) D3 EYD 80 24","BPW dorse dingili Fren Pabucu | BPW dorse dingili (A) D3 | (A) D3 Fren Pabucu | EYD 80 24 Fren Pabucu | Fren Pabucu BPW ECOPlus 20 cm","https://www.frenciniz.com/urun/794/fren-pabucu-bpw-ecoplus-20-cm-oem-a-d3-eyd-80-24-ekersan","26","1287"
"108","851","Fren Pabucu","Fren Pabucu Mercedes Actros Axor 18 cm OEM (A) G4 EYD 206 07","Mercedes-Benz Actros Fren Pabucu | Mercedes-Benz Actros (A) G4 | (A) G4 Fren Pabucu | EYD 206 07 Fren Pabucu | Fren Pabucu Mercedes Actros Axor 18 cm","https://www.frenciniz.com/urun/851/fren-pabucu-mercedes-actros-axor-18-cm-oem-a-g4-eyd-206-07-ekersan","23","2145"
"108","173","Fren Diski","Fren Diski Volvo FH FM FL OEM 85103804 ESD 110 03","Volvo FH Fren Diski | Volvo FH 85103804 | 85103804 Fren Diski | ESD 110 03 Fren Diski | Fren Diski Volvo FH FM FL","https://www.frenciniz.com/urun/173/fren-diski-volvo-fh-fm-fl-oem-85103804-esd-110-03-ekersan","22","3722.23"
"108","211","Fren Diski","Fren Diski Iveco Eurocargo Stralis Trakker Ön 100 OEM 7189265 ESD 030 19","Iveco Eurocargo Fren Diski | Iveco Eurocargo 7189265 | 7189265 Fren Diski | ESD 030 19 Fren Diski | Fren Diski Iveco Eurocargo Stralis Trakker Ön 100","https://www.frenciniz.com/urun/211/fren-diski-iveco-eurocargo-stralis-trakker-on-100-oem-7189265-esd-030-19-ekersan","21","4094.46"
"108","796","Fren Pabucu","Fren Pabucu Fruehauf SMB 18 cm OEM 6504773 EYD 80 06","Dorse / treyler Fren Pabucu | Dorse / treyler 6504773 | 6504773 Fren Pabucu | EYD 80 06 Fren Pabucu | Fren Pabucu Fruehauf SMB 18 cm","https://www.frenciniz.com/urun/796/fren-pabucu-fruehauf-smb-18-cm-oem-6504773-eyd-80-06-ekersan","20","1221"
"103","56","Bijon","Bijon Mercedes Actros Axor Dps OEM 9424010271-4012371 ESB 180 20","Mercedes-Benz Actros Bijon | Mercedes-Benz Actros 9424010271-4012371 | 9424010271-4012371 Bijon | ESB 180 20 Bijon | Bijon Mercedes Actros Axor Dps","https://www.frenciniz.com/urun/56/bijon-mercedes-actros-axor-dps-oem-9424010271-4012371-esb-180-20-ekersan","8489","183.64"
"103","373","Bijon","Bijon SAF Holland 73 mm OEM 1303111810 ESB 1813 10","Iveco Eurocargo Bijon | Iveco Eurocargo 1303111810 | 1303111810 Bijon | ESB 1813 10 Bijon | Bijon SAF Holland 73 mm","https://www.frenciniz.com/urun/373/bijon-saf-holland-73-mm-oem-1303111810-esb-1813-10-ekersan","7553","199.31"
"103","351","Bijon","Bijon Renault Premium Magnum Kerax Midlum DPS Arka 440 OEM 20515517-7420515517 ESB 2316 20","Renault Trucks Premium Bijon | Renault Trucks Premium 20515517-7420515517 | 20515517-7420515517 Bijon | ESB 2316 20 Bijon | Bijon Renault Premium Magnum Kerax Midlum DPS Arka 440","https://www.frenciniz.com/urun/351/bijon-renault-premium-magnum-kerax-midlum-dps-arka-440-oem-20515517-7420515517-esb-2316-20","7017","199.31"
"103","242","Bijon","Bijon Mercedes Actros Axor OEM 3814010771-3464010071 ESB 182 10","Mercedes-Benz Actros Bijon | Mercedes-Benz Actros 3814010771-3464010071 | 3814010771-3464010071 Bijon | ESB 182 10 Bijon | Bijon Mercedes Actros Axor","https://www.frenciniz.com/urun/242/bijon-mercedes-actros-axor-oem-3814010771-3464010071-esb-182-10-ekersan","6916","186.39"
"103","377","Bijon","Bijon BPW ECOPlus Dps OEM 329633110 ESB 1722 10","BPW dorse dingili Bijon | BPW dorse dingili 329633110 | 329633110 Bijon | ESB 1722 10 Bijon | Bijon BPW ECOPlus Dps","https://www.frenciniz.com/urun/377/bijon-bpw-ecoplus-dps-oem-329633110-esb-1722-10-ekersan","6593","199.31"
"103","384","Bijon","Bijon Scania P G R Dps OEM 20515519-7420515519 ESB 1426 10","Scania P/G/R serisi Bijon | Scania P/G/R serisi 20515519-7420515519 | 20515519-7420515519 Bijon | ESB 1426 10 Bijon | Bijon Scania P G R Dps","https://www.frenciniz.com/urun/384/bijon-scania-p-g-r-dps-oem-20515519-7420515519-esb-1426-10-ekersan","6086","210.3"
"103","336","Bijon","Bijon BMC Probus Profesyonel Fatih Pro 117 mm Arka OEM 7K60177KOM-760177 ESB 340 10","BMC Probus Bijon | BMC Probus 7K60177KOM-760177 | 7K60177KOM-760177 Bijon | ESB 340 10 Bijon | Bijon BMC Probus Profesyonel Fatih Pro 117 mm Arka","https://www.frenciniz.com/urun/336/bijon-bmc-probus-profesyonel-fatih-pro-117-mm-arka-oem-7k60177kom-760177-esb-340-10-ekersan","5379","199.31"
"103","58","Bijon","Bijon Mercedes Actros Axor Dps OEM 9424010371-4014171 ESB 180 10","Mercedes-Benz Actros Bijon | Mercedes-Benz Actros 9424010371-4014171 | 9424010371-4014171 Bijon | ESB 180 10 Bijon | Bijon Mercedes Actros Axor Dps","https://www.frenciniz.com/urun/58/bijon-mercedes-actros-axor-dps-oem-9424010371-4014171-esb-180-10-ekersan","5284","183.64"
"103","253","Bijon","Bijon Mercedes Actros Axor 110 mm Arka OEM 3274020471 ESB 111 10-1","Mercedes-Benz Actros Bijon | Mercedes-Benz Actros 3274020471 | 3274020471 Bijon | ESB 111 10-1 Bijon | Bijon Mercedes Actros Axor 110 mm Arka","https://www.frenciniz.com/urun/253/bijon-mercedes-actros-axor-110-mm-arka-oem-3274020471-esb-111-10-1-ekersan","5175","181.73"
"103","335","Bijon","Bijon BMC Probus Profesyonel Fatih Pro OEM 7K60192 ESB 340 20","BMC Probus Bijon | BMC Probus 7K60192 | 7K60192 Bijon | ESB 340 20 Bijon | Bijon BMC Probus Profesyonel Fatih Pro","https://www.frenciniz.com/urun/335/bijon-bmc-probus-profesyonel-fatih-pro-oem-7k60192-esb-340-20-ekersan","4506","199.31"
"103","255","Bijon","Bijon Mercedes Actros Axor 110 mm DPS Arka OEM 3464010071 ESB 110 10-1","Mercedes-Benz Actros Bijon | Mercedes-Benz Actros 3464010071 | 3464010071 Bijon | ESB 110 10-1 Bijon | Bijon Mercedes Actros Axor 110 mm DPS Arka","https://www.frenciniz.com/urun/255/bijon-mercedes-actros-axor-110-mm-dps-arka-oem-3464010071-esb-110-10-1-ekersan","4439","175.94"
"103","371","Bijon","Bijon SAF Holland Dps OEM 1303112010-3302115700 ESB 1816 10","SAF dorse dingili Bijon | SAF dorse dingili 1303112010-3302115700 | 1303112010-3302115700 Bijon | ESB 1816 10 Bijon | Bijon SAF Holland Dps","https://www.frenciniz.com/urun/371/bijon-saf-holland-dps-oem-1303112010-3302115700-esb-1816-10-ekersan","4398","199.31"
"103","288","Bijon","Bijon Scania P G R Dps OEM 1368690 ESB 911 20-R","Scania 4 serisi Bijon | Scania 4 serisi 1368690 | 1368690 Bijon | ESB 911 20-R Bijon | Bijon Scania P G R Dps","https://www.frenciniz.com/urun/288/bijon-scania-p-g-r-dps-oem-1368690-esb-911-20-r-ekersan","4278","215.69"
"103","310","Bijon","Bijon Iveco Eurocargo Stralis Dps OEM 42117455-42064826 ESB 621 10","Iveco Eurocargo Bijon | Iveco Eurocargo 42117455-42064826 | 42117455-42064826 Bijon | ESB 621 10 Bijon | Bijon Iveco Eurocargo Stralis Dps","https://www.frenciniz.com/urun/310/bijon-iveco-eurocargo-stralis-dps-oem-42117455-42064826-esb-621-10-ekersan","4092","199.31"
"103","325","Bijon","Bijon Dps OEM 81DB118CA ESB 420 10","Kamyon Bijon | Kamyon 81DB118CA | 81DB118CA Bijon | ESB 420 10 Bijon | Bijon Dps","https://www.frenciniz.com/urun/325/bijon-dps-oem-81db118ca-esb-420-10-ekersan","4023","199.31"
"103","375","Bijon","Bijon BPW ECOPlus Dps OEM 329633120- 329633121 ESB 1725 10","BPW dorse dingili Bijon | BPW dorse dingili 329633120- 329633121 | 329633120- 329633121 Bijon | ESB 1725 10 Bijon | Bijon BPW ECOPlus Dps","https://www.frenciniz.com/urun/375/bijon-bpw-ecoplus-dps-oem-329633120-329633121-esb-1725-10-ekersan","3790","199.31"
"103","286","Bijon","Bijon Scania P G R Dps OEM 2285275-1868665 ESB 912 20-R","Scania P/G/R serisi Bijon | Scania P/G/R serisi 2285275-1868665 | 2285275-1868665 Bijon | ESB 912 20-R Bijon | Bijon Scania P G R Dps","https://www.frenciniz.com/urun/286/bijon-scania-p-g-r-dps-oem-2285275-1868665-esb-912-20-r-ekersan","3781","210.3"
"103","372","Bijon","Bijon SAF Holland Dps OEM 1303107511 ESB 1815 10","SAF dorse dingili Bijon | SAF dorse dingili 1303107511 | 1303107511 Bijon | ESB 1815 10 Bijon | Bijon SAF Holland Dps","https://www.frenciniz.com/urun/372/bijon-saf-holland-dps-oem-1303107511-esb-1815-10-ekersan","3692","199.31"
"103","287","Bijon","Bijon Scania P G R Dps OEM 1528712 ESB 912 10-R","Scania 4 serisi Bijon | Scania 4 serisi 1528712 | 1528712 Bijon | ESB 912 10-R Bijon | Bijon Scania P G R Dps","https://www.frenciniz.com/urun/287/bijon-scania-p-g-r-dps-oem-1528712-esb-912-10-r-ekersan","3637","210.3"
"103","250","Bijon","Bijon Mercedes Actros Axor 100 mm OEM 4013971 ESB 114 10-1","Mercedes-Benz Actros Bijon | Mercedes-Benz Actros 4013971 | 4013971 Bijon | ESB 114 10-1 Bijon | Bijon Mercedes Actros Axor 100 mm","https://www.frenciniz.com/urun/250/bijon-mercedes-actros-axor-100-mm-oem-4013971-esb-114-10-1-ekersan","3471","178.69"
"103","239","Bijon","Bijon Mercedes Actros Axor 92 mm Arka OEM 4014171 ESB 187 10","Mercedes-Benz Axor Bijon | Mercedes-Benz Axor 4014171 | 4014171 Bijon | ESB 187 10 Bijon | Bijon Mercedes Actros Axor 92 mm Arka","https://www.frenciniz.com/urun/239/bijon-mercedes-actros-axor-92-mm-arka-oem-4014171-esb-187-10-ekersan","3290","183.64"
"103","322","Bijon","Bijon Ford Cargo Dps OEM FC461118CA ESB 422 10","Ford Cargo Bijon | Ford Cargo FC461118CA | FC461118CA Bijon | ESB 422 10 Bijon | Bijon Ford Cargo Dps","https://www.frenciniz.com/urun/322/bijon-ford-cargo-dps-oem-fc461118ca-esb-422-10-ekersan","3250","213.05"
"103","236","Bijon","Bijon MAN 12-153 73 mm Arka OEM 81455010123 ESB 231 10","MAN ağır vasıta Bijon | MAN ağır vasıta 81455010123 | 81455010123 Bijon | ESB 231 10 Bijon | Bijon MAN 12-153 73 mm Arka","https://www.frenciniz.com/urun/236/bijon-man-12-153-73-mm-arka-oem-81455010123-esb-231-10-ekersan","3205","163.57"
"103","54","Bijon","Bijon Scania P G R Dps OEM 1528655 ESB 915 10-R","Scania 4 serisi Bijon | Scania 4 serisi 1528655 | 1528655 Bijon | ESB 915 10-R Bijon | Bijon Scania P G R Dps","https://www.frenciniz.com/urun/54/bijon-scania-p-g-r-dps-oem-1528655-esb-915-10-r-ekersan","3156","218.55"
"103","312","Bijon","Bijon Iveco Eurocargo Stralis Dps OEM 42117457 ESB 620 10","Iveco Eurocargo Bijon | Iveco Eurocargo 42117457 | 42117457 Bijon | ESB 620 10 Bijon | Bijon Iveco Eurocargo Stralis Dps","https://www.frenciniz.com/urun/312/bijon-iveco-eurocargo-stralis-dps-oem-42117457-esb-620-10-ekersan","2987","199.31"
"103","385","Bijon","Bijon Volvo FH FM FL Dps OEM 20524942-7421147687 ESB 1414 10","Volvo FH Bijon | Volvo FH 20524942-7421147687 | 20524942-7421147687 Bijon | ESB 1414 10 Bijon | Bijon Volvo FH FM FL Dps","https://www.frenciniz.com/urun/385/bijon-volvo-fh-fm-fl-dps-oem-20524942-7421147687-esb-1414-10-ekersan","2944","199.31"
"103","344","Bijon","Bijon Dps OEM 81455010131-81455010176 ESB 260 10","Kamyon Bijon | Kamyon 81455010131-81455010176 | 81455010131-81455010176 Bijon | ESB 260 10 Bijon | Bijon Dps","https://www.frenciniz.com/urun/344/bijon-dps-oem-81455010131-81455010176-esb-260-10-ekersan","2813","186.94"
"103","383","Bijon","Bijon Scania P G R Dps OEM 7420515515-20515515 ESB 1426 20","Scania P/G/R serisi Bijon | Scania P/G/R serisi 7420515515-20515515 | 7420515515-20515515 Bijon | ESB 1426 20 Bijon | Bijon Scania P G R Dps","https://www.frenciniz.com/urun/383/bijon-scania-p-g-r-dps-oem-7420515515-20515515-esb-1426-20-ekersan","2765","199.31"
"103","323","Bijon","Bijon Scania P G R Dps OEM 20515515 ESB 421 20","Scania P/G/R serisi Bijon | Scania P/G/R serisi 20515515 | 20515515 Bijon | ESB 421 20 Bijon | Bijon Scania P G R Dps","https://www.frenciniz.com/urun/323/bijon-scania-p-g-r-dps-oem-20515515-esb-421-20-ekersan","2607","199.31"
"103","289","Bijon","Bijon Scania P G R Dps OEM 1368693 ESB 911 10-R","Scania 4 serisi Bijon | Scania 4 serisi 1368693 | 1368693 Bijon | ESB 911 10-R Bijon | Bijon Scania P G R Dps","https://www.frenciniz.com/urun/289/bijon-scania-p-g-r-dps-oem-1368693-esb-911-10-r-ekersan","2595","210.3"
"103","241","Bijon","Bijon Mercedes Actros Axor 86 mm Arka OEM Axor-Actoros Yeni Model Arka 86 mm ESB 184 10","Mercedes-Benz Axor Bijon | Mercedes-Benz Axor Axor-Actoros Yeni Model Arka 86 mm | Axor-Actoros Yeni Model Arka 86 mm Bijon | ESB 184 10 Bijon | Bijon Mercedes Actros Axor 86 mm Arka","https://www.frenciniz.com/urun/241/bijon-mercedes-actros-axor-86-mm-arka-oem-axor-actoros-yeni-model-arka-86-mm-esb-184-10-ekersan","2504","183.64"
"103","50","Bijon","Bijon MAN 12-153 58 mm OEM 81455010116-81455010152 ESB 230 20","MAN ağır vasıta Bijon | MAN ağır vasıta 81455010116-81455010152 | 81455010116-81455010152 Bijon | ESB 230 20 Bijon | Bijon MAN 12-153 58 mm","https://www.frenciniz.com/urun/50/bijon-man-12-153-58-mm-oem-81455010116-81455010152-esb-230-20-ekersan","2487","163.57"
"103","318","Bijon","Bijon BMC Probus Profesyonel Fatih Pro Arka 200 235 260 OEM 15034 ESB 530 10","BMC Probus Bijon | BMC Probus 15034 | 15034 Bijon | ESB 530 10 Bijon | Bijon BMC Probus Profesyonel Fatih Pro Arka 200 235 260","https://www.frenciniz.com/urun/318/bijon-bmc-probus-profesyonel-fatih-pro-arka-200-235-260-oem-15034-esb-530-10-ekersan","2455","199.31"
"103","374","Bijon","Bijon SAF Holland 83 mm YM OEM 1303107412 ESB 1811 10","SAF dorse dingili Bijon | SAF dorse dingili 1303107412 | 1303107412 Bijon | ESB 1811 10 Bijon | Bijon SAF Holland 83 mm YM","https://www.frenciniz.com/urun/374/bijon-saf-holland-83-mm-ym-oem-1303107412-esb-1811-10-ekersan","2454","199.31"
"103","350","Bijon","Bijon Renault Premium Magnum Kerax Midlum 79,50 mm 25 mm 440 2311 OEM 20515514-7420515514 ESB 2317 20","Renault Trucks Premium Bijon | Renault Trucks Premium 20515514-7420515514 | 20515514-7420515514 Bijon | ESB 2317 20 Bijon | Bijon Renault Premium Magnum Kerax Midlum 79,50 mm 25 mm 440 2311","https://www.frenciniz.com/urun/350/bijon-renault-premium-magnum-kerax-midlum-79-50-mm-25-mm-440-2311-oem-20515514-7420515514-esb","2452","199.31"
"103","379","Bijon","Bijon BPW ECOPlus Dps OEM 329623170 ESB 1714 10","BPW dorse dingili Bijon | BPW dorse dingili 329623170 | 329623170 Bijon | ESB 1714 10 Bijon | Bijon BPW ECOPlus Dps","https://www.frenciniz.com/urun/379/bijon-bpw-ecoplus-dps-oem-329623170-esb-1714-10-ekersan","2318","218.55"
"103","309","Bijon","Bijon Iveco Eurocargo Stralis Dps OEM 2476077 ESB 621 20","Iveco Eurocargo Bijon | Iveco Eurocargo 2476077 | 2476077 Bijon | ESB 621 20 Bijon | Bijon Iveco Eurocargo Stralis Dps","https://www.frenciniz.com/urun/309/bijon-iveco-eurocargo-stralis-dps-oem-2476077-esb-621-20-ekersan","2301","186.94"
"103","252","Bijon","Bijon Mercedes Actros Axor 84 mm OEM 3814011271-3814010071 ESB 112 20-1","Mercedes-Benz Actros Bijon | Mercedes-Benz Actros 3814011271-3814010071 | 3814011271-3814010071 Bijon | ESB 112 20-1 Bijon | Bijon Mercedes Actros Axor 84 mm","https://www.frenciniz.com/urun/252/bijon-mercedes-actros-axor-84-mm-oem-3814011271-3814010071-esb-112-20-1-ekersan","2298","178.69"
"103","254","Bijon","Bijon Mercedes Actros Axor 77 mm DPS OEM 3274010471 ESB 110 20-1","Mercedes-Benz Actros Bijon | Mercedes-Benz Actros 3274010471 | 3274010471 Bijon | ESB 110 20-1 Bijon | Bijon Mercedes Actros Axor 77 mm DPS","https://www.frenciniz.com/urun/254/bijon-mercedes-actros-axor-77-mm-dps-oem-3274010471-esb-110-20-1-ekersan","2142","178.03"
"103","389","Bijon","Bijon Volvo FH FM FL Dps OEM 1573081 ESB 1410 20","Volvo FH Bijon | Volvo FH 1573081 | 1573081 Bijon | ESB 1410 20 Bijon | Bijon Volvo FH FM FL Dps","https://www.frenciniz.com/urun/389/bijon-volvo-fh-fm-fl-dps-oem-1573081-esb-1410-20-ekersan","2097","199.31"
"103","249","Bijon","Bijon Mercedes Actros Axor 100 mm OEM 3814011171 ESB 115 10-1","Mercedes-Benz Actros Bijon | Mercedes-Benz Actros 3814011171 | 3814011171 Bijon | ESB 115 10-1 Bijon | Bijon Mercedes Actros Axor 100 mm","https://www.frenciniz.com/urun/249/bijon-mercedes-actros-axor-100-mm-oem-3814011171-esb-115-10-1-ekersan","2082","178.69"
"103","376","Bijon","Bijon BPW ECOPlus Dps OEM 0329633141 ESB 1723 10","BPW dorse dingili Bijon | BPW dorse dingili 0329633141 | 0329633141 Bijon | ESB 1723 10 Bijon | Bijon BPW ECOPlus Dps","https://www.frenciniz.com/urun/376/bijon-bpw-ecoplus-dps-oem-0329633141-esb-1723-10-ekersan","1971","199.31"
"103","341","Bijon","Bijon Dps OEM 81455010174 ESB 272 10","Kamyon Bijon | Kamyon 81455010174 | 81455010174 Bijon | ESB 272 10 Bijon | Bijon Dps","https://www.frenciniz.com/urun/341/bijon-dps-oem-81455010174-esb-272-10-ekersan","1969","186.94"
"103","245","Bijon","Bijon Mercedes Atego Arka 1517 OEM 3524020071 ESB 142 10","Mercedes-Benz Atego Bijon | Mercedes-Benz Atego 3524020071 | 3524020071 Bijon | ESB 142 10 Bijon | Bijon Mercedes Atego Arka 1517","https://www.frenciniz.com/urun/245/bijon-mercedes-atego-arka-1517-oem-3524020071-esb-142-10-ekersan","1967","170.44"
"103","311","Bijon","Bijon Iveco Eurocargo Stralis Dps OEM 42117452-2475870 ESB 620 20","Iveco Eurocargo Bijon | Iveco Eurocargo 42117452-2475870 | 42117452-2475870 Bijon | ESB 620 20 Bijon | Bijon Iveco Eurocargo Stralis Dps","https://www.frenciniz.com/urun/311/bijon-iveco-eurocargo-stralis-dps-oem-42117452-2475870-esb-620-20-ekersan","1821","186.94"
"103","354","Bijon","Bijon Renault Premium Magnum Kerax Midlum 95 mm Arka 370 420 OEM 5010566244 ESB 2312 10","Renault Trucks Premium Bijon | Renault Trucks Premium 5010566244 | 5010566244 Bijon | ESB 2312 10 Bijon | Bijon Renault Premium Magnum Kerax Midlum 95 mm Arka 370 420","https://www.frenciniz.com/urun/354/bijon-renault-premium-magnum-kerax-midlum-95-mm-arka-370-420-oem-5010566244-esb-2312-10-ekersan","1765","215.8"
"103","317","Bijon","Bijon BMC Probus Profesyonel Fatih Pro 200 235 260 OEM 15033-T ESB 530 20","BMC Probus Bijon | BMC Probus 15033-T | 15033-T Bijon | ESB 530 20 Bijon | Bijon BMC Probus Profesyonel Fatih Pro 200 235 260","https://www.frenciniz.com/urun/317/bijon-bmc-probus-profesyonel-fatih-pro-200-235-260-oem-15033-t-esb-530-20-ekersan","1720","199.31"
"103","378","Bijon","Bijon BPW ECOPlus Dps OEM 329623150-980623270 ESB 1719 10","BPW dorse dingili Bijon | BPW dorse dingili 329623150-980623270 | 329623150-980623270 Bijon | ESB 1719 10 Bijon | Bijon BPW ECOPlus Dps","https://www.frenciniz.com/urun/378/bijon-bpw-ecoplus-dps-oem-329623150-980623270-esb-1719-10-ekersan","1710","218.55"
"103","390","Bijon","Bijon Volvo FH FM FL Dps OEM 1573082 ESB 1410 10","Volvo FH Bijon | Volvo FH 1573082 | 1573082 Bijon | ESB 1410 10 Bijon | Bijon Volvo FH FM FL Dps","https://www.frenciniz.com/urun/390/bijon-volvo-fh-fm-fl-dps-oem-1573082-esb-1410-10-ekersan","1594","199.31"
"103","59","Bijon","Bijon Mercedes Actros Axor 80 mm Dps OEM 3894010071 ESB 194 20","Mercedes-Benz Axor Bijon | Mercedes-Benz Axor 3894010071 | 3894010071 Bijon | ESB 194 20 Bijon | Bijon Mercedes Actros Axor 80 mm Dps","https://www.frenciniz.com/urun/59/bijon-mercedes-actros-axor-80-mm-dps-oem-3894010071-esb-194-20-ekersan","1590","183.64"
"103","291","Bijon","Bijon Scania P G R 100 mm Arka OEM 272853 ESB 910 10-R","Scania P/G/R serisi Bijon | Scania P/G/R serisi 272853 | 272853 Bijon | ESB 910 10-R Bijon | Bijon Scania P G R 100 mm Arka","https://www.frenciniz.com/urun/291/bijon-scania-p-g-r-100-mm-arka-oem-272853-esb-910-10-r-ekersan","1574","210.3"
"103","304","Bijon","Bijon Iveco Eurocargo Stralis Dps OEM 42117447 ESB 693 10","Iveco Eurocargo Bijon | Iveco Eurocargo 42117447 | 42117447 Bijon | ESB 693 10 Bijon | Bijon Iveco Eurocargo Stralis Dps","https://www.frenciniz.com/urun/304/bijon-iveco-eurocargo-stralis-dps-oem-42117447-esb-693-10-ekersan","1570","199.31"
"103","395","Bijon","Bijon DAF CF XF Dps OEM 99720-1337020 ESB 1013 10","DAF CF/XF Bijon | DAF CF/XF 99720-1337020 | 99720-1337020 Bijon | ESB 1013 10 Bijon | Bijon DAF CF XF Dps","https://www.frenciniz.com/urun/395/bijon-daf-cf-xf-dps-oem-99720-1337020-esb-1013-10-ekersan","1556","199.31"
"103","388","Bijon","Bijon Volvo FH FH12 FM FL 117 mm 27 mm Arka OEM 20428545-15890088 ESB 1411 10","Volvo FH Bijon | Volvo FH 20428545-15890088 | 20428545-15890088 Bijon | ESB 1411 10 Bijon | Bijon Volvo FH FH12 FM FL 117 mm 27 mm Arka","https://www.frenciniz.com/urun/388/bijon-volvo-fh-fh12-fm-fl-117-mm-27-mm-arka-oem-20428545-15890088-esb-1411-10-ekersan","1512","218.55"
"103","300","Bijon","Bijon Isuzu Novo NovoCiti Life CitiLife Arka SAĞ SKU ESB 786 10-R","Isuzu Novo Bijon | Isuzu Novo ESB 786 10-R | ESB 786 10-R Bijon | Bijon Isuzu Novo NovoCiti Life CitiLife Arka SAĞ","https://www.frenciniz.com/urun/300/bijon-isuzu-novo-novociti-life-citilife-arka-sag-sku-esb-786-10-r-ekersan","1465","288.65"
"103","398","Bijon","Bijon DAF CF XF Dps OEM 99717 ESB 1010 10","DAF CF/XF Bijon | DAF CF/XF 99717 | 99717 Bijon | ESB 1010 10 Bijon | Bijon DAF CF XF Dps","https://www.frenciniz.com/urun/398/bijon-daf-cf-xf-dps-oem-99717-esb-1010-10-ekersan","1462","210.3"
"103","246","Bijon","Bijon Mercedes Atego 66 mm 1517 OEM 3184020271 ESB 140 20","Mercedes-Benz Atego Bijon | Mercedes-Benz Atego 3184020271 | 3184020271 Bijon | ESB 140 20 Bijon | Bijon Mercedes Atego 66 mm 1517","https://www.frenciniz.com/urun/246/bijon-mercedes-atego-66-mm-1517-oem-3184020271-esb-140-20-ekersan","1430","163.57"
"103","299","Bijon","Bijon Isuzu Novo NovoCiti Life CitiLife Arka Sol SKU ESB 786 11-L","Isuzu Novo Bijon | Isuzu Novo ESB 786 11-L | ESB 786 11-L Bijon | Bijon Isuzu Novo NovoCiti Life CitiLife Arka Sol","https://www.frenciniz.com/urun/299/bijon-isuzu-novo-novociti-life-citilife-arka-sol-sku-esb-786-11-l-ekersan","1408","288.65"
"103","343","Bijon","Bijon MAN TGA OEM 81455010133 ESB 260 20","MAN TGA Bijon | MAN TGA 81455010133 | 81455010133 Bijon | ESB 260 20 Bijon | Bijon MAN TGA","https://www.frenciniz.com/urun/343/bijon-man-tga-oem-81455010133-esb-260-20-ekersan","1404","186.94"
"103","394","Bijon","Bijon DAF CF XF Dps OEM 620646 ESB 1014 10","DAF CF/XF Bijon | DAF CF/XF 620646 | 620646 Bijon | ESB 1014 10 Bijon | Bijon DAF CF XF Dps","https://www.frenciniz.com/urun/394/bijon-daf-cf-xf-dps-oem-620646-esb-1014-10-ekersan","1335","199.31"
"103","396","Bijon","Bijon DAF CF XF Dps OEM 99731 ESB 1012 10","DAF CF/XF Bijon | DAF CF/XF 99731 | 99731 Bijon | ESB 1012 10 Bijon | Bijon DAF CF XF Dps","https://www.frenciniz.com/urun/396/bijon-daf-cf-xf-dps-oem-99731-esb-1012-10-ekersan","1085","199.31"
"103","380","Bijon","Bijon BPW ECOPlus OEM 329613170 ESB 1711 10","BPW dorse dingili Bijon | BPW dorse dingili 329613170 | 329613170 Bijon | ESB 1711 10 Bijon | Bijon BPW ECOPlus","https://www.frenciniz.com/urun/380/bijon-bpw-ecoplus-oem-329613170-esb-1711-10-ekersan","1079","218.55"
"103","397","Bijon","Bijon DAF CF XF Dps OEM 99730 ESB 1010 20","DAF CF/XF Bijon | DAF CF/XF 99730 | 99730 Bijon | ESB 1010 20 Bijon | Bijon DAF CF XF Dps","https://www.frenciniz.com/urun/397/bijon-daf-cf-xf-dps-oem-99730-esb-1010-20-ekersan","1077","199.31"
"103","315","Bijon","Bijon Iveco Eurocargo Stralis Dps OEM 46390478 ESB 610 10","Iveco Eurocargo Bijon | Iveco Eurocargo 46390478 | 46390478 Bijon | ESB 610 10 Bijon | Bijon Iveco Eurocargo Stralis Dps","https://www.frenciniz.com/urun/315/bijon-iveco-eurocargo-stralis-dps-oem-46390478-esb-610-10-ekersan","1026","120.96"
"103","290","Bijon","Bijon Scania P G R Dps OEM 1368692 ESB 910 20-R","Scania 4 serisi Bijon | Scania 4 serisi 1368692 | 1368692 Bijon | ESB 910 20-R Bijon | Bijon Scania P G R Dps","https://www.frenciniz.com/urun/290/bijon-scania-p-g-r-dps-oem-1368692-esb-910-20-r-ekersan","1022","210.31"
"103","357","Bijon","Bijon Renault Premium Magnum Kerax Midlum 103 mm Arka 370 420 OEM 0000190220-190513 ESB 2310 10","Renault Trucks Premium Bijon | Renault Trucks Premium 0000190220-190513 | 0000190220-190513 Bijon | ESB 2310 10 Bijon | Bijon Renault Premium Magnum Kerax Midlum 103 mm Arka 370 420","https://www.frenciniz.com/urun/357/bijon-renault-premium-magnum-kerax-midlum-103-mm-arka-370-420-oem-0000190220-190513-esb-2310-10","927","199.31"
"103","298","Bijon","Bijon Isuzu Novo NovoCiti Life CitiLife 92,5 mm Arka OEM ISUZU NOVA ARKA 92 ESB 787 10-R","Isuzu Novo Bijon | Isuzu Novo ISUZU NOVA ARKA 92 | ISUZU NOVA ARKA 92 Bijon | ESB 787 10-R Bijon | Bijon Isuzu Novo NovoCiti Life CitiLife 92,5 mm Arka","https://www.frenciniz.com/urun/298/bijon-isuzu-novo-novociti-life-citilife-92-5-mm-arka-oem-isuzu-nova-arka-92-esb-787-10-r-ekersan","896","288.65"
"103","297","Bijon","Bijon Isuzu Novo NovoCiti Life CitiLife 92,5 mm Arka OEM ISUZU NOVA ARKA 92 ESB 787 11-L","Isuzu Novo Bijon | Isuzu Novo ISUZU NOVA ARKA 92 | ISUZU NOVA ARKA 92 Bijon | ESB 787 11-L Bijon | Bijon Isuzu Novo NovoCiti Life CitiLife 92,5 mm Arka","https://www.frenciniz.com/urun/297/bijon-isuzu-novo-novociti-life-citilife-92-5-mm-arka-oem-isuzu-nova-arka-92-esb-787-11-l-ekersan","894","288.65"
"103","387","Bijon","Bijon Volvo FH FM FL Dps OEM 3963997 ESB 1412 10","Volvo FH Bijon | Volvo FH 3963997 | 3963997 Bijon | ESB 1412 10 Bijon | Bijon Volvo FH FM FL Dps","https://www.frenciniz.com/urun/387/bijon-volvo-fh-fm-fl-dps-oem-3963997-esb-1412-10-ekersan","830","210.3"
"103","352","Bijon","Bijon Renault Premium Magnum Kerax Midlum Volvo FH FM FL Ford Cargo 114 mm Arka 370 420 OEM 20524942 ESB 2316 10","Renault Trucks Premium Bijon | Renault Trucks Premium 20524942 | 20524942 Bijon | ESB 2316 10 Bijon | Bijon Renault Premium Magnum Kerax Midlum Volvo FH FM FL Ford Cargo 114 mm Arka 370 420","https://www.frenciniz.com/urun/352/bijon-renault-premium-magnum-kerax-midlum-volvo-fh-fm-fl-ford-cargo-114-mm-arka-370-420-oem","730","199.31"
"103","244","Bijon","Bijon Mercedes Actros Axor 86 mm Arka 800 OEM 3714027071 ESB 170 10","Mercedes-Benz Actros Bijon | Mercedes-Benz Actros 3714027071 | 3714027071 Bijon | ESB 170 10 Bijon | Bijon Mercedes Actros Axor 86 mm Arka 800","https://www.frenciniz.com/urun/244/bijon-mercedes-actros-axor-86-mm-arka-800-oem-3714027071-esb-170-10-ekersan","710","163.57"
"103","369","Bijon","Bijon SAF Holland Dps OEM 1303111811-3302115600 ESB 1818 10","SAF dorse dingili Bijon | SAF dorse dingili 1303111811-3302115600 | 1303111811-3302115600 Bijon | ESB 1818 10 Bijon | Bijon SAF Holland Dps","https://www.frenciniz.com/urun/369/bijon-saf-holland-dps-oem-1303111811-3302115600-esb-1818-10-ekersan","695","199.31"
"103","251","Bijon","Bijon Mercedes Actros Axor 84 mm OEM 3814011271 ESB 113 20-1","Mercedes-Benz Actros Bijon | Mercedes-Benz Actros 3814011271 | 3814011271 Bijon | ESB 113 20-1 Bijon | Bijon Mercedes Actros Axor 84 mm","https://www.frenciniz.com/urun/251/bijon-mercedes-actros-axor-84-mm-oem-3814011271-esb-113-20-1-ekersan","690","178.69"
"103","353","Bijon","Bijon Renault Premium Magnum Kerax Midlum 70 mm 370 420 OEM 5000737601 ESB 2313 10","Renault Trucks Premium Bijon | Renault Trucks Premium 5000737601 | 5000737601 Bijon | ESB 2313 10 Bijon | Bijon Renault Premium Magnum Kerax Midlum 70 mm 370 420","https://www.frenciniz.com/urun/353/bijon-renault-premium-magnum-kerax-midlum-70-mm-370-420-oem-5000737601-esb-2313-10-ekersan","619","199.31"
"103","360","Bijon","Bijon Fruehauf SMB 106 mm OEM A-FA0230 ESB 2112 10","Dorse / treyler Bijon | Dorse / treyler A-FA0230 | A-FA0230 Bijon | ESB 2112 10 Bijon | Bijon Fruehauf SMB 106 mm","https://www.frenciniz.com/urun/360/bijon-fruehauf-smb-106-mm-oem-a-fa0230-esb-2112-10-ekersan","570","211.68"
"103","20","Bijon","Bijon Iveco Eurocargo Stralis Dps OEM 42117459 ESB 670 10","Iveco Eurocargo Bijon | Iveco Eurocargo 42117459 | 42117459 Bijon | ESB 670 10 Bijon | Bijon Iveco Eurocargo Stralis Dps","https://www.frenciniz.com/urun/20/bijon-iveco-eurocargo-stralis-dps-oem-42117459-esb-670-10-ekersan","560","199.31"
"103","320","Bijon","Bijon Scania P G R Dps OEM 20515519 ESB 460 10","Scania P/G/R serisi Bijon | Scania P/G/R serisi 20515519 | 20515519 Bijon | ESB 460 10 Bijon | Bijon Scania P G R Dps","https://www.frenciniz.com/urun/320/bijon-scania-p-g-r-dps-oem-20515519-esb-460-10-ekersan","510","199.31"
"103","285","Bijon","Bijon Scania P G R 96 mm OEM 1868668 ESB 914 10-R","Scania P/G/R serisi Bijon | Scania P/G/R serisi 1868668 | 1868668 Bijon | ESB 914 10-R Bijon | Bijon Scania P G R 96 mm","https://www.frenciniz.com/urun/285/bijon-scania-p-g-r-96-mm-oem-1868668-esb-914-10-r-ekersan","480","210.3"
"103","359","Bijon","Bijon Fruehauf SMB DPS OEM M069131-M200048-M69131-M069123 ESB 2117 10","Dorse / treyler Bijon | Dorse / treyler M069131-M200048-M69131-M069123 | M069131-M200048-M69131-M069123 Bijon | ESB 2117 10 Bijon | Bijon Fruehauf SMB DPS","https://www.frenciniz.com/urun/359/bijon-fruehauf-smb-dps-oem-m069131-m200048-m69131-m069123-esb-2117-10-ekersan","480","211.69"
"103","356","Bijon","Bijon Renault Premium Magnum Kerax Midlum DPS 370 420 OEM 5010439317-5010439406 ESB 2311 10","Renault Trucks Premium Bijon | Renault Trucks Premium 5010439317-5010439406 | 5010439317-5010439406 Bijon | ESB 2311 10 Bijon | Bijon Renault Premium Magnum Kerax Midlum DPS 370 420","https://www.frenciniz.com/urun/356/bijon-renault-premium-magnum-kerax-midlum-dps-370-420-oem-5010439317-5010439406-esb-2311-10","470","215.8"
"103","362","Bijon","Bijon Dorse Treyler Dps OEM 20630 ESB 2110 10","Dorse dingil grubu Bijon | Dorse dingil grubu 20630 | 20630 Bijon | ESB 2110 10 Bijon | Bijon Dorse Treyler Dps","https://www.frenciniz.com/urun/362/bijon-dorse-treyler-dps-oem-20630-esb-2110-10-ekersan","450","211.68"
"103","296","Bijon","Bijon BMC Probus Profesyonel Fatih Pro Mitsubishi Canter Fuso Isuzu NPR NQR 97 mm OEM MC808846 ESB 810 20","BMC Probus Bijon | BMC Probus MC808846 | MC808846 Bijon | ESB 810 20 Bijon | Bijon BMC Probus Profesyonel Fatih Pro Mitsubishi Canter Fuso Isuzu NPR NQR 97 mm","https://www.frenciniz.com/urun/296/bijon-bmc-probus-profesyonel-fatih-pro-mitsubishi-canter-fuso-isuzu-npr-nqr-97-mm-oem-mc808846","420","214.43"
"103","361","Bijon","Bijon Dorse Treyler Dps OEM AJA0491001-AJB11623A-M006891-15613-11623- 6891 ESB 2111 10","Dorse dingil grubu Bijon | Dorse dingil grubu AJA0491001-AJB11623A-M006891-15613-11623- 6891 | AJA0491001-AJB11623A-M006891-15613-11623- 6891 Bijon | ESB 2111 10 Bijon | Bijon Dorse Treyler Dps","https://www.frenciniz.com/urun/361/bijon-dorse-treyler-dps-oem-aja0491001-ajb11623a-m006891-15613-11623-6891-esb-2111-10-ekersan","400","211.68"
"103","772","Fren Pabucu","Fren Pabucu BPW ECOPlus OEM (A) A4 H-24327","BPW dorse dingili Fren Pabucu | BPW dorse dingili (A) A4 | (A) A4 Fren Pabucu | H-24327 Fren Pabucu | Fren Pabucu BPW ECOPlus","https://www.frenciniz.com/urun/772/fren-pabucu-bpw-ecoplus-oem-a-a4-h-24327-ekersan","389","42.24"
"103","771","Fren Pabucu","Fren Pabucu BPW ECOPlus OEM (A) A4 H-24328","BPW dorse dingili Fren Pabucu | BPW dorse dingili (A) A4 | (A) A4 Fren Pabucu | H-24328 Fren Pabucu | Fren Pabucu BPW ECOPlus","https://www.frenciniz.com/urun/771/fren-pabucu-bpw-ecoplus-oem-a-a4-h-24328-ekersan","382","42.24"
"103","16","Bijon","Bijon Scania P G R 115 mm Arka OEM 1847739 ESB 919 10","Scania P/G/R serisi Bijon | Scania P/G/R serisi 1847739 | 1847739 Bijon | ESB 919 10 Bijon | Bijon Scania P G R 115 mm Arka","https://www.frenciniz.com/urun/16/bijon-scania-p-g-r-115-mm-arka-oem-1847739-esb-919-10-ekersan","380","218.55"
"103","67","Bijon","Bijon Mercedes Actros Axor 128 mm Arka OEM 3814011471-81455010099 ESB 116 10-1","Mercedes-Benz Actros Bijon | Mercedes-Benz Actros 3814011471-81455010099 | 3814011471-81455010099 Bijon | ESB 116 10-1 Bijon | Bijon Mercedes Actros Axor 128 mm Arka","https://www.frenciniz.com/urun/67/bijon-mercedes-actros-axor-128-mm-arka-oem-3814011471-81455010099-esb-116-10-1-ekersan","369","193.99"
"103","30","Bijon","Bijon Iveco Eurocargo Stralis Dps OEM 7168333 ESB 612 10","Iveco Eurocargo Bijon | Iveco Eurocargo 7168333 | 7168333 Bijon | ESB 612 10 Bijon | Bijon Iveco Eurocargo Stralis Dps","https://www.frenciniz.com/urun/30/bijon-iveco-eurocargo-stralis-dps-oem-7168333-esb-612-10-ekersan","344","134.7"
"103","316","Bijon","Bijon ROR Meritor 200 235 260 OEM 21022167 ESB 532 10","BMC Probus Bijon | BMC Probus 21022167 | 21022167 Bijon | ESB 532 10 Bijon | Bijon ROR Meritor 200 235 260","https://www.frenciniz.com/urun/316/bijon-ror-meritor-200-235-260-oem-21022167-esb-532-10-ekersan","280","199.31"
"103","391","Bijon","Bijon ROR Meritor 85 mm OEM 21022167 ESB 1313 10","ROR dorse dingili Bijon | ROR dorse dingili 21022167 | 21022167 Bijon | ESB 1313 10 Bijon | Bijon ROR Meritor 85 mm","https://www.frenciniz.com/urun/391/bijon-ror-meritor-85-mm-oem-21022167-esb-1313-10-ekersan","280","218.55"
"103","33","Bijon","Bijon Mercedes Actros Axor 105 mm DPS Arka OEM 3554010071-3814010671 ESB 112 10-1","Mercedes-Benz Actros Bijon | Mercedes-Benz Actros 3554010071-3814010671 | 3554010071-3814010671 Bijon | ESB 112 10-1 Bijon | Bijon Mercedes Actros Axor 105 mm DPS Arka","https://www.frenciniz.com/urun/33/bijon-mercedes-actros-axor-105-mm-dps-arka-oem-3554010071-3814010671-esb-112-10-1-ekersan","250","178.06"
"103","355","Bijon","Bijon Renault Premium Magnum Kerax Midlum 79 mm 370 2317 OEM 5010319141-190221 ESB 2311 20","Renault Trucks Premium Bijon | Renault Trucks Premium 5010319141-190221 | 5010319141-190221 Bijon | ESB 2311 20 Bijon | Bijon Renault Premium Magnum Kerax Midlum 79 mm 370 2317","https://www.frenciniz.com/urun/355/bijon-renault-premium-magnum-kerax-midlum-79-mm-370-2317-oem-5010319141-190221-esb-2311-20","250","199.31"
"103","381","Bijon","Bijon Mercedes Actros Axor DPS 403 OEM 3384015071 ESB 160 20-1","Mercedes-Benz Actros Bijon | Mercedes-Benz Actros 3384015071 | 3384015071 Bijon | ESB 160 20-1 Bijon | Bijon Mercedes Actros Axor DPS 403","https://www.frenciniz.com/urun/381/bijon-mercedes-actros-axor-dps-403-oem-3384015071-esb-160-20-1-ekersan","240","178.06"
"103","349","Bijon","Bijon Renault Premium Magnum Kerax Midlum 114 mm OEM 5010241892 ESB 2318 10","Renault Trucks Premium Bijon | Renault Trucks Premium 5010241892 | 5010241892 Bijon | ESB 2318 10 Bijon | Bijon Renault Premium Magnum Kerax Midlum 114 mm","https://www.frenciniz.com/urun/349/bijon-renault-premium-magnum-kerax-midlum-114-mm-oem-5010241892-esb-2318-10-ekersan","220","199.31"
"103","342","Bijon","Bijon MAN TGA Arka SKU ESB 261 10","MAN TGA Bijon | MAN TGA ESB 261 10 | ESB 261 10 Bijon | Bijon MAN TGA Arka","https://www.frenciniz.com/urun/342/bijon-man-tga-arka-sku-esb-261-10-ekersan","210","186.94"
"103","238","Bijon","Bijon Mercedes Actros Axor 128 mm DPS'L Arka 2517-2521 OEM 3814011471 ESB 192 10-1","Mercedes-Benz Actros Bijon | Mercedes-Benz Actros 3814011471 | 3814011471 Bijon | ESB 192 10-1 Bijon | Bijon Mercedes Actros Axor 128 mm DPS'L Arka 2517-2521","https://www.frenciniz.com/urun/238/bijon-mercedes-actros-axor-128-mm-dps-l-arka-2517-2521-oem-3814011471-esb-192-10-1-ekersan","198","198.65"
"103","243","Bijon","Bijon Mercedes Actros Axor 73 mm 800 OEM 3714017071 ESB 170 20","Mercedes-Benz Actros Bijon | Mercedes-Benz Actros 3714017071 | 3714017071 Bijon | ESB 170 20 Bijon | Bijon Mercedes Actros Axor 73 mm 800","https://www.frenciniz.com/urun/243/bijon-mercedes-actros-axor-73-mm-800-oem-3714017071-esb-170-20-ekersan","180","163.57"
"103","313","Bijon","Bijon Iveco Eurocargo Stralis 64 mm Arka OEM 7168257 ESB 611 10","Iveco Eurocargo Bijon | Iveco Eurocargo 7168257 | 7168257 Bijon | ESB 611 10 Bijon | Bijon Iveco Eurocargo Stralis 64 mm Arka","https://www.frenciniz.com/urun/313/bijon-iveco-eurocargo-stralis-64-mm-arka-oem-7168257-esb-611-10-ekersan","166","134.7"
"103","345","Bijon","Bijon Meritor ROR 95 mm OEM 9713579 ESB 2413 10","ROR dorse dingili Bijon | ROR dorse dingili 9713579 | 9713579 Bijon | ESB 2413 10 Bijon | Bijon Meritor ROR 95 mm","https://www.frenciniz.com/urun/345/bijon-meritor-ror-95-mm-oem-9713579-esb-2413-10-ekersan","160","215.8"
"103","358","Bijon","Bijon 100 mm OEM Efe Dorse Dipten Frezeli Bijon (100 mm) ESB 2240 10","Dorse / treyler Bijon | Dorse / treyler Efe Dorse Dipten Frezeli Bijon (100 mm) | Efe Dorse Dipten Frezeli Bijon (100 mm) Bijon | ESB 2240 10 Bijon | Bijon 100 mm","https://www.frenciniz.com/urun/358/bijon-100-mm-oem-efe-dorse-dipten-frezeli-bijon-100-mm-esb-2240-10-ekersan","160","255.66"
"103","2","Bijon","Bijon ROR Meritor 95 mm OEM 21022167 ESB 1315 10","ROR dorse dingili Bijon | ROR dorse dingili 21022167 | 21022167 Bijon | ESB 1315 10 Bijon | Bijon ROR Meritor 95 mm","https://www.frenciniz.com/urun/2/bijon-ror-meritor-95-mm-oem-21022167-esb-1315-10-ekersan","155","218.55"
"103","392","Bijon","Bijon ROR Meritor Dps OEM 21020977-21020997 ESB 1312 10","ROR dorse dingili Bijon | ROR dorse dingili 21020977-21020997 | 21020977-21020997 Bijon | ESB 1312 10 Bijon | Bijon ROR Meritor Dps","https://www.frenciniz.com/urun/392/bijon-ror-meritor-dps-oem-21020977-21020997-esb-1312-10-ekersan","150","218.55"
"103","393","Bijon","Bijon Mercedes Actros Axor Dps OEM 3814010171 ESB 111 20-1","Mercedes-Benz Actros Bijon | Mercedes-Benz Actros 3814010171 | 3814010171 Bijon | ESB 111 20-1 Bijon | Bijon Mercedes Actros Axor Dps","https://www.frenciniz.com/urun/393/bijon-mercedes-actros-axor-dps-oem-3814010171-esb-111-20-1-ekersan","140","180.79"
"103","32","Bijon","Bijon Mercedes Actros Axor 92 mm Dakromatlı Arka OEM 9424010371 ESB 180 10-3","Mercedes-Benz Axor Bijon | Mercedes-Benz Axor 9424010371 | 9424010371 Bijon | ESB 180 10-3 Bijon | Bijon Mercedes Actros Axor 92 mm Dakromatlı Arka","https://www.frenciniz.com/urun/32/bijon-mercedes-actros-axor-92-mm-dakromatli-arka-oem-9424010371-esb-180-10-3-ekersan","100","196.28"
"103","337","Bijon","Bijon BMC Probus Profesyonel Fatih Pro 82 mm E.M 214 OEM 7K13123 ESB 330 20","BMC Probus Bijon | BMC Probus 7K13123 | 7K13123 Bijon | ESB 330 20 Bijon | Bijon BMC Probus Profesyonel Fatih Pro 82 mm E.M 214","https://www.frenciniz.com/urun/337/bijon-bmc-probus-profesyonel-fatih-pro-82-mm-e-m-214-oem-7k13123-esb-330-20-ekersan","100","199.31"
"103","386","Bijon","Bijon Volvo FH FH12 FM FL 110 mm Arka OEM 1573083 ESB 1413 10","Volvo FH Bijon | Volvo FH 1573083 | 1573083 Bijon | ESB 1413 10 Bijon | Bijon Volvo FH FH12 FM FL 110 mm Arka","https://www.frenciniz.com/urun/386/bijon-volvo-fh-fh12-fm-fl-110-mm-arka-oem-1573083-esb-1413-10-ekersan","80","199.31"
"103","791","Fren Diski","Fren Diski BPW ECOPlus WABCO ABS EBS Y.M 100 OEM 0331008510 EYD 91 02","BPW dorse dingili Fren Diski | BPW dorse dingili 0331008510 | 0331008510 Fren Diski | EYD 91 02 Fren Diski | Fren Diski BPW ECOPlus WABCO ABS EBS Y.M 100","https://www.frenciniz.com/urun/791/fren-diski-bpw-ecoplus-wabco-abs-ebs-y-m-100-oem-0331008510-eyd-91-02-ekersan","70","264"
"103","382","Bijon","Bijon Volvo FH FH12 FM FL 100 mm Arka OEM 272740 ESB 1511 10","Volvo FH Bijon | Volvo FH 272740 | 272740 Bijon | ESB 1511 10 Bijon | Bijon Volvo FH FH12 FM FL 100 mm Arka","https://www.frenciniz.com/urun/382/bijon-volvo-fh-fh12-fm-fl-100-mm-arka-oem-272740-esb-1511-10-ekersan","60","178.69"
"103","314","Bijon","Bijon Iveco Eurocargo Stralis OEM 7168346 ESB 610 20","Iveco Eurocargo Bijon | Iveco Eurocargo 7168346 | 7168346 Bijon | ESB 610 20 Bijon | Bijon Iveco Eurocargo Stralis","https://www.frenciniz.com/urun/314/bijon-iveco-eurocargo-stralis-oem-7168346-esb-610-20-ekersan","34","120.96"
"103","29","Bijon","Bijon York Valx SKU ESB 3100 10","Dorse / treyler Bijon | Dorse / treyler ESB 3100 10 | ESB 3100 10 Bijon | Bijon York Valx","https://www.frenciniz.com/urun/29/bijon-york-valx-sku-esb-3100-10-ekersan","20","199.31"
"98","163","Fren Diski","Fren Diski Mitsubishi Canter Fuso Isuzu NPR NQR Ön OEM MK584503Y ESD 170 04","Mitsubishi Canter Fren Diski | Mitsubishi Canter MK584503Y | MK584503Y Fren Diski | ESD 170 04 Fren Diski | Fren Diski Mitsubishi Canter Fuso Isuzu NPR NQR Ön","https://www.frenciniz.com/urun/163/fren-diski-mitsubishi-canter-fuso-isuzu-npr-nqr-on-oem-mk584503y-esd-170-04-ekersan","18","3243.66"
"98","205","Fren Diski","Fren Diski Renault Premium Magnum Kerax Midlum Ön 150 OEM 5010422262 ESD 040 07","Renault Trucks Premium Fren Diski | Renault Trucks Premium 5010422262 | 5010422262 Fren Diski | ESD 040 07 Fren Diski | Fren Diski Renault Premium Magnum Kerax Midlum Ön 150","https://www.frenciniz.com/urun/205/fren-diski-renault-premium-magnum-kerax-midlum-on-150-oem-5010422262-esd-040-07-ekersan","18","4211.44"
"98","849","Fren Pabucu","Fren Pabucu MAN 22 cm Sol OEM (A) D3 EYD 206 09-1","MAN ağır vasıta Fren Pabucu | MAN ağır vasıta (A) D3 | (A) D3 Fren Pabucu | EYD 206 09-1 Fren Pabucu | Fren Pabucu MAN 22 cm Sol","https://www.frenciniz.com/urun/849/fren-pabucu-man-22-cm-sol-oem-a-d3-eyd-206-09-1-ekersan","18","2211"
"98","850","Fren Pabucu","Fren Pabucu MAN 22 cm SAĞ OEM (A) D3 EYD 206 09","MAN ağır vasıta Fren Pabucu | MAN ağır vasıta (A) D3 | (A) D3 Fren Pabucu | EYD 206 09 Fren Pabucu | Fren Pabucu MAN 22 cm SAĞ","https://www.frenciniz.com/urun/850/fren-pabucu-man-22-cm-sag-oem-a-d3-eyd-206-09-ekersan","18","2211"
"98","844","Fren Pabucu","Fren Pabucu Volvo FH FH12 FM FL 5 cm OEM 30.951.95 EYD 206 43-1","Volvo FH Fren Pabucu | Volvo FH 30.951.95 | 30.951.95 Fren Pabucu | EYD 206 43-1 Fren Pabucu | Fren Pabucu Volvo FH FH12 FM FL 5 cm","https://www.frenciniz.com/urun/844/fren-pabucu-volvo-fh-fh12-fm-fl-5-cm-oem-30-951-95-eyd-206-43-1-ekersan","17","1102.2"
"98","845","Fren Pabucu","Fren Pabucu Volvo FH FH12 FM FL 5 cm OEM 30.951.95 EYD 206 43","Volvo FH Fren Pabucu | Volvo FH 30.951.95 | 30.951.95 Fren Pabucu | EYD 206 43 Fren Pabucu | Fren Pabucu Volvo FH FH12 FM FL 5 cm","https://www.frenciniz.com/urun/845/fren-pabucu-volvo-fh-fh12-fm-fl-5-cm-oem-30-951-95-eyd-206-43-ekersan","17","1102.2"
"98","855","Fren Pabucu","Fren Pabucu Volvo FH FH12 FM FL BMC Probus Profesyonel Fatih Pro 0 cm OEM (A) C3 EYD 206 03-1","Volvo FH Fren Pabucu | Volvo FH (A) C3 | (A) C3 Fren Pabucu | EYD 206 03-1 Fren Pabucu | Fren Pabucu Volvo FH FH12 FM FL BMC Probus Profesyonel Fatih Pro 0 cm","https://www.frenciniz.com/urun/855/fren-pabucu-volvo-fh-fh12-fm-fl-bmc-probus-profesyonel-fatih-pro-0-cm-oem-a-c3-eyd-206-03-1","17","924"
"98","856","Fren Pabucu","Fren Pabucu Volvo FH FH12 FM FL BMC Probus Profesyonel Fatih Pro 0 cm OEM (A) C3 EYD 206 03","Volvo FH Fren Pabucu | Volvo FH (A) C3 | (A) C3 Fren Pabucu | EYD 206 03 Fren Pabucu | Fren Pabucu Volvo FH FH12 FM FL BMC Probus Profesyonel Fatih Pro 0 cm","https://www.frenciniz.com/urun/856/fren-pabucu-volvo-fh-fh12-fm-fl-bmc-probus-profesyonel-fatih-pro-0-cm-oem-a-c3-eyd-206-03","17","924"
"98","278","Fren Diski","Fren Diski ESD 210 01 OEM 93221314005","Kamyon Fren Diski | Kamyon 93221314005 | 93221314005 Fren Diski | ESD 210 01 Fren Diski | Fren Diski ESD 210 01","https://www.frenciniz.com/urun/278/fren-diski-esd-210-01-oem-93221314005-ekersan","16","2950.38"
"98","44","Fren Diski","Fren Diski MAN TGA Arka SKU ESD 020 06","MAN TGA Fren Diski | MAN TGA ESD 020 06 | ESD 020 06 Fren Diski | Fren Diski MAN TGA Arka","https://www.frenciniz.com/urun/44/fren-diski-man-tga-arka-sku-esd-020-06-ekersan","15","5487.64"
"98","189","Fren Diski","Fren Diski SAF Holland OEM 407001800 ESD 070 18","SAF dorse dingili Fren Diski | SAF dorse dingili 407001800 | 407001800 Fren Diski | ESD 070 18 Fren Diski | Fren Diski SAF Holland","https://www.frenciniz.com/urun/189/fren-diski-saf-holland-oem-407001800-esd-070-18-ekersan","15","4636.84"
"98","214","Fren Diski","Fren Diski Ford Cargo OEM 60260 ESD 030 13","Ford Cargo Fren Diski | Ford Cargo 60260 | 60260 Fren Diski | ESD 030 13 Fren Diski | Fren Diski Ford Cargo","https://www.frenciniz.com/urun/214/fren-diski-ford-cargo-oem-60260-esd-030-13-ekersan","15","3807.31"
"98","767","Porya","Porya Mercedes Axor Ön OEM 9433340945 ESP.01.39.01","Mercedes-Benz Axor Porya | Mercedes-Benz Axor 9433340945 | 9433340945 Porya | ESP.01.39.01 Porya | Porya Mercedes Axor Ön","https://www.frenciniz.com/urun/767/porya-mercedes-axor-on-oem-9433340945-esp-01-39-01-ekersan","14","5920.2"
"98","183","Fren Diski","Fren Diski Mercedes Atego OEM 6754210012 ESD 070 27","Mercedes-Benz Atego Fren Diski | Mercedes-Benz Atego 6754210012 | 6754210012 Fren Diski | ESD 070 27 Fren Diski | Fren Diski Mercedes Atego","https://www.frenciniz.com/urun/183/fren-diski-mercedes-atego-oem-6754210012-esd-070-27-ekersan","13","4636.84"
"98","219","Fren Diski","Fren Diski Iveco Eurocargo Stralis 120 OEM 7182305 ESD 030 03","Iveco Eurocargo Fren Diski | Iveco Eurocargo 7182305 | 7182305 Fren Diski | ESD 030 03 Fren Diski | Fren Diski Iveco Eurocargo Stralis 120","https://www.frenciniz.com/urun/219/fren-diski-iveco-eurocargo-stralis-120-oem-7182305-esd-030-03-ekersan","13","3807.31"
"98","87","Fren Diski","Fren Diski Scania P G R Ön Arka 420 OEM 1386686 ESD 080 02","Scania P/G/R serisi Fren Diski | Scania P/G/R serisi 1386686 | 1386686 Fren Diski | ESD 080 02 Fren Diski | Fren Diski Scania P G R Ön Arka 420","https://www.frenciniz.com/urun/87/fren-diski-scania-p-g-r-on-arka-420-oem-1386686-esd-080-02-ekersan","12","4732.56"
"98","199","Fren Diski","Fren Diski ROR Meritor OEM M069018 ESD 070 04","ROR dorse dingili Fren Diski | ROR dorse dingili M069018 | M069018 Fren Diski | ESD 070 04 Fren Diski | Fren Diski ROR Meritor","https://www.frenciniz.com/urun/199/fren-diski-ror-meritor-oem-m069018-esd-070-04-ekersan","12","5211.13"
"98","753","Porya","Porya Ford Cargo OEM A333K4561 ESP.08.08","Ford Cargo Porya | Ford Cargo A333K4561 | A333K4561 Porya | ESP.08.08 Porya | Porya Ford Cargo","https://www.frenciniz.com/urun/753/porya-ford-cargo-oem-a333k4561-esp-08-08-ekersan","12","7590"
"98","798","Fren Pabucu","Fren Pabucu BPW ECOPlus 20 cm OEM (A) G4 EYD 80 04-2","BPW dorse dingili Fren Pabucu | BPW dorse dingili (A) G4 | (A) G4 Fren Pabucu | EYD 80 04-2 Fren Pabucu | Fren Pabucu BPW ECOPlus 20 cm","https://www.frenciniz.com/urun/798/fren-pabucu-bpw-ecoplus-20-cm-oem-a-g4-eyd-80-04-2-ekersan","12","1683"
"98","852","Fren Pabucu","Fren Pabucu Mercedes Actros Axor 16 cm OEM (A) D3 EYD 206 06","Mercedes-Benz Actros Fren Pabucu | Mercedes-Benz Actros (A) D3 | (A) D3 Fren Pabucu | EYD 206 06 Fren Pabucu | Fren Pabucu Mercedes Actros Axor 16 cm","https://www.frenciniz.com/urun/852/fren-pabucu-mercedes-actros-axor-16-cm-oem-a-d3-eyd-206-06-ekersan","12","2145"
"98","42","Fren Diski","Fren Diski MAN TGA Ön SKU ESD 020 20","MAN TGA Fren Diski | MAN TGA ESD 020 20 | ESD 020 20 Fren Diski | Fren Diski MAN TGA Ön","https://www.frenciniz.com/urun/42/fren-diski-man-tga-on-sku-esd-020-20-ekersan","11","5360.02"
"98","204","Fren Diski","Fren Diski Renault Midlum Premium Magnum OEM 5010598305 ESD 040 21","Renault Trucks Midlum Fren Diski | Renault Trucks Midlum 5010598305 | 5010598305 Fren Diski | ESD 040 21 Fren Diski | Fren Diski Renault Midlum Premium Magnum","https://www.frenciniz.com/urun/204/fren-diski-renault-midlum-premium-magnum-oem-5010598305-esd-040-21-ekersan","11","4636.84"
"98","281","Fren Diski","Fren Diski WABCO ABS EBS Arka OEM 3010097AA ESD 090 09","Karsan Atak Fren Diski | Karsan Atak 3010097AA | 3010097AA Fren Diski | ESD 090 09 Fren Diski | Fren Diski WABCO ABS EBS Arka","https://www.frenciniz.com/urun/281/fren-diski-wabco-abs-ebs-arka-oem-3010097aa-esd-090-09-ekersan","10","3934.93"
"98","636","Kaliper","FRENCO KALİPER TAMİR TAKIMI OEM 640 222 928 2 30-3750","Ağır vasıta kaliper sistemi Kaliper | Ağır vasıta kaliper sistemi 640 222 928 2 | 640 222 928 2 Kaliper | 30-3750 Kaliper | FRENCO KALİPER TAMİR TAKIMI","https://www.frenciniz.com/urun/636/frenco-kaliper-tamir-takimi-oem-640-222-928-2-30-3750-ekersan","10","1878.36"
"98","229","Fren Diski","Fren Diski Mercedes Actros Axor OEM 9704230412 ESD 010 19","Mercedes-Benz Actros Fren Diski | Mercedes-Benz Actros 9704230412 | 9704230412 Fren Diski | ESD 010 19 Fren Diski | Fren Diski Mercedes Actros Axor","https://www.frenciniz.com/urun/229/fren-diski-mercedes-actros-axor-oem-9704230412-esd-010-19-ekersan","9","4604.94"
"98","676","Kaliper","FRENCOO KALİPER TAMİR TAKIMI OEM MCK1116 20-2390","Meritor ELSA/DUCO kaliper sistemi Kaliper | Meritor ELSA/DUCO kaliper sistemi MCK1116 | MCK1116 Kaliper | 20-2390 Kaliper | FRENCOO KALİPER TAMİR TAKIMI","https://www.frenciniz.com/urun/676/frencoo-kaliper-tamir-takimi-oem-mck1116-20-2390-ekersan","8","1834.8"
"98","167","Fren Diski","Fren Diski BMC Probus Profesyonel Fatih Pro WABCO ABS EBS Y.M OEM 57RS305716 ESD 160 01","BMC Probus Fren Diski | BMC Probus 57RS305716 | 57RS305716 Fren Diski | ESD 160 01 Fren Diski | Fren Diski BMC Probus Profesyonel Fatih Pro WABCO ABS EBS Y.M","https://www.frenciniz.com/urun/167/fren-diski-bmc-probus-profesyonel-fatih-pro-wabco-abs-ebs-y-m-oem-57rs305716-esd-160-01-ekersan","7","4551.76"
"98","218","Fren Diski","Fren Diski Iveco Eurocargo Stralis Trakker Eurotech OEM 7182682 ESD 030 04","Iveco Eurocargo Fren Diski | Iveco Eurocargo 7182682 | 7182682 Fren Diski | ESD 030 04 Fren Diski | Fren Diski Iveco Eurocargo Stralis Trakker Eurotech","https://www.frenciniz.com/urun/218/fren-diski-iveco-eurocargo-stralis-trakker-eurotech-oem-7182682-esd-030-04-ekersan","7","4211.44"
"98","752","Porya","Porya Ford Cargo Ön OEM 9C461106AA ESP.08.10","Ford Cargo Porya | Ford Cargo 9C461106AA | 9C461106AA Porya | ESP.08.10 Porya | Porya Ford Cargo Ön","https://www.frenciniz.com/urun/752/porya-ford-cargo-on-oem-9c461106aa-esp-08-10-ekersan","7","7438.2"
"98","202","Fren Diski","Fren Diski BPW ECOPlus OEM 0308835010 ESD 070 01","BPW dorse dingili Fren Diski | BPW dorse dingili 0308835010 | 0308835010 Fren Diski | ESD 070 01 Fren Diski | Fren Diski BPW ECOPlus","https://www.frenciniz.com/urun/202/fren-diski-bpw-ecoplus-oem-0308835010-esd-070-01-ekersan","6","4892.08"
"98","1047","Kaliper","KALİPER KÖPRÜ BAĞLANTISI OEM CKSK.17.1 10-1151","Knorr-Bremse SB/SN/SK kaliper sistemi Kaliper | Knorr-Bremse SB/SN/SK kaliper sistemi CKSK.17.1 | CKSK.17.1 Kaliper | 10-1151 Kaliper | KALİPER KÖPRÜ BAĞLANTISI","https://www.frenciniz.com/urun/1047/kaliper-kopru-baglantisi-oem-cksk-17-1-10-1151-ekersan","6","939.84"
"98","213","Fren Diski","Fren Diski Iveco Eurocargo Stralis Trakker Ford Cargo WABCO ABS EBS 120 OEM 1906466 ESD 030 15","Ford Cargo Fren Diski | Ford Cargo 1906466 | 1906466 Fren Diski | ESD 030 15 Fren Diski | Fren Diski Iveco Eurocargo Stralis Trakker Ford Cargo WABCO ABS EBS 120","https://www.frenciniz.com/urun/213/fren-diski-iveco-eurocargo-stralis-trakker-ford-cargo-wabco-abs-ebs-120-oem-1906466-esd-030-15","5","4594.3"
"98","221","Fren Diski","Fren Diski Iveco Eurocargo Eurotech Stralis OEM 1907631 ESD 030 01","Iveco Eurocargo Fren Diski | Iveco Eurocargo 1907631 | 1907631 Fren Diski | ESD 030 01 Fren Diski | Fren Diski Iveco Eurocargo Eurotech Stralis","https://www.frenciniz.com/urun/221/fren-diski-iveco-eurocargo-eurotech-stralis-oem-1907631-esd-030-01-ekersan","5","4636.84"
"98","655","Porya","Porya BPW ECOPlus OEM 0327280140 ESP.16.16.02","BPW dorse dingili Porya | BPW dorse dingili 0327280140 | 0327280140 Porya | ESP.16.16.02 Porya | Porya BPW ECOPlus","https://www.frenciniz.com/urun/655/porya-bpw-ecoplus-oem-0327280140-esp-16-16-02-ekersan","5","10626"
"98","172","Fren Diski","Fren Diski Ford Cargo Ön Arka 1846 OEM DC462A315AA ESD 120 03","Ford Cargo Fren Diski | Ford Cargo DC462A315AA | DC462A315AA Fren Diski | ESD 120 03 Fren Diski | Fren Diski Ford Cargo Ön Arka 1846","https://www.frenciniz.com/urun/172/fren-diski-ford-cargo-on-arka-1846-oem-dc462a315aa-esd-120-03-ekersan","4","4519.86"
"98","192","Fren Diski","Fren Diski SAF Holland 8 Delik OEM 4079000400 ESD 070 13","SAF dorse dingili Fren Diski | SAF dorse dingili 4079000400 | 4079000400 Fren Diski | ESD 070 13 Fren Diski | Fren Diski SAF Holland 8 Delik","https://www.frenciniz.com/urun/192/fren-diski-saf-holland-8-delik-oem-4079000400-esd-070-13-ekersan","3","4934.62"
"98","493","Porya","Porya Scania P G R OEM 1391617 ESP.04.05","Scania P/G/R serisi Porya | Scania P/G/R serisi 1391617 | 1391617 Porya | ESP.04.05 Porya | Porya Scania P G R","https://www.frenciniz.com/urun/493/porya-scania-p-g-r-oem-1391617-esp-04-05-ekersan","3","11233.2"
"98","675","Kaliper","FRENCOO KALİPER TAMİR TAKIMI OEM MCK1289 20-2589","Meritor ELSA/DUCO kaliper sistemi Kaliper | Meritor ELSA/DUCO kaliper sistemi MCK1289 | MCK1289 Kaliper | 20-2589 Kaliper | FRENCOO KALİPER TAMİR TAKIMI","https://www.frenciniz.com/urun/675/frencoo-kaliper-tamir-takimi-oem-mck1289-20-2589-ekersan","3","2180.64"
"98","743","Porya","Porya SAF Holland OEM 3307305600 ESP.18.13","SAF dorse dingili Porya | SAF dorse dingili 3307305600 | 3307305600 Porya | ESP.18.13 Porya | Porya SAF Holland","https://www.frenciniz.com/urun/743/porya-saf-holland-oem-3307305600-esp-18-13-ekersan","3","8197.2"
"98","744","Porya","Porya SAF Holland OEM 3307303000 ESP.18.10","SAF dorse dingili Porya | SAF dorse dingili 3307303000 | 3307303000 Porya | ESP.18.10 Porya | Porya SAF Holland","https://www.frenciniz.com/urun/744/porya-saf-holland-oem-3307303000-esp-18-10-ekersan","3","7893.6"
"98","88","Fren Diski","Fren Diski Mitsubishi Canter Fuso Isuzu Novo NovoCiti Life CitiLife OEM 8971686321 ESD 130 06","Isuzu Novo Fren Diski | Isuzu Novo 8971686321 | 8971686321 Fren Diski | ESD 130 06 Fren Diski | Fren Diski Mitsubishi Canter Fuso Isuzu Novo NovoCiti Life CitiLife","https://www.frenciniz.com/urun/88/fren-diski-mitsubishi-canter-fuso-isuzu-novo-novociti-life-citilife-oem-8971686321-esd-130-06","2","3413.82"
"98","478","Porya","Porya Ford Cargo Ön OEM DC461106 (YENİ ÜRÜN) ESP.08.11","Ford Cargo Porya | Ford Cargo DC461106 (YENİ ÜRÜN) | DC461106 (YENİ ÜRÜN) Porya | ESP.08.11 Porya | Porya Ford Cargo Ön","https://www.frenciniz.com/urun/478/porya-ford-cargo-on-oem-dc461106-yeni-urun-esp-08-11-ekersan","2","8500.8"
"98","565","Porya","Porya BPW ECOPlus OEM 0327243420 ESP.16.12.17","BPW dorse dingili Porya | BPW dorse dingili 0327243420 | 0327243420 Porya | ESP.16.12.17 Porya | Porya BPW ECOPlus","https://www.frenciniz.com/urun/565/porya-bpw-ecoplus-oem-0327243420-esp-16-12-17-ekersan","2","5768.4"
"98","578","Porya","Porya Renault Premium Magnum Kerax Midlum OEM 7420517167 ESP.13.09","Renault Trucks Premium Porya | Renault Trucks Premium 7420517167 | 7420517167 Porya | ESP.13.09 Porya | Porya Renault Premium Magnum Kerax Midlum","https://www.frenciniz.com/urun/578/porya-renault-premium-magnum-kerax-midlum-oem-7420517167-esp-13-09-ekersan","2","7590"
"98","701","Porya","Porya Ford Cargo Ön YM OEM 9C461106AA ESPKİT.08.10","Ford Cargo Porya | Ford Cargo 9C461106AA | 9C461106AA Porya | ESPKİT.08.10 Porya | Porya Ford Cargo Ön YM","https://www.frenciniz.com/urun/701/porya-ford-cargo-on-ym-oem-9c461106aa-espkit-08-10-ekersan","2","13200"
"98","742","Porya","Porya SAF Holland Y.M OEM 3307304500 ESP.18.14","SAF dorse dingili Porya | SAF dorse dingili 3307304500 | 3307304500 Porya | ESP.18.14 Porya | Porya SAF Holland Y.M","https://www.frenciniz.com/urun/742/porya-saf-holland-y-m-oem-3307304500-esp-18-14-ekersan","2","7893.6"
"98","745","Porya","Porya SAF Holland OEM 1146200100 ESP.18.09.01","SAF dorse dingili Porya | SAF dorse dingili 1146200100 | 1146200100 Porya | ESP.18.09.01 Porya | Porya SAF Holland","https://www.frenciniz.com/urun/745/porya-saf-holland-oem-1146200100-esp-18-09-01-ekersan","2","5313"
"98","759","Porya","Porya Scania P G R OEM 1800283 ESP.03.11","Scania P/G/R serisi Porya | Scania P/G/R serisi 1800283 | 1800283 Porya | ESP.03.11 Porya | Porya Scania P G R","https://www.frenciniz.com/urun/759/porya-scania-p-g-r-oem-1800283-esp-03-11-ekersan","2","9259.8"
"98","761","Porya","Porya Scania P G R OEM 1800283 ESP.03.02","Scania P/G/R serisi Porya | Scania P/G/R serisi 1800283 | 1800283 Porya | ESP.03.02 Porya | Porya Scania P G R","https://www.frenciniz.com/urun/761/porya-scania-p-g-r-oem-1800283-esp-03-02-ekersan","2","8956.2"
"98","766","Porya","Porya Mercedes Atego Ön OEM 9753300544 ESP.01.43.01","Mercedes-Benz Atego Porya | Mercedes-Benz Atego 9753300544 | 9753300544 Porya | ESP.01.43.01 Porya | Porya Mercedes Atego Ön","https://www.frenciniz.com/urun/766/porya-mercedes-atego-on-oem-9753300544-esp-01-43-01-ekersan","2","4098.6"
"98","770","Porya","Porya Mercedes Axor Ön 1840-1848 OEM 9423341201 ESP.01.02","Mercedes-Benz Axor Porya | Mercedes-Benz Axor 9423341201 | 9423341201 Porya | ESP.01.02 Porya | Porya Mercedes Axor Ön 1840-1848","https://www.frenciniz.com/urun/770/porya-mercedes-axor-on-1840-1848-oem-9423341201-esp-01-02-ekersan","2","8349"
"98","477","Porya","Porya BPW ECOPlus OEM 03.272.62.27.0 ESP.16.14.01","BPW dorse dingili Porya | BPW dorse dingili 03.272.62.27.0 | 03.272.62.27.0 Porya | ESP.16.14.01 Porya | Porya BPW ECOPlus","https://www.frenciniz.com/urun/477/porya-bpw-ecoplus-oem-03-272-62-27-0-esp-16-14-01-ekersan","1","7893.6"
"98","490","Porya","Porya Ford Cargo OEM DC461106AF ESP.08.16","Ford Cargo Porya | Ford Cargo DC461106AF | DC461106AF Porya | ESP.08.16 Porya | Porya Ford Cargo","https://www.frenciniz.com/urun/490/porya-ford-cargo-oem-dc461106af-esp-08-16-ekersan","1","8045.4"
"98","495","Porya","Porya Ford Cargo OEM DC461106-AB ESP.08.13","Ford Cargo Porya | Ford Cargo DC461106-AB | DC461106-AB Porya | ESP.08.13 Porya | Porya Ford Cargo","https://www.frenciniz.com/urun/495/porya-ford-cargo-oem-dc461106-ab-esp-08-13-ekersan","1","9867"
"98","497","Porya","Porya BPW ECOPlus OEM 0327243120 ESP.16.12.08","BPW dorse dingili Porya | BPW dorse dingili 0327243120 | 0327243120 Porya | ESP.16.12.08 Porya | Porya BPW ECOPlus","https://www.frenciniz.com/urun/497/porya-bpw-ecoplus-oem-0327243120-esp-16-12-08-ekersan","1","6072"
"98","559","Porya","Porya Schmitz Cargobull OEM 1004054 ESP.18.23.01","Schmitz Cargobull dorse Porya | Schmitz Cargobull dorse 1004054 | 1004054 Porya | ESP.18.23.01 Porya | Porya Schmitz Cargobull","https://www.frenciniz.com/urun/559/porya-schmitz-cargobull-oem-1004054-esp-18-23-01-ekersan","1","5616.6"
"98","567","Porya","Porya Scania P G R Y.M. OEM 2290525 ESP.03.16","Scania P/G/R serisi Porya | Scania P/G/R serisi 2290525 | 2290525 Porya | ESP.03.16 Porya | Porya Scania P G R Y.M.","https://www.frenciniz.com/urun/567/porya-scania-p-g-r-y-m-oem-2290525-esp-03-16-ekersan","1","7741.8"
"98","671","Porya","Porya BPW ECOPlus Y.M OEM 0327243410 ESP.16.04.04","BPW dorse dingili Porya | BPW dorse dingili 0327243410 | 0327243410 Porya | ESP.16.04.04 Porya | Porya BPW ECOPlus Y.M","https://www.frenciniz.com/urun/671/porya-bpw-ecoplus-y-m-oem-0327243410-esp-16-04-04-ekersan","1","6831"
"98","674","Kaliper","FRENCOO KALİPER TAMİR TAKIMI OEM 93299 40-4120","Ağır vasıta kaliper sistemi Kaliper | Ağır vasıta kaliper sistemi 93299 | 93299 Kaliper | 40-4120 Kaliper | FRENCOO KALİPER TAMİR TAKIMI","https://www.frenciniz.com/urun/674/frencoo-kaliper-tamir-takimi-oem-93299-40-4120-ekersan","1","2511.96"
"98","748","Porya","Porya BPW ECOPlus OEM 0327243290 ESP.16.12.15","BPW dorse dingili Porya | BPW dorse dingili 0327243290 | 0327243290 Porya | ESP.16.12.15 Porya | Porya BPW ECOPlus","https://www.frenciniz.com/urun/748/porya-bpw-ecoplus-oem-0327243290-esp-16-12-15-ekersan","1","6679.2"
"98","749","Porya","Porya BPW ECOPlus OEM 0327230990 ESP.16.04.02","BPW dorse dingili Porya | BPW dorse dingili 0327230990 | 0327230990 Porya | ESP.16.04.02 Porya | Porya BPW ECOPlus","https://www.frenciniz.com/urun/749/porya-bpw-ecoplus-oem-0327230990-esp-16-04-02-ekersan","1","7134.6"
"98","750","Porya","Porya BPW ECOPlus OEM 0327227480 ESP.16.01.04","BPW dorse dingili Porya | BPW dorse dingili 0327227480 | 0327227480 Porya | ESP.16.01.04 Porya | Porya BPW ECOPlus","https://www.frenciniz.com/urun/750/porya-bpw-ecoplus-oem-0327227480-esp-16-01-04-ekersan","1","5616.6"
"98","751","Porya","Porya Iveco Eurocargo Stralis Trakker OEM 42104692 ESP.09.08","Iveco Eurocargo Porya | Iveco Eurocargo 42104692 | 42104692 Porya | ESP.09.08 Porya | Porya Iveco Eurocargo Stralis Trakker","https://www.frenciniz.com/urun/751/porya-iveco-eurocargo-stralis-trakker-oem-42104692-esp-09-08-ekersan","1","9715.2"
"98","754","Porya","Porya Ford Cargo Ön OEM 98CT1106 ESP.08.07","Ford Cargo Porya | Ford Cargo 98CT1106 | 98CT1106 Porya | ESP.08.07 Porya | Porya Ford Cargo Ön","https://www.frenciniz.com/urun/754/porya-ford-cargo-on-oem-98ct1106-esp-08-07-ekersan","1","7438.2"
"98","755","Porya","Porya BMC Probus Profesyonel Fatih Pro OEM 81357010176 ESP.07.13","BMC Probus Porya | BMC Probus 81357010176 | 81357010176 Porya | ESP.07.13 Porya | Porya BMC Probus Profesyonel Fatih Pro","https://www.frenciniz.com/urun/755/porya-bmc-probus-profesyonel-fatih-pro-oem-81357010176-esp-07-13-ekersan","1","5616.6"
"98","756","Porya","Porya BMC Probus Profesyonel Fatih Pro OEM 7K87702M ESP.07.04","BMC Probus Porya | BMC Probus 7K87702M | 7K87702M Porya | ESP.07.04 Porya | Porya BMC Probus Profesyonel Fatih Pro","https://www.frenciniz.com/urun/756/porya-bmc-probus-profesyonel-fatih-pro-oem-7k87702m-esp-07-04-ekersan","1","7893.6"
"98","757","Porya","Porya BMC Probus Profesyonel Fatih Pro OEM 7 KA 12558 ESP.07.02","BMC Probus Porya | BMC Probus 7 KA 12558 | 7 KA 12558 Porya | ESP.07.02 Porya | Porya BMC Probus Profesyonel Fatih Pro","https://www.frenciniz.com/urun/757/porya-bmc-probus-profesyonel-fatih-pro-oem-7-ka-12558-esp-07-02-ekersan","1","10170.6"
"98","758","Porya","Porya DAF XF CF Ön OEM 1818004 ESP.04.06","DAF XF Porya | DAF XF 1818004 | 1818004 Porya | ESP.04.06 Porya | Porya DAF XF CF Ön","https://www.frenciniz.com/urun/758/porya-daf-xf-cf-on-oem-1818004-esp-04-06-ekersan","1","10777.8"
"98","760","Porya","Porya Scania P G R OEM 1724790 ESP.03.03","Scania P/G/R serisi Porya | Scania P/G/R serisi 1724790 | 1724790 Porya | ESP.03.03 Porya | Porya Scania P G R","https://www.frenciniz.com/urun/760/porya-scania-p-g-r-oem-1724790-esp-03-03-ekersan","1","9259.8"
"98","762","Porya","Porya ESP 02 27 OEM 81357006150 ESP.02.27","Dorse Porya | Dorse 81357006150 | 81357006150 Porya | ESP.02.27 Porya | Porya ESP 02 27","https://www.frenciniz.com/urun/762/porya-esp-02-27-oem-81357006150-esp-02-27-ekersan","1","8045.4"
"98","763","Porya","Porya 12.163 Ön OEM 81443010182 ESP.02.21","Dorse Porya | Dorse 81443010182 | 81443010182 Porya | ESP.02.21 Porya | Porya 12.163 Ön","https://www.frenciniz.com/urun/763/porya-12-163-on-oem-81443010182-esp-02-21-ekersan","1","4857.6"
"98","764","Porya","Porya MAN Ön OEM 81443010146 ESP.02.12","MAN ağır vasıta Porya | MAN ağır vasıta 81443010146 | 81443010146 Porya | ESP.02.12 Porya | Porya MAN Ön","https://www.frenciniz.com/urun/764/porya-man-on-oem-81443010146-esp-02-12-ekersan","1","6679.2"
"98","765","Porya","Porya ESP 02 10 OEM 81357010141 ESP.02.10","Dorse Porya | Dorse 81357010141 | 81357010141 Porya | ESP.02.10 Porya | Porya ESP 02 10","https://www.frenciniz.com/urun/765/porya-esp-02-10-oem-81357010141-esp-02-10-ekersan","1","9715.2"
"98","768","Porya","Porya Mercedes Actros Axor OEM 9463560401 ESP.01.35","Mercedes-Benz Actros Porya | Mercedes-Benz Actros 9463560401 | 9463560401 Porya | ESP.01.35 Porya | Porya Mercedes Actros Axor","https://www.frenciniz.com/urun/768/porya-mercedes-actros-axor-oem-9463560401-esp-01-35-ekersan","1","7893.6"
"98","769","Porya","Porya Mercedes Actros Axor OEM 9463560701 ESP.01.27","Mercedes-Benz Actros Porya | Mercedes-Benz Actros 9463560701 | 9463560701 Porya | ESP.01.27 Porya | Porya Mercedes Actros Axor","https://www.frenciniz.com/urun/769/porya-mercedes-actros-axor-oem-9463560701-esp-01-27-ekersan","1","11536.8"
"98","836","Fren Pabucu","Fren Pabucu 5 cm 420 200 OEM (A) E3 EYD 300 12","Kamyon Fren Pabucu | Kamyon (A) E3 | (A) E3 Fren Pabucu | EYD 300 12 Fren Pabucu | Fren Pabucu 5 cm 420 200","https://www.frenciniz.com/urun/836/fren-pabucu-5-cm-420-200-oem-a-e3-eyd-300-12-ekersan","1","2046"
"93","338","Bijon","Bijon BMC Probus Profesyonel Fatih Pro 77 mm Sol 162 OEM K5C1051 ESB 310 21-L","BMC Probus Bijon | BMC Probus K5C1051 | K5C1051 Bijon | ESB 310 21-L Bijon | Bijon BMC Probus Profesyonel Fatih Pro 77 mm Sol 162","https://www.frenciniz.com/urun/338/bijon-bmc-probus-profesyonel-fatih-pro-77-mm-sol-162-oem-k5c1051-esb-310-21-l-ekersan","10","186.94"
"93","339","Bijon","Bijon BMC Probus Profesyonel Fatih Pro 110 mm Arka SAĞ 162 OEM K5C2150 ESB 310 10-R","BMC Probus Bijon | BMC Probus K5C2150 | K5C2150 Bijon | ESB 310 10-R Bijon | Bijon BMC Probus Profesyonel Fatih Pro 110 mm Arka SAĞ 162","https://www.frenciniz.com/urun/339/bijon-bmc-probus-profesyonel-fatih-pro-110-mm-arka-sag-162-oem-k5c2150-esb-310-10-r-ekersan","10","186.94"
"93","302","Bijon","Bijon Mitsubishi Canter Fuso Isuzu NPR NQR Arka SAĞ 444 OEM MITSUBİSHİ 444 ARKA SAĞ ESB 783 10-R","Mitsubishi Canter Bijon | Mitsubishi Canter MITSUBİSHİ 444 ARKA SAĞ | MITSUBİSHİ 444 ARKA SAĞ Bijon | ESB 783 10-R Bijon | Bijon Mitsubishi Canter Fuso Isuzu NPR NQR Arka SAĞ 444","https://www.frenciniz.com/urun/302/bijon-mitsubishi-canter-fuso-isuzu-npr-nqr-arka-sag-444-oem-mitsubishi-444-arka-sag-esb-783-10","6","240.54"
"88","841","Fren Pabucu","Fren Pabucu EYD 209 03","Dorse / treyler Fren Pabucu | Dorse / treyler EYD 209 03 | EYD 209 03 Fren Pabucu","https://www.frenciniz.com/urun/841/fren-pabucu-eyd-209-03-ekersan","1218","633.6"
"88","811","Porya","Porya Kapağı EYD 700 06","Dorse / treyler Porya | Dorse / treyler EYD 700 06 | EYD 700 06 Porya","https://www.frenciniz.com/urun/811/porya-kapagi-eyd-700-06-ekersan","396","528"
"88","835","Fren Pabucu","Fren Pabucu EYD 300 34","Kamyon Fren Pabucu | Kamyon EYD 300 34 | EYD 300 34 Fren Pabucu","https://www.frenciniz.com/urun/835/fren-pabucu-eyd-300-34-ekersan","286","3300"
"88","799","Fren Pabucu","Fren Pabucu BPW ECOPlus 18 cm SKU EYD 80 04-1","BPW dorse dingili Fren Pabucu | BPW dorse dingili EYD 80 04-1 | EYD 80 04-1 Fren Pabucu | Fren Pabucu BPW ECOPlus 18 cm","https://www.frenciniz.com/urun/799/fren-pabucu-bpw-ecoplus-18-cm-sku-eyd-80-04-1-ekersan","252","1683"
"88","7","Fren Diski","Fren Diski Krone Göbekli 430 SKU ESD 220 03","Krone dorse Fren Diski | Krone dorse ESD 220 03 | ESD 220 03 Fren Diski | Fren Diski Krone Göbekli 430","https://www.frenciniz.com/urun/7/fren-diski-krone-gobekli-430-sku-esd-220-03-ekersan","179","4918.32"
"88","598","Kaliper","KALİPER TAMİR TAKIMI KAŞIKLI SET (TABLALI) SKU 426144-1","Ağır vasıta kaliper sistemi Kaliper | Ağır vasıta kaliper sistemi 426144-1 | 426144-1 Kaliper | KALİPER TAMİR TAKIMI KAŞIKLI SET (TABLALI)","https://www.frenciniz.com/urun/598/kaliper-tamir-takimi-kasikli-set-tablali-sku-426144-1-ekersan","143","4382.4"
"88","810","Porya","Porya Kapağı EYD 700 07","Dorse / treyler Porya | Dorse / treyler EYD 700 07 | EYD 700 07 Porya","https://www.frenciniz.com/urun/810/porya-kapagi-eyd-700-07-ekersan","124","528"
"88","793","Fren Pabucu","Fren Pabucu SAF Holland 18 cm E.M SKU EYD 80 26","SAF dorse dingili Fren Pabucu | SAF dorse dingili EYD 80 26 | EYD 80 26 Fren Pabucu | Fren Pabucu SAF Holland 18 cm E.M","https://www.frenciniz.com/urun/793/fren-pabucu-saf-holland-18-cm-e-m-sku-eyd-80-26-ekersan","104","1056"
"88","813","Porya","Porya Kapağı EYD 700 03","Yerel dorse dingil grubu Porya | Yerel dorse dingil grubu EYD 700 03 | EYD 700 03 Porya","https://www.frenciniz.com/urun/813/porya-kapagi-eyd-700-03-ekersan","74","528"
"88","808","Porya","Porya Kapağı EYD 700 28","Dorse / treyler Porya | Dorse / treyler EYD 700 28 | EYD 700 28 Porya","https://www.frenciniz.com/urun/808/porya-kapagi-eyd-700-28-ekersan","71","528"
"88","802","Porya","Porya Kapağı EYD 700 51","Yerel dorse dingil grubu Porya | Yerel dorse dingil grubu EYD 700 51 | EYD 700 51 Porya","https://www.frenciniz.com/urun/802/porya-kapagi-eyd-700-51-ekersan","70","528"
"88","805","Porya","Porya Kapağı EYD 700 33","Yerel dorse dingil grubu Porya | Yerel dorse dingil grubu EYD 700 33 | EYD 700 33 Porya","https://www.frenciniz.com/urun/805/porya-kapagi-eyd-700-33-ekersan","70","528"
"88","809","Porya","Porya Kapağı EYD 700 08","Yerel dorse dingil grubu Porya | Yerel dorse dingil grubu EYD 700 08 | EYD 700 08 Porya","https://www.frenciniz.com/urun/809/porya-kapagi-eyd-700-08-ekersan","51","528"
"88","541","Porya","Porya Kapağı EYD 700 31 1 SKU EYD 700 31-1","Yerel dorse dingil grubu Porya | Yerel dorse dingil grubu EYD 700 31-1 | EYD 700 31-1 Porya | Porya Kapağı EYD 700 31 1","https://www.frenciniz.com/urun/541/porya-kapagi-eyd-700-31-1-sku-eyd-700-31-1-ekersan","43","528"
"88","806","Porya","Porya Kapağı EYD 700 31","Yerel dorse dingil grubu Porya | Yerel dorse dingil grubu EYD 700 31 | EYD 700 31 Porya","https://www.frenciniz.com/urun/806/porya-kapagi-eyd-700-31-ekersan","43","528"
"88","804","Porya","Porya Kapağı EYD 700 34","Yerel dorse dingil grubu Porya | Yerel dorse dingil grubu EYD 700 34 | EYD 700 34 Porya","https://www.frenciniz.com/urun/804/porya-kapagi-eyd-700-34-ekersan","42","528"
"88","807","Porya","Porya Kapağı EYD 700 30","Dorse / treyler Porya | Dorse / treyler EYD 700 30 | EYD 700 30 Porya","https://www.frenciniz.com/urun/807/porya-kapagi-eyd-700-30-ekersan","42","528"
"88","540","Porya","Porya Kapağı EYD 700 43","Yerel dorse dingil grubu Porya | Yerel dorse dingil grubu EYD 700 43 | EYD 700 43 Porya","https://www.frenciniz.com/urun/540/porya-kapagi-eyd-700-43-ekersan","21","528"
"88","797","Fren Pabucu","Fren Pabucu Fruehauf SMB 20 cm SKU EYD 80 05","Dorse / treyler Fren Pabucu | Dorse / treyler EYD 80 05 | EYD 80 05 Fren Pabucu | Fren Pabucu Fruehauf SMB 20 cm","https://www.frenciniz.com/urun/797/fren-pabucu-fruehauf-smb-20-cm-sku-eyd-80-05-ekersan","20","1221"
"83","364","Bijon","Bijon Dps SKU ESB 2032 10","Kamyon Bijon | Kamyon ESB 2032 10 | ESB 2032 10 Bijon | Bijon Dps","https://www.frenciniz.com/urun/364/bijon-dps-sku-esb-2032-10-ekersan","30700","199.31"
"83","334","Bijon","Bijon BMC Probus Profesyonel Fatih Pro 117 mm Arka SKU ESB 342 10","BMC Probus Bijon | BMC Probus ESB 342 10 | ESB 342 10 Bijon | Bijon BMC Probus Profesyonel Fatih Pro 117 mm Arka","https://www.frenciniz.com/urun/334/bijon-bmc-probus-profesyonel-fatih-pro-117-mm-arka-sku-esb-342-10-ekersan","9686","199.31"
"83","240","Bijon","Bijon Mercedes Actros Axor SKU ESB 184 20","Mercedes-Benz Axor Bijon | Mercedes-Benz Axor ESB 184 20 | ESB 184 20 Bijon | Bijon Mercedes Actros Axor","https://www.frenciniz.com/urun/240/bijon-mercedes-actros-axor-sku-esb-184-20-ekersan","6749","183.64"
"83","370","Bijon","Bijon SAF Holland 65,50 mm SKU ESB 1817 20","SAF dorse dingili Bijon | SAF dorse dingili ESB 1817 20 | ESB 1817 20 Bijon | Bijon SAF Holland 65,50 mm","https://www.frenciniz.com/urun/370/bijon-saf-holland-65-50-mm-sku-esb-1817-20-ekersan","4539","199.31"
"83","365","Bijon","Bijon Dps SKU ESB 2030 10","Kamyon Bijon | Kamyon ESB 2030 10 | ESB 2030 10 Bijon | Bijon Dps","https://www.frenciniz.com/urun/365/bijon-dps-sku-esb-2030-10-ekersan","4431","199.31"
"83","366","Bijon","Bijon ESB 2010 10","Dorse / treyler Bijon | Dorse / treyler ESB 2010 10 | ESB 2010 10 Bijon","https://www.frenciniz.com/urun/366/bijon-esb-2010-10-ekersan","3800","199.31"
"83","321","Bijon","Bijon Dps SKU ESB 440 10","Kamyon Bijon | Kamyon ESB 440 10 | ESB 440 10 Bijon | Bijon Dps","https://www.frenciniz.com/urun/321/bijon-dps-sku-esb-440-10-ekersan","3382","199.31"
"83","83","Bijon","Bijon Dps SKU ESB 461 10","Kamyon Bijon | Kamyon ESB 461 10 | ESB 461 10 Bijon | Bijon Dps","https://www.frenciniz.com/urun/83/bijon-dps-sku-esb-461-10-ekersan","3020","199.31"
"83","834","Fren Pabucu","Fren Pabucu 5 cm SKU EYD 301 08","Dorse / treyler Fren Pabucu | Dorse / treyler EYD 301 08 | EYD 301 08 Fren Pabucu | Fren Pabucu 5 cm","https://www.frenciniz.com/urun/834/fren-pabucu-5-cm-sku-eyd-301-08-ekersan","2872","231"
"83","319","Bijon","Bijon Dps SKU ESB 461 20","Kamyon Bijon | Kamyon ESB 461 20 | ESB 461 20 Bijon | Bijon Dps","https://www.frenciniz.com/urun/319/bijon-dps-sku-esb-461-20-ekersan","2392","199.31"
"83","368","Bijon","Bijon ESB 1914 10","Dorse / treyler Bijon | Dorse / treyler ESB 1914 10 | ESB 1914 10 Bijon","https://www.frenciniz.com/urun/368/bijon-esb-1914-10-ekersan","2143","211.68"
"83","248","Bijon","Bijon Mercedes Axor 92 mm Arka SKU ESB 131 10-1","Mercedes-Benz Axor Bijon | Mercedes-Benz Axor ESB 131 10-1 | ESB 131 10-1 Bijon | Bijon Mercedes Axor 92 mm Arka","https://www.frenciniz.com/urun/248/bijon-mercedes-axor-92-mm-arka-sku-esb-131-10-1-ekersan","2060","178.69"
"83","367","Bijon","Bijon Dps SKU ESB 1915 10","Kamyon Bijon | Kamyon ESB 1915 10 | ESB 1915 10 Bijon | Bijon Dps","https://www.frenciniz.com/urun/367/bijon-dps-sku-esb-1915-10-ekersan","1871","211.68"
"83","1053","Porya","Porya Kapağı SAF Holland SKU EYD.075099","SAF dorse dingili Porya | SAF dorse dingili EYD.075099 | EYD.075099 Porya | Porya Kapağı SAF Holland","https://www.frenciniz.com/urun/1053/porya-kapagi-saf-holland-sku-eyd-075099-ekersan","1623","224.4"
"83","22","Bijon","Bijon Mitsubishi Canter Fuso Isuzu NPR NQR Arka SAĞ 304 SKU ESB 784 10-R","Mitsubishi Canter Bijon | Mitsubishi Canter ESB 784 10-R | ESB 784 10-R Bijon | Bijon Mitsubishi Canter Fuso Isuzu NPR NQR Arka SAĞ 304","https://www.frenciniz.com/urun/22/bijon-mitsubishi-canter-fuso-isuzu-npr-nqr-arka-sag-304-sku-esb-784-10-r-ekersan","1596","175.95"
"83","324","Bijon","Bijon Dps SKU ESB 420 20","Kamyon Bijon | Kamyon ESB 420 20 | ESB 420 20 Bijon | Bijon Dps","https://www.frenciniz.com/urun/324/bijon-dps-sku-esb-420-20-ekersan","1540","199.31"
"83","363","Bijon","Bijon 100 mm SKU ESB 2033 10","Dorse / treyler Bijon | Dorse / treyler ESB 2033 10 | ESB 2033 10 Bijon | Bijon 100 mm","https://www.frenciniz.com/urun/363/bijon-100-mm-sku-esb-2033-10-ekersan","1159","199.31"
"83","21","Bijon","Bijon Mitsubishi Canter Fuso Isuzu NPR NQR Arka Sol 304 SKU ESB 784 11-L","Mitsubishi Canter Bijon | Mitsubishi Canter ESB 784 11-L | ESB 784 11-L Bijon | Bijon Mitsubishi Canter Fuso Isuzu NPR NQR Arka Sol 304","https://www.frenciniz.com/urun/21/bijon-mitsubishi-canter-fuso-isuzu-npr-nqr-arka-sol-304-sku-esb-784-11-l-ekersan","1096","175.95"
"83","31","Bijon","Bijon Ford Cargo 115 mm SKU ESB 425 10","Ford Cargo Bijon | Ford Cargo ESB 425 10 | ESB 425 10 Bijon | Bijon Ford Cargo 115 mm","https://www.frenciniz.com/urun/31/bijon-ford-cargo-115-mm-sku-esb-425-10-ekersan","1050","218.55"
"83","295","Bijon","Bijon Mitsubishi Canter Fuso Isuzu NPR NQR SKU ESB 830 10-R","Mitsubishi Canter Bijon | Mitsubishi Canter ESB 830 10-R | ESB 830 10-R Bijon | Bijon Mitsubishi Canter Fuso Isuzu NPR NQR","https://www.frenciniz.com/urun/295/bijon-mitsubishi-canter-fuso-isuzu-npr-nqr-sku-esb-830-10-r-ekersan","1010","316.14"
"83","294","Bijon","Bijon Mitsubishi Canter Fuso Isuzu NPR NQR SKU ESB 830 11-L","Mitsubishi Canter Bijon | Mitsubishi Canter ESB 830 11-L | ESB 830 11-L Bijon | Bijon Mitsubishi Canter Fuso Isuzu NPR NQR","https://www.frenciniz.com/urun/294/bijon-mitsubishi-canter-fuso-isuzu-npr-nqr-sku-esb-830-11-l-ekersan","998","316.14"
"83","293","Bijon","Bijon Mitsubishi Canter Fuso Isuzu NPR NQR 66 mm SAĞ SKU ESB 830 20-R","Mitsubishi Canter Bijon | Mitsubishi Canter ESB 830 20-R | ESB 830 20-R Bijon | Bijon Mitsubishi Canter Fuso Isuzu NPR NQR 66 mm SAĞ","https://www.frenciniz.com/urun/293/bijon-mitsubishi-canter-fuso-isuzu-npr-nqr-66-mm-sag-sku-esb-830-20-r-ekersan","968","208.93"
"83","292","Bijon","Bijon Mitsubishi Canter Fuso Isuzu NPR NQR 66 mm Sol SKU ESB 830 21-L","Mitsubishi Canter Bijon | Mitsubishi Canter ESB 830 21-L | ESB 830 21-L Bijon | Bijon Mitsubishi Canter Fuso Isuzu NPR NQR 66 mm Sol","https://www.frenciniz.com/urun/292/bijon-mitsubishi-canter-fuso-isuzu-npr-nqr-66-mm-sol-sku-esb-830-21-l-ekersan","898","208.93"
"83","843","Fren Diski","Fren Diski Knorr WABCO Meritor SKU EYD 209 01","Ağır vasıta kaliper sistemi Fren Diski | Ağır vasıta kaliper sistemi EYD 209 01 | EYD 209 01 Fren Diski | Fren Diski Knorr WABCO Meritor","https://www.frenciniz.com/urun/843/fren-diski-knorr-wabco-meritor-sku-eyd-209-01-ekersan","862","396"
"83","679","Fren Diski","Fren Diski Knorr WABCO Meritor SKU EYD 91 21","Ağır vasıta kaliper sistemi Fren Diski | Ağır vasıta kaliper sistemi EYD 91 21 | EYD 91 21 Fren Diski | Fren Diski Knorr WABCO Meritor","https://www.frenciniz.com/urun/679/fren-diski-knorr-wabco-meritor-sku-eyd-91-21-ekersan","469","455.4"
"83","17","Bijon","Bijon Mercedes Actros Axor 120 mm Arka SKU ESB 185 10","Mercedes-Benz Axor Bijon | Mercedes-Benz Axor ESB 185 10 | ESB 185 10 Bijon | Bijon Mercedes Actros Axor 120 mm Arka","https://www.frenciniz.com/urun/17/bijon-mercedes-actros-axor-120-mm-arka-sku-esb-185-10-ekersan","460","201.82"
"83","333","Bijon","Bijon BMC Probus Profesyonel Fatih Pro 132 mm Arka 270 827 SKU ESB 344 10","BMC Probus Bijon | BMC Probus ESB 344 10 | ESB 344 10 Bijon | Bijon BMC Probus Profesyonel Fatih Pro 132 mm Arka 270 827","https://www.frenciniz.com/urun/333/bijon-bmc-probus-profesyonel-fatih-pro-132-mm-arka-270-827-sku-esb-344-10-ekersan","440","236.42"
"83","330","Bijon","Bijon Otokar Doruk Sultan 4472 336 520 SKU ESB 3912 20","Otokar Doruk Bijon | Otokar Doruk ESB 3912 20 | ESB 3912 20 Bijon | Bijon Otokar Doruk Sultan 4472 336 520","https://www.frenciniz.com/urun/330/bijon-otokar-doruk-sultan-4472-336-520-sku-esb-3912-20-ekersan","410","189.43"
"83","332","Bijon","Bijon BMC Probus Profesyonel Fatih Pro 145 mm Arka 935 SKU ESB 345 10","BMC Probus Bijon | BMC Probus ESB 345 10 | ESB 345 10 Bijon | Bijon BMC Probus Profesyonel Fatih Pro 145 mm Arka 935","https://www.frenciniz.com/urun/332/bijon-bmc-probus-profesyonel-fatih-pro-145-mm-arka-935-sku-esb-345-10-ekersan","390","236.42"
"83","331","Bijon","Bijon BMC Probus Profesyonel Fatih Pro 24 mm 110 mm Arka SAĞ SKU ESB 351 10-R","BMC Probus Bijon | BMC Probus ESB 351 10-R | ESB 351 10-R Bijon | Bijon BMC Probus Profesyonel Fatih Pro 24 mm 110 mm Arka SAĞ","https://www.frenciniz.com/urun/331/bijon-bmc-probus-profesyonel-fatih-pro-24-mm-110-mm-arka-sag-sku-esb-351-10-r-ekersan","350","199.31"
"83","237","Bijon","Bijon MAN 90 mm 12.153 SKU ESB 230 10","MAN ağır vasıta Bijon | MAN ağır vasıta ESB 230 10 | ESB 230 10 Bijon | Bijon MAN 90 mm 12.153","https://www.frenciniz.com/urun/237/bijon-man-90-mm-12-153-sku-esb-230-10-ekersan","334","178.69"
"83","596","Porya","Porya Arka SKU CDF-88149","Dorse Porya | Dorse CDF-88149 | CDF-88149 Porya | Porya Arka","https://www.frenciniz.com/urun/596/porya-arka-sku-cdf-88149-ekersan","332","4.92"
"83","1001","Kaliper","Kaliper Körüklü Lastik Takımı SKU 421162","Ağır vasıta kaliper sistemi Kaliper | Ağır vasıta kaliper sistemi 421162 | 421162 Kaliper | Kaliper Körüklü Lastik Takımı","https://www.frenciniz.com/urun/1001/kaliper-koruklu-lastik-takimi-sku-421162-ekersan","225","118.8"
"83","643","Fren Pabucu","Fren Pabucu Mercedes Actros Axor SKU EYD 206 14","Mercedes-Benz Actros Fren Pabucu | Mercedes-Benz Actros EYD 206 14 | EYD 206 14 Fren Pabucu | Fren Pabucu Mercedes Actros Axor","https://www.frenciniz.com/urun/643/fren-pabucu-mercedes-actros-axor-sku-eyd-206-14-ekersan","190","231"
"83","247","Bijon","Bijon Mercedes Atego 1517 SKU ESB 140 10","Mercedes-Benz Atego Bijon | Mercedes-Benz Atego ESB 140 10 | ESB 140 10 Bijon | Bijon Mercedes Atego 1517","https://www.frenciniz.com/urun/247/bijon-mercedes-atego-1517-sku-esb-140-10-ekersan","152","182.81"
"83","575","Kaliper","Kaliper Plastik Tapa Takımı SKU 427141","Ağır vasıta kaliper sistemi Kaliper | Ağır vasıta kaliper sistemi 427141 | 427141 Kaliper | Kaliper Plastik Tapa Takımı","https://www.frenciniz.com/urun/575/kaliper-plastik-tapa-takimi-sku-427141-ekersan","79","231"
"83","491","Bijon","Bijon EYD 92 07","Yerel dorse dingil grubu Bijon | Yerel dorse dingil grubu EYD 92 07 | EYD 92 07 Bijon","https://www.frenciniz.com/urun/491/bijon-eyd-92-07-ekersan","43","462"
"83","492","Bijon","Bijon EYD 92 06","Yerel dorse dingil grubu Bijon | Yerel dorse dingil grubu EYD 92 06 | EYD 92 06 Bijon","https://www.frenciniz.com/urun/492/bijon-eyd-92-06-ekersan","42","462"
"83","1055","Porya","Porya Kapağı BPW ECOPlus SKU EYD.0170064","BPW dorse dingili Porya | BPW dorse dingili EYD.0170064 | EYD.0170064 Porya | Porya Kapağı BPW ECOPlus","https://www.frenciniz.com/urun/1055/porya-kapagi-bpw-ecoplus-sku-eyd-0170064-ekersan","40","396"
"83","970","Porya","Porya Kapağı Fruehauf SMB SKU 70.02020","Dorse / treyler Porya | Dorse / treyler 70.02020 | 70.02020 Porya | Porya Kapağı Fruehauf SMB","https://www.frenciniz.com/urun/970/porya-kapagi-fruehauf-smb-sku-70-02020-ekersan","37","396"
"83","1054","Porya","Porya Kapağı SAF Holland SKU EYD.075074","SAF dorse dingili Porya | SAF dorse dingili EYD.075074 | EYD.075074 Porya | Porya Kapağı SAF Holland","https://www.frenciniz.com/urun/1054/porya-kapagi-saf-holland-sku-eyd-075074-ekersan","35","224.4"
"83","653","Porya","Porya Kapağı Scania P G R SKU 30.08002","Scania P/G/R serisi Porya | Scania P/G/R serisi 30.08002 | 30.08002 Porya | Porya Kapağı Scania P G R","https://www.frenciniz.com/urun/653/porya-kapagi-scania-p-g-r-sku-30-08002-ekersan","31","435.6"
"83","346","Bijon","Bijon Otokar Doruk Sultan SKU ESB 2412 20","Otokar Doruk Bijon | Otokar Doruk ESB 2412 20 | ESB 2412 20 Bijon | Bijon Otokar Doruk Sultan","https://www.frenciniz.com/urun/346/bijon-otokar-doruk-sultan-sku-esb-2412-20-ekersan","20","156.7"
"83","995","Kaliper","Kaliper Tapa Seti SKU 421202","Ağır vasıta kaliper sistemi Kaliper | Ağır vasıta kaliper sistemi 421202 | 421202 Kaliper | Kaliper Tapa Seti","https://www.frenciniz.com/urun/995/kaliper-tapa-seti-sku-421202-ekersan","20","356.4"
"78","1039","Kaliper","KALİPER TAMİR TAKIMI SKU 10-1299","Ağır vasıta kaliper sistemi Kaliper | Ağır vasıta kaliper sistemi 10-1299 | 10-1299 Kaliper | KALİPER TAMİR TAKIMI","https://www.frenciniz.com/urun/1039/kaliper-tamir-takimi-sku-10-1299-ekersan","16","1834.8"
"78","848","Fren Pabucu","Fren Pabucu Iveco Eurocargo Stralis Trakker 20 cm SKU EYD 206 23","Iveco Eurocargo Fren Pabucu | Iveco Eurocargo EYD 206 23 | EYD 206 23 Fren Pabucu | Fren Pabucu Iveco Eurocargo Stralis Trakker 20 cm","https://www.frenciniz.com/urun/848/fren-pabucu-iveco-eurocargo-stralis-trakker-20-cm-sku-eyd-206-23-ekersan","12","1062.6"
"78","548","Kaliper","KALİPER PLASTİK TAPA SKU 60-6064","Ağır vasıta kaliper sistemi Kaliper | Ağır vasıta kaliper sistemi 60-6064 | 60-6064 Kaliper | KALİPER PLASTİK TAPA","https://www.frenciniz.com/urun/548/kaliper-plastik-tapa-sku-60-6064-ekersan","10","580.8"
"78","678","Kaliper","FRENCO SF HDX MODUL T KALİPER TAPASI SİYAH SKU 60-6063","SAF dorse dingili Kaliper | SAF dorse dingili 60-6063 | 60-6063 Kaliper | FRENCO SF HDX MODUL T KALİPER TAPASI SİYAH","https://www.frenciniz.com/urun/678/frenco-sf-hdx-modul-t-kaliper-tapasi-siyah-sku-60-6063-ekersan","10","504.24"
"78","1046","Kaliper","KALİPER KÖPRÜ BAĞLANTISI SKU 10-1152","Ağır vasıta kaliper sistemi Kaliper | Ağır vasıta kaliper sistemi 10-1152 | 10-1152 Kaliper | KALİPER KÖPRÜ BAĞLANTISI","https://www.frenciniz.com/urun/1046/kaliper-kopru-baglantisi-sku-10-1152-ekersan","8","939.84"
"78","812","Porya","Porya Kapağı EYD 700 04","Yerel dorse dingil grubu Porya | Yerel dorse dingil grubu EYD 700 04 | EYD 700 04 Porya","https://www.frenciniz.com/urun/812/porya-kapagi-eyd-700-04-ekersan","7","528"
"78","421","Porya","Porya Kapağı BPW ECOPlus SKU EYD 700 14-1","BPW dorse dingili Porya | BPW dorse dingili EYD 700 14-1 | EYD 700 14-1 Porya | Porya Kapağı BPW ECOPlus","https://www.frenciniz.com/urun/421/porya-kapagi-bpw-ecoplus-sku-eyd-700-14-1-ekersan","6","699.6"
"78","803","Porya","Porya Kapağı EYD 700 43 1 SKU EYD 700 43-1","Yerel dorse dingil grubu Porya | Yerel dorse dingil grubu EYD 700 43-1 | EYD 700 43-1 Porya | Porya Kapağı EYD 700 43 1","https://www.frenciniz.com/urun/803/porya-kapagi-eyd-700-43-1-sku-eyd-700-43-1-ekersan","6","528"
"78","584","Kaliper","Kaliper Tamir Takımı Komple (Pimli) SKU 426147","Ağır vasıta kaliper sistemi Kaliper | Ağır vasıta kaliper sistemi 426147 | 426147 Kaliper | Kaliper Tamir Takımı Komple (Pimli)","https://www.frenciniz.com/urun/584/kaliper-tamir-takimi-komple-pimli-sku-426147-ekersan","5","3762"
"78","741","Porya","Porya ESP 23 01 SKU ESP.23.01","Yerel dorse dingil grubu Porya | Yerel dorse dingil grubu ESP.23.01 | ESP.23.01 Porya | Porya ESP 23 01","https://www.frenciniz.com/urun/741/porya-esp-23-01-sku-esp-23-01-ekersan","5","5313"
"78","542","Porya","Porya Kapağı Renault Premium Magnum Kerax Midlum Volvo FH FH12 FM FL SKU EYD 700 26","Volvo FH Porya | Volvo FH EYD 700 26 | EYD 700 26 Porya | Porya Kapağı Renault Premium Magnum Kerax Midlum Volvo FH FH12 FM FL","https://www.frenciniz.com/urun/542/porya-kapagi-renault-premium-magnum-kerax-midlum-volvo-fh-fh12-fm-fl-sku-eyd-700-26-ekersan","4","528"
"78","638","Kaliper","FRENCOO KALİPER TAMİR TAKIMI SKU FX-2050","Ağır vasıta kaliper sistemi Kaliper | Ağır vasıta kaliper sistemi FX-2050 | FX-2050 Kaliper | FRENCOO KALİPER TAMİR TAKIMI","https://www.frenciniz.com/urun/638/frencoo-kaliper-tamir-takimi-sku-fx-2050-ekersan","4","8948.28"
"78","746","Porya","Porya Dorse Treyler SKU ESP.16.29","BPW dorse dingili Porya | BPW dorse dingili ESP.16.29 | ESP.16.29 Porya | Porya Dorse Treyler","https://www.frenciniz.com/urun/746/porya-dorse-treyler-sku-esp-16-29-ekersan","4","6375.6"
"78","950","Porya","Porya ESP 22 03 01 SKU ESP.22.03.01","Yerel dorse dingil grubu Porya | Yerel dorse dingil grubu ESP.22.03.01 | ESP.22.03.01 Porya | Porya ESP 22 03 01","https://www.frenciniz.com/urun/950/porya-esp-22-03-01-sku-esp-22-03-01-ekersan","4","7134.6"
"78","488","Porya","Porya 200 mm SKU ESP.30.04","Dorse / treyler Porya | Dorse / treyler ESP.30.04 | ESP.30.04 Porya | Porya 200 mm","https://www.frenciniz.com/urun/488/porya-200-mm-sku-esp-30-04-ekersan","3","6223.8"
"78","563","Porya","Porya ESP 26 27 SKU ESP.26.27","Dorse / treyler Porya | Dorse / treyler ESP.26.27 | ESP.26.27 Porya | Porya ESP 26 27","https://www.frenciniz.com/urun/563/porya-esp-26-27-sku-esp-26-27-ekersan","3","8045.4"
"78","706","Porya","Porya ESP 22 04 02 SKU ESP.22.04.02","Dorse / treyler Porya | Dorse / treyler ESP.22.04.02 | ESP.22.04.02 Porya | Porya ESP 22 04 02","https://www.frenciniz.com/urun/706/porya-esp-22-04-02-sku-esp-22-04-02-ekersan","3","5616.6"
"78","949","Porya","Porya ESP 22 04 01 SKU ESP.22.04.01","Dorse / treyler Porya | Dorse / treyler ESP.22.04.01 | ESP.22.04.01 Porya | Porya ESP 22 04 01","https://www.frenciniz.com/urun/949/porya-esp-22-04-01-sku-esp-22-04-01-ekersan","3","6375.6"
"78","627","Kaliper","FRENCO 12-180 TGL MAN KALİPER SET SKU FX-1021","MAN TGL Kaliper | MAN TGL FX-1021 | FX-1021 Kaliper | FRENCO 12-180 TGL MAN KALİPER SET","https://www.frenciniz.com/urun/627/frenco-12-180-tgl-man-kaliper-set-sku-fx-1021-ekersan","2","6547.2"
"78","702","Kaliper","KALİPER TAMİR TAKIMI AROX SAĞ SKU FX-3130","Mercedes-Benz Arocs Kaliper | Mercedes-Benz Arocs FX-3130 | FX-3130 Kaliper | KALİPER TAMİR TAKIMI AROX SAĞ","https://www.frenciniz.com/urun/702/kaliper-tamir-takimi-arox-sag-sku-fx-3130-ekersan","2","7967.52"
"78","854","Fren Pabucu","Fren Pabucu Ford Cargo BMC Probus Profesyonel Fatih Pro 5 cm SKU EYD 206 04","Ford Cargo Fren Pabucu | Ford Cargo EYD 206 04 | EYD 206 04 Fren Pabucu | Fren Pabucu Ford Cargo BMC Probus Profesyonel Fatih Pro 5 cm","https://www.frenciniz.com/urun/854/fren-pabucu-ford-cargo-bmc-probus-profesyonel-fatih-pro-5-cm-sku-eyd-206-04-ekersan","2","924"
"78","489","Porya","Porya ESP 30 03 SKU ESP.30.03","Dorse / treyler Porya | Dorse / treyler ESP.30.03 | ESP.30.03 Porya | Porya ESP 30 03","https://www.frenciniz.com/urun/489/porya-esp-30-03-sku-esp-30-03-ekersan","1","5920.2"
"78","606","Kaliper","FRENCO KALİPER TAMİR TAKIMI SKU FX-3080","Ağır vasıta kaliper sistemi Kaliper | Ağır vasıta kaliper sistemi FX-3080 | FX-3080 Kaliper | FRENCO KALİPER TAMİR TAKIMI","https://www.frenciniz.com/urun/606/frenco-kaliper-tamir-takimi-sku-fx-3080-ekersan","1","8403.12"
"78","622","Fren Pabucu","Fren Pabucu BPW ECOPlus 18 cm SKU EYD 80 24-1","BPW dorse dingili Fren Pabucu | BPW dorse dingili EYD 80 24-1 | EYD 80 24-1 Fren Pabucu | Fren Pabucu BPW ECOPlus 18 cm","https://www.frenciniz.com/urun/622/fren-pabucu-bpw-ecoplus-18-cm-sku-eyd-80-24-1-ekersan","1","1287"
"78","649","Kaliper","FRENCOO KALİPER TAMİR TAKIMI AROX SOL SKU FX-3140","Mercedes-Benz Arocs Kaliper | Mercedes-Benz Arocs FX-3140 | FX-3140 Kaliper | FRENCOO KALİPER TAMİR TAKIMI AROX SOL","https://www.frenciniz.com/urun/649/frencoo-kaliper-tamir-takimi-arox-sol-sku-fx-3140-ekersan","1","7967.52"
"78","740","Porya","Porya ESP 30 02 SKU ESP.30.02","Yerel dorse dingil grubu Porya | Yerel dorse dingil grubu ESP.30.02 | ESP.30.02 Porya | Porya ESP 30 02","https://www.frenciniz.com/urun/740/porya-esp-30-02-sku-esp-30-02-ekersan","1","6375.6"
"78","747","Porya","Porya ESP 16 25 SKU ESP.16.25","Yerel dorse dingil grubu Porya | Yerel dorse dingil grubu ESP.16.25 | ESP.16.25 Porya | Porya ESP 16 25","https://www.frenciniz.com/urun/747/porya-esp-16-25-sku-esp-16-25-ekersan","1","8045.4"
"78","946","Porya","Porya E.M SKU ESP.22.08","Yerel dorse dingil grubu Porya | Yerel dorse dingil grubu ESP.22.08 | ESP.22.08 Porya | Porya E.M","https://www.frenciniz.com/urun/946/porya-e-m-sku-esp-22-08-ekersan","1","4488"
"78","947","Porya","Porya ESP 22 06 01 SKU ESP.22.06.01","Yerel dorse dingil grubu Porya | Yerel dorse dingil grubu ESP.22.06.01 | ESP.22.06.01 Porya | Porya ESP 22 06 01","https://www.frenciniz.com/urun/947/porya-esp-22-06-01-sku-esp-22-06-01-ekersan","1","6527.4"
"78","948","Porya","Porya ESP 22 05 01 SKU ESP.22.05.01","Yerel dorse dingil grubu Porya | Yerel dorse dingil grubu ESP.22.05.01 | ESP.22.05.01 Porya | Porya ESP 22 05 01","https://www.frenciniz.com/urun/948/porya-esp-22-05-01-sku-esp-22-05-01-ekersan","1","6375.6"
"78","971","Kaliper","KALİPER TAMİR TAKIMI SKU 60-6310","Ağır vasıta kaliper sistemi Kaliper | Ağır vasıta kaliper sistemi 60-6310 | 60-6310 Kaliper | KALİPER TAMİR TAKIMI","https://www.frenciniz.com/urun/971/kaliper-tamir-takimi-sku-60-6310-ekersan","1","5237.76"
"78","1045","Kaliper","KALİPER KÖPRÜ BAĞLANTISI SKU 10-1153","Ağır vasıta kaliper sistemi Kaliper | Ağır vasıta kaliper sistemi 10-1153 | 10-1153 Kaliper | KALİPER KÖPRÜ BAĞLANTISI","https://www.frenciniz.com/urun/1045/kaliper-kopru-baglantisi-sku-10-1153-ekersan","1","917.4"
"73","301","Bijon","Bijon Mitsubishi Canter Fuso Isuzu NPR NQR Arka Sol 444 SKU ESB 783 11-L","Mitsubishi Canter Bijon | Mitsubishi Canter ESB 783 11-L | ESB 783 11-L Bijon | Bijon Mitsubishi Canter Fuso Isuzu NPR NQR Arka Sol 444","https://www.frenciniz.com/urun/301/bijon-mitsubishi-canter-fuso-isuzu-npr-nqr-arka-sol-444-sku-esb-783-11-l-ekersan","12","240.54"
"73","303","Bijon","Bijon Mitsubishi Canter Fuso Isuzu Novo NovoCiti Life CitiLife 96 mm Arka SAĞ Y.M SKU ESB 730 10-R","Isuzu Novo Bijon | Isuzu Novo ESB 730 10-R | ESB 730 10-R Bijon | Bijon Mitsubishi Canter Fuso Isuzu Novo NovoCiti Life CitiLife 96 mm Arka SAĞ Y.M","https://www.frenciniz.com/urun/303/bijon-mitsubishi-canter-fuso-isuzu-novo-novociti-life-citilife-96-mm-arka-sag-y-m-sku-esb-730","10","208.93"
"73","347","Bijon","Bijon Otokar Doruk Sultan Arka SKU ESB 2412 10","Otokar Doruk Bijon | Otokar Doruk ESB 2412 10 | ESB 2412 10 Bijon | Bijon Otokar Doruk Sultan Arka","https://www.frenciniz.com/urun/347/bijon-otokar-doruk-sultan-arka-sku-esb-2412-10-ekersan","10","156.7"
"73","545","Porya","Porya Mercedes Atego Arka SKU CDF-88181","Mercedes-Benz Atego Porya | Mercedes-Benz Atego CDF-88181 | CDF-88181 Porya | Porya Mercedes Atego Arka","https://www.frenciniz.com/urun/545/porya-mercedes-atego-arka-sku-cdf-88181-ekersan","10","17.99"
"73","691","Kaliper","SN6-7 SK7 KALİPER GÖVDE TAPASI 45 MM. SKU 10-1208","Knorr-Bremse SB/SN/SK kaliper sistemi Kaliper | Knorr-Bremse SB/SN/SK kaliper sistemi 10-1208 | 10-1208 Kaliper | SN6-7 SK7 KALİPER GÖVDE TAPASI 45 MM.","https://www.frenciniz.com/urun/691/sn6-7-sk7-kaliper-govde-tapasi-45-mm-sku-10-1208-ekersan","10","434.28"
"73","692","Kaliper","SN6-7 SK7 KALİPER GÖVDE TAPASI 42 MM. SKU 10-1207","Knorr-Bremse SB/SN/SK kaliper sistemi Kaliper | Knorr-Bremse SB/SN/SK kaliper sistemi 10-1207 | 10-1207 Kaliper | SN6-7 SK7 KALİPER GÖVDE TAPASI 42 MM.","https://www.frenciniz.com/urun/692/sn6-7-sk7-kaliper-govde-tapasi-42-mm-sku-10-1207-ekersan","10","434.28"
"73","1048","Kaliper","SN5 KALİPER TAPASI SKU 10-1134","Ağır vasıta kaliper sistemi Kaliper | Ağır vasıta kaliper sistemi 10-1134 | 10-1134 Kaliper | SN5 KALİPER TAPASI","https://www.frenciniz.com/urun/1048/sn5-kaliper-tapasi-sku-10-1134-ekersan","10","493.68"
"73","340","Bijon","Bijon MAN TGA Arka SKU ESB 273 10","MAN TGA Bijon | MAN TGA ESB 273 10 | ESB 273 10 Bijon | Bijon MAN TGA Arka","https://www.frenciniz.com/urun/340/bijon-man-tga-arka-sku-esb-273-10-ekersan","8","199.31"
"73","427","Porya","Porya Kapağı EYD 700 06 1 SKU EYD 700 06-1","Dorse / treyler Porya | Dorse / treyler EYD 700 06-1 | EYD 700 06-1 Porya | Porya Kapağı EYD 700 06 1","https://www.frenciniz.com/urun/427/porya-kapagi-eyd-700-06-1-sku-eyd-700-06-1-ekersan","2","462"
"73","454","Fren Pabucu","Fren Pabucu SAF Holland SKU EYD 075059","SAF dorse dingili Fren Pabucu | SAF dorse dingili EYD 075059 | EYD 075059 Fren Pabucu | Fren Pabucu SAF Holland","https://www.frenciniz.com/urun/454/fren-pabucu-saf-holland-sku-eyd-075059-ekersan","1","145.2"
"68","972","Fren Körüğü","Fren Körüğü Disk imdatlı körüğü Kampana imdatlı körüğü körüğü 64 mm OEM 8682644620299 8122-1","Disk fren imdatlı fren körüğü Fren Körüğü | Disk fren imdatlı fren körüğü 8682644620299 | 8682644620299 Fren Körüğü | 8122-1 Fren Körüğü | Fren Körüğü Disk imdatlı körüğü Kampana imdatlı körüğü körüğü 64 mm","https://www.frenciniz.com/urun/972/fren-korugu-disk-imdatli-korugu-kampana-imdatli-korugu-korugu-64-mm-oem-8682644620299-8122-1","1985","3300"
"68","97","Fren Kampanası","Fren Kampanası ESK 160 29 S OEM 52809 ESK 160 29-S","Kamyon Fren Kampanası | Kamyon 52809 | 52809 Fren Kampanası | ESK 160 29-S Fren Kampanası | Fren Kampanası ESK 160 29 S","https://www.frenciniz.com/urun/97/fren-kampanasi-esk-160-29-s-oem-52809-esk-160-29-s-ekersan","1278","4950.09"
"68","962","Fren Körüğü","Fren Körüğü Renault OEM 8682644620022 8109","Renault Trucks Fren Körüğü | Renault Trucks 8682644620022 | 8682644620022 Fren Körüğü | 8109 Fren Körüğü | Fren Körüğü Renault","https://www.frenciniz.com/urun/962/fren-korugu-renault-oem-8682644620022-8109-ekersan","1251","1267.2"
"68","557","Fren Körüğü","Fren Körüğü Renault OEM 8682644620046 8108","Renault Trucks Fren Körüğü | Renault Trucks 8682644620046 | 8682644620046 Fren Körüğü | 8108 Fren Körüğü | Fren Körüğü Renault","https://www.frenciniz.com/urun/557/fren-korugu-renault-oem-8682644620046-8108-ekersan","1238","1267.2"
"68","133","Fren Kampanası","Fren Kampanası Ford Cargo OEM 9C46-1125-AB ESK 040 12","Ford Cargo Fren Kampanası | Ford Cargo 9C46-1125-AB | 9C46-1125-AB Fren Kampanası | ESK 040 12 Fren Kampanası | Fren Kampanası Ford Cargo","https://www.frenciniz.com/urun/133/fren-kampanasi-ford-cargo-oem-9c46-1125-ab-esk-040-12-ekersan","1180","6678.75"
"68","953","Fren Körüğü","Fren Körüğü Disk imdatlı körüğü Kampana imdatlı körüğü körüğü 64 mm OEM 8642644620329 8132","Disk fren imdatlı fren körüğü Fren Körüğü | Disk fren imdatlı fren körüğü 8642644620329 | 8642644620329 Fren Körüğü | 8132 Fren Körüğü | Fren Körüğü Disk imdatlı körüğü Kampana imdatlı körüğü körüğü 64 mm","https://www.frenciniz.com/urun/953/fren-korugu-disk-imdatli-korugu-kampana-imdatli-korugu-korugu-64-mm-oem-8642644620329-8132","1170","3432"
"68","151","Fren Kampanası","Fren Kampanası ESK 020 05 OEM 81501100232","Kamyon Fren Kampanası | Kamyon 81501100232 | 81501100232 Fren Kampanası | ESK 020 05 Fren Kampanası | Fren Kampanası ESK 020 05","https://www.frenciniz.com/urun/151/fren-kampanasi-esk-020-05-oem-81501100232-ekersan","1087","5360.02"
"68","961","Fren Körüğü","Fren Körüğü Renault OEM 8682644620176 8110","Renault Trucks Fren Körüğü | Renault Trucks 8682644620176 | 8682644620176 Fren Körüğü | 8110 Fren Körüğü | Fren Körüğü Renault","https://www.frenciniz.com/urun/961/fren-korugu-renault-oem-8682644620176-8110-ekersan","1075","1320"
"68","968","Fren Körüğü","Fren Körüğü Disk imdatlı körüğü Kampana imdatlı körüğü körüğü OEM 8682644620435 8103","Disk fren imdatlı fren körüğü Fren Körüğü | Disk fren imdatlı fren körüğü 8682644620435 | 8682644620435 Fren Körüğü | 8103 Fren Körüğü | Fren Körüğü Disk imdatlı körüğü Kampana imdatlı körüğü körüğü","https://www.frenciniz.com/urun/968/fren-korugu-disk-imdatli-korugu-kampana-imdatli-korugu-korugu-oem-8682644620435-8103-ekersan","1032","2772"
"68","152","Fren Kampanası","Fren Kampanası ESK 020 03 OEM 81501100144","Kamyon Fren Kampanası | Kamyon 81501100144 | 81501100144 Fren Kampanası | ESK 020 03 Fren Kampanası | Fren Kampanası ESK 020 03","https://www.frenciniz.com/urun/152/fren-kampanasi-esk-020-03-oem-81501100144-ekersan","837","5508.91"
"68","1","Mekanik Fren Cırcırı","Mekanik Fren Cırcırı 7 Delik 10 Kanal EUR OEM 517465130 ESC 1760-1","kamyon Mekanik Fren Cırcırı | kamyon 517465130 | 517465130 Mekanik Fren Cırcırı | ESC 1760-1 Mekanik Fren Cırcırı | Mekanik Fren Cırcırı 7 Delik 10 Kanal EUR","https://www.frenciniz.com/urun/1/mekanik-fren-circiri-7-delik-10-kanal-eur-oem-517465130-esc-1760-1-ekersan","600","1082.4"
"68","958","Fren Körüğü","Fren Körüğü Disk imdatlı körüğü Kampana imdatlı körüğü körüğü 64 mm OEM 8682644620268 8121-1","Disk fren imdatlı fren körüğü Fren Körüğü | Disk fren imdatlı fren körüğü 8682644620268 | 8682644620268 Fren Körüğü | 8121-1 Fren Körüğü | Fren Körüğü Disk imdatlı körüğü Kampana imdatlı körüğü körüğü 64 mm","https://www.frenciniz.com/urun/958/fren-korugu-disk-imdatli-korugu-kampana-imdatli-korugu-korugu-64-mm-oem-8682644620268-8121-1","582","3300"
"68","145","Fren Kampanası","Fren Kampanası BMC Probus Profesyonel Fatih Pro 20 cm 220 822 827 OEM 5K 16448 ESK 030 08","BMC Probus Fren Kampanası | BMC Probus 5K 16448 | 5K 16448 Fren Kampanası | ESK 030 08 Fren Kampanası | Fren Kampanası BMC Probus Profesyonel Fatih Pro 20 cm 220 822 827","https://www.frenciniz.com/urun/145/fren-kampanasi-bmc-probus-profesyonel-fatih-pro-20-cm-220-822-827-oem-5k-16448-esk-030-08","537","6083.19"
"68","91","Fren Kampanası","Fren Kampanası 420 200 246 687 SKU ESK 160 87","Dorse / treyler Fren Kampanası | Dorse / treyler ESK 160 87 | ESK 160 87 Fren Kampanası | Fren Kampanası 420 200 246 687","https://www.frenciniz.com/urun/91/fren-kampanasi-420-200-246-687-sku-esk-160-87-ekersan","381","5346.48"
"68","135","Fren Kampanası","Fren Kampanası Ford Cargo Ön Arka 2524-3227-3230 OEM 7C46 1125 AA ESK 040 09","Ford Cargo Fren Kampanası | Ford Cargo 7C46 1125 AA | 7C46 1125 AA Fren Kampanası | ESK 040 09 Fren Kampanası | Fren Kampanası Ford Cargo Ön Arka 2524-3227-3230","https://www.frenciniz.com/urun/135/fren-kampanasi-ford-cargo-on-arka-2524-3227-3230-oem-7c46-1125-aa-esk-040-09-ekersan","363","5370.65"
"68","51","Otomatik Fren Cırcırı","Otomatik Fren Cırcırı Mercedes Actros Axor OEM 6234201538 ESC 80159","Mercedes-Benz Actros Otomatik Fren Cırcırı | Mercedes-Benz Actros 6234201538 | 6234201538 Otomatik Fren Cırcırı | ESC 80159 Otomatik Fren Cırcırı | Otomatik Fren Cırcırı Mercedes Actros Axor","https://www.frenciniz.com/urun/51/otomatik-fren-circiri-mercedes-actros-axor-oem-6234201538-esc-80159-ekersan","362","1452"
"68","657","Fren Balatası","Fren Balatasi Disk Balatası Mercedes Actros Axor OEM 29042 42182/1-300","Mercedes-Benz Actros/Axor Fren Balatası | Mercedes-Benz Actros/Axor 29042 | 29042 Fren Balatası | 42182/1-300 Fren Balatası | Disk Balatası Mercedes Actros Axor","https://www.frenciniz.com/urun/657/fren-balatasi-disk-balatasi-mercedes-actros-axor-oem-29042-42182-1-300-ekersan","343","2059.2"
"68","112","Fren Kampanası","Fren Kampanası BMC Probus Profesyonel Fatih Pro OEM 7421451973 ESK 110 22","BMC Probus Fren Kampanası | BMC Probus 7421451973 | 7421451973 Fren Kampanası | ESK 110 22 Fren Kampanası | Fren Kampanası BMC Probus Profesyonel Fatih Pro","https://www.frenciniz.com/urun/112/fren-kampanasi-bmc-probus-profesyonel-fatih-pro-oem-7421451973-esk-110-22-ekersan","316","7487.01"
"68","975","Kaliper Perno Tamir Takımı","Kaliper Perno Tamir Takımı Knorr WABCO Meritor OEM 3434386100 427120","Ağır vasıta kaliper sistemi Kaliper Perno Tamir Takımı | Ağır vasıta kaliper sistemi 3434386100 | 3434386100 Kaliper Perno Tamir Takımı | 427120 Kaliper Perno Tamir Takımı | Kaliper Perno Tamir Takımı Knorr WABCO Meritor","https://www.frenciniz.com/urun/975/kaliper-perno-tamir-takimi-knorr-wabco-meritor-oem-3434386100-427120-ekersan","302","983.4"
"68","52","Otomatik Fren Cırcırı","Otomatik Fren Cırcırı Mercedes Actros Axor OEM 4731329 ESC 80158","Mercedes-Benz Actros Otomatik Fren Cırcırı | Mercedes-Benz Actros 4731329 | 4731329 Otomatik Fren Cırcırı | ESC 80158 Otomatik Fren Cırcırı | Otomatik Fren Cırcırı Mercedes Actros Axor","https://www.frenciniz.com/urun/52/otomatik-fren-circiri-mercedes-actros-axor-oem-4731329-esc-80158-ekersan","300","1452"
"68","153","Fren Kampanası","Fren Kampanası Mercedes Actros Axor OEM 6584210001 ESK 010 41","Mercedes-Benz Actros Fren Kampanası | Mercedes-Benz Actros 6584210001 | 6584210001 Fren Kampanası | ESK 010 41 Fren Kampanası | Fren Kampanası Mercedes Actros Axor","https://www.frenciniz.com/urun/153/fren-kampanasi-mercedes-actros-axor-oem-6584210001-esk-010-41-ekersan","299","5827.96"
"68","879","Süspansiyon Körüğü","Suspansiyon Korugu Komple Körük Metal Piston SAF Holland OEM 0542940281 42941.C","SAF dorse dingili Süspansiyon Körüğü | SAF dorse dingili 0542940281 | 0542940281 Süspansiyon Körüğü | 42941.C Süspansiyon Körüğü | Komple Körük Metal Piston SAF Holland","https://www.frenciniz.com/urun/879/suspansiyon-korugu-komple-koruk-metal-piston-saf-holland-oem-0542940281-42941-c-ekersan","293","3498"
"68","661","Süspansiyon Körüğü","Suspansiyon Korugu Pistonsuz Körük 424183 S1 OEM (B) E1 424183.S1","Dorse Süspansiyon Körüğü | Dorse (B) E1 | (B) E1 Süspansiyon Körüğü | 424183.S1 Süspansiyon Körüğü | Pistonsuz Körük 424183 S1","https://www.frenciniz.com/urun/661/suspansiyon-korugu-pistonsuz-koruk-424183-s1-oem-b-e1-424183-s1-ekersan","288","1947"
"68","885","Süspansiyon Körüğü","Süspansiyon Körüğü DAF XF CF OEM 1697678 42836.C1","DAF XF Süspansiyon Körüğü | DAF XF 1697678 | 1697678 Süspansiyon Körüğü | 42836.C1 Süspansiyon Körüğü | Süspansiyon Körüğü DAF XF CF","https://www.frenciniz.com/urun/885/suspansiyon-korugu-daf-xf-cf-oem-1697678-42836-c1-ekersan","279","2772"
"68","1002","Kaliper Perno Tamir Takımı","Kaliper Perno Tamir Takımı Mercedes Actros Axor OEM 0004204382 421161","Ağır vasıta kaliper sistemi Kaliper Perno Tamir Takımı | Ağır vasıta kaliper sistemi 0004204382 | 0004204382 Kaliper Perno Tamir Takımı | 421161 Kaliper Perno Tamir Takımı | Kaliper Perno Tamir Takımı Mercedes Actros Axor","https://www.frenciniz.com/urun/1002/kaliper-perno-tamir-takimi-mercedes-actros-axor-oem-0004204382-421161-ekersan","272","891"
"68","666","Fren Körüğü","Fren Körüğü Disk imdatlı körüğü Kampana imdatlı körüğü körüğü OEM 8682644620367 8102","Disk fren imdatlı fren körüğü Fren Körüğü | Disk fren imdatlı fren körüğü 8682644620367 | 8682644620367 Fren Körüğü | 8102 Fren Körüğü | Fren Körüğü Disk imdatlı körüğü Kampana imdatlı körüğü körüğü","https://www.frenciniz.com/urun/666/fren-korugu-disk-imdatli-korugu-kampana-imdatli-korugu-korugu-oem-8682644620367-8102-ekersan","270","3432"
"68","271","Fren Kampanası","Fren Kampanası ESK 070 12 OEM 478","Kamyon Fren Kampanası | Kamyon 478 | 478 Fren Kampanası | ESK 070 12 Fren Kampanası | Fren Kampanası ESK 070 12","https://www.frenciniz.com/urun/271/fren-kampanasi-esk-070-12-oem-478-ekersan","269","3278.88"
"68","121","Fren Kampanası","Fren Kampanası Mitsubishi Canter Fuso Isuzu Novo NovoCiti Life CitiLife Arka EM OEM 8971020011-51 ESK 070 03","Isuzu Novo Fren Kampanası | Isuzu Novo 8971020011-51 | 8971020011-51 Fren Kampanası | ESK 070 03 Fren Kampanası | Fren Kampanası Mitsubishi Canter Fuso Isuzu Novo NovoCiti Life CitiLife Arka EM","https://www.frenciniz.com/urun/121/fren-kampanasi-mitsubishi-canter-fuso-isuzu-novo-novociti-life-citilife-arka-em-oem-8971020011","267","3470.86"
"68","965","Fren Körüğü","Fren Körüğü Disk imdatlı körüğü Kampana imdatlı körüğü körüğü OEM 8682644620367 8105","Disk fren imdatlı fren körüğü Fren Körüğü | Disk fren imdatlı fren körüğü 8682644620367 | 8682644620367 Fren Körüğü | 8105 Fren Körüğü | Fren Körüğü Disk imdatlı körüğü Kampana imdatlı körüğü körüğü","https://www.frenciniz.com/urun/965/fren-korugu-disk-imdatli-korugu-kampana-imdatli-korugu-korugu-oem-8682644620367-8105-ekersan","259","3432"
"68","95","Fren Kampanası","Fren Kampanası EM OEM 2812 ESK 160 53","Dorse / treyler Fren Kampanası | Dorse / treyler 2812 | 2812 Fren Kampanası | ESK 160 53 Fren Kampanası | Fren Kampanası EM","https://www.frenciniz.com/urun/95/fren-kampanasi-em-oem-2812-esk-160-53-ekersan","254","6168.27"
"68","108","Fren Kampanası","Fren Kampanası Renault Midlum Premium Magnum OEM 5010098949 ESK 140 03","Renault Trucks Midlum Fren Kampanası | Renault Trucks Midlum 5010098949 | 5010098949 Fren Kampanası | ESK 140 03 Fren Kampanası | Fren Kampanası Renault Midlum Premium Magnum","https://www.frenciniz.com/urun/108/fren-kampanasi-renault-midlum-premium-magnum-oem-5010098949-esk-140-03-ekersan","250","6721.29"
"68","73","Fren Kampanası","Fren Kampanası ESK 090 15 OEM 360571","Kamyon Fren Kampanası | Kamyon 360571 | 360571 Fren Kampanası | ESK 090 15 Fren Kampanası | Fren Kampanası ESK 090 15","https://www.frenciniz.com/urun/73/fren-kampanasi-esk-090-15-oem-360571-ekersan","231","6763.83"
"68","114","Fren Kampanası","Fren Kampanası ESK 090 02 OEM 360573-1414435","Kamyon Fren Kampanası | Kamyon 360573-1414435 | 360573-1414435 Fren Kampanası | ESK 090 02 Fren Kampanası | Fren Kampanası ESK 090 02","https://www.frenciniz.com/urun/114/fren-kampanasi-esk-090-02-oem-360573-1414435-ekersan","228","9060.98"
"68","481","Fren Balatası","Fren Balatası Mercedes Actros Axor OEM 19488 PWR-K004","MAN ağır vasıta Fren Balatası | MAN ağır vasıta 19488 | 19488 Fren Balatası | PWR-K004 Fren Balatası | Fren Balatası Mercedes Actros Axor","https://www.frenciniz.com/urun/481/fren-balatasi-mercedes-actros-axor-oem-19488-pwr-k004-ekersan","228","1295.71"
"68","272","Fren Kampanası","Fren Kampanası ESK 070 11 OEM 477","Kamyon Fren Kampanası | Kamyon 477 | 477 Fren Kampanası | ESK 070 11 Fren Kampanası | Fren Kampanası ESK 070 11","https://www.frenciniz.com/urun/272/fren-kampanasi-esk-070-11-oem-477-ekersan","213","2736.08"
"68","925","Süspansiyon Körüğü","Süspansiyon Körüğü 422211 P01 OEM 21221395 422211.P01","Dorse Süspansiyon Körüğü | Dorse 21221395 | 21221395 Süspansiyon Körüğü | 422211.P01 Süspansiyon Körüğü | Süspansiyon Körüğü 422211 P01","https://www.frenciniz.com/urun/925/suspansiyon-korugu-422211-p01-oem-21221395-422211-p01-ekersan","213","1056"
"68","38","Fren Kampanası","Fren Kampanası ESK 140 04 OEM 189923","Kamyon Fren Kampanası | Kamyon 189923 | 189923 Fren Kampanası | ESK 140 04 Fren Kampanası | Fren Kampanası ESK 140 04","https://www.frenciniz.com/urun/38/fren-kampanasi-esk-140-04-oem-189923-ekersan","204","6147"
"68","60","Fren Cırcırı","Fren Cırcırı Fruehauf SMB OEM 352194 ESC 114075","Dorse / treyler Fren Cırcırı | Dorse / treyler 352194 | 352194 Fren Cırcırı | ESC 114075 Fren Cırcırı | Fren Cırcırı Fruehauf SMB","https://www.frenciniz.com/urun/60/fren-circiri-fruehauf-smb-oem-352194-esc-114075-ekersan","204","1082.4"
"68","641","Fren Balatası","Fren Balatasi Disk Balatası Knorr WABCO Meritor OEM 29175 42322/1-300","Ağır vasıta disk fren balata sistemi Fren Balatası | Ağır vasıta disk fren balata sistemi 29175 | 29175 Fren Balatası | 42322/1-300 Fren Balatası | Disk Balatası Knorr WABCO Meritor","https://www.frenciniz.com/urun/641/fren-balatasi-disk-balatasi-knorr-wabco-meritor-oem-29175-42322-1-300-ekersan","204","2059.2"
"68","111","Fren Kampanası","Fren Kampanası ESK 110 23 OEM 1075310","Kamyon Fren Kampanası | Kamyon 1075310 | 1075310 Fren Kampanası | ESK 110 23 Fren Kampanası | Fren Kampanası ESK 110 23","https://www.frenciniz.com/urun/111/fren-kampanasi-esk-110-23-oem-1075310-ekersan","201","7954.95"
"68","89","Fren Kampanası","Fren Kampanası ESK 161 07","Kamyon Fren Kampanası | Kamyon ESK 161 07 | ESK 161 07 Fren Kampanası","https://www.frenciniz.com/urun/89/fren-kampanasi-esk-161-07-ekersan","200","4934.62"
"68","1026","Fren Balatası","Fren Balatasi Disk Balatası BPW OEM 29165 42200/7-290","BPW dorse dingili Fren Balatası | BPW dorse dingili 29165 | 29165 Fren Balatası | 42200/7-290 Fren Balatası | Disk Balatası BPW","https://www.frenciniz.com/urun/1026/fren-balatasi-disk-balatasi-bpw-oem-29165-42200-7-290-ekersan","196","1900.8"
"68","924","Süspansiyon Körüğü","Süspansiyon Körüğü Scania P G R Y.M OEM 1903608 423608.C","Scania P/G/R serisi Süspansiyon Körüğü | Scania P/G/R serisi 1903608 | 1903608 Süspansiyon Körüğü | 423608.C Süspansiyon Körüğü | Süspansiyon Körüğü Scania P G R Y.M","https://www.frenciniz.com/urun/924/suspansiyon-korugu-scania-p-g-r-y-m-oem-1903608-423608-c-ekersan","191","3610.2"
"68","1033","Perçin","8/20 Aliminyum Perçin OEM (A) C4 1000 820","Kamyon Perçin | Kamyon (A) C4 | (A) C4 Perçin | 1000 820 Perçin | 8/20 Aliminyum Perçin","https://www.frenciniz.com/urun/1033/8-20-aliminyum-percin-oem-a-c4-1000-820-ekersan","191","594"
"68","665","Fren Körüğü","Fren Körüğü Scania P G R OEM 8682644620466 8112","Scania P/G/R serisi Fren Körüğü | Scania P/G/R serisi 8682644620466 | 8682644620466 Fren Körüğü | 8112 Fren Körüğü | Fren Körüğü Scania P G R","https://www.frenciniz.com/urun/665/fren-korugu-scania-p-g-r-oem-8682644620466-8112-ekersan","185","3432"
"68","264","Fren Kampanası","Fren Kampanası BPW ECOPlus OEM 310677530-2821 ESK 230 05","BPW dorse dingili Fren Kampanası | BPW dorse dingili 310677530-2821 | 310677530-2821 Fren Kampanası | ESK 230 05 Fren Kampanası | Fren Kampanası BPW ECOPlus","https://www.frenciniz.com/urun/264/fren-kampanasi-bpw-ecoplus-oem-310677530-2821-esk-230-05-ekersan","180","6092.64"
"68","479","Fren Balatası","Fren Balatası Mercedes Actros Axor OEM 19487 PWR-K006","MAN ağır vasıta Fren Balatası | MAN ağır vasıta 19487 | 19487 Fren Balatası | PWR-K006 Fren Balatası | Fren Balatası Mercedes Actros Axor","https://www.frenciniz.com/urun/479/fren-balatasi-mercedes-actros-axor-oem-19487-pwr-k006-ekersan","180","1122"
"68","957","Fren Körüğü","Fren Körüğü Mercedes Travego Tourismo OEM 8682644620305 8125","Mercedes-Benz Travego Fren Körüğü | Mercedes-Benz Travego 8682644620305 | 8682644620305 Fren Körüğü | 8125 Fren Körüğü | Fren Körüğü Mercedes Travego Tourismo","https://www.frenciniz.com/urun/957/fren-korugu-mercedes-travego-tourismo-oem-8682644620305-8125-ekersan","175","3300"
"68","449","Fren Körüğü","Fren Körüğü Disk imdatlı körüğü Kampana imdatlı körüğü körüğü Sol OEM 03.130.00.40 ARF 16/24 D/D - L","Dorse / treyler Fren Körüğü | Dorse / treyler 03.130.00.40 | 03.130.00.40 Fren Körüğü | ARF 16/24 D/D - L Fren Körüğü | Fren Körüğü Disk imdatlı körüğü Kampana imdatlı körüğü körüğü Sol","https://www.frenciniz.com/urun/449/fren-korugu-disk-imdatli-korugu-kampana-imdatli-korugu-korugu-sol-oem-03-130-00-40-arf-16-24-d","173","2970"
"68","450","Fren Körüğü","Fren Körüğü Disk imdatlı körüğü Kampana imdatlı körüğü körüğü SAĞ OEM 03.130.00.40 ARF 16/24 D/D - R","Dorse / treyler Fren Körüğü | Dorse / treyler 03.130.00.40 | 03.130.00.40 Fren Körüğü | ARF 16/24 D/D - R Fren Körüğü | Fren Körüğü Disk imdatlı körüğü Kampana imdatlı körüğü körüğü SAĞ","https://www.frenciniz.com/urun/450/fren-korugu-disk-imdatli-korugu-kampana-imdatli-korugu-korugu-sag-oem-03-130-00-40-arf-16-24-d","173","2970"
"68","483","Fren Balatası","Fren Balatası BPW ECOPlus OEM 19032 PWR-K002","BPW dorse dingili Fren Balatası | BPW dorse dingili 19032 | 19032 Fren Balatası | PWR-K002 Fren Balatası | Fren Balatası BPW ECOPlus","https://www.frenciniz.com/urun/483/fren-balatasi-bpw-ecoplus-oem-19032-pwr-k002-ekersan","171","1210.31"
"68","727","Fren Balatası","Fren Balatası Knorr WABCO Meritor OEM 29228 PWR-5013","BPW dorse dingili Fren Balatası | BPW dorse dingili 29228 | 29228 Fren Balatası | PWR-5013 Fren Balatası | Fren Balatası Knorr WABCO Meritor","https://www.frenciniz.com/urun/727/fren-balatasi-knorr-wabco-meritor-oem-29228-pwr-5013-ekersan","165","2501.66"
"68","916","Süspansiyon Körüğü","Suspansiyon Korugu Pistonsuz Körük 424158 S02 OEM (B) K2 424158.S02","Dorse Süspansiyon Körüğü | Dorse (B) K2 | (B) K2 Süspansiyon Körüğü | 424158.S02 Süspansiyon Körüğü | Pistonsuz Körük 424158 S02","https://www.frenciniz.com/urun/916/suspansiyon-korugu-pistonsuz-koruk-424158-s02-oem-b-k2-424158-s02-ekersan","155","2112"
"68","883","Süspansiyon Körüğü","Suspansiyon Korugu Pistonsuz Körük SAF Holland OEM 0542940010 42881.S","SAF dorse dingili Süspansiyon Körüğü | SAF dorse dingili 0542940010 | 0542940010 Süspansiyon Körüğü | 42881.S Süspansiyon Körüğü | Pistonsuz Körük SAF Holland","https://www.frenciniz.com/urun/883/suspansiyon-korugu-pistonsuz-koruk-saf-holland-oem-0542940010-42881-s-ekersan","153","2442"
"68","670","Fren Balatası","Fren Balatasi Disk Balatası Mercedes Actros Axor OEM 29173 42310/2-292","Mercedes-Benz Actros/Axor Fren Balatası | Mercedes-Benz Actros/Axor 29173 | 29173 Fren Balatası | 42310/2-292 Fren Balatası | Disk Balatası Mercedes Actros Axor","https://www.frenciniz.com/urun/670/fren-balatasi-disk-balatasi-mercedes-actros-axor-oem-29173-42310-2-292-ekersan","152","2138.4"
"68","888","Süspansiyon Körüğü","Suspansiyon Korugu Komple Körük Metal Piston Volvo FH FM FL OEM 2229000300 42813.C","Volvo FH Süspansiyon Körüğü | Volvo FH 2229000300 | 2229000300 Süspansiyon Körüğü | 42813.C Süspansiyon Körüğü | Komple Körük Metal Piston Volvo FH FM FL","https://www.frenciniz.com/urun/888/suspansiyon-korugu-komple-koruk-metal-piston-volvo-fh-fm-fl-oem-2229000300-42813-c-ekersan","152","2772"
"68","120","Fren Kampanası","Fren Kampanası ESK 070 05 OEM 27777258002","Kamyon Fren Kampanası | Kamyon 27777258002 | 27777258002 Fren Kampanası | ESK 070 05 Fren Kampanası | Fren Kampanası ESK 070 05","https://www.frenciniz.com/urun/120/fren-kampanasi-esk-070-05-oem-27777258002-ekersan","150","3743.5"
"68","482","Fren Balatası","Fren Balatası PWR K003 OEM 19071 PWR-K003","Kamyon Fren Balatası | Kamyon 19071 | 19071 Fren Balatası | PWR-K003 Fren Balatası | Fren Balatası PWR K003","https://www.frenciniz.com/urun/482/fren-balatasi-pwr-k003-oem-19071-pwr-k003-ekersan","150","1158.7"
"68","134","Fren Kampanası","Fren Kampanası Ford Cargo Ön 2524-2530-3230 3235 3430 OEM 6C46 1126-AC ESK 040 11","Ford Cargo Fren Kampanası | Ford Cargo 6C46 1126-AC | 6C46 1126-AC Fren Kampanası | ESK 040 11 Fren Kampanası | Fren Kampanası Ford Cargo Ön 2524-2530-3230 3235 3430","https://www.frenciniz.com/urun/134/fren-kampanasi-ford-cargo-on-2524-2530-3230-3235-3430-oem-6c46-1126-ac-esk-040-11-ekersan","147","6997.8"
"68","908","Süspansiyon Körüğü","Suspansiyon Korugu Pistonsuz Körük 424882 S02 OEM 81436010151 424882.S02","Dorse Süspansiyon Körüğü | Dorse 81436010151 | 81436010151 Süspansiyon Körüğü | 424882.S02 Süspansiyon Körüğü | Pistonsuz Körük 424882 S02","https://www.frenciniz.com/urun/908/suspansiyon-korugu-pistonsuz-koruk-424882-s02-oem-81436010151-424882-s02-ekersan","140","1980"
"68","612","Süspansiyon Körüğü","Süspansiyon Körüğü Volvo FH FH12 FM FL OEM 20554755 424713.C","Volvo FH Süspansiyon Körüğü | Volvo FH 20554755 | 20554755 Süspansiyon Körüğü | 424713.C Süspansiyon Körüğü | Süspansiyon Körüğü Volvo FH FH12 FM FL","https://www.frenciniz.com/urun/612/suspansiyon-korugu-volvo-fh-fh12-fm-fl-oem-20554755-424713-c-ekersan","139","3036"
"68","902","Süspansiyon Körüğü","Suspansiyon Korugu Pistonsuz Körük Volvo FH FM FL OEM 1379393 424913.S04","Volvo FH Süspansiyon Körüğü | Volvo FH 1379393 | 1379393 Süspansiyon Körüğü | 424913.S04 Süspansiyon Körüğü | Pistonsuz Körük Volvo FH FM FL","https://www.frenciniz.com/urun/902/suspansiyon-korugu-pistonsuz-koruk-volvo-fh-fm-fl-oem-1379393-424913-s04-ekersan","138","2468.4"
"68","1025","Fren Balatası","Fren Balatasi Disk Balatası Knorr WABCO Meritor OEM 29159 42232/2-290","Ağır vasıta disk fren balata sistemi Fren Balatası | Ağır vasıta disk fren balata sistemi 29159 | 29159 Fren Balatası | 42232/2-290 Fren Balatası | Disk Balatası Knorr WABCO Meritor","https://www.frenciniz.com/urun/1025/fren-balatasi-disk-balatasi-knorr-wabco-meritor-oem-29159-42232-2-290-ekersan","138","1900.8"
"68","615","Süspansiyon Körüğü","Süspansiyon Körüğü MAN TGA OEM 81436006055 424884.S02","MAN TGA Süspansiyon Körüğü | MAN TGA 81436006055 | 81436006055 Süspansiyon Körüğü | 424884.S02 Süspansiyon Körüğü | Süspansiyon Körüğü MAN TGA","https://www.frenciniz.com/urun/615/suspansiyon-korugu-man-tga-oem-81436006055-424884-s02-ekersan","134","2019.6"
"68","637","Süspansiyon Körüğü","Suspansiyon Korugu Pistonsuz Körük Mercedes Actros Axor OEM 9423280001 424390.S1","Mercedes-Benz Actros Süspansiyon Körüğü | Mercedes-Benz Actros 9423280001 | 9423280001 Süspansiyon Körüğü | 424390.S1 Süspansiyon Körüğü | Pistonsuz Körük Mercedes Actros Axor","https://www.frenciniz.com/urun/637/suspansiyon-korugu-pistonsuz-koruk-mercedes-actros-axor-oem-9423280001-424390-s1-ekersan","127","1683"
"68","102","Fren Kampanası","Fren Kampanası BPW ECOPlus OEM 310967190 ESK 160 17","BPW dorse dingili Fren Kampanası | BPW dorse dingili 310967190 | 310967190 Fren Kampanası | ESK 160 17 Fren Kampanası | Fren Kampanası BPW ECOPlus","https://www.frenciniz.com/urun/102/fren-kampanasi-bpw-ecoplus-oem-310967190-esk-160-17-ekersan","123","4998.42"
"68","92","Fren Kampanası","Fren Kampanası 10 Delik OEM K01 ESK 160 82","Yerel dorse dingil grubu Fren Kampanası | Yerel dorse dingil grubu K01 | K01 Fren Kampanası | ESK 160 82 Fren Kampanası | Fren Kampanası 10 Delik","https://www.frenciniz.com/urun/92/fren-kampanasi-10-delik-oem-k01-esk-160-82-ekersan","122","6168.27"
"68","122","Fren Kampanası","Fren Kampanası Mitsubishi Canter Fuso Isuzu NPR NQR OEM 894121376107 ESK 070 02","Mitsubishi Canter Fren Kampanası | Mitsubishi Canter 894121376107 | 894121376107 Fren Kampanası | ESK 070 02 Fren Kampanası | Fren Kampanası Mitsubishi Canter Fuso Isuzu NPR NQR","https://www.frenciniz.com/urun/122/fren-kampanasi-mitsubishi-canter-fuso-isuzu-npr-nqr-oem-894121376107-esk-070-02-ekersan","122","3084.14"
"68","18","Fren Kampanası","Fren Kampanası Mercedes Actros Axor OEM 3014210801 ESK 010 45","Mercedes-Benz Actros Fren Kampanası | Mercedes-Benz Actros 3014210801 | 3014210801 Fren Kampanası | ESK 010 45 Fren Kampanası | Fren Kampanası Mercedes Actros Axor","https://www.frenciniz.com/urun/18/fren-kampanasi-mercedes-actros-axor-oem-3014210801-esk-010-45-ekersan","118","5360.01"
"68","536","Fren Körüğü","Fren Körüğü SAF Holland OEM 01.62.00.250 ARF 24 SFK","SAF dorse dingili Fren Körüğü | SAF dorse dingili 01.62.00.250 | 01.62.00.250 Fren Körüğü | ARF 24 SFK Fren Körüğü | Fren Körüğü SAF Holland","https://www.frenciniz.com/urun/536/fren-korugu-saf-holland-oem-01-62-00-250-arf-24-sfk-ekersan","118","1980"
"68","905","Süspansiyon Körüğü","Suspansiyon Korugu Pistonsuz Körük Renault Midlum Premium Magnum OEM 5001832067 424912.S08","Renault Trucks Midlum Süspansiyon Körüğü | Renault Trucks Midlum 5001832067 | 5001832067 Süspansiyon Körüğü | 424912.S08 Süspansiyon Körüğü | Pistonsuz Körük Renault Midlum Premium Magnum","https://www.frenciniz.com/urun/905/suspansiyon-korugu-pistonsuz-koruk-renault-midlum-premium-magnum-oem-5001832067-424912-s08","115","2613.6"
"68","62","Otomatik Fren Cırcırı","Otomatik Fren Cırcırı ESC 80331 OEM 80092","kamyon Otomatik Fren Cırcırı | kamyon 80092 | 80092 Otomatik Fren Cırcırı | ESC 80331 Otomatik Fren Cırcırı | Otomatik Fren Cırcırı ESC 80331","https://www.frenciniz.com/urun/62/otomatik-fren-circiri-esc-80331-oem-80092-ekersan","114","1452"
"68","420","Mekanik Fren Cırcırı","Mekanik Fren Cırcırı 7 Delik 10 Kanal OEM 517465130 ESC 1760","kamyon Mekanik Fren Cırcırı | kamyon 517465130 | 517465130 Mekanik Fren Cırcırı | ESC 1760 Mekanik Fren Cırcırı | Mekanik Fren Cırcırı 7 Delik 10 Kanal","https://www.frenciniz.com/urun/420/mekanik-fren-circiri-7-delik-10-kanal-oem-517465130-esc-1760-ekersan","113","1082.4"
"68","556","Fren Balatası","Fren Balatasi Disk Balatası Knorr WABCO Meritor OEM 29158 42230/1-290","Ağır vasıta disk fren balata sistemi Fren Balatası | Ağır vasıta disk fren balata sistemi 29158 | 29158 Fren Balatası | 42230/1-290 Fren Balatası | Disk Balatası Knorr WABCO Meritor","https://www.frenciniz.com/urun/556/fren-balatasi-disk-balatasi-knorr-wabco-meritor-oem-29158-42230-1-290-ekersan","113","2006.4"
"68","259","Fren Kampanası","Fren Kampanası ROR Meritor OEM 21021114A-21021114AV-320654J-21021164-21021114 ESK 280 10","ROR dorse dingili Fren Kampanası | ROR dorse dingili 21021114A-21021114AV-320654J-21021164-21021114 | 21021114A-21021114AV-320654J-21021164-21021114 Fren Kampanası | ESK 280 10 Fren Kampanası | Fren Kampanası ROR Meritor","https://www.frenciniz.com/urun/259/fren-kampanasi-ror-meritor-oem-21021114a-21021114av-320654j-21021164-21021114-esk-280-10-ekersan","112","4724.32"
"68","156","Fren Kampanası","Fren Kampanası Mercedes Actros Axor 18 cm Ön 2521-2524-3031 OEM 6244210201 ESK 010 11","Mercedes-Benz Actros Fren Kampanası | Mercedes-Benz Actros 6244210201 | 6244210201 Fren Kampanası | ESK 010 11 Fren Kampanası | Fren Kampanası Mercedes Actros Axor 18 cm Ön 2521-2524-3031","https://www.frenciniz.com/urun/156/fren-kampanasi-mercedes-actros-axor-18-cm-on-2521-2524-3031-oem-6244210201-esk-010-11-ekersan","107","5360.02"
"68","468","Fren Körüğü","Fren Körüğü Disk imdatlı körüğü Kampana imdatlı körüğü körüğü OEM 30.620.24.09 ARF 20/24 D/P","Disk fren imdatlı fren körüğü Fren Körüğü | Disk fren imdatlı fren körüğü 30.620.24.09 | 30.620.24.09 Fren Körüğü | ARF 20/24 D/P Fren Körüğü | Fren Körüğü Disk imdatlı körüğü Kampana imdatlı körüğü körüğü","https://www.frenciniz.com/urun/468/fren-korugu-disk-imdatli-korugu-kampana-imdatli-korugu-korugu-oem-30-620-24-09-arf-20-24-d-p","106","5940"
"68","610","Süspansiyon Körüğü","Süspansiyon Körüğü MAN TGA OEM 0542941010 424882.C","MAN TGA Süspansiyon Körüğü | MAN TGA 0542941010 | 0542941010 Süspansiyon Körüğü | 424882.C Süspansiyon Körüğü | Süspansiyon Körüğü MAN TGA","https://www.frenciniz.com/urun/610/suspansiyon-korugu-man-tga-oem-0542941010-424882-c-ekersan","106","3102"
"68","884","Süspansiyon Körüğü","Suspansiyon Korugu Pistonsuz Körük 42836 S1 OEM 0067504 42836.S1","Dorse Süspansiyon Körüğü | Dorse 0067504 | 0067504 Süspansiyon Körüğü | 42836.S1 Süspansiyon Körüğü | Pistonsuz Körük 42836 S1","https://www.frenciniz.com/urun/884/suspansiyon-korugu-pistonsuz-koruk-42836-s1-oem-0067504-42836-s1-ekersan","106","1881"
"68","552","Fren Körüğü","Fren Körüğü SAF Holland OEM 01.116.00.82 ARF 16 SFK","SAF dorse dingili Fren Körüğü | SAF dorse dingili 01.116.00.82 | 01.116.00.82 Fren Körüğü | ARF 16 SFK Fren Körüğü | Fren Körüğü SAF Holland","https://www.frenciniz.com/urun/552/fren-korugu-saf-holland-oem-01-116-00-82-arf-16-sfk-ekersan","104","1980"
"68","137","Fren Kampanası","Fren Kampanası Ford Cargo Arka 2520 OEM 85DB1126AA ESK 040 05","Ford Cargo Fren Kampanası | Ford Cargo 85DB1126AA | 85DB1126AA Fren Kampanası | ESK 040 05 Fren Kampanası | Fren Kampanası Ford Cargo Arka 2520","https://www.frenciniz.com/urun/137/fren-kampanasi-ford-cargo-arka-2520-oem-85db1126aa-esk-040-05-ekersan","103","5370.65"
"68","157","Fren Kampanası","Fren Kampanası Mercedes Actros Axor 22 cm Arka 2517-2521 OEM 3604230101 ESK 010 09","Yerel dorse dingil grubu Fren Kampanası | Yerel dorse dingil grubu 3604230101 | 3604230101 Fren Kampanası | ESK 010 09 Fren Kampanası | Fren Kampanası Mercedes Actros Axor 22 cm Arka 2517-2521","https://www.frenciniz.com/urun/157/fren-kampanasi-mercedes-actros-axor-22-cm-arka-2517-2521-oem-3604230101-esk-010-09-ekersan","103","6295.89"
"68","82","Fren Kampanası","Fren Kampanası Mercedes Actros Axor OEM 3054230401 ESK 010 31","Mercedes-Benz Actros Fren Kampanası | Mercedes-Benz Actros 3054230401 | 3054230401 Fren Kampanası | ESK 010 31 Fren Kampanası | Fren Kampanası Mercedes Actros Axor","https://www.frenciniz.com/urun/82/fren-kampanasi-mercedes-actros-axor-oem-3054230401-esk-010-31-ekersan","102","5530.18"
"68","529","Kaliper Ayar Mekanizması","Ayar Mekanizması OEM CKSK.10.30 CH1029","Knorr-Bremse SB/SN/SK kaliper sistemi Kaliper Ayar Mekanizması | Knorr-Bremse SB/SN/SK kaliper sistemi CKSK.10.30 | CKSK.10.30 Kaliper Ayar Mekanizması | CH1029 Kaliper Ayar Mekanizması | Ayar Mekanizması","https://www.frenciniz.com/urun/529/ayar-mekanizmasi-oem-cksk-10-30-ch1029-ekersan","99","1038.84"
"68","571","Fren Körüğü","Fren Körüğü SAF Holland OEM 01.63.00.125 ARF 30 SFK","SAF dorse dingili Fren Körüğü | SAF dorse dingili 01.63.00.125 | 01.63.00.125 Fren Körüğü | ARF 30 SFK Fren Körüğü | Fren Körüğü SAF Holland","https://www.frenciniz.com/urun/571/fren-korugu-saf-holland-oem-01-63-00-125-arf-30-sfk-ekersan","99","1980"
"68","616","Süspansiyon Körüğü","Süspansiyon Körüğü DAF XF CF BPW ECOPlus SAF Holland OEM 0542941010 424881.S","DAF XF Süspansiyon Körüğü | DAF XF 0542941010 | 0542941010 Süspansiyon Körüğü | 424881.S Süspansiyon Körüğü | Süspansiyon Körüğü DAF XF CF BPW ECOPlus SAF Holland","https://www.frenciniz.com/urun/616/suspansiyon-korugu-daf-xf-cf-bpw-ecoplus-saf-holland-oem-0542941010-424881-s-ekersan","97","2145"
"68","110","Fren Kampanası","Fren Kampanası ESK 110 25 OEM 1075306","Kamyon Fren Kampanası | Kamyon 1075306 | 1075306 Fren Kampanası | ESK 110 25 Fren Kampanası | Fren Kampanası ESK 110 25","https://www.frenciniz.com/urun/110/fren-kampanasi-esk-110-25-oem-1075306-ekersan","96","6636.21"
"68","480","Fren Balatası","Fren Balatası Ford Cargo 2520-2621 OEM 19921 PWR-K005","Ford Cargo Fren Balatası | Ford Cargo 19921 | 19921 Fren Balatası | PWR-K005 Fren Balatası | Fren Balatası Ford Cargo 2520-2621","https://www.frenciniz.com/urun/480/fren-balatasi-ford-cargo-2520-2621-oem-19921-pwr-k005-ekersan","96","1261.92"
"68","894","Süspansiyon Körüğü","Suspansiyon Korugu Komple Körük Metal Piston Volvo FH FM FL OEM 21961374 427803.C","Volvo FH Süspansiyon Körüğü | Volvo FH 21961374 | 21961374 Süspansiyon Körüğü | 427803.C Süspansiyon Körüğü | Komple Körük Metal Piston Volvo FH FM FL","https://www.frenciniz.com/urun/894/suspansiyon-korugu-komple-koruk-metal-piston-volvo-fh-fm-fl-oem-21961374-427803-c-ekersan","95","2805"
"68","94","Fren Kampanası","Fren Kampanası ESK 160 61","Kamyon Fren Kampanası | Kamyon ESK 160 61 | ESK 160 61 Fren Kampanası","https://www.frenciniz.com/urun/94/fren-kampanasi-esk-160-61-ekersan","94","6083.19"
"68","159","Fren Kampanası","Fren Kampanası Mercedes Actros Axor OEM 3014230001 ESK 010 05","Mercedes-Benz Actros Fren Kampanası | Mercedes-Benz Actros 3014230001 | 3014230001 Fren Kampanası | ESK 010 05 Fren Kampanası | Fren Kampanası Mercedes Actros Axor","https://www.frenciniz.com/urun/159/fren-kampanasi-mercedes-actros-axor-oem-3014230001-esk-010-05-ekersan","94","6997.8"
"68","465","Fren Körüğü","Fren Körüğü Disk imdatlı körüğü Kampana imdatlı körüğü körüğü OEM 23.730.30.06 ARF 30/30 D/P- K","Disk fren imdatlı fren körüğü Fren Körüğü | Disk fren imdatlı fren körüğü 23.730.30.06 | 23.730.30.06 Fren Körüğü | ARF 30/30 D/P- K Fren Körüğü | Fren Körüğü Disk imdatlı körüğü Kampana imdatlı körüğü körüğü","https://www.frenciniz.com/urun/465/fren-korugu-disk-imdatli-korugu-kampana-imdatli-korugu-korugu-oem-23-730-30-06-arf-30-30-d-p-k","94","6270"
"68","922","Süspansiyon Körüğü","Süspansiyon Körüğü SAF Holland OEM MLF7091 424004.C03","SAF dorse dingili Süspansiyon Körüğü | SAF dorse dingili MLF7091 | MLF7091 Süspansiyon Körüğü | 424004.C03 Süspansiyon Körüğü | Süspansiyon Körüğü SAF Holland","https://www.frenciniz.com/urun/922/suspansiyon-korugu-saf-holland-oem-mlf7091-424004-c03-ekersan","94","3234"
"68","1031","Fren Balatası","Fren Balatasi Disk Balatası Knorr WABCO Meritor OEM 29167 42182/6-300","Ağır vasıta disk fren balata sistemi Fren Balatası | Ağır vasıta disk fren balata sistemi 29167 | 29167 Fren Balatası | 42182/6-300 Fren Balatası | Disk Balatası Knorr WABCO Meritor","https://www.frenciniz.com/urun/1031/fren-balatasi-disk-balatasi-knorr-wabco-meritor-oem-29167-42182-6-300-ekersan","94","2059.2"
"68","903","Süspansiyon Körüğü","Suspansiyon Korugu Komple Körük Metal Piston Volvo FH FM FL OEM 1379392 424913.C02","Volvo FH Süspansiyon Körüğü | Volvo FH 1379392 | 1379392 Süspansiyon Körüğü | 424913.C02 Süspansiyon Körüğü | Komple Körük Metal Piston Volvo FH FM FL","https://www.frenciniz.com/urun/903/suspansiyon-korugu-komple-koruk-metal-piston-volvo-fh-fm-fl-oem-1379392-424913-c02-ekersan","93","3564"
"68","55","Otomatik Fren Cırcırı","Otomatik Fren Cırcırı ESC 79360 OEM 4731634","kamyon Otomatik Fren Cırcırı | kamyon 4731634 | 4731634 Otomatik Fren Cırcırı | ESC 79360 Otomatik Fren Cırcırı | Otomatik Fren Cırcırı ESC 79360","https://www.frenciniz.com/urun/55/otomatik-fren-circiri-esc-79360-oem-4731634-ekersan","92","1452"
"68","113","Fren Kampanası","Fren Kampanası ESK 100 01 OEM 365579","Kamyon Fren Kampanası | Kamyon 365579 | 365579 Fren Kampanası | ESK 100 01 Fren Kampanası | Fren Kampanası ESK 100 01","https://www.frenciniz.com/urun/113/fren-kampanasi-esk-100-01-oem-365579-ekersan","91","8210.19"
"68","484","Fren Balatası","Fren Balatası BPW ECOPlus OEM 19094 PWR-K001","BPW dorse dingili Fren Balatası | BPW dorse dingili 19094 | 19094 Fren Balatası | PWR-K001 Fren Balatası | Fren Balatası BPW ECOPlus","https://www.frenciniz.com/urun/484/fren-balatasi-bpw-ecoplus-oem-19094-pwr-k001-ekersan","90","1261.92"
"68","896","Süspansiyon Körüğü","Suspansiyon Korugu Roll Körük Mercedes Travego Tourismo OEM 3873280101 42720.R","MAN Fortuna otobüs Süspansiyon Körüğü | MAN Fortuna otobüs 3873280101 | 3873280101 Süspansiyon Körüğü | 42720.R Süspansiyon Körüğü | Roll Körük Mercedes Travego Tourismo","https://www.frenciniz.com/urun/896/suspansiyon-korugu-roll-koruk-mercedes-travego-tourismo-oem-3873280101-42720-r-ekersan","90","1188"
"68","98","Fren Kampanası","Fren Kampanası ESK 160 27 OEM OK-JK-19.5(2806)","Kamyon Fren Kampanası | Kamyon OK-JK-19.5(2806) | OK-JK-19.5(2806) Fren Kampanası | ESK 160 27 Fren Kampanası | Fren Kampanası ESK 160 27","https://www.frenciniz.com/urun/98/fren-kampanasi-esk-160-27-oem-ok-jk-19-5-2806-ekersan","87","4083.82"
"68","959","Fren Körüğü","Fren Körüğü Ford Cargo OEM (A) B2 8120","Ford Cargo Fren Körüğü | Ford Cargo (A) B2 | (A) B2 Fren Körüğü | 8120 Fren Körüğü | Fren Körüğü Ford Cargo","https://www.frenciniz.com/urun/959/fren-korugu-ford-cargo-oem-a-b2-8120-ekersan","87","3168"
"68","66","Otomatik Fren Cırcırı","Otomatik Fren Cırcırı ESC 79359 OEM 81998033226","kamyon Otomatik Fren Cırcırı | kamyon 81998033226 | 81998033226 Otomatik Fren Cırcırı | ESC 79359 Otomatik Fren Cırcırı | Otomatik Fren Cırcırı ESC 79359","https://www.frenciniz.com/urun/66/otomatik-fren-circiri-esc-79359-oem-81998033226-ekersan","86","1452"
"68","65","Otomatik Fren Cırcırı","Otomatik Fren Cırcırı ESC 79358 OEM 4731618","kamyon Otomatik Fren Cırcırı | kamyon 4731618 | 4731618 Otomatik Fren Cırcırı | ESC 79358 Otomatik Fren Cırcırı | Otomatik Fren Cırcırı ESC 79358","https://www.frenciniz.com/urun/65/otomatik-fren-circiri-esc-79358-oem-4731618-ekersan","85","1452"
"68","914","Süspansiyon Körüğü","Süspansiyon Körüğü 424183 S2 OEM (A) E1 424183.S2","Dorse Süspansiyon Körüğü | Dorse (A) E1 | (A) E1 Süspansiyon Körüğü | 424183.S2 Süspansiyon Körüğü | Süspansiyon Körüğü 424183 S2","https://www.frenciniz.com/urun/914/suspansiyon-korugu-424183-s2-oem-a-e1-424183-s2-ekersan","83","2026.2"
"68","672","Fren Balatası","Fren Balatasi Disk Balatası Mercedes Actros Axor OEM 29244 42314/2-300","Mercedes-Benz Actros/Axor Fren Balatası | Mercedes-Benz Actros/Axor 29244 | 29244 Fren Balatası | 42314/2-300 Fren Balatası | Disk Balatası Mercedes Actros Axor","https://www.frenciniz.com/urun/672/fren-balatasi-disk-balatasi-mercedes-actros-axor-oem-29244-42314-2-300-ekersan","82","1874.4"
"68","572","Fren Körüğü","Fren Körüğü Disk imdatlı körüğü Kampana imdatlı körüğü körüğü OEM 03.19.00.160 ARF 24/30 D/D","Disk fren imdatlı fren körüğü Fren Körüğü | Disk fren imdatlı fren körüğü 03.19.00.160 | 03.19.00.160 Fren Körüğü | ARF 24/30 D/D Fren Körüğü | Fren Körüğü Disk imdatlı körüğü Kampana imdatlı körüğü körüğü","https://www.frenciniz.com/urun/572/fren-korugu-disk-imdatli-korugu-kampana-imdatli-korugu-korugu-oem-03-19-00-160-arf-24-30-d-d","80","2970"
"68","899","Süspansiyon Körüğü","Suspansiyon Korugu Komple Körük Metal Piston Volvo FH FM FL OEM 21961456 426416.C","Volvo FH Süspansiyon Körüğü | Volvo FH 21961456 | 21961456 Süspansiyon Körüğü | 426416.C Süspansiyon Körüğü | Komple Körük Metal Piston Volvo FH FM FL","https://www.frenciniz.com/urun/899/suspansiyon-korugu-komple-koruk-metal-piston-volvo-fh-fm-fl-oem-21961456-426416-c-ekersan","79","2640"
"68","907","Süspansiyon Körüğü","Suspansiyon Korugu Komple Körük Metal Piston Renault Midlum Premium Magnum OEM 5010294307 424912.C07","Renault Trucks Midlum Süspansiyon Körüğü | Renault Trucks Midlum 5010294307 | 5010294307 Süspansiyon Körüğü | 424912.C07 Süspansiyon Körüğü | Komple Körük Metal Piston Renault Midlum Premium Magnum","https://www.frenciniz.com/urun/907/suspansiyon-korugu-komple-koruk-metal-piston-renault-midlum-premium-magnum-oem-5010294307","79","3696"
"68","1018","Fren Balatası","Fren Balatasi Disk Balatası Knorr WABCO Meritor OEM 29246 42313/2-300","Ağır vasıta disk fren balata sistemi Fren Balatası | Ağır vasıta disk fren balata sistemi 29246 | 29246 Fren Balatası | 42313/2-300 Fren Balatası | Disk Balatası Knorr WABCO Meritor","https://www.frenciniz.com/urun/1018/fren-balatasi-disk-balatasi-knorr-wabco-meritor-oem-29246-42313-2-300-ekersan","78","2138.4"
"68","81","Fren Kampanası","Fren Kampanası ESK 100 02 OEM 284620","Kamyon Fren Kampanası | Kamyon 284620 | 284620 Fren Kampanası | ESK 100 02 Fren Kampanası | Fren Kampanası ESK 100 02","https://www.frenciniz.com/urun/81/fren-kampanasi-esk-100-02-oem-284620-ekersan","77","5934.31"
"68","160","Fren Kampanası","Fren Kampanası Mercedes Actros Axor OEM 3464230501 ESK 010 01","Mercedes-Benz Actros Fren Kampanası | Mercedes-Benz Actros 3464230501 | 3464230501 Fren Kampanası | ESK 010 01 Fren Kampanası | Fren Kampanası Mercedes Actros Axor","https://www.frenciniz.com/urun/160/fren-kampanasi-mercedes-actros-axor-oem-3464230501-esk-010-01-ekersan","77","6136.37"
"68","494","Fren Körüğü","Fren Körüğü Disk imdatlı körüğü Kampana imdatlı körüğü körüğü 64 cm OEM 8682644620312 8125-1","Disk fren imdatlı fren körüğü Fren Körüğü | Disk fren imdatlı fren körüğü 8682644620312 | 8682644620312 Fren Körüğü | 8125-1 Fren Körüğü | Fren Körüğü Disk imdatlı körüğü Kampana imdatlı körüğü körüğü 64 cm","https://www.frenciniz.com/urun/494/fren-korugu-disk-imdatli-korugu-kampana-imdatli-korugu-korugu-64-cm-oem-8682644620312-8125-1","76","3432"
"68","146","Fren Kampanası","Fren Kampanası BMC Probus Profesyonel Fatih Pro OEM 518782 ESK 030 05","BMC Probus Fren Kampanası | BMC Probus 518782 | 518782 Fren Kampanası | ESK 030 05 Fren Kampanası | Fren Kampanası BMC Probus Profesyonel Fatih Pro","https://www.frenciniz.com/urun/146/fren-kampanasi-bmc-probus-profesyonel-fatih-pro-oem-518782-esk-030-05-ekersan","74","6147"
"68","403","Otomatik Fren Cırcırı","Otomatik Fren Cırcırı MAN Ön Sağ OEM 81506106084 ESC 79361","MAN ağır vasıta Otomatik Fren Cırcırı | MAN ağır vasıta 81506106084 | 81506106084 Otomatik Fren Cırcırı | ESC 79361 Otomatik Fren Cırcırı | Otomatik Fren Cırcırı MAN Ön Sağ","https://www.frenciniz.com/urun/403/otomatik-fren-circiri-man-on-sag-oem-81506106084-esc-79361-ekersan","74","1452"
"68","430","Süspansiyon Körüğü","Suspansiyon Korugu Roll Körük Mercedes Travego Tourismo OEM 3873280101 FT 34720","MAN Fortuna otobüs Süspansiyon Körüğü | MAN Fortuna otobüs 3873280101 | 3873280101 Süspansiyon Körüğü | FT 34720 Süspansiyon Körüğü | Roll Körük Mercedes Travego Tourismo","https://www.frenciniz.com/urun/430/suspansiyon-korugu-roll-koruk-mercedes-travego-tourismo-oem-3873280101-ft-34720-ekersan","74","1320"
"68","158","Fren Kampanası","Fren Kampanası Mercedes Actros Axor Ön 2622 2517 OEM 3054210401 ESK 010 08","Mercedes-Benz Actros Fren Kampanası | Mercedes-Benz Actros 3054210401 | 3054210401 Fren Kampanası | ESK 010 08 Fren Kampanası | Fren Kampanası Mercedes Actros Axor Ön 2622 2517","https://www.frenciniz.com/urun/158/fren-kampanasi-mercedes-actros-axor-on-2622-2517-oem-3054210401-esk-010-08-ekersan","71","4753.83"
"68","892","Süspansiyon Körüğü","Suspansiyon Korugu Komple Körük Metal Piston Volvo FH FM FL OEM 20582209 427804.C","Volvo FH Süspansiyon Körüğü | Volvo FH 20582209 | 20582209 Süspansiyon Körüğü | 427804.C Süspansiyon Körüğü | Komple Körük Metal Piston Volvo FH FM FL","https://www.frenciniz.com/urun/892/suspansiyon-korugu-komple-koruk-metal-piston-volvo-fh-fm-fl-oem-20582209-427804-c-ekersan","71","2706"
"68","609","Süspansiyon Körüğü","Süspansiyon Körüğü MAN TGA OEM 81436006035 424884.C","MAN TGA Süspansiyon Körüğü | MAN TGA 81436006035 | 81436006035 Süspansiyon Körüğü | 424884.C Süspansiyon Körüğü | Süspansiyon Körüğü MAN TGA","https://www.frenciniz.com/urun/609/suspansiyon-korugu-man-tga-oem-81436006035-424884-c-ekersan","70","3168"
"68","617","Süspansiyon Körüğü","Süspansiyon Körüğü Fruehauf SMB OEM MLF7015 424159.S","Dorse / treyler Süspansiyon Körüğü | Dorse / treyler MLF7015 | MLF7015 Süspansiyon Körüğü | 424159.S Süspansiyon Körüğü | Süspansiyon Körüğü Fruehauf SMB","https://www.frenciniz.com/urun/617/suspansiyon-korugu-fruehauf-smb-oem-mlf7015-424159-s-ekersan","70","2112"
"68","79","Fren Kampanası","Fren Kampanası SAF Holland OEM 1064026001 ESK 160 24","SAF dorse dingili Fren Kampanası | SAF dorse dingili 1064026001 | 1064026001 Fren Kampanası | ESK 160 24 Fren Kampanası | Fren Kampanası SAF Holland","https://www.frenciniz.com/urun/79/fren-kampanasi-saf-holland-oem-1064026001-esk-160-24-ekersan","69","5307.81"
"68","673","Fren Balatası","Fren Balatasi Disk Balatası Mercedes Actros Axor OEM 29174 42284/2-293","Mercedes-Benz Actros/Axor Fren Balatası | Mercedes-Benz Actros/Axor 29174 | 29174 Fren Balatası | 42284/2-293 Fren Balatası | Disk Balatası Mercedes Actros Axor","https://www.frenciniz.com/urun/673/fren-balatasi-disk-balatasi-mercedes-actros-axor-oem-29174-42284-2-293-ekersan","69","2138.4"
"68","739","Fren Balatası","Fren Balatası Fruehauf SMB OEM 29167 PWR-5000","BPW dorse dingili Fren Balatası | BPW dorse dingili 29167 | 29167 Fren Balatası | PWR-5000 Fren Balatası | Fren Balatası Fruehauf SMB","https://www.frenciniz.com/urun/739/fren-balatasi-fruehauf-smb-oem-29167-pwr-5000-ekersan","69","2394.74"
"68","256","Fren Kampanası","Fren Kampanası SAF Holland OEM 1064027300 ESK 290 15","SAF dorse dingili Fren Kampanası | SAF dorse dingili 1064027300 | 1064027300 Fren Kampanası | ESK 290 15 Fren Kampanası | Fren Kampanası SAF Holland","https://www.frenciniz.com/urun/256/fren-kampanasi-saf-holland-oem-1064027300-esk-290-15-ekersan","68","4571.58"
"68","681","Süspansiyon Körüğü","Suspansiyon Korugu Komple Körük Metal Piston Volvo FH FM FL OEM 20582214 426418.C","Volvo FH Süspansiyon Körüğü | Volvo FH 20582214 | 20582214 Süspansiyon Körüğü | 426418.C Süspansiyon Körüğü | Komple Körük Metal Piston Volvo FH FM FL","https://www.frenciniz.com/urun/681/suspansiyon-korugu-komple-koruk-metal-piston-volvo-fh-fm-fl-oem-20582214-426418-c-ekersan","68","2574"
"68","527","Kaliper Perno Tamir Takımı","Perno Tamir Takımı OEM K000472 CH1039","Knorr-Bremse SB/SN/SK kaliper sistemi Kaliper Perno Tamir Takımı | Knorr-Bremse SB/SN/SK kaliper sistemi K000472 | K000472 Kaliper Perno Tamir Takımı | CH1039 Kaliper Perno Tamir Takımı | Perno Tamir Takımı","https://www.frenciniz.com/urun/527/perno-tamir-takimi-oem-k000472-ch1039-ekersan","66","1741.08"
"68","911","Süspansiyon Körüğü","Suspansiyon Korugu Pistonsuz Körük 424713 S OEM MLF7098 424713.S","Dorse Süspansiyon Körüğü | Dorse MLF7098 | MLF7098 Süspansiyon Körüğü | 424713.S Süspansiyon Körüğü | Pistonsuz Körük 424713 S","https://www.frenciniz.com/urun/911/suspansiyon-korugu-pistonsuz-koruk-424713-s-oem-mlf7098-424713-s-ekersan","66","2032.8"
"68","1032","Fren Balatası","Fren Balatasi Disk Balatası Knorr WABCO Meritor OEM 29011 42117/1-250","Ağır vasıta disk fren balata sistemi Fren Balatası | Ağır vasıta disk fren balata sistemi 29011 | 29011 Fren Balatası | 42117/1-250 Fren Balatası | Disk Balatası Knorr WABCO Meritor","https://www.frenciniz.com/urun/1032/fren-balatasi-disk-balatasi-knorr-wabco-meritor-oem-29011-42117-1-250-ekersan","65","2059.2"
"68","142","Fren Kampanası","Fren Kampanası BMC Probus Profesyonel Fatih Pro 522 OEM 57RS302616UB ESK 030 13","BMC Probus Fren Kampanası | BMC Probus 57RS302616UB | 57RS302616UB Fren Kampanası | ESK 030 13 Fren Kampanası | Fren Kampanası BMC Probus Profesyonel Fatih Pro 522","https://www.frenciniz.com/urun/142/fren-kampanasi-bmc-probus-profesyonel-fatih-pro-522-oem-57rs302616ub-esk-030-13-ekersan","62","5264.3"
"68","404","Otomatik Fren Cırcırı","Otomatik Fren Cırcırı ESC 79335 OEM 43365-3714200038","kamyon Otomatik Fren Cırcırı | kamyon 43365-3714200038 | 43365-3714200038 Otomatik Fren Cırcırı | ESC 79335 Otomatik Fren Cırcırı | Otomatik Fren Cırcırı ESC 79335","https://www.frenciniz.com/urun/404/otomatik-fren-circiri-esc-79335-oem-43365-3714200038-ekersan","62","1452"
"68","730","Fren Balatası","Fren Balatası SAF Holland OEM 29162 PWR-5010","SAF dorse dingili Fren Balatası | SAF dorse dingili 29162 | 29162 Fren Balatası | PWR-5010 Fren Balatası | Fren Balatası SAF Holland","https://www.frenciniz.com/urun/730/fren-balatasi-saf-holland-oem-29162-pwr-5010-ekersan","62","2482.13"
"68","722","Fren Balatası","Fren Balatası Knorr WABCO Meritor OEM 29195 PWR-5018","SAF dorse dingili Fren Balatası | SAF dorse dingili 29195 | 29195 Fren Balatası | PWR-5018 Fren Balatası | Fren Balatası Knorr WABCO Meritor","https://www.frenciniz.com/urun/722/fren-balatasi-knorr-wabco-meritor-oem-29195-pwr-5018-ekersan","61","2293.9"
"68","283","Mekanik Fren Cırcırı","Mekanik Fren Cırcırı 3 Delik 10 Kanal OEM (A) A3 ESC 102","kamyon Mekanik Fren Cırcırı | kamyon (A) A3 | (A) A3 Mekanik Fren Cırcırı | ESC 102 Mekanik Fren Cırcırı | Mekanik Fren Cırcırı 3 Delik 10 Kanal","https://www.frenciniz.com/urun/283/mekanik-fren-circiri-3-delik-10-kanal-oem-a-a3-esc-102-ekersan","60","1082.4"
"68","1035","Perçin","6*17 ALUMİNYUM PERÇİN OEM (A) D4 1000 617","Kamyon Perçin | Kamyon (A) D4 | (A) D4 Perçin | 1000 617 Perçin | 6*17 ALUMİNYUM PERÇİN","https://www.frenciniz.com/urun/1035/6-17-aluminyum-percin-oem-a-d4-1000-617-ekersan","59","594"
"68","469","Fren Körüğü","Fren Körüğü Disk imdatlı körüğü Kampana imdatlı körüğü körüğü Sol OEM 23.616.24.62 ARF 16/24 D/P - L","Disk fren imdatlı fren körüğü Fren Körüğü | Disk fren imdatlı fren körüğü 23.616.24.62 | 23.616.24.62 Fren Körüğü | ARF 16/24 D/P - L Fren Körüğü | Fren Körüğü Disk imdatlı körüğü Kampana imdatlı körüğü körüğü Sol","https://www.frenciniz.com/urun/469/fren-korugu-disk-imdatli-korugu-kampana-imdatli-korugu-korugu-sol-oem-23-616-24-62-arf-16-24-d","58","5940"
"68","126","Fren Kampanası","Fren Kampanası Iveco Eurocargo Stralis OEM 42118427 ESK 060 06","Iveco Eurocargo Fren Kampanası | Iveco Eurocargo 42118427 | 42118427 Fren Kampanası | ESK 060 06 Fren Kampanası | Fren Kampanası Iveco Eurocargo Stralis","https://www.frenciniz.com/urun/126/fren-kampanasi-iveco-eurocargo-stralis-oem-42118427-esk-060-06-ekersan","57","6721.29"
"68","464","Fren Körüğü","Fren Körüğü SAF Holland SAĞ OEM 01.120.00.93 ARF 20 SFK D - R","SAF dorse dingili Fren Körüğü | SAF dorse dingili 01.120.00.93 | 01.120.00.93 Fren Körüğü | ARF 20 SFK D - R Fren Körüğü | Fren Körüğü SAF Holland SAĞ","https://www.frenciniz.com/urun/464/fren-korugu-saf-holland-sag-oem-01-120-00-93-arf-20-sfk-d-r-ekersan","57","1980"
"68","470","Fren Körüğü","Fren Körüğü SAF Holland Sol OEM 01.120.00.92 ARF 20 SFK D - L","SAF dorse dingili Fren Körüğü | SAF dorse dingili 01.120.00.92 | 01.120.00.92 Fren Körüğü | ARF 20 SFK D - L Fren Körüğü | Fren Körüğü SAF Holland Sol","https://www.frenciniz.com/urun/470/fren-korugu-saf-holland-sol-oem-01-120-00-92-arf-20-sfk-d-l-ekersan","57","1980"
"68","485","Süspansiyon Körüğü","Süspansiyon Körüğü Krone OEM 515069174S 427003.S","ROR dorse dingili Süspansiyon Körüğü | ROR dorse dingili 515069174S | 515069174S Süspansiyon Körüğü | 427003.S Süspansiyon Körüğü | Süspansiyon Körüğü Krone","https://www.frenciniz.com/urun/485/suspansiyon-korugu-krone-oem-515069174s-427003-s-ekersan","57","2178"
"68","535","Süspansiyon Körüğü","Süspansiyon Körüğü SAF Holland OEM 01.14.00.113 ARF 36 LIK SFK","SAF dorse dingili Süspansiyon Körüğü | SAF dorse dingili 01.14.00.113 | 01.14.00.113 Süspansiyon Körüğü | ARF 36 LIK SFK Süspansiyon Körüğü | Süspansiyon Körüğü SAF Holland","https://www.frenciniz.com/urun/535/suspansiyon-korugu-saf-holland-oem-01-14-00-113-arf-36-lik-sfk-ekersan","56","3762"
"68","573","Fren Körüğü","Fren Körüğü Disk imdatlı körüğü Kampana imdatlı körüğü körüğü OEM 03.24.00.89 ARF 30/30 D/D","Disk fren imdatlı fren körüğü Fren Körüğü | Disk fren imdatlı fren körüğü 03.24.00.89 | 03.24.00.89 Fren Körüğü | ARF 30/30 D/D Fren Körüğü | Fren Körüğü Disk imdatlı körüğü Kampana imdatlı körüğü körüğü","https://www.frenciniz.com/urun/573/fren-korugu-disk-imdatli-korugu-kampana-imdatli-korugu-korugu-oem-03-24-00-89-arf-30-30-d-d","56","2970"
"68","738","Fren Balatası","Fren Balatası Mercedes Atego OEM 29165 PWR-5001","Mercedes-Benz Atego Fren Balatası | Mercedes-Benz Atego 29165 | 29165 Fren Balatası | PWR-5001 Fren Balatası | Fren Balatası Mercedes Atego","https://www.frenciniz.com/urun/738/fren-balatasi-mercedes-atego-oem-29165-pwr-5001-ekersan","54","2151.34"
"68","918","Süspansiyon Körüğü","Suspansiyon Korugu Komple Körük Metal Piston 424023 C03 OEM 3229003100 424023.C03","Dorse Süspansiyon Körüğü | Dorse 3229003100 | 3229003100 Süspansiyon Körüğü | 424023.C03 Süspansiyon Körüğü | Komple Körük Metal Piston 424023 C03","https://www.frenciniz.com/urun/918/suspansiyon-korugu-komple-koruk-metal-piston-424023-c03-oem-3229003100-424023-c03-ekersan","54","3234"
"68","878","Süspansiyon Körüğü","Suspansiyon Korugu Pistonsuz Körük SAF Holland OEM 0542940030 42941.S","SAF dorse dingili Süspansiyon Körüğü | SAF dorse dingili 0542940030 | 0542940030 Süspansiyon Körüğü | 42941.S Süspansiyon Körüğü | Pistonsuz Körük SAF Holland","https://www.frenciniz.com/urun/878/suspansiyon-korugu-pistonsuz-koruk-saf-holland-oem-0542940030-42941-s-ekersan","53","2112"
"68","37","Fren Kampanası","Fren Kampanası Renault Premium Magnum Kerax Midlum OEM 5010260663 ESK 140 05","Renault Trucks Premium Fren Kampanası | Renault Trucks Premium 5010260663 | 5010260663 Fren Kampanası | ESK 140 05 Fren Kampanası | Fren Kampanası Renault Premium Magnum Kerax Midlum","https://www.frenciniz.com/urun/37/fren-kampanasi-renault-premium-magnum-kerax-midlum-oem-5010260663-esk-140-05-ekersan","52","6359.7"
"68","889","Süspansiyon Körüğü","Suspansiyon Korugu Pistonsuz Körük 42810 S OEM 016010S 42810.S","Dorse Süspansiyon Körüğü | Dorse 016010S | 016010S Süspansiyon Körüğü | 42810.S Süspansiyon Körüğü | Pistonsuz Körük 42810 S","https://www.frenciniz.com/urun/889/suspansiyon-korugu-pistonsuz-koruk-42810-s-oem-016010s-42810-s-ekersan","52","1848"
"68","923","Süspansiyon Körüğü","Süspansiyon Körüğü 423608 S OEM 1903608S 423608.S","Dorse Süspansiyon Körüğü | Dorse 1903608S | 1903608S Süspansiyon Körüğü | 423608.S Süspansiyon Körüğü | Süspansiyon Körüğü 423608 S","https://www.frenciniz.com/urun/923/suspansiyon-korugu-423608-s-oem-1903608s-423608-s-ekersan","52","2475"
"68","64","Fren Cırcırı","Fren Cırcırı Renault Premium Magnum Kerax Midlum OEM KB2635-4W2635-72814- 79297-5010098863 ESC 79447","Renault Trucks Premium Fren Cırcırı | Renault Trucks Premium KB2635-4W2635-72814- 79297-5010098863 | KB2635-4W2635-72814- 79297-5010098863 Fren Cırcırı | ESC 79447 Fren Cırcırı | Fren Cırcırı Renault Premium Magnum Kerax Midlum","https://www.frenciniz.com/urun/64/fren-circiri-renault-premium-magnum-kerax-midlum-oem-kb2635-4w2635-72814-79297-5010098863-esc","51","1452"
"68","165","Fren Diski ABS'li","ABS'li Fren Diski BMC Probus Profesyonel Fatih Pro WABCO ABS EBS SKU ESD 160 06","BMC Probus Fren Diski ABS'li | BMC Probus ESD 160 06 | ESD 160 06 Fren Diski ABS'li | ABS'li Fren Diski BMC Probus Profesyonel Fatih Pro WABCO ABS EBS","https://www.frenciniz.com/urun/165/abs-li-fren-diski-bmc-probus-profesyonel-fatih-pro-wabco-abs-ebs-sku-esd-160-06-ekersan","51","6032.92"
"68","402","Fren Cırcırı","Fren Cırcırı MAN 26-281 SAĞ OEM 42620 ESC 79373","MAN ağır vasıta Fren Cırcırı | MAN ağır vasıta 42620 | 42620 Fren Cırcırı | ESC 79373 Fren Cırcırı | Fren Cırcırı MAN 26-281 SAĞ","https://www.frenciniz.com/urun/402/fren-circiri-man-26-281-sag-oem-42620-esc-79373-ekersan","51","1452"
"68","408","Fren Cırcırı","Fren Cırcırı Scania P G R OEM 72727 ESC 72877","Scania P/G/R serisi Fren Cırcırı | Scania P/G/R serisi 72727 | 72727 Fren Cırcırı | ESC 72877 Fren Cırcırı | Fren Cırcırı Scania P G R","https://www.frenciniz.com/urun/408/fren-circiri-scania-p-g-r-oem-72727-esc-72877-ekersan","50","1452"
"68","486","Süspansiyon Körüğü","Süspansiyon Körüğü Krone OEM 515069174 427003.KP","ROR dorse dingili Süspansiyon Körüğü | ROR dorse dingili 515069174 | 515069174 Süspansiyon Körüğü | 427003.KP Süspansiyon Körüğü | Süspansiyon Körüğü Krone","https://www.frenciniz.com/urun/486/suspansiyon-korugu-krone-oem-515069174-427003-kp-ekersan","50","2904"
"68","604","Süspansiyon Körüğü","Süspansiyon Körüğü Scania P G R Y.M OEM 1434930 424930.CP","Scania P/G/R serisi Süspansiyon Körüğü | Scania P/G/R serisi 1434930 | 1434930 Süspansiyon Körüğü | 424930.CP Süspansiyon Körüğü | Süspansiyon Körüğü Scania P G R Y.M","https://www.frenciniz.com/urun/604/suspansiyon-korugu-scania-p-g-r-y-m-oem-1434930-424930-cp-ekersan","48","2640"
"68","104","Fren Kampanası","Fren Kampanası Dorse Treyler OEM A1561800-AJA0489001-AJA0489002-1014079-1561800-3127017189-489002-489001-AJA0595001-21419 ESK 160 12","Dorse dingil grubu Fren Kampanası | Dorse dingil grubu A1561800-AJA0489001-AJA0489002-1014079-1561800-3127017189-489002-489001-AJA0595001-21419 | A1561800-AJA0489001-AJA0489002-1014079-1561800-3127017189-489002-489001-AJA0595001-21419 Fren Kampanası | ESK 160 12 Fren Kampanası | Fren Kampanası Dorse Treyler","https://www.frenciniz.com/urun/104/fren-kampanasi-dorse-treyler-oem-ekersan","47","6380.97"
"68","633","Süspansiyon Körüğü","Suspansiyon Korugu Komple Körük Plastik Piston 426318 CP OEM US06318F 426318.CP","Dorse Süspansiyon Körüğü | Dorse US06318F | US06318F Süspansiyon Körüğü | 426318.CP Süspansiyon Körüğü | Komple Körük Plastik Piston 426318 CP","https://www.frenciniz.com/urun/633/suspansiyon-korugu-komple-koruk-plastik-piston-426318-cp-oem-us06318f-426318-cp-ekersan","46","2706"
"68","53","Fren Kampanası","Fren Kampanası BMC Probus Profesyonel Fatih Pro 30 cm 935 OEM 5K60512-1W ESK 030 14","BMC Probus Fren Kampanası | BMC Probus 5K60512-1W | 5K60512-1W Fren Kampanası | ESK 030 14 Fren Kampanası | Fren Kampanası BMC Probus Profesyonel Fatih Pro 30 cm 935","https://www.frenciniz.com/urun/53/fren-kampanasi-bmc-probus-profesyonel-fatih-pro-30-cm-935-oem-5k60512-1w-esk-030-14-ekersan","45","7816.69"
"68","119","Fren Kampanası","Fren Kampanası Mitsubishi Canter Fuso Isuzu NPR NQR OEM MC 828296 ESK 080 03","Mitsubishi Canter Fren Kampanası | Mitsubishi Canter MC 828296 | MC 828296 Fren Kampanası | ESK 080 03 Fren Kampanası | Fren Kampanası Mitsubishi Canter Fuso Isuzu NPR NQR","https://www.frenciniz.com/urun/119/fren-kampanasi-mitsubishi-canter-fuso-isuzu-npr-nqr-oem-mc-828296-esk-080-03-ekersan","45","5998.12"
"68","921","Süspansiyon Körüğü","Suspansiyon Korugu Komple Körük Plastik Piston 424022 CP03 OEM 3229003300 424022.CP03","Dorse Süspansiyon Körüğü | Dorse 3229003300 | 3229003300 Süspansiyon Körüğü | 424022.CP03 Süspansiyon Körüğü | Komple Körük Plastik Piston 424022 CP03","https://www.frenciniz.com/urun/921/suspansiyon-korugu-komple-koruk-plastik-piston-424022-cp03-oem-3229003300-424022-cp03-ekersan","45","2508"
"68","265","Fren Kampanası","Fren Kampanası ESK 161 16 OEM 3020-1713-9380037-Y00006429","Kamyon Fren Kampanası | Kamyon 3020-1713-9380037-Y00006429 | 3020-1713-9380037-Y00006429 Fren Kampanası | ESK 161 16 Fren Kampanası | Fren Kampanası ESK 161 16","https://www.frenciniz.com/urun/265/fren-kampanasi-esk-161-16-oem-3020-1713-9380037-y00006429-ekersan","44","5114.45"
"68","407","Fren Cırcırı","Fren Cırcırı Scania P G R OEM 72728 ESC 72878","Scania P/G/R serisi Fren Cırcırı | Scania P/G/R serisi 72728 | 72728 Fren Cırcırı | ESC 72878 Fren Cırcırı | Fren Cırcırı Scania P G R","https://www.frenciniz.com/urun/407/fren-circiri-scania-p-g-r-oem-72728-esc-72878-ekersan","44","1452"
"68","737","Fren Balatası","Fren Balatası Knorr WABCO Meritor OEM 29171 PWR-5002","BPW dorse dingili Fren Balatası | BPW dorse dingili 29171 | 29171 Fren Balatası | PWR-5002 Fren Balatası | Fren Balatası Knorr WABCO Meritor","https://www.frenciniz.com/urun/737/fren-balatasi-knorr-wabco-meritor-oem-29171-pwr-5002-ekersan","44","2264.59"
"68","63","Fren Cırcırı","Fren Cırcırı Renault Premium Magnum Kerax Midlum OEM 5010098862 ESC 79446","Renault Trucks Premium Fren Cırcırı | Renault Trucks Premium 5010098862 | 5010098862 Fren Cırcırı | ESC 79446 Fren Cırcırı | Fren Cırcırı Renault Premium Magnum Kerax Midlum","https://www.frenciniz.com/urun/63/fren-circiri-renault-premium-magnum-kerax-midlum-oem-5010098862-esc-79446-ekersan","43","1452"
"68","460","Fren Körüğü","Fren Körüğü Disk imdatlı körüğü Kampana imdatlı körüğü körüğü SAĞ OEM 23.616.24.63 ARF 16/24 D/P - R","Disk fren imdatlı fren körüğü Fren Körüğü | Disk fren imdatlı fren körüğü 23.616.24.63 | 23.616.24.63 Fren Körüğü | ARF 16/24 D/P - R Fren Körüğü | Fren Körüğü Disk imdatlı körüğü Kampana imdatlı körüğü körüğü SAĞ","https://www.frenciniz.com/urun/460/fren-korugu-disk-imdatli-korugu-kampana-imdatli-korugu-korugu-sag-oem-23-616-24-63-arf-16-24-d","43","5940"
"68","603","Süspansiyon Körüğü","Süspansiyon Körüğü Scania P G R Arka Y.M OEM 2617887 424933.C","Scania P/G/R serisi Süspansiyon Körüğü | Scania P/G/R serisi 2617887 | 2617887 Süspansiyon Körüğü | 424933.C Süspansiyon Körüğü | Süspansiyon Körüğü Scania P G R Arka Y.M","https://www.frenciniz.com/urun/603/suspansiyon-korugu-scania-p-g-r-arka-y-m-oem-2617887-424933-c-ekersan","43","3828"
"68","150","Fren Kampanası","Fren Kampanası ESK 020 07 OEM 81501100118","Kamyon Fren Kampanası | Kamyon 81501100118 | 81501100118 Fren Kampanası | ESK 020 07 Fren Kampanası | Fren Kampanası ESK 020 07","https://www.frenciniz.com/urun/150/fren-kampanasi-esk-020-07-oem-81501100118-ekersan","42","6147"
"68","401","Fren Cırcırı","Fren Cırcırı MAN 26-281 Sol OEM 81506106077 ESC 79374","MAN ağır vasıta Fren Cırcırı | MAN ağır vasıta 81506106077 | 81506106077 Fren Cırcırı | ESC 79374 Fren Cırcırı | Fren Cırcırı MAN 26-281 Sol","https://www.frenciniz.com/urun/401/fren-circiri-man-26-281-sol-oem-81506106077-esc-79374-ekersan","42","1452"
"68","985","Kaliper Ayar Mekanizması","Fren Ayar Mekanizması (Sol) OEM 5001868117 425100","Kamyon Kaliper Ayar Mekanizması | Kamyon 5001868117 | 5001868117 Kaliper Ayar Mekanizması | 425100 Kaliper Ayar Mekanizması | Fren Ayar Mekanizması (Sol)","https://www.frenciniz.com/urun/985/fren-ayar-mekanizmasi-sol-oem-5001868117-425100-ekersan","42","640.2"
"68","101","Fren Kampanası","Fren Kampanası BPW ECOPlus OEM 310967820 ESK 160 18","BPW dorse dingili Fren Kampanası | BPW dorse dingili 310967820 | 310967820 Fren Kampanası | ESK 160 18 Fren Kampanası | Fren Kampanası BPW ECOPlus","https://www.frenciniz.com/urun/101/fren-kampanasi-bpw-ecoplus-oem-310967820-esk-160-18-ekersan","41","4998.42"
"68","462","Fren Körüğü","Fren Körüğü SAF Holland Sol OEM 01.124.00.08 ARF 24 SFK D - L","SAF dorse dingili Fren Körüğü | SAF dorse dingili 01.124.00.08 | 01.124.00.08 Fren Körüğü | ARF 24 SFK D - L Fren Körüğü | Fren Körüğü SAF Holland Sol","https://www.frenciniz.com/urun/462/fren-korugu-saf-holland-sol-oem-01-124-00-08-arf-24-sfk-d-l-ekersan","41","1980"
"68","471","Fren Körüğü","Fren Körüğü SAF Holland SAĞ OEM 01.124.00.07 ARF 24 SFK D - R","SAF dorse dingili Fren Körüğü | SAF dorse dingili 01.124.00.07 | 01.124.00.07 Fren Körüğü | ARF 24 SFK D - R Fren Körüğü | Fren Körüğü SAF Holland SAĞ","https://www.frenciniz.com/urun/471/fren-korugu-saf-holland-sag-oem-01-124-00-07-arf-24-sfk-d-r-ekersan","41","1980"
"68","920","Süspansiyon Körüğü","Suspansiyon Korugu Pistonsuz Körük 424022 S02 OEM 3229003300 424022.S02","Dorse Süspansiyon Körüğü | Dorse 3229003300 | 3229003300 Süspansiyon Körüğü | 424022.S02 Süspansiyon Körüğü | Pistonsuz Körük 424022 S02","https://www.frenciniz.com/urun/920/suspansiyon-korugu-pistonsuz-koruk-424022-s02-oem-3229003300-424022-s02-ekersan","40","1848"
"68","57","Fren Kampanası","Fren Kampanası York Valx OEM 786450 ESK 160 02","Yerel dorse dingil grubu Fren Kampanası | Yerel dorse dingil grubu 786450 | 786450 Fren Kampanası | ESK 160 02 Fren Kampanası | Fren Kampanası York Valx","https://www.frenciniz.com/urun/57/fren-kampanasi-york-valx-oem-786450-esk-160-02-ekersan","39","6295.89"
"68","109","Fren Kampanası","Fren Kampanası ESK 140 01 OEM 194435-189937","Kamyon Fren Kampanası | Kamyon 194435-189937 | 194435-189937 Fren Kampanası | ESK 140 01 Fren Kampanası | Fren Kampanası ESK 140 01","https://www.frenciniz.com/urun/109/fren-kampanasi-esk-140-01-oem-194435-189937-ekersan","39","6147"
"68","131","Fren Kampanası","Fren Kampanası BMC Probus Profesyonel Fatih Pro Arka 900 OEM 4833T ESK 050 01","BMC Probus Fren Kampanası | BMC Probus 4833T | 4833T Fren Kampanası | ESK 050 01 Fren Kampanası | Fren Kampanası BMC Probus Profesyonel Fatih Pro Arka 900","https://www.frenciniz.com/urun/131/fren-kampanasi-bmc-probus-profesyonel-fatih-pro-arka-900-oem-4833t-esk-050-01-ekersan","39","5583.35"
"68","956","Fren Körüğü","Fren Körüğü Ford Cargo OEM (A) A2 8127","Ford Cargo Fren Körüğü | Ford Cargo (A) A2 | (A) A2 Fren Körüğü | 8127 Fren Körüğü | Fren Körüğü Ford Cargo","https://www.frenciniz.com/urun/956/fren-korugu-ford-cargo-oem-a-a2-8127-ekersan","38","3168"
"68","27","Otomatik Fren Cırcırı","Otomatik Fren Cırcırı ESC 72675 OEM 42115","kamyon Otomatik Fren Cırcırı | kamyon 42115 | 42115 Otomatik Fren Cırcırı | ESC 72675 Otomatik Fren Cırcırı | Otomatik Fren Cırcırı ESC 72675","https://www.frenciniz.com/urun/27/otomatik-fren-circiri-esc-72675-oem-42115-ekersan","37","1452"
"68","100","Fren Kampanası","Fren Kampanası Meritor ROR 360 SKU ESK 160 21","ROR dorse dingili Fren Kampanası | ROR dorse dingili ESK 160 21 | ESK 160 21 Fren Kampanası | Fren Kampanası Meritor ROR 360","https://www.frenciniz.com/urun/100/fren-kampanasi-meritor-ror-360-sku-esk-160-21-ekersan","37","4509.22"
"68","680","Fren Balatası","Fren Balatasi Disk Balatası Mercedes Actros Axor OEM 29094-29095 42200/2-290","Mercedes-Benz Actros/Axor Fren Balatası | Mercedes-Benz Actros/Axor 29094-29095 | 29094-29095 Fren Balatası | 42200/2-290 Fren Balatası | Disk Balatası Mercedes Actros Axor","https://www.frenciniz.com/urun/680/fren-balatasi-disk-balatasi-mercedes-actros-axor-oem-29094-29095-42200-2-290-ekersan","37","1900.8"
"68","716","Fren Balatası","Fren Balatasi Disk Balatası Mercedes Arocs Y.M OEM 29315 PWR-5029","Mercedes-Benz Arocs Fren Balatası | Mercedes-Benz Arocs 29315 | 29315 Fren Balatası | PWR-5029 Fren Balatası | Disk Balatası Mercedes Arocs Y.M","https://www.frenciniz.com/urun/716/fren-balatasi-disk-balatasi-mercedes-arocs-y-m-oem-29315-pwr-5029-ekersan","37","2379.43"
"68","611","Süspansiyon Körüğü","Süspansiyon Körüğü Volvo FH FH12 FM FL OEM 20554759 424718.C","Volvo FH Süspansiyon Körüğü | Volvo FH 20554759 | 20554759 Süspansiyon Körüğü | 424718.C Süspansiyon Körüğü | Süspansiyon Körüğü Volvo FH FH12 FM FL","https://www.frenciniz.com/urun/611/suspansiyon-korugu-volvo-fh-fh12-fm-fl-oem-20554759-424718-c-ekersan","36","2706"
"68","476","ABS Sensörü/Modülü/Kablo","ABS Sensoru EBS Modulator ABS UZATMA KABLOSU E.M 4MT OEM 4497120380 EF-4497120400","WABCO ABS/EBS sistemi ABS Sensörü/Modülü/Kablo | WABCO ABS/EBS sistemi 4497120380 | 4497120380 ABS Sensörü/Modülü/Kablo | EF-4497120400 ABS Sensörü/Modülü/Kablo | ABS UZATMA KABLOSU E.M 4MT","https://www.frenciniz.com/urun/476/abs-sensoru-ebs-modulator-abs-uzatma-kablosu-e-m-4mt-oem-4497120380-ef-4497120400-ekersan","35","653.4"
"68","718","Fren Balatası","Fren Balatasi Disk Balatası Schmitz Cargobull OEM 29328 PWR-5027","Schmitz Cargobull dorse Fren Balatası | Schmitz Cargobull dorse 29328 | 29328 Fren Balatası | PWR-5027 Fren Balatası | Disk Balatası Schmitz Cargobull","https://www.frenciniz.com/urun/718/fren-balatasi-disk-balatasi-schmitz-cargobull-oem-29328-pwr-5027-ekersan","35","2582.58"
"68","261","Fren Kampanası","Fren Kampanası ROR Meritor OEM 21023036 ESK 280 03","ROR dorse dingili Fren Kampanası | ROR dorse dingili 21023036 | 21023036 Fren Kampanası | ESK 280 03 Fren Kampanası | Fren Kampanası ROR Meritor","https://www.frenciniz.com/urun/261/fren-kampanasi-ror-meritor-oem-21023036-esk-280-03-ekersan","34","4571.58"
"68","270","Fren Kampanası","Fren Kampanası ESK 140 07 OEM 5000737342","Kamyon Fren Kampanası | Kamyon 5000737342 | 5000737342 Fren Kampanası | ESK 140 07 Fren Kampanası | Fren Kampanası ESK 140 07","https://www.frenciniz.com/urun/270/fren-kampanasi-esk-140-07-oem-5000737342-ekersan","34","4453.02"
"68","669","Süspansiyon Körüğü","Suspansiyon Korugu Komple Körük Plastik Piston Volvo FH FM FL OEM 21222442 424157.CP05","Volvo FH Süspansiyon Körüğü | Volvo FH 21222442 | 21222442 Süspansiyon Körüğü | 424157.CP05 Süspansiyon Körüğü | Komple Körük Plastik Piston Volvo FH FM FL","https://www.frenciniz.com/urun/669/suspansiyon-korugu-komple-koruk-plastik-piston-volvo-fh-fm-fl-oem-21222442-424157-cp05-ekersan","34","2970"
"68","723","Fren Balatası","Fren Balatası Iveco Eurocargo Stralis Trakker MAN Otokar Doruk Sultan OEM 29115 PWR-5017","MAN ağır vasıta Fren Balatası | MAN ağır vasıta 29115 | 29115 Fren Balatası | PWR-5017 Fren Balatası | Fren Balatası Iveco Eurocargo Stralis Trakker MAN Otokar Doruk Sultan","https://www.frenciniz.com/urun/723/fren-balatasi-iveco-eurocargo-stralis-trakker-man-otokar-doruk-sultan-oem-29115-pwr-5017-ekersan","34","2047.72"
"68","1034","Perçin","8*17 ALUMİNYUM PERÇİN OEM (A) D4 1000 817","Kamyon Perçin | Kamyon (A) D4 | (A) D4 Perçin | 1000 817 Perçin | 8*17 ALUMİNYUM PERÇİN","https://www.frenciniz.com/urun/1034/8-17-aluminyum-percin-oem-a-d4-1000-817-ekersan","34","594"
"68","729","Fren Balatası","Fren Balatası Renault Premium Magnum Kerax Midlum 270 370 420 OEM 29131 PWR-5011","Renault Trucks Premium Fren Balatası | Renault Trucks Premium 29131 | 29131 Fren Balatası | PWR-5011 Fren Balatası | Fren Balatası Renault Premium Magnum Kerax Midlum 270 370 420","https://www.frenciniz.com/urun/729/fren-balatasi-renault-premium-magnum-kerax-midlum-270-370-420-oem-29131-pwr-5011-ekersan","33","2778.86"
"68","36","Fren Kampanası","Fren Kampanası Meritor ROR OEM 21018986 ESK 160 57","ROR dorse dingili Fren Kampanası | ROR dorse dingili 21018986 | 21018986 Fren Kampanası | ESK 160 57 Fren Kampanası | Fren Kampanası Meritor ROR","https://www.frenciniz.com/urun/36/fren-kampanasi-meritor-ror-oem-21018986-esk-160-57-ekersan","32","5998.12"
"68","418","Mekanik Fren Cırcırı","Mekanik Fren Cırcırı Mercedes Actros Axor Sağ OEM 517454690 ESC 407401","Mercedes-Benz Actros Mekanik Fren Cırcırı | Mercedes-Benz Actros 517454690 | 517454690 Mekanik Fren Cırcırı | ESC 407401 Mekanik Fren Cırcırı | Mekanik Fren Cırcırı Mercedes Actros Axor Sağ","https://www.frenciniz.com/urun/418/mekanik-fren-circiri-mercedes-actros-axor-sag-oem-517454690-esc-407401-ekersan","32","1082.4"
"68","725","Fren Balatası","Fren Balatası Renault Premium Magnum Kerax Midlum OEM 29169 PWR-5015","Renault Trucks Premium Fren Balatası | Renault Trucks Premium 29169 | 29169 Fren Balatası | PWR-5015 Fren Balatası | Fren Balatası Renault Premium Magnum Kerax Midlum","https://www.frenciniz.com/urun/725/fren-balatasi-renault-premium-magnum-kerax-midlum-oem-29169-pwr-5015-ekersan","32","2285.71"
"68","915","Süspansiyon Körüğü","Suspansiyon Korugu Komple Körük Metal Piston 424159 C06 OEM MLF7127 424159.C06","Dorse Süspansiyon Körüğü | Dorse MLF7127 | MLF7127 Süspansiyon Körüğü | 424159.C06 Süspansiyon Körüğü | Komple Körük Metal Piston 424159 C06","https://www.frenciniz.com/urun/915/suspansiyon-korugu-komple-koruk-metal-piston-424159-c06-oem-mlf7127-424159-c06-ekersan","31","3194.4"
"68","28","Fren Cırcırı","Fren Cırcırı Mercedes Travego Tourismo Ön R-L OEM 3574200538 ESC 72209","Mercedes-Benz Travego Fren Cırcırı | Mercedes-Benz Travego 3574200538 | 3574200538 Fren Cırcırı | ESC 72209 Fren Cırcırı | Fren Cırcırı Mercedes Travego Tourismo Ön R-L","https://www.frenciniz.com/urun/28/fren-circiri-mercedes-travego-tourismo-on-r-l-oem-3574200538-esc-72209-ekersan","30","1452"
"68","96","Fren Kampanası","Fren Kampanası 10 Delik SKU ESK 160 32","Dorse / treyler Fren Kampanası | Dorse / treyler ESK 160 32 | ESK 160 32 Fren Kampanası | Fren Kampanası 10 Delik","https://www.frenciniz.com/urun/96/fren-kampanasi-10-delik-sku-esk-160-32-ekersan","30","4083.82"
"68","123","Fren Kampanası","Fren Kampanası Iveco Eurocargo Stralis OEM 7183050 ESK 060 32","Iveco Eurocargo Fren Kampanası | Iveco Eurocargo 7183050 | 7183050 Fren Kampanası | ESK 060 32 Fren Kampanası | Fren Kampanası Iveco Eurocargo Stralis","https://www.frenciniz.com/urun/123/fren-kampanasi-iveco-eurocargo-stralis-oem-7183050-esk-060-32-ekersan","30","7487.01"
"68","411","Fren Cırcırı","Fren Cırcırı BMC Probus Profesyonel Fatih Pro Arka OEM 807632 ESC 72735","BMC Probus Fren Cırcırı | BMC Probus 807632 | 807632 Fren Cırcırı | ESC 72735 Fren Cırcırı | Fren Cırcırı BMC Probus Profesyonel Fatih Pro Arka","https://www.frenciniz.com/urun/411/fren-circiri-bmc-probus-profesyonel-fatih-pro-arka-oem-807632-esc-72735-ekersan","30","1452"
"68","659","Süspansiyon Körüğü","Süspansiyon Körüğü 424028 C02 OEM 015323 424028.C02","Dorse Süspansiyon Körüğü | Dorse 015323 | 015323 Süspansiyon Körüğü | 424028.C02 Süspansiyon Körüğü | Süspansiyon Körüğü 424028 C02","https://www.frenciniz.com/urun/659/suspansiyon-korugu-424028-c02-oem-015323-424028-c02-ekersan","30","2838"
"68","4","Otomatik Fren Cırcırı","Otomatik Fren Cırcırı Renault Midlum Premium Magnum OEM 5010098861 ESC 79445","Renault Trucks Midlum Otomatik Fren Cırcırı | Renault Trucks Midlum 5010098861 | 5010098861 Otomatik Fren Cırcırı | ESC 79445 Otomatik Fren Cırcırı | Otomatik Fren Cırcırı Renault Midlum Premium Magnum","https://www.frenciniz.com/urun/4/otomatik-fren-circiri-renault-midlum-premium-magnum-oem-5010098861-esc-79445-ekersan","29","1452"
"68","533","Süspansiyon Körüğü","Süspansiyon Körüğü Ford Cargo OEM 9C465580BAS 421889.S","Ford Cargo Süspansiyon Körüğü | Ford Cargo 9C465580BAS | 9C465580BAS Süspansiyon Körüğü | 421889.S Süspansiyon Körüğü | Süspansiyon Körüğü Ford Cargo","https://www.frenciniz.com/urun/533/suspansiyon-korugu-ford-cargo-oem-9c465580bas-421889-s-ekersan","29","1874.4"
"68","733","Fren Balatası","Fren Balatası Mercedes Actros Axor 430 440 450 460 OEM 29174 PWR-5007","Renault Trucks Premium Fren Balatası | Renault Trucks Premium 29174 | 29174 Fren Balatası | PWR-5007 Fren Balatası | Fren Balatası Mercedes Actros Axor 430 440 450 460","https://www.frenciniz.com/urun/733/fren-balatasi-mercedes-actros-axor-430-440-450-460-oem-29174-pwr-5007-ekersan","29","2426.03"
"68","417","Mekanik Fren Cırcırı","Mekanik Fren Cırcırı Mercedes Actros Axor Sol OEM 517454700 ESC 507401","Mercedes-Benz Actros Mekanik Fren Cırcırı | Mercedes-Benz Actros 517454700 | 517454700 Mekanik Fren Cırcırı | ESC 507401 Mekanik Fren Cırcırı | Mekanik Fren Cırcırı Mercedes Actros Axor Sol","https://www.frenciniz.com/urun/417/mekanik-fren-circiri-mercedes-actros-axor-sol-oem-517454700-esc-507401-ekersan","28","1082.4"
"68","720","Fren Balatası","Fren Balatası MAN TGA TGS TGX OEM 29279 PWR-5020","MAN TGA Fren Balatası | MAN TGA 29279 | 29279 Fren Balatası | PWR-5020 Fren Balatası | Fren Balatası MAN TGA TGS TGX","https://www.frenciniz.com/urun/720/fren-balatasi-man-tga-tgs-tgx-oem-29279-pwr-5020-ekersan","27","2584.82"
"68","49","Mekanik Fren Cırcırı","Mekanik Fren Cırcırı 5 Delik 10 Kanal OEM 46404 ESC 1721","kamyon Mekanik Fren Cırcırı | kamyon 46404 | 46404 Mekanik Fren Cırcırı | ESC 1721 Mekanik Fren Cırcırı | Mekanik Fren Cırcırı 5 Delik 10 Kanal","https://www.frenciniz.com/urun/49/mekanik-fren-circiri-5-delik-10-kanal-oem-46404-esc-1721-ekersan","26","1082.4"
"68","724","Fren Balatası","Fren Balatası Mercedes Actros Axor OEM 29030 PWR-5016","MAN ağır vasıta Fren Balatası | MAN ağır vasıta 29030 | 29030 Fren Balatası | PWR-5016 Fren Balatası | Fren Balatası Mercedes Actros Axor","https://www.frenciniz.com/urun/724/fren-balatasi-mercedes-actros-axor-oem-29030-pwr-5016-ekersan","26","2668.78"
"68","3","Otomatik Fren Cırcırı","Otomatik Fren Cırcırı Renault Premium Magnum Kerax Midlum OEM 14632 ESC 79458","Renault Trucks Premium Otomatik Fren Cırcırı | Renault Trucks Premium 14632 | 14632 Otomatik Fren Cırcırı | ESC 79458 Otomatik Fren Cırcırı | Otomatik Fren Cırcırı Renault Premium Magnum Kerax Midlum","https://www.frenciniz.com/urun/3/otomatik-fren-circiri-renault-premium-magnum-kerax-midlum-oem-14632-esc-79458-ekersan","25","1452"
"68","118","Fren Kampanası","Fren Kampanası Mitsubishi Canter Fuso Isuzu NPR NQR OEM MC 828885 ESK 080 04","Mitsubishi Canter Fren Kampanası | Mitsubishi Canter MC 828885 | MC 828885 Fren Kampanası | ESK 080 04 Fren Kampanası | Fren Kampanası Mitsubishi Canter Fuso Isuzu NPR NQR","https://www.frenciniz.com/urun/118/fren-kampanasi-mitsubishi-canter-fuso-isuzu-npr-nqr-oem-mc-828885-esk-080-04-ekersan","25","5530.18"
"68","656","Fren Balatası","Fren Balatasi Disk Balatası Knorr WABCO Meritor OEM 29228 42317/1-300","Ağır vasıta disk fren balata sistemi Fren Balatası | Ağır vasıta disk fren balata sistemi 29228 | 29228 Fren Balatası | 42317/1-300 Fren Balatası | Disk Balatası Knorr WABCO Meritor","https://www.frenciniz.com/urun/656/fren-balatasi-disk-balatasi-knorr-wabco-meritor-oem-29228-42317-1-300-ekersan","25","2191.2"
"68","734","Fren Balatası","Fren Balatasi Disk Balatası Mercedes Actros Axor Arka Y.M OEM 29244 PWR-5006","Mercedes-Benz Axor Fren Balatası | Mercedes-Benz Axor 29244 | 29244 Fren Balatası | PWR-5006 Fren Balatası | Disk Balatası Mercedes Actros Axor Arka Y.M","https://www.frenciniz.com/urun/734/fren-balatasi-disk-balatasi-mercedes-actros-axor-arka-y-m-oem-29244-pwr-5006-ekersan","25","2367.42"
"68","105","Fren Kampanası","Fren Kampanası Otokar Doruk Sultan Ön E.M OEM 13C0521 AD ESK 150 05","Otokar Doruk Fren Kampanası | Otokar Doruk 13C0521 AD | 13C0521 AD Fren Kampanası | ESK 150 05 Fren Kampanası | Fren Kampanası Otokar Doruk Sultan Ön E.M","https://www.frenciniz.com/urun/105/fren-kampanasi-otokar-doruk-sultan-on-e-m-oem-13c0521-ad-esk-150-05-ekersan","24","4392.24"
"68","107","Fren Kampanası","Fren Kampanası Renault Midlum Premium Magnum OEM 5010098949 ESK 140 03-K","Renault Trucks Midlum Fren Kampanası | Renault Trucks Midlum 5010098949 | 5010098949 Fren Kampanası | ESK 140 03-K Fren Kampanası | Fren Kampanası Renault Midlum Premium Magnum","https://www.frenciniz.com/urun/107/fren-kampanasi-renault-midlum-premium-magnum-oem-5010098949-esk-140-03-k-ekersan","24","6721.29"
"68","115","Fren Kampanası","Fren Kampanası Mitsubishi Canter Fuso Isuzu NPR NQR Ön Arka 635 OEM MC 838284 ESK 080 10","Mitsubishi Canter Fren Kampanası | Mitsubishi Canter MC 838284 | MC 838284 Fren Kampanası | ESK 080 10 Fren Kampanası | Fren Kampanası Mitsubishi Canter Fuso Isuzu NPR NQR Ön Arka 635","https://www.frenciniz.com/urun/115/fren-kampanasi-mitsubishi-canter-fuso-isuzu-npr-nqr-on-arka-635-oem-mc-838284-esk-080-10-ekersan","24","2807.63"
"68","472","ABS Sensörü/Modülü/Kablo","ABS SENSÖRÜ DÜZ ARKA SOL YENİ MODEL ACTROS AROX EURO6 OEM 0075422118 EF-4410323970","Mercedes-Benz Actros ABS Sensörü/Modülü/Kablo | Mercedes-Benz Actros 0075422118 | 0075422118 ABS Sensörü/Modülü/Kablo | EF-4410323970 ABS Sensörü/Modülü/Kablo | ABS SENSÖRÜ DÜZ ARKA SOL YENİ MODEL ACTROS AROX EURO6","https://www.frenciniz.com/urun/472/abs-sensoru-duz-arka-sol-yeni-model-actros-arox-euro6-oem-0075422118-ef-4410323970-ekersan","24","792"
"68","728","Fren Balatası","Fren Balatası BPW ECOPlus OEM 29227 PWR-5012","BPW dorse dingili Fren Balatası | BPW dorse dingili 29227 | 29227 Fren Balatası | PWR-5012 Fren Balatası | Fren Balatası BPW ECOPlus","https://www.frenciniz.com/urun/728/fren-balatasi-bpw-ecoplus-oem-29227-pwr-5012-ekersan","24","2391.97"
"68","736","Fren Balatası","Fren Balatasi Disk Balatası Mercedes Actros Axor E.M OEM 29087 PWR-5004","Mercedes-Benz Axor Fren Balatası | Mercedes-Benz Axor 29087 | 29087 Fren Balatası | PWR-5004 Fren Balatası | Disk Balatası Mercedes Actros Axor E.M","https://www.frenciniz.com/urun/736/fren-balatasi-disk-balatasi-mercedes-actros-axor-e-m-oem-29087-pwr-5004-ekersan","24","2394.74"
"68","913","Süspansiyon Körüğü","Suspansiyon Korugu Komple Körük Metal Piston Mercedes Actros Axor OEM 9423205221 424390.C01","Mercedes-Benz Actros Süspansiyon Körüğü | Mercedes-Benz Actros 9423205221 | 9423205221 Süspansiyon Körüğü | 424390.C01 Süspansiyon Körüğü | Komple Körük Metal Piston Mercedes Actros Axor","https://www.frenciniz.com/urun/913/suspansiyon-korugu-komple-koruk-metal-piston-mercedes-actros-axor-oem-9423205221-424390-c01","24","2541"
"68","143","Fren Kampanası","Fren Kampanası BMC Probus Profesyonel Fatih Pro 22 cm 940 270 OEM 5K 60512 ESK 030 12","BMC Probus Fren Kampanası | BMC Probus 5K 60512 | 5K 60512 Fren Kampanası | ESK 030 12 Fren Kampanası | Fren Kampanası BMC Probus Profesyonel Fatih Pro 22 cm 940 270","https://www.frenciniz.com/urun/143/fren-kampanasi-bmc-probus-profesyonel-fatih-pro-22-cm-940-270-oem-5k-60512-esk-030-12-ekersan","23","6763.83"
"68","260","Fren Kampanası","Fren Kampanası ROR Meritor OEM 21209701 ESK 280 08","ROR dorse dingili Fren Kampanası | ROR dorse dingili 21209701 | 21209701 Fren Kampanası | ESK 280 08 Fren Kampanası | Fren Kampanası ROR Meritor","https://www.frenciniz.com/urun/260/fren-kampanasi-ror-meritor-oem-21209701-esk-280-08-ekersan","23","3782.78"
"68","276","Fren Kampanası","Fren Kampanası Mercedes Atego OEM 6584210301 ESK 010 71","Mercedes-Benz Axor Fren Kampanası | Mercedes-Benz Axor 6584210301 | 6584210301 Fren Kampanası | ESK 010 71 Fren Kampanası | Fren Kampanası Mercedes Atego","https://www.frenciniz.com/urun/276/fren-kampanasi-mercedes-atego-oem-6584210301-esk-010-71-ekersan","23","6284.29"
"68","466","Fren Körüğü","Fren Körüğü Disk imdatlı körüğü Kampana imdatlı körüğü körüğü OEM 23.724.24.158 ARF 24/24 D/P- K","Disk fren imdatlı fren körüğü Fren Körüğü | Disk fren imdatlı fren körüğü 23.724.24.158 | 23.724.24.158 Fren Körüğü | ARF 24/24 D/P- K Fren Körüğü | Fren Körüğü Disk imdatlı körüğü Kampana imdatlı körüğü körüğü","https://www.frenciniz.com/urun/466/fren-korugu-disk-imdatli-korugu-kampana-imdatli-korugu-korugu-oem-23-724-24-158-arf-24-24-d-p-k","23","6270"
"68","277","Fren Kampanası","Fren Kampanası Mercedes Actros Axor OEM 3874210201 ESK 010 61","Mercedes-Benz Actros Fren Kampanası | Mercedes-Benz Actros 3874210201 | 3874210201 Fren Kampanası | ESK 010 61 Fren Kampanası | Fren Kampanası Mercedes Actros Axor","https://www.frenciniz.com/urun/277/fren-kampanasi-mercedes-actros-axor-oem-3874210201-esk-010-61-ekersan","22","6284.29"
"68","428","Süspansiyon Körüğü","Suspansiyon Korugu Roll Körük Mercedes Travego Tourismo OEM 0003270101 FT 34644","BPW dorse dingili Süspansiyon Körüğü | BPW dorse dingili 0003270101 | 0003270101 Süspansiyon Körüğü | FT 34644 Süspansiyon Körüğü | Roll Körük Mercedes Travego Tourismo","https://www.frenciniz.com/urun/428/suspansiyon-korugu-roll-koruk-mercedes-travego-tourismo-oem-0003270101-ft-34644-ekersan","22","1320"
"68","587","Kızak","Kızak AXOR MERSEDES YENİ MODEL ARKA TAŞIYICI KIZAK 29244 BALATA OEM 0004231006 KIZAK 10504","Mercedes-Benz Axor Kızak | Mercedes-Benz Axor 0004231006 | 0004231006 Kızak | KIZAK 10504 Kızak | AXOR MERSEDES YENİ MODEL ARKA TAŞIYICI KIZAK 29244 BALATA","https://www.frenciniz.com/urun/587/axor-mersedes-yeni-model-arka-tasiyici-kizak-29244-balata-oem-0004231006-kizak-10504-ekersan","22","3960"
"68","128","Fren Kampanası","Fren Kampanası Iveco Eurocargo Stralis Trakker OEM 4715419 ESK 060 01","Iveco Eurocargo Fren Kampanası | Iveco Eurocargo 4715419 | 4715419 Fren Kampanası | ESK 060 01 Fren Kampanası | Fren Kampanası Iveco Eurocargo Stralis Trakker","https://www.frenciniz.com/urun/128/fren-kampanasi-iveco-eurocargo-stralis-trakker-oem-4715419-esk-060-01-ekersan","21","2871.44"
"68","129","Fren Kampanası","Fren Kampanası Ön OEM 18345T ESK 050 07","Kamyon Fren Kampanası | Kamyon 18345T | 18345T Fren Kampanası | ESK 050 07 Fren Kampanası | Fren Kampanası Ön","https://www.frenciniz.com/urun/129/fren-kampanasi-on-oem-18345t-esk-050-07-ekersan","21","5742.88"
"68","549","Süspansiyon Körüğü","Süspansiyon Körüğü 424159 CP OEM UJA0894001 424159.CP","Dorse Süspansiyon Körüğü | Dorse UJA0894001 | UJA0894001 Süspansiyon Körüğü | 424159.CP Süspansiyon Körüğü | Süspansiyon Körüğü 424159 CP","https://www.frenciniz.com/urun/549/suspansiyon-korugu-424159-cp-oem-uja0894001-424159-cp-ekersan","21","3036"
"68","717","Fren Balatası","Fren Balatasi Disk Balatası Scania P G R Y.M OEM 29332 PWR-5028","Scania P/G/R serisi Fren Balatası | Scania P/G/R serisi 29332 | 29332 Fren Balatası | PWR-5028 Fren Balatası | Disk Balatası Scania P G R Y.M","https://www.frenciniz.com/urun/717/fren-balatasi-disk-balatasi-scania-p-g-r-y-m-oem-29332-pwr-5028-ekersan","21","2672.6"
"68","735","Fren Balatası","Fren Balatasi Disk Balatası Mercedes Axor Ön Y.M OEM 29246 PWR-5005","Mercedes-Benz Axor Fren Balatası | Mercedes-Benz Axor 29246 | 29246 Fren Balatası | PWR-5005 Fren Balatası | Disk Balatası Mercedes Axor Ön Y.M","https://www.frenciniz.com/urun/735/fren-balatasi-disk-balatasi-mercedes-axor-on-y-m-oem-29246-pwr-5005-ekersan","21","2602.51"
"68","93","Fren Kampanası","Fren Kampanası BPW ECOPlus 20 cm OEM 310677570 ESK 160 74","BPW dorse dingili Fren Kampanası | BPW dorse dingili 310677570 | 310677570 Fren Kampanası | ESK 160 74 Fren Kampanası | Fren Kampanası BPW ECOPlus 20 cm","https://www.frenciniz.com/urun/93/fren-kampanasi-bpw-ecoplus-20-cm-oem-310677570-esk-160-74-ekersan","20","5615.26"
"68","125","Fren Kampanası","Fren Kampanası Iveco Eurocargo Eurotech Stralis OEM 7172329 ESK 060 07","Iveco Eurocargo Fren Kampanası | Iveco Eurocargo 7172329 | 7172329 Fren Kampanası | ESK 060 07 Fren Kampanası | Fren Kampanası Iveco Eurocargo Eurotech Stralis","https://www.frenciniz.com/urun/125/fren-kampanasi-iveco-eurocargo-eurotech-stralis-oem-7172329-esk-060-07-ekersan","20","6636.21"
"68","447","Süspansiyon Körüğü","Suspansiyon Korugu Roll Körük MAN TGA TGS TGX OEM 81436010163 FT 341888","MAN TGA Süspansiyon Körüğü | MAN TGA 81436010163 | 81436010163 Süspansiyon Körüğü | FT 341888 Süspansiyon Körüğü | Roll Körük MAN TGA TGS TGX","https://www.frenciniz.com/urun/447/suspansiyon-korugu-roll-koruk-man-tga-tgs-tgx-oem-81436010163-ft-341888-ekersan","20","990"
"68","731","Fren Balatası","Fren Balatası Knorr WABCO Meritor OEM 29159 PWR-5009","SAF dorse dingili Fren Balatası | SAF dorse dingili 29159 | 29159 Fren Balatası | PWR-5009 Fren Balatası | Fren Balatası Knorr WABCO Meritor","https://www.frenciniz.com/urun/731/fren-balatasi-knorr-wabco-meritor-oem-29159-pwr-5009-ekersan","20","2164.27"
"68","906","Süspansiyon Körüğü","Suspansiyon Korugu Komple Körük Metal Piston Renault Midlum Premium Magnum Volvo FH FM FL OEM 5010557355 424912.C10","Renault Trucks Midlum Süspansiyon Körüğü | Renault Trucks Midlum 5010557355 | 5010557355 Süspansiyon Körüğü | 424912.C10 Süspansiyon Körüğü | Komple Körük Metal Piston Renault Midlum Premium Magnum Volvo FH FM FL","https://www.frenciniz.com/urun/906/suspansiyon-korugu-komple-koruk-metal-piston-renault-midlum-premium-magnum-volvo-fh-fm-fl-oem","20","3564"
"63","945","Somun / Cıvata","Döner Pullu Somun ESS 020 10","Kamyon Somun / Cıvata | Kamyon ESS 020 10 | ESS 020 10 Somun / Cıvata","https://www.frenciniz.com/urun/945/doner-pullu-somun-ess-020-10-ekersan","100000","74.09"
"63","941","Somun / Cıvata","Döner Pullu Somun ESS 025 20 OEM 81455030056","Kamyon Somun / Cıvata | Kamyon 81455030056 | 81455030056 Somun / Cıvata | ESS 025 20 Somun / Cıvata | Döner Pullu Somun ESS 025 20","https://www.frenciniz.com/urun/941/doner-pullu-somun-ess-025-20-oem-81455030056-ekersan","91042","74.09"
"63","932","Somun / Cıvata","Büyük Döner Pullu Somun ESS 171 10","Kamyon Somun / Cıvata | Kamyon ESS 171 10 | ESS 171 10 Somun / Cıvata","https://www.frenciniz.com/urun/932/buyuk-doner-pullu-somun-ess-171-10-ekersan","24994","78.76"
"63","939","Somun / Cıvata","Bijon Somunu ESS 028 10","Kamyon Somun / Cıvata | Kamyon ESS 028 10 | ESS 028 10 Somun / Cıvata","https://www.frenciniz.com/urun/939/bijon-somunu-ess-028-10-ekersan","14995","74.09"
"63","938","Somun / Cıvata","Bijon Somunu ESS 029 10","Kamyon Somun / Cıvata | Kamyon ESS 029 10 | ESS 029 10 Somun / Cıvata","https://www.frenciniz.com/urun/938/bijon-somunu-ess-029-10-ekersan","12133","74.09"
"63","928","Somun / Cıvata","Bijon Somunu ESS 300 20","Kamyon Somun / Cıvata | Kamyon ESS 300 20 | ESS 300 20 Somun / Cıvata","https://www.frenciniz.com/urun/928/bijon-somunu-ess-300-20-ekersan","7973","188.31"
"63","933","Somun / Cıvata","Büyük Döner Pullu Somun ESS 170 10","Kamyon Somun / Cıvata | Kamyon ESS 170 10 | ESS 170 10 Somun / Cıvata","https://www.frenciniz.com/urun/933/buyuk-doner-pullu-somun-ess-170-10-ekersan","6510","78.76"
"63","936","Somun / Cıvata","Bijon Somunu Mercedes Actros Axor SKU ESS 120 10","MAN ağır vasıta Somun / Cıvata | MAN ağır vasıta ESS 120 10 | ESS 120 10 Somun / Cıvata | Bijon Somunu Mercedes Actros Axor","https://www.frenciniz.com/urun/936/bijon-somunu-mercedes-actros-axor-sku-ess-120-10-ekersan","5816","60.2"
"63","327","Disk Bijonu/Civatası","Disk Bijonu Mercedes Actros Axor OEM 9429900004-9429902804 ESB 4000 14","Mercedes-Benz Actros Disk Bijonu/Civatası | Mercedes-Benz Actros 9429900004-9429902804 | 9429900004-9429902804 Disk Bijonu/Civatası | ESB 4000 14 Disk Bijonu/Civatası | Disk Bijonu Mercedes Actros Axor","https://www.frenciniz.com/urun/327/disk-bijonu-mercedes-actros-axor-oem-9429900004-9429902804-esb-4000-14-ekersan","5692","73.46"
"63","329","Disk Bijonu/Civatası","Disk Bijonu Mercedes Axor OEM 4343291410 ESB 4000 10","Mercedes-Benz Axor Disk Bijonu/Civatası | Mercedes-Benz Axor 4343291410 | 4343291410 Disk Bijonu/Civatası | ESB 4000 10 Disk Bijonu/Civatası | Disk Bijonu Mercedes Axor","https://www.frenciniz.com/urun/329/disk-bijonu-mercedes-axor-oem-4343291410-esb-4000-10-ekersan","5200","73.46"
"63","9","Disk Bijonu/Civatası","Disk Bijonu Knorr WABCO Meritor OEM 31796200 ESB 4000 12","Ağır vasıta kaliper sistemi Disk Bijonu/Civatası | Ağır vasıta kaliper sistemi 31796200 | 31796200 Disk Bijonu/Civatası | ESB 4000 12 Disk Bijonu/Civatası | Disk Bijonu Knorr WABCO Meritor","https://www.frenciniz.com/urun/9/disk-bijonu-knorr-wabco-meritor-oem-31796200-esb-4000-12-ekersan","3990","73.46"
"63","1007","Kaliper Ayar Mekanizması","Kaliper Ayar Civatası OEM (A) C3 421138","Ağır vasıta kaliper sistemi Kaliper Ayar Mekanizması | Ağır vasıta kaliper sistemi (A) C3 | (A) C3 Kaliper Ayar Mekanizması | 421138 Kaliper Ayar Mekanizması | Kaliper Ayar Civatası","https://www.frenciniz.com/urun/1007/kaliper-ayar-civatasi-oem-a-c3-421138-ekersan","3873","158.4"
"63","876","Yay","MERCEDES V6-V8 ÖN FREN YAYI OEM (A) A4 EYD 10 02","Mercedes-Benz Actros Yay | Mercedes-Benz Actros (A) A4 | (A) A4 Yay | EYD 10 02 Yay | MERCEDES V6-V8 ÖN FREN YAYI","https://www.frenciniz.com/urun/876/mercedes-v6-v8-on-fren-yayi-oem-a-a4-eyd-10-02-ekersan","3090","52.8"
"63","930","Somun / Cıvata","Bijon Somunu ESS 300 10","Kamyon Somun / Cıvata | Kamyon ESS 300 10 | ESS 300 10 Somun / Cıvata","https://www.frenciniz.com/urun/930/bijon-somunu-ess-300-10-ekersan","2636","188.31"
"63","873","Yay","Dorse Yayi Kol Yayı Standart - ORTA OEM (A) A4 EYD 10 07","Dorse Yay | Dorse (A) A4 | (A) A4 Yay | EYD 10 07 Yay | Kol Yayı Standart - ORTA","https://www.frenciniz.com/urun/873/dorse-yayi-kol-yayi-standart-orta-oem-a-a4-eyd-10-07-ekersan","2057","52.8"
"63","328","Disk Bijonu/Civatası","Disk Bijonu SAF Holland OEM SFAX0049-4375100410 ESB 4000 11","SAF dorse dingili Disk Bijonu/Civatası | SAF dorse dingili SFAX0049-4375100410 | SFAX0049-4375100410 Disk Bijonu/Civatası | ESB 4000 11 Disk Bijonu/Civatası | Disk Bijonu SAF Holland","https://www.frenciniz.com/urun/328/disk-bijonu-saf-holland-oem-sfax0049-4375100410-esb-4000-11-ekersan","2001","73.46"
"63","1016","Kaliper Toz Lastiği","Kaliper Toz Lastiği Tamir Takımı (Ø 69 mm) OEM 42541413 421100","Ağır vasıta kaliper sistemi Kaliper Toz Lastiği | Ağır vasıta kaliper sistemi 42541413 | 42541413 Kaliper Toz Lastiği | 421100 Kaliper Toz Lastiği | Kaliper Toz Lastiği Tamir Takımı (Ø 69 mm)","https://www.frenciniz.com/urun/1016/kaliper-toz-lastigi-tamir-takimi-69-mm-oem-42541413-421100-ekersan","1890","369.6"
"63","992","Kaliper Ayar Mekanizması","KLİPER AYAR CİVATASI (AXOR YM 3 YİVLİ CİVATA) OEM (A) B3 421236","Mercedes-Benz Axor Kaliper Ayar Mekanizması | Mercedes-Benz Axor (A) B3 | (A) B3 Kaliper Ayar Mekanizması | 421236 Kaliper Ayar Mekanizması | KLİPER AYAR CİVATASI (AXOR YM 3 YİVLİ CİVATA)","https://www.frenciniz.com/urun/992/kliper-ayar-civatasi-axor-ym-3-yivli-civata-oem-a-b3-421236-ekersan","1770","158.4"
"63","305","Disk Bijonu/Civatası","Disk Bijonu Iveco Eurocargo Stralis 65 mm OEM 42117445 ESB 691 10","Iveco Eurocargo Disk Bijonu/Civatası | Iveco Eurocargo 42117445 | 42117445 Disk Bijonu/Civatası | ESB 691 10 Disk Bijonu/Civatası | Disk Bijonu Iveco Eurocargo Stralis 65 mm","https://www.frenciniz.com/urun/305/disk-bijonu-iveco-eurocargo-stralis-65-mm-oem-42117445-esb-691-10-ekersan","1629","186.94"
"63","826","Yay","TIRSAN DORSE BÜYÜK YAY 29 CM OEM (A) A4 EYD 70 05","Tırsan dorse Yay | Tırsan dorse (A) A4 | (A) A4 Yay | EYD 70 05 Yay | TIRSAN DORSE BÜYÜK YAY 29 CM","https://www.frenciniz.com/urun/826/tirsan-dorse-buyuk-yay-29-cm-oem-a-a4-eyd-70-05-ekersan","1480","85.8"
"63","877","Yay","FREN YAYI OEM (A) A4 EYD 10 01","Dorse Yay | Dorse (A) A4 | (A) A4 Yay | EYD 10 01 Yay | FREN YAYI","https://www.frenciniz.com/urun/877/fren-yayi-oem-a-a4-eyd-10-01-ekersan","1390","52.8"
"63","874","Yay","Dorse Yayi Kol Yayı Uzun OEM (A) B4 EYD 10 06","Dorse Yay | Dorse (A) B4 | (A) B4 Yay | EYD 10 06 Yay | Kol Yayı Uzun","https://www.frenciniz.com/urun/874/dorse-yayi-kol-yayi-uzun-oem-a-b4-eyd-10-06-ekersan","1243","52.8"
"63","828","Yay","TIRSAN DORSE ORTA YAY (SERTEL) 27 CM OEM (A) B4 EYD 70 04-1","Tırsan dorse Yay | Tırsan dorse (A) B4 | (A) B4 Yay | EYD 70 04-1 Yay | TIRSAN DORSE ORTA YAY (SERTEL) 27 CM","https://www.frenciniz.com/urun/828/tirsan-dorse-orta-yay-sertel-27-cm-oem-a-b4-eyd-70-04-1-ekersan","973","85.8"
"63","937","Somun / Cıvata","Bijon Somunu ESS 080 10","Kamyon Somun / Cıvata | Kamyon ESS 080 10 | ESS 080 10 Somun / Cıvata","https://www.frenciniz.com/urun/937/bijon-somunu-ess-080-10-ekersan","764","60.2"
"63","872","Yay","KOL YAYI KISA OEM (A) C4 EYD 10 08","Dorse Yay | Dorse (A) C4 | (A) C4 Yay | EYD 10 08 Yay | KOL YAYI KISA","https://www.frenciniz.com/urun/872/kol-yayi-kisa-oem-a-c4-eyd-10-08-ekersan","610","52.8"
"63","307","Disk Bijonu/Civatası","Disk Bijonu Iveco Eurocargo Stralis OEM 42117433-7168838 ESB 640 20","Iveco Eurocargo Disk Bijonu/Civatası | Iveco Eurocargo 42117433-7168838 | 42117433-7168838 Disk Bijonu/Civatası | ESB 640 20 Disk Bijonu/Civatası | Disk Bijonu Iveco Eurocargo Stralis","https://www.frenciniz.com/urun/307/disk-bijonu-iveco-eurocargo-stralis-oem-42117433-7168838-esb-640-20-ekersan","450","164.94"
"63","818","Yay","ISUZU NPR FREN YAYI OEM (A) B4 EYD 70 48","Isuzu Novo Yay | Isuzu Novo (A) B4 | (A) B4 Yay | EYD 70 48 Yay | ISUZU NPR FREN YAYI","https://www.frenciniz.com/urun/818/isuzu-npr-fren-yayi-oem-a-b4-eyd-70-48-ekersan","420","46.2"
"63","432","Yay","TIRSAN DORSE KISA YAY 24 CM OEM (A) B4 EYD 70 04-3","Tırsan dorse Yay | Tırsan dorse (A) B4 | (A) B4 Yay | EYD 70 04-3 Yay | TIRSAN DORSE KISA YAY 24 CM","https://www.frenciniz.com/urun/432/tirsan-dorse-kisa-yay-24-cm-oem-a-b4-eyd-70-04-3-ekersan","300","72.6"
"63","787","ABS Sensörü/Modülü/Kablo","ABS Sensoru EBS Modulator AXOR ABS DİŞLİSİ E.M / ARKA OEM 9423560715 EYD 91 10","Mercedes-Benz Axor ABS Sensörü/Modülü/Kablo | Mercedes-Benz Axor 9423560715 | 9423560715 ABS Sensörü/Modülü/Kablo | EYD 91 10 ABS Sensörü/Modülü/Kablo | AXOR ABS DİŞLİSİ E.M / ARKA","https://www.frenciniz.com/urun/787/abs-sensoru-ebs-modulator-axor-abs-dislisi-e-m-arka-oem-9423560715-eyd-91-10-ekersan","293","303.6"
"63","821","Yay","JUMBO DORSE YAYI OEM (A) C4 EYD 70 12","Dorse / treyler Yay | Dorse / treyler (A) C4 | (A) C4 Yay | EYD 70 12 Yay | JUMBO DORSE YAYI","https://www.frenciniz.com/urun/821/jumbo-dorse-yayi-oem-a-c4-eyd-70-12-ekersan","264","85.8"
"63","817","Yay","ISUZU ŞAMPİYON FREN YAYI OEM (A) B4 EYD 70 49","Isuzu Novo Yay | Isuzu Novo (A) B4 | (A) B4 Yay | EYD 70 49 Yay | ISUZU ŞAMPİYON FREN YAYI","https://www.frenciniz.com/urun/817/isuzu-sampiyon-fren-yayi-oem-a-b4-eyd-70-49-ekersan","260","46.2"
"63","822","Yay","VOLVO TIR Y.M.FREN YAYI OEM (A) B4 EYD 70 11","Volvo FH Yay | Volvo FH (A) B4 | (A) B4 Yay | EYD 70 11 Yay | VOLVO TIR Y.M.FREN YAYI","https://www.frenciniz.com/urun/822/volvo-tir-y-m-fren-yayi-oem-a-b4-eyd-70-11-ekersan","220","112.2"
"63","865","Yay","Dorse Yayi FORD CARGO FATİH ARKA YAY(124) OEM (A) A4 EYD 20 08","Ford Cargo Yay | Ford Cargo (A) A4 | (A) A4 Yay | EYD 20 08 Yay | FORD CARGO FATİH ARKA YAY(124)","https://www.frenciniz.com/urun/865/dorse-yayi-ford-cargo-fatih-arka-yay-124-oem-a-a4-eyd-20-08-ekersan","208","59.4"
"63","827","Yay","TIRSAN DORSE ORTA YAY 28 CM OEM (A) B4 EYD 70 04-2","Tırsan dorse Yay | Tırsan dorse (A) B4 | (A) B4 Yay | EYD 70 04-2 Yay | TIRSAN DORSE ORTA YAY 28 CM","https://www.frenciniz.com/urun/827/tirsan-dorse-orta-yay-28-cm-oem-a-b4-eyd-70-04-2-ekersan","184","85.8"
"63","815","Yay","ISUZU NOR FREN YAYI OEM (A) B4 EYD 70 58","Isuzu Novo Yay | Isuzu Novo (A) B4 | (A) B4 Yay | EYD 70 58 Yay | ISUZU NOR FREN YAYI","https://www.frenciniz.com/urun/815/isuzu-nor-fren-yayi-oem-a-b4-eyd-70-58-ekersan","180","46.2"
"63","308","Disk Bijonu/Civatası","Disk Bijonu Iveco Eurocargo Stralis Arka OEM 42117435 ESB 640 10","Iveco Eurocargo Disk Bijonu/Civatası | Iveco Eurocargo 42117435 | 42117435 Disk Bijonu/Civatası | ESB 640 10 Disk Bijonu/Civatası | Disk Bijonu Iveco Eurocargo Stralis Arka","https://www.frenciniz.com/urun/308/disk-bijonu-iveco-eurocargo-stralis-arka-oem-42117435-esb-640-10-ekersan","168","164.94"
"63","782","ABS Sensörü/Modülü/Kablo","ABS Sensoru EBS Modulator VOLVO RENAULT 440 ABS DİŞLİSİ / ARKA OEM 20424109 EYD 91 15","Volvo FH ABS Sensörü/Modülü/Kablo | Volvo FH 20424109 | 20424109 ABS Sensörü/Modülü/Kablo | EYD 91 15 ABS Sensörü/Modülü/Kablo | VOLVO RENAULT 440 ABS DİŞLİSİ / ARKA","https://www.frenciniz.com/urun/782/abs-sensoru-ebs-modulator-volvo-renault-440-abs-dislisi-arka-oem-20424109-eyd-91-15-ekersan","159","475.2"
"63","792","ABS Sensörü/Modülü/Kablo","ABS Sensoru EBS Modulator 126*156.5*7.8 BPW ABS DİŞLİSİ ÇELİK OEM 0331008530S EYD 91 01","BPW dorse dingili ABS Sensörü/Modülü/Kablo | BPW dorse dingili 0331008530S | 0331008530S ABS Sensörü/Modülü/Kablo | EYD 91 01 ABS Sensörü/Modülü/Kablo | 126*156.5*7.8 BPW ABS DİŞLİSİ ÇELİK","https://www.frenciniz.com/urun/792/abs-sensoru-ebs-modulator-126-156-5-7-8-bpw-abs-dislisi-celik-oem-0331008530s-eyd-91-01-ekersan","155","488.4"
"63","931","Somun / Cıvata","Bijon Somunu ESS 180 10","Kamyon Somun / Cıvata | Kamyon ESS 180 10 | ESS 180 10 Somun / Cıvata","https://www.frenciniz.com/urun/931/bijon-somunu-ess-180-10-ekersan","150","74.09"
"63","825","Yay","Dorse Yayi Daf Arka Yay OEM (A) B4 EYD 70 06","DAF XF Yay | DAF XF (A) B4 | (A) B4 Yay | EYD 70 06 Yay | Daf Arka Yay","https://www.frenciniz.com/urun/825/dorse-yayi-daf-arka-yay-oem-a-b4-eyd-70-06-ekersan","139","105.6"
"63","1014","Kaliper Toz Lastiği","Kaliper Toz Lastiği Tamir Takımı (Ø 74 mm) OEM 0980102630 421106","Ağır vasıta kaliper sistemi Kaliper Toz Lastiği | Ağır vasıta kaliper sistemi 0980102630 | 0980102630 Kaliper Toz Lastiği | 421106 Kaliper Toz Lastiği | Kaliper Toz Lastiği Tamir Takımı (Ø 74 mm)","https://www.frenciniz.com/urun/1014/kaliper-toz-lastigi-tamir-takimi-74-mm-oem-0980102630-421106-ekersan","132","369.6"
"63","830","Yay","FREN YAYI VABİS BÜYÜK OEM (A) C4 EYD 70 03-1","Dorse Yay | Dorse (A) C4 | (A) C4 Yay | EYD 70 03-1 Yay | FREN YAYI VABİS BÜYÜK","https://www.frenciniz.com/urun/830/fren-yayi-vabis-buyuk-oem-a-c4-eyd-70-03-1-ekersan","103","92.4"
"63","544","Fren Kampanası","Fren Kampanası WABCO ABS EBS 100 OEM ATF 5030 EF-4410328090","WABCO ABS/EBS sistemi Fren Kampanası | WABCO ABS/EBS sistemi ATF 5030 | ATF 5030 Fren Kampanası | EF-4410328090 Fren Kampanası | Fren Kampanası WABCO ABS EBS 100","https://www.frenciniz.com/urun/544/fren-kampanasi-wabco-abs-ebs-100-oem-atf-5030-ef-4410328090-ekersan","98","495"
"63","942","Somun / Cıvata","Döner Pullu Somun ESS 024 11 L SKU ESS 024 11-L","Kamyon Somun / Cıvata | Kamyon ESS 024 11-L | ESS 024 11-L Somun / Cıvata | Döner Pullu Somun ESS 024 11 L","https://www.frenciniz.com/urun/942/doner-pullu-somun-ess-024-11-l-sku-ess-024-11-l-ekersan","90","74.09"
"63","824","Yay","Dorse Yayi RENAULT MAGNUM TIR FREN YAY OEM (A) B4 EYD 70 10","Renault Trucks Premium Yay | Renault Trucks Premium (A) B4 | (A) B4 Yay | EYD 70 10 Yay | RENAULT MAGNUM TIR FREN YAY","https://www.frenciniz.com/urun/824/dorse-yayi-renault-magnum-tir-fren-yay-oem-a-b4-eyd-70-10-ekersan","80","99"
"63","789","ABS Sensörü/Modülü/Kablo","ABS Sensoru EBS Modulator DAF ABS DİŞLİSİ / ÖN OEM 1805821 EYD 91 06","DAF XF ABS Sensörü/Modülü/Kablo | DAF XF 1805821 | 1805821 ABS Sensörü/Modülü/Kablo | EYD 91 06 ABS Sensörü/Modülü/Kablo | DAF ABS DİŞLİSİ / ÖN","https://www.frenciniz.com/urun/789/abs-sensoru-ebs-modulator-daf-abs-dislisi-on-oem-1805821-eyd-91-06-ekersan","79","217.8"
"63","864","Yay","CARGO 3230-3430 YM FREN YAYI OEM (A) B4 EYD 20 09","Ford Cargo Yay | Ford Cargo (A) B4 | (A) B4 Yay | EYD 20 09 Yay | CARGO 3230-3430 YM FREN YAYI","https://www.frenciniz.com/urun/864/cargo-3230-3430-ym-fren-yayi-oem-a-b4-eyd-20-09-ekersan","70","79.2"
"63","788","ABS Sensörü/Modülü/Kablo","ABS Sensoru EBS Modulator AXOR Y.M ABS DİŞLİSİ / ÖN OEM 9433340115 EYD 91 09-1","Mercedes-Benz Axor ABS Sensörü/Modülü/Kablo | Mercedes-Benz Axor 9433340115 | 9433340115 ABS Sensörü/Modülü/Kablo | EYD 91 09-1 ABS Sensörü/Modülü/Kablo | AXOR Y.M ABS DİŞLİSİ / ÖN","https://www.frenciniz.com/urun/788/abs-sensoru-ebs-modulator-axor-y-m-abs-dislisi-on-oem-9433340115-eyd-91-09-1-ekersan","66","264"
"63","785","ABS Sensörü/Modülü/Kablo","ABS Sensoru EBS Modulator SAF DORSE ABS DİŞLİSİ OEM 4029106300 EYD 91 11","SAF dorse dingili ABS Sensörü/Modülü/Kablo | SAF dorse dingili 4029106300 | 4029106300 ABS Sensörü/Modülü/Kablo | EYD 91 11 ABS Sensörü/Modülü/Kablo | SAF DORSE ABS DİŞLİSİ","https://www.frenciniz.com/urun/785/abs-sensoru-ebs-modulator-saf-dorse-abs-dislisi-oem-4029106300-eyd-91-11-ekersan","65","217.8"
"63","935","Somun / Cıvata","Bijon Somunu ESS 131 10","Kamyon Somun / Cıvata | Kamyon ESS 131 10 | ESS 131 10 Somun / Cıvata","https://www.frenciniz.com/urun/935/bijon-somunu-ess-131-10-ekersan","62","60.2"
"63","816","Yay","ISUZU TURKUAZ FREN YAYI OEM (A) B4 EYD 70 55","Isuzu Novo Yay | Isuzu Novo (A) B4 | (A) B4 Yay | EYD 70 55 Yay | ISUZU TURKUAZ FREN YAYI","https://www.frenciniz.com/urun/816/isuzu-turkuaz-fren-yayi-oem-a-b4-eyd-70-55-ekersan","60","46.2"
"63","839","Yay","AS 600 DODGE ARKA FREN YAYI ORJİNAL 23 CM OEM (A) C4 EYD 30 01","BMC Probus Yay | BMC Probus (A) C4 | (A) C4 Yay | EYD 30 01 Yay | AS 600 DODGE ARKA FREN YAYI ORJİNAL 23 CM","https://www.frenciniz.com/urun/839/as-600-dodge-arka-fren-yayi-orjinal-23-cm-oem-a-c4-eyd-30-01-ekersan","60","85.8"
"63","871","Yay","ÖZKOÇ DORSE YAYI OEM (A) A4 EYD 10 11","Dorse / treyler Yay | Dorse / treyler (A) A4 | (A) A4 Yay | EYD 10 11 Yay | ÖZKOÇ DORSE YAYI","https://www.frenciniz.com/urun/871/ozkoc-dorse-yayi-oem-a-a4-eyd-10-11-ekersan","60","105.6"
"63","838","Yay","Dorse Yayi AS 900 ARKA YAY ORJİNAL OEM (A) C4 EYD 30 05","BMC Probus Yay | BMC Probus (A) C4 | (A) C4 Yay | EYD 30 05 Yay | AS 900 ARKA YAY ORJİNAL","https://www.frenciniz.com/urun/838/dorse-yayi-as-900-arka-yay-orjinal-oem-a-c4-eyd-30-05-ekersan","56","85.8"
"63","786","ABS Sensörü/Modülü/Kablo","ABS Sensoru EBS Modulator AXOR ABS DİŞLİSİ ARKA Y-M OEM 9423560515 EYD 91 10-1","Mercedes-Benz Axor ABS Sensörü/Modülü/Kablo | Mercedes-Benz Axor 9423560515 | 9423560515 ABS Sensörü/Modülü/Kablo | EYD 91 10-1 ABS Sensörü/Modülü/Kablo | AXOR ABS DİŞLİSİ ARKA Y-M","https://www.frenciniz.com/urun/786/abs-sensoru-ebs-modulator-axor-abs-dislisi-arka-y-m-oem-9423560515-eyd-91-10-1-ekersan","50","303.6"
"63","528","Kaliper Ayar Mekanizması","Yaylı Sabit Ayar Mekanizması OEM CKSK.10.1 CH1030","Knorr-Bremse SB/SN/SK kaliper sistemi Kaliper Ayar Mekanizması | Knorr-Bremse SB/SN/SK kaliper sistemi CKSK.10.1 | CKSK.10.1 Kaliper Ayar Mekanizması | CH1030 Kaliper Ayar Mekanizması | Yaylı Sabit Ayar Mekanizması","https://www.frenciniz.com/urun/528/yayli-sabit-ayar-mekanizmasi-oem-cksk-10-1-ch1030-ekersan","49","208.56"
"63","547","Dingil","117*158*17,80 BPW DİNGİL YM TIRNAKLI OEM 0256647400 CDF-88029","BPW dorse dingili Dingil | BPW dorse dingili 0256647400 | 0256647400 Dingil | CDF-88029 Dingil | 117*158*17,80 BPW DİNGİL YM TIRNAKLI","https://www.frenciniz.com/urun/547/117-158-17-80-bpw-dingil-ym-tirnakli-oem-0256647400-cdf-88029-ekersan","40","17.49"
"63","820","Yay","TIR ASKI YAYI OEM (A) C4 EYD 70 18","Dorse Yay | Dorse (A) C4 | (A) C4 Yay | EYD 70 18 Yay | TIR ASKI YAYI","https://www.frenciniz.com/urun/820/tir-aski-yayi-oem-a-c4-eyd-70-18-ekersan","40","52.8"
"63","790","ABS Sensörü/Modülü/Kablo","ABS Sensoru EBS Modulator BPW ABS DİŞLİSİ Y.M SAÇ OEM 03.3100.84.41 EYD 91 03","BPW dorse dingili ABS Sensörü/Modülü/Kablo | BPW dorse dingili 03.3100.84.41 | 03.3100.84.41 ABS Sensörü/Modülü/Kablo | EYD 91 03 ABS Sensörü/Modülü/Kablo | BPW ABS DİŞLİSİ Y.M SAÇ","https://www.frenciniz.com/urun/790/abs-sensoru-ebs-modulator-bpw-abs-dislisi-y-m-sac-oem-03-3100-84-41-eyd-91-03-ekersan","35","303.6"
"63","654","ABS Sensörü/Modülü/Kablo","ABS Sensoru EBS Modulator SAF ABS DİŞLİSİ YENİ MODEL 100 DİŞ SAÇ BÜYÜK OEM 4029108100 EYD 91 22","SAF dorse dingili ABS Sensörü/Modülü/Kablo | SAF dorse dingili 4029108100 | 4029108100 ABS Sensörü/Modülü/Kablo | EYD 91 22 ABS Sensörü/Modülü/Kablo | SAF ABS DİŞLİSİ YENİ MODEL 100 DİŞ SAÇ BÜYÜK","https://www.frenciniz.com/urun/654/abs-sensoru-ebs-modulator-saf-abs-dislisi-yeni-model-100-dis-sac-buyuk-oem-4029108100-eyd-91-22","30","237.6"
"63","829","Yay","TIRSAN DORSE KÜÇÜK YAY 25 CM OEM (A) C4 EYD 70 04","Tırsan dorse Yay | Tırsan dorse (A) C4 | (A) C4 Yay | EYD 70 04 Yay | TIRSAN DORSE KÜÇÜK YAY 25 CM","https://www.frenciniz.com/urun/829/tirsan-dorse-kucuk-yay-25-cm-oem-a-c4-eyd-70-04-ekersan","22","85.8"
"63","777","ABS Sensörü/Modülü/Kablo","ABS Sensoru EBS Modulator SCANIA ABS DİŞLİSİ ÖN SAÇ OEM 1442300 EYD 91 27","Scania P/G/R serisi ABS Sensörü/Modülü/Kablo | Scania P/G/R serisi 1442300 | 1442300 ABS Sensörü/Modülü/Kablo | EYD 91 27 ABS Sensörü/Modülü/Kablo | SCANIA ABS DİŞLİSİ ÖN SAÇ","https://www.frenciniz.com/urun/777/abs-sensoru-ebs-modulator-scania-abs-dislisi-on-sac-oem-1442300-eyd-91-27-ekersan","21","231"
"58","136","Fren Kampanası","Fren Kampanası Ford Cargo Ön 2520 OEM 85DB1125AB ESK 040 06","Ford Cargo Fren Kampanası | Ford Cargo 85DB1125AB | 85DB1125AB Fren Kampanası | ESK 040 06 Fren Kampanası | Fren Kampanası Ford Cargo Ön 2520","https://www.frenciniz.com/urun/136/fren-kampanasi-ford-cargo-on-2520-oem-85db1125ab-esk-040-06-ekersan","19","5370.65"
"58","155","Fren Kampanası","Fren Kampanası Mercedes Actros Axor 2521-2524 OEM 6174230201 ESK 010 12","Mercedes-Benz Actros Fren Kampanası | Mercedes-Benz Actros 6174230201 | 6174230201 Fren Kampanası | ESK 010 12 Fren Kampanası | Fren Kampanası Mercedes Actros Axor 2521-2524","https://www.frenciniz.com/urun/155/fren-kampanasi-mercedes-actros-axor-2521-2524-oem-6174230201-esk-010-12-ekersan","19","5360.02"
"58","448","Süspansiyon Körüğü","Suspansiyon Korugu Pistonsuz Körük 424705 S01 OEM 81436010155 424705.S01","Dorse Süspansiyon Körüğü | Dorse 81436010155 | 81436010155 Süspansiyon Körüğü | 424705.S01 Süspansiyon Körüğü | Pistonsuz Körük 424705 S01","https://www.frenciniz.com/urun/448/suspansiyon-korugu-pistonsuz-koruk-424705-s01-oem-81436010155-424705-s01-ekersan","19","2277"
"58","473","ABS Sensörü/Modülü/Kablo","ABS SENSÖRÜ DÜZ ARKA SAĞ YENİ MODEL ACTROS AROX EURO6 OEM 0075422018 EF-4410323960","Mercedes-Benz Actros ABS Sensörü/Modülü/Kablo | Mercedes-Benz Actros 0075422018 | 0075422018 ABS Sensörü/Modülü/Kablo | EF-4410323960 ABS Sensörü/Modülü/Kablo | ABS SENSÖRÜ DÜZ ARKA SAĞ YENİ MODEL ACTROS AROX EURO6","https://www.frenciniz.com/urun/473/abs-sensoru-duz-arka-sag-yeni-model-actros-arox-euro6-oem-0075422018-ef-4410323960-ekersan","19","792"
"58","47","Otomatik Fren Cırcırı","Otomatik Fren Cırcırı Renault Midlum Premium Magnum OEM 5010098832 ESC 79439","Renault Trucks Midlum Otomatik Fren Cırcırı | Renault Trucks Midlum 5010098832 | 5010098832 Otomatik Fren Cırcırı | ESC 79439 Otomatik Fren Cırcırı | Otomatik Fren Cırcırı Renault Midlum Premium Magnum","https://www.frenciniz.com/urun/47/otomatik-fren-circiri-renault-midlum-premium-magnum-oem-5010098832-esc-79439-ekersan","18","1452"
"58","130","Fren Kampanası","Fren Kampanası BMC Probus Profesyonel Fatih Pro Arka 950 OEM 23504 T ESK 050 03","BMC Probus Fren Kampanası | BMC Probus 23504 T | 23504 T Fren Kampanası | ESK 050 03 Fren Kampanası | Fren Kampanası BMC Probus Profesyonel Fatih Pro Arka 950","https://www.frenciniz.com/urun/130/fren-kampanasi-bmc-probus-profesyonel-fatih-pro-arka-950-oem-23504-t-esk-050-03-ekersan","18","5583.35"
"58","704","Süspansiyon Körüğü","Süspansiyon Körüğü Renault Premium Magnum Kerax Midlum OEM 5001855856 424915.S","Renault Trucks Premium Süspansiyon Körüğü | Renault Trucks Premium 5001855856 | 5001855856 Süspansiyon Körüğü | 424915.S Süspansiyon Körüğü | Süspansiyon Körüğü Renault Premium Magnum Kerax Midlum","https://www.frenciniz.com/urun/704/suspansiyon-korugu-renault-premium-magnum-kerax-midlum-oem-5001855856-424915-s-ekersan","18","2640"
"58","48","Otomatik Fren Cırcırı","Otomatik Fren Cırcırı Renault Midlum Premium Magnum OEM 72740 ESC 79438","Renault Trucks Midlum Otomatik Fren Cırcırı | Renault Trucks Midlum 72740 | 72740 Otomatik Fren Cırcırı | ESC 79438 Otomatik Fren Cırcırı | Otomatik Fren Cırcırı Renault Midlum Premium Magnum","https://www.frenciniz.com/urun/48/otomatik-fren-circiri-renault-midlum-premium-magnum-oem-72740-esc-79438-ekersan","16","1452"
"58","132","Fren Kampanası","Fren Kampanası Ford Cargo Arka 4142-4136-4139-3936 3536 OEM 9C461126AD ESK 040 13","Ford Cargo Fren Kampanası | Ford Cargo 9C461126AD | 9C461126AD Fren Kampanası | ESK 040 13 Fren Kampanası | Fren Kampanası Ford Cargo Arka 4142-4136-4139-3936 3536","https://www.frenciniz.com/urun/132/fren-kampanasi-ford-cargo-arka-4142-4136-4139-3936-3536-oem-9c461126ad-esk-040-13-ekersan","16","7423.2"
"58","274","Fren Kampanası","Fren Kampanası ESK 060 14 OEM 2479852","Kamyon Fren Kampanası | Kamyon 2479852 | 2479852 Fren Kampanası | ESK 060 14 Fren Kampanası | Fren Kampanası ESK 060 14","https://www.frenciniz.com/urun/274/fren-kampanasi-esk-060-14-oem-2479852-ekersan","16","5434.2"
"58","409","Fren Cırcırı","Fren Cırcırı DAF XF CF OEM 755617 ESC 72855","DAF XF Fren Cırcırı | DAF XF 755617 | 755617 Fren Cırcırı | ESC 72855 Fren Cırcırı | Fren Cırcırı DAF XF CF","https://www.frenciniz.com/urun/409/fren-circiri-daf-xf-cf-oem-755617-esc-72855-ekersan","16","1452"
"58","410","Fren Cırcırı","Fren Cırcırı DAF XF CF OEM 755616 ESC 72854","DAF XF Fren Cırcırı | DAF XF 755616 | 755616 Fren Cırcırı | ESC 72854 Fren Cırcırı | Fren Cırcırı DAF XF CF","https://www.frenciniz.com/urun/410/fren-circiri-daf-xf-cf-oem-755616-esc-72854-ekersan","16","1452"
"58","511","Kaliper Kapak/Conta","Kaliper Mekanizma Ve Kapak Seti OEM 20-2606 CH2225","Ağır vasıta kaliper sistemi Kaliper Kapak/Conta | Ağır vasıta kaliper sistemi 20-2606 | 20-2606 Kaliper Kapak/Conta | CH2225 Kaliper Kapak/Conta | Kaliper Mekanizma Ve Kapak Seti","https://www.frenciniz.com/urun/511/kaliper-mekanizma-ve-kapak-seti-oem-20-2606-ch2225-ekersan","16","5718.24"
"58","732","Fren Balatası","Fren Balatası Volvo FH FH12 FM FL 420 OEM 29125 PWR-5008","Volvo FH Fren Balatası | Volvo FH 29125 | 29125 Fren Balatası | PWR-5008 Fren Balatası | Fren Balatası Volvo FH FH12 FM FL 420","https://www.frenciniz.com/urun/732/fren-balatasi-volvo-fh-fh12-fm-fl-420-oem-29125-pwr-5008-ekersan","16","2555.52"
"58","1017","Fren Balatası","Fren Balatasi Disk Balatası MAN TGA TGS TGX OEM 29279 42325/1-300","MAN TGA Fren Balatası | MAN TGA 29279 | 29279 Fren Balatası | 42325/1-300 Fren Balatası | Disk Balatası MAN TGA TGS TGX","https://www.frenciniz.com/urun/1017/fren-balatasi-disk-balatasi-man-tga-tgs-tgx-oem-29279-42325-1-300-ekersan","16","2059.2"
"58","19","Otomatik Fren Cırcırı","Otomatik Fren Cırcırı Renault Midlum Premium Magnum OEM 72318 ESC 79167","Renault Trucks Midlum Otomatik Fren Cırcırı | Renault Trucks Midlum 72318 | 72318 Otomatik Fren Cırcırı | ESC 79167 Otomatik Fren Cırcırı | Otomatik Fren Cırcırı Renault Midlum Premium Magnum","https://www.frenciniz.com/urun/19/otomatik-fren-circiri-renault-midlum-premium-magnum-oem-72318-esc-79167-ekersan","15","1452"
"58","78","Fren Kampanası","Fren Kampanası BPW ECOPlus OEM 310946060-310946070 ESK 161 01","BPW dorse dingili Fren Kampanası | BPW dorse dingili 310946060-310946070 | 310946060-310946070 Fren Kampanası | ESK 161 01 Fren Kampanası | Fren Kampanası BPW ECOPlus","https://www.frenciniz.com/urun/78/fren-kampanasi-bpw-ecoplus-oem-310946060-310946070-esk-161-01-ekersan","15","4413.51"
"58","117","Fren Kampanası","Fren Kampanası Mitsubishi Canter Fuso Isuzu NPR NQR OEM MK 321338 ESK 080 05","Mitsubishi Canter Fren Kampanası | Mitsubishi Canter MK 321338 | MK 321338 Fren Kampanası | ESK 080 05 Fren Kampanası | Fren Kampanası Mitsubishi Canter Fuso Isuzu NPR NQR","https://www.frenciniz.com/urun/117/fren-kampanasi-mitsubishi-canter-fuso-isuzu-npr-nqr-oem-mk-321338-esk-080-05-ekersan","15","3020.33"
"58","273","Fren Kampanası","Fren Kampanası ESK 060 52 OEM 7183048","Kamyon Fren Kampanası | Kamyon 7183048 | 7183048 Fren Kampanası | ESK 060 52 Fren Kampanası | Fren Kampanası ESK 060 52","https://www.frenciniz.com/urun/273/fren-kampanasi-esk-060-52-oem-7183048-ekersan","15","8063.23"
"58","5","Otomatik Fren Cırcırı","Otomatik Fren Cırcırı Renault Midlum Premium Magnum OEM 5010098860 ESC 79444","Renault Trucks Midlum Otomatik Fren Cırcırı | Renault Trucks Midlum 5010098860 | 5010098860 Otomatik Fren Cırcırı | ESC 79444 Otomatik Fren Cırcırı | Otomatik Fren Cırcırı Renault Midlum Premium Magnum","https://www.frenciniz.com/urun/5/otomatik-fren-circiri-renault-midlum-premium-magnum-oem-5010098860-esc-79444-ekersan","14","1452"
"58","39","Fren Kampanası","Fren Kampanası Mitsubishi Canter Fuso Isuzu NPR NQR Arka 304 515 OEM MB 060500 ESK 080 08","Mitsubishi Canter Fren Kampanası | Mitsubishi Canter MB 060500 | MB 060500 Fren Kampanası | ESK 080 08 Fren Kampanası | Fren Kampanası Mitsubishi Canter Fuso Isuzu NPR NQR Arka 304 515","https://www.frenciniz.com/urun/39/fren-kampanasi-mitsubishi-canter-fuso-isuzu-npr-nqr-arka-304-515-oem-mb-060500-esk-080-08","14","2424.77"
"58","77","Fren Kampanası","Fren Kampanası Ford Cargo OEM 9C46-1126-AG ESK 040 16","Ford Cargo Fren Kampanası | Ford Cargo 9C46-1126-AG | 9C46-1126-AG Fren Kampanası | ESK 040 16 Fren Kampanası | Fren Kampanası Ford Cargo","https://www.frenciniz.com/urun/77/fren-kampanasi-ford-cargo-oem-9c46-1126-ag-esk-040-16-ekersan","14","7274.31"
"58","147","Fren Kampanası","Fren Kampanası BMC Probus Profesyonel Fatih Pro 200 OEM 5K 18782 ESK 030 04","BMC Probus Fren Kampanası | BMC Probus 5K 18782 | 5K 18782 Fren Kampanası | ESK 030 04 Fren Kampanası | Fren Kampanası BMC Probus Profesyonel Fatih Pro 200","https://www.frenciniz.com/urun/147/fren-kampanasi-bmc-probus-profesyonel-fatih-pro-200-oem-5k-18782-esk-030-04-ekersan","14","6274.62"
"58","400","Otomatik Fren Cırcırı","Otomatik Fren Cırcırı Renault Midlum Premium Magnum OEM 5010260117-79077 ESC 79460","Renault Trucks Midlum Otomatik Fren Cırcırı | Renault Trucks Midlum 5010260117-79077 | 5010260117-79077 Otomatik Fren Cırcırı | ESC 79460 Otomatik Fren Cırcırı | Otomatik Fren Cırcırı Renault Midlum Premium Magnum","https://www.frenciniz.com/urun/400/otomatik-fren-circiri-renault-midlum-premium-magnum-oem-5010260117-79077-esc-79460-ekersan","14","1452"
"58","658","Fren Balatası","Fren Balatasi Disk Balatası Mercedes Actros Axor OEM 29042 42182/2-300","Mercedes-Benz Actros/Axor Fren Balatası | Mercedes-Benz Actros/Axor 29042 | 29042 Fren Balatası | 42182/2-300 Fren Balatası | Disk Balatası Mercedes Actros Axor","https://www.frenciniz.com/urun/658/fren-balatasi-disk-balatasi-mercedes-actros-axor-oem-29042-42182-2-300-ekersan","14","2534.4"
"58","901","Süspansiyon Körüğü","Süspansiyon Körüğü Volvo FH FM FL OEM 20757541 424915.C","Volvo FH Süspansiyon Körüğü | Volvo FH 20757541 | 20757541 Süspansiyon Körüğü | 424915.C Süspansiyon Körüğü | Süspansiyon Körüğü Volvo FH FM FL","https://www.frenciniz.com/urun/901/suspansiyon-korugu-volvo-fh-fm-fl-oem-20757541-424915-c-ekersan","14","4026"
"58","45","Otomatik Fren Cırcırı","Otomatik Fren Cırcırı Renault Premium Magnum Kerax Midlum OEM 4W2230-KB2230-RV 44059-5010056686-5010056686-5000789893-6310025-6310025...","Renault Trucks Premium Otomatik Fren Cırcırı | Renault Trucks Premium 4W2230-KB2230-RV 44059-5010056686-5010056686-5000789893-6310025-6310025- 72161-14544-14607 | 4W2230-KB2230-RV 44059-5010056686-5010056686-5000789893-6310025-6310025- 72161-14544-14607 Otomatik Fren Cırcırı | ESC 79164 Otomatik Fren Cırcırı | Otomatik Fren Cırcırı Renault Premium Magnum Kerax Midlum","https://www.frenciniz.com/urun/45/otomatik-fren-circiri-renault-premium-magnum-kerax-midlum-oem-4w2230-kb2230-rv-ekersan","13","1452"
"58","46","Otomatik Fren Cırcırı","Otomatik Fren Cırcırı Renault Premium Magnum Kerax Midlum OEM 14608 ESC 79163","Renault Trucks Premium Otomatik Fren Cırcırı | Renault Trucks Premium 14608 | 14608 Otomatik Fren Cırcırı | ESC 79163 Otomatik Fren Cırcırı | Otomatik Fren Cırcırı Renault Premium Magnum Kerax Midlum","https://www.frenciniz.com/urun/46/otomatik-fren-circiri-renault-premium-magnum-kerax-midlum-oem-14608-esc-79163-ekersan","13","1452"
"58","553","Fren Körüğü","Fren Körüğü Disk imdatlı körüğü Kampana imdatlı körüğü körüğü OEM 03.130.00.188 ARF 16/24 D/D","Dorse / treyler Fren Körüğü | Dorse / treyler 03.130.00.188 | 03.130.00.188 Fren Körüğü | ARF 16/24 D/D Fren Körüğü | Fren Körüğü Disk imdatlı körüğü Kampana imdatlı körüğü körüğü","https://www.frenciniz.com/urun/553/fren-korugu-disk-imdatli-korugu-kampana-imdatli-korugu-korugu-oem-03-130-00-188-arf-16-24-d-d","13","2970"
"58","984","Kaliper Ayar Mekanizması","Fren Ayar Mekanizması (Sağ) OEM 5001868118 425101","Kamyon Kaliper Ayar Mekanizması | Kamyon 5001868118 | 5001868118 Kaliper Ayar Mekanizması | 425101 Kaliper Ayar Mekanizması | Fren Ayar Mekanizması (Sağ)","https://www.frenciniz.com/urun/984/fren-ayar-mekanizmasi-sag-oem-5001868118-425101-ekersan","13","640.2"
"58","23","Fren Kampanası","Fren Kampanası BPW ECOPlus OEM 310977340 ESK 230 28","BPW dorse dingili Fren Kampanası | BPW dorse dingili 310977340 | 310977340 Fren Kampanası | ESK 230 28 Fren Kampanası | Fren Kampanası BPW ECOPlus","https://www.frenciniz.com/urun/23/fren-kampanasi-bpw-ecoplus-oem-310977340-esk-230-28-ekersan","12","6004.6"
"58","116","Fren Kampanası","Fren Kampanası Mitsubishi Canter Fuso Isuzu NPR NQR Ön Arka 449 OEM MC 112024 ESK 080 06","Mitsubishi Canter Fren Kampanası | Mitsubishi Canter MC 112024 | MC 112024 Fren Kampanası | ESK 080 06 Fren Kampanası | Fren Kampanası Mitsubishi Canter Fuso Isuzu NPR NQR Ön Arka 449","https://www.frenciniz.com/urun/116/fren-kampanasi-mitsubishi-canter-fuso-isuzu-npr-nqr-on-arka-449-oem-mc-112024-esk-080-06-ekersan","12","3020.33"
"58","144","Fren Kampanası","Fren Kampanası BMC Probus Profesyonel Fatih Pro 170 OEM 5K 56770 ESK 030 11","BMC Probus Fren Kampanası | BMC Probus 5K 56770 | 5K 56770 Fren Kampanası | ESK 030 11 Fren Kampanası | Fren Kampanası BMC Probus Profesyonel Fatih Pro 170","https://www.frenciniz.com/urun/144/fren-kampanasi-bmc-probus-profesyonel-fatih-pro-170-oem-5k-56770-esk-030-11-ekersan","12","6274.62"
"58","513","Kaliper Perno Tamir Takımı","ELSA195-225 PERNO TM TK (TEK ÇİZGİLİ) OEM CMSK.7.1 CH2210","Meritor ELSA/DUCO kaliper sistemi Kaliper Perno Tamir Takımı | Meritor ELSA/DUCO kaliper sistemi CMSK.7.1 | CMSK.7.1 Kaliper Perno Tamir Takımı | CH2210 Kaliper Perno Tamir Takımı | ELSA195-225 PERNO TM TK (TEK ÇİZGİLİ)","https://www.frenciniz.com/urun/513/elsa195-225-perno-tm-tk-tek-cizgili-oem-cmsk-7-1-ch2210-ekersan","12","3306.6"
"58","519","Lastik","Lastik Körük Lastiği Mercedes Actros Axor 69 mm OEM K001300 CH1127","Mercedes-Benz Actros Lastik | Mercedes-Benz Actros K001300 | K001300 Lastik | CH1127 Lastik | Körük Lastiği Mercedes Actros Axor 69 mm","https://www.frenciniz.com/urun/519/lastik-koruk-lastigi-mercedes-actros-axor-69-mm-oem-k001300-ch1127-ekersan","12","831.6"
"58","594","Fren Balatası","Fren Balatasi Disk Balatası Knorr WABCO Meritor OEM 29403 PWR-5042","Ağır vasıta disk fren balata sistemi Fren Balatası | Ağır vasıta disk fren balata sistemi 29403 | 29403 Fren Balatası | PWR-5042 Fren Balatası | Disk Balatası Knorr WABCO Meritor","https://www.frenciniz.com/urun/594/fren-balatasi-disk-balatasi-knorr-wabco-meritor-oem-29403-pwr-5042-ekersan","12","3292.48"
"58","711","Fren Balatası","Fren Balatasi Disk Balatası Knorr WABCO Meritor OEM 29256 PWR-5030","Ağır vasıta disk fren balata sistemi Fren Balatası | Ağır vasıta disk fren balata sistemi 29256 | 29256 Fren Balatası | PWR-5030 Fren Balatası | Disk Balatası Knorr WABCO Meritor","https://www.frenciniz.com/urun/711/fren-balatasi-disk-balatasi-knorr-wabco-meritor-oem-29256-pwr-5030-ekersan","12","1746.89"
"58","721","Fren Balatası","Fren Balatası Renault Premium Magnum Kerax Midlum Ön Arka 220 OEM 29141 PWR-5019","Renault Trucks Premium Fren Balatası | Renault Trucks Premium 29141 | 29141 Fren Balatası | PWR-5019 Fren Balatası | Fren Balatası Renault Premium Magnum Kerax Midlum Ön Arka 220","https://www.frenciniz.com/urun/721/fren-balatasi-renault-premium-magnum-kerax-midlum-on-arka-220-oem-29141-pwr-5019-ekersan","12","2239.38"
"58","726","Fren Balatası","Fren Balatası Mercedes Actros Axor 440 OEM 29173 PWR-5014","Volvo FH Fren Balatası | Volvo FH 29173 | 29173 Fren Balatası | PWR-5014 Fren Balatası | Fren Balatası Mercedes Actros Axor 440","https://www.frenciniz.com/urun/726/fren-balatasi-mercedes-actros-axor-440-oem-29173-pwr-5014-ekersan","12","2208.62"
"58","904","Süspansiyon Körüğü","Süspansiyon Körüğü 424912 S10 OEM (B) L1 424912.S10","Dorse Süspansiyon Körüğü | Dorse (B) L1 | (B) L1 Süspansiyon Körüğü | 424912.S10 Süspansiyon Körüğü | Süspansiyon Körüğü 424912 S10","https://www.frenciniz.com/urun/904/suspansiyon-korugu-424912-s10-oem-b-l1-424912-s10-ekersan","12","2508"
"58","34","Fren Kampanası","Fren Kampanası ESK 160 62","Dorse / treyler Fren Kampanası | Dorse / treyler ESK 160 62 | ESK 160 62 Fren Kampanası","https://www.frenciniz.com/urun/34/fren-kampanasi-esk-160-62-ekersan","11","4977.16"
"58","70","Fren Kampanası","Fren Kampanası Meritor ROR 360 SKU ESK 160 42","ROR dorse dingili Fren Kampanası | ROR dorse dingili ESK 160 42 | ESK 160 42 Fren Kampanası | Fren Kampanası Meritor ROR 360","https://www.frenciniz.com/urun/70/fren-kampanasi-meritor-ror-360-sku-esk-160-42-ekersan","11","4509.22"
"58","90","Fren Kampanası","Fren Kampanası ESK 161 02","Dorse / treyler Fren Kampanası | Dorse / treyler ESK 161 02 | ESK 161 02 Fren Kampanası","https://www.frenciniz.com/urun/90/fren-kampanasi-esk-161-02-ekersan","11","4413.51"
"58","415","Otomatik Fren Cırcırı","Otomatik Fren Cırcırı ESC 72688 OEM 159589","kamyon Otomatik Fren Cırcırı | kamyon 159589 | 159589 Otomatik Fren Cırcırı | ESC 72688 Otomatik Fren Cırcırı | Otomatik Fren Cırcırı ESC 72688","https://www.frenciniz.com/urun/415/otomatik-fren-circiri-esc-72688-oem-159589-ekersan","11","1452"
"58","467","Fren Körüğü","Fren Körüğü Disk imdatlı körüğü Kampana imdatlı körüğü körüğü OEM 23.624.24.22 ARF 24/24 D/P","Disk fren imdatlı fren körüğü Fren Körüğü | Disk fren imdatlı fren körüğü 23.624.24.22 | 23.624.24.22 Fren Körüğü | ARF 24/24 D/P Fren Körüğü | Fren Körüğü Disk imdatlı körüğü Kampana imdatlı körüğü körüğü","https://www.frenciniz.com/urun/467/fren-korugu-disk-imdatli-korugu-kampana-imdatli-korugu-korugu-oem-23-624-24-22-arf-24-24-d-p","11","5940"
"58","614","Süspansiyon Körüğü","Süspansiyon Körüğü Volvo FH FH12 FM FL OEM 20582213S 426420.S","Volvo FH Süspansiyon Körüğü | Volvo FH 20582213S | 20582213S Süspansiyon Körüğü | 426420.S Süspansiyon Körüğü | Süspansiyon Körüğü Volvo FH FH12 FM FL","https://www.frenciniz.com/urun/614/suspansiyon-korugu-volvo-fh-fh12-fm-fl-oem-20582213s-426420-s-ekersan","11","1716"
"58","667","Süspansiyon Körüğü","Suspansiyon Korugu Pistonsuz Körük 42836 S2 OEM 0513982 42836.S2","Dorse Süspansiyon Körüğü | Dorse 0513982 | 0513982 Süspansiyon Körüğü | 42836.S2 Süspansiyon Körüğü | Pistonsuz Körük 42836 S2","https://www.frenciniz.com/urun/667/suspansiyon-korugu-pistonsuz-koruk-42836-s2-oem-0513982-42836-s2-ekersan","11","2013"
"58","912","Süspansiyon Körüğü","Suspansiyon Korugu Komple Körük Metal Piston 424713 C02 OEM (B) K4 424713.C02","Dorse Süspansiyon Körüğü | Dorse (B) K4 | (B) K4 Süspansiyon Körüğü | 424713.C02 Süspansiyon Körüğü | Komple Körük Metal Piston 424713 C02","https://www.frenciniz.com/urun/912/suspansiyon-korugu-komple-koruk-metal-piston-424713-c02-oem-b-k4-424713-c02-ekersan","11","3036"
"58","71","Otomatik Fren Cırcırı","Otomatik Fren Cırcırı ESC 80350 OEM 80200","kamyon Otomatik Fren Cırcırı | kamyon 80200 | 80200 Otomatik Fren Cırcırı | ESC 80350 Otomatik Fren Cırcırı | Otomatik Fren Cırcırı ESC 80350","https://www.frenciniz.com/urun/71/otomatik-fren-circiri-esc-80350-oem-80200-ekersan","10","1452"
"58","75","Otomatik Fren Cırcırı","Otomatik Fren Cırcırı Renault Midlum Premium Magnum OEM 14739 ESC 79455","Renault Trucks Midlum Otomatik Fren Cırcırı | Renault Trucks Midlum 14739 | 14739 Otomatik Fren Cırcırı | ESC 79455 Otomatik Fren Cırcırı | Otomatik Fren Cırcırı Renault Midlum Premium Magnum","https://www.frenciniz.com/urun/75/otomatik-fren-circiri-renault-midlum-premium-magnum-oem-14739-esc-79455-ekersan","10","1452"
"58","103","Fren Kampanası","Fren Kampanası BPW ECOPlus 6 Delik 290 SKU ESK 160 15","BPW dorse dingili Fren Kampanası | BPW dorse dingili ESK 160 15 | ESK 160 15 Fren Kampanası | Fren Kampanası BPW ECOPlus 6 Delik 290","https://www.frenciniz.com/urun/103/fren-kampanasi-bpw-ecoplus-6-delik-290-sku-esk-160-15-ekersan","10","5296.21"
"58","138","Fren Kampanası","Fren Kampanası Ford Cargo Ön OEM 82DB1125AA ESK 040 04","Ford Cargo Fren Kampanası | Ford Cargo 82DB1125AA | 82DB1125AA Fren Kampanası | ESK 040 04 Fren Kampanası | Fren Kampanası Ford Cargo Ön","https://www.frenciniz.com/urun/138/fren-kampanasi-ford-cargo-on-oem-82db1125aa-esk-040-04-ekersan","10","5370.65"
"58","586","Kızak","Kızak KNOR TGA MAN TAŞIYICI KIZAK (ÖN-ARKA AYNI) OEM K001278 KIZAK 10512","MAN TGA Kızak | MAN TGA K001278 | K001278 Kızak | KIZAK 10512 Kızak | KNOR TGA MAN TAŞIYICI KIZAK (ÖN-ARKA AYNI)","https://www.frenciniz.com/urun/586/knor-tga-man-tasiyici-kizak-on-arka-ayni-oem-k001278-kizak-10512-ekersan","10","3960"
"58","640","Fren Balatası","Fren Balatasi Disk Balatası Scania P G R Y.M OEM 29331 PWR-5041","Scania P/G/R serisi Fren Balatası | Scania P/G/R serisi 29331 | 29331 Fren Balatası | PWR-5041 Fren Balatası | Disk Balatası Scania P G R Y.M","https://www.frenciniz.com/urun/640/fren-balatasi-disk-balatasi-scania-p-g-r-y-m-oem-29331-pwr-5041-ekersan","10","2473.68"
"58","687","Kaliper Ayar Mekanizması","DUCO AYAR MEKANİZMASI TM TK SOL OEM MCK1236 20-2431","Meritor ELSA/DUCO kaliper sistemi Kaliper Ayar Mekanizması | Meritor ELSA/DUCO kaliper sistemi MCK1236 | MCK1236 Kaliper Ayar Mekanizması | 20-2431 Kaliper Ayar Mekanizması | DUCO AYAR MEKANİZMASI TM TK SOL","https://www.frenciniz.com/urun/687/duco-ayar-mekanizmasi-tm-tk-sol-oem-mck1236-20-2431-ekersan","10","3243.24"
"58","688","Kaliper Ayar Mekanizması","DUCO AYAR MEKANİZMASI TM TK SAĞ OEM MCK1237 20-2430","Meritor ELSA/DUCO kaliper sistemi Kaliper Ayar Mekanizması | Meritor ELSA/DUCO kaliper sistemi MCK1237 | MCK1237 Kaliper Ayar Mekanizması | 20-2430 Kaliper Ayar Mekanizması | DUCO AYAR MEKANİZMASI TM TK SAĞ","https://www.frenciniz.com/urun/688/duco-ayar-mekanizmasi-tm-tk-sag-oem-mck1237-20-2430-ekersan","10","3243.24"
"58","880","Süspansiyon Körüğü","Suspansiyon Korugu Pistonsuz Körük SAF Holland OEM 0542940910 42940.S","SAF dorse dingili Süspansiyon Körüğü | SAF dorse dingili 0542940910 | 0542940910 Süspansiyon Körüğü | 42940.S Süspansiyon Körüğü | Pistonsuz Körük SAF Holland","https://www.frenciniz.com/urun/880/suspansiyon-korugu-pistonsuz-koruk-saf-holland-oem-0542940910-42940-s-ekersan","10","2046"
"58","80","Fren Kampanası","Fren Kampanası Dorse Treyler OEM AJB0465002-M003176-465002-449628-462869-7000085-3176 ESK 160 10","Dorse dingil grubu Fren Kampanası | Dorse dingil grubu AJB0465002-M003176-465002-449628-462869-7000085-3176 | AJB0465002-M003176-465002-449628-462869-7000085-3176 Fren Kampanası | ESK 160 10 Fren Kampanası | Fren Kampanası Dorse Treyler","https://www.frenciniz.com/urun/80/fren-kampanasi-dorse-treyler-oem-ajb0465002-m003176-465002-449628-462869-7000085-3176-esk-160","9","6147"
"58","262","Fren Kampanası","Fren Kampanası Fruehauf SMB OEM 6166-465001-449555-M006166-AJB0465001-A5121-A1216C-A15597-MO06166-MO68445 ESK 250 04","Dorse / treyler Fren Kampanası | Dorse / treyler 6166-465001-449555-M006166-AJB0465001-A5121-A1216C-A15597-MO06166-MO68445 | 6166-465001-449555-M006166-AJB0465001-A5121-A1216C-A15597-MO06166-MO68445 Fren Kampanası | ESK 250 04 Fren Kampanası | Fren Kampanası Fruehauf SMB","https://www.frenciniz.com/urun/262/fren-kampanasi-fruehauf-smb-oem-6166-465001-449555-m006166-ajb0465001-a5121-a1216c-a15597","9","5009.4"
"58","498","ABS Sensörü/Modülü/Kablo","ABS Sensoru EBS Modulator ABS SENSÖR DİK 250 CM AXOR SKU EF-4410329200","Mercedes-Benz Axor ABS Sensörü/Modülü/Kablo | Mercedes-Benz Axor EF-4410329200 | EF-4410329200 ABS Sensörü/Modülü/Kablo | ABS SENSÖR DİK 250 CM AXOR","https://www.frenciniz.com/urun/498/abs-sensoru-ebs-modulator-abs-sensor-dik-250-cm-axor-sku-ef-4410329200-ekersan","9","726"
"58","660","Süspansiyon Körüğü","Suspansiyon Korugu Komple Körük Metal Piston Mercedes Actros Axor OEM 9423202221 424183.C01","Mercedes-Benz Actros Süspansiyon Körüğü | Mercedes-Benz Actros 9423202221 | 9423202221 Süspansiyon Körüğü | 424183.C01 Süspansiyon Körüğü | Komple Körük Metal Piston Mercedes Actros Axor","https://www.frenciniz.com/urun/660/suspansiyon-korugu-komple-koruk-metal-piston-mercedes-actros-axor-oem-9423202221-424183-c01","9","3102"
"58","69","Fren Kampanası","Fren Kampanası Dorse Treyler 8 Delik 360 230 SKU ESK 160 43","ROR dorse dingili Fren Kampanası | ROR dorse dingili ESK 160 43 | ESK 160 43 Fren Kampanası | Fren Kampanası Dorse Treyler 8 Delik 360 230","https://www.frenciniz.com/urun/69/fren-kampanasi-dorse-treyler-8-delik-360-230-sku-esk-160-43-ekersan","8","4413.51"
"58","99","Fren Kampanası","Fren Kampanası ROR Meritor OEM 21220183 ESK 160 22","ROR dorse dingili Fren Kampanası | ROR dorse dingili 21220183 | 21220183 Fren Kampanası | ESK 160 22 Fren Kampanası | Fren Kampanası ROR Meritor","https://www.frenciniz.com/urun/99/fren-kampanasi-ror-meritor-oem-21220183-esk-160-22-ekersan","8","5625.89"
"58","684","Kaliper Tamir Takımı (Maxx22)","Kaliper Tamir Takımı (Maxx22) MAXX22 PİSTON KAPAĞI OEM 640 322 650 4 30-3688","WABCO PAN17/PAN19/PAN22 kaliper sistemi Kaliper Tamir Takımı (Maxx22) | WABCO PAN17/PAN19/PAN22 kaliper sistemi 640 322 650 4 | 640 322 650 4 Kaliper Tamir Takımı (Maxx22) | 30-3688 Kaliper Tamir Takımı (Maxx22) | MAXX22 PİSTON KAPAĞI","https://www.frenciniz.com/urun/684/kaliper-tamir-takimi-maxx22-maxx22-piston-kapagi-oem-640-322-650-4-30-3688-ekersan","8","607.2"
"58","1024","Fren Balatası","Fren Balatasi Disk Balatası Volvo FH FH12 FH16 FM OEM 29125 42242/1-290","Volvo FH Fren Balatası | Volvo FH 29125 | 29125 Fren Balatası | 42242/1-290 Fren Balatası | Disk Balatası Volvo FH FH12 FH16 FM","https://www.frenciniz.com/urun/1024/fren-balatasi-disk-balatasi-volvo-fh-fh12-fh16-fm-oem-29125-42242-1-290-ekersan","8","1980"
"58","1029","Kaliper Ayar Mekanizması","DUCO AYAR MEKANİZMASI SOL OEM MCK1111 20-2471","Meritor ELSA/DUCO kaliper sistemi Kaliper Ayar Mekanizması | Meritor ELSA/DUCO kaliper sistemi MCK1111 | MCK1111 Kaliper Ayar Mekanizması | 20-2471 Kaliper Ayar Mekanizması | DUCO AYAR MEKANİZMASI SOL","https://www.frenciniz.com/urun/1029/duco-ayar-mekanizmasi-sol-oem-mck1111-20-2471-ekersan","8","1507.44"
"58","154","Fren Kampanası","Fren Kampanası Mercedes Atego 1517 SKU ESK 010 22","Mercedes-Benz Atego Fren Kampanası | Mercedes-Benz Atego ESK 010 22 | ESK 010 22 Fren Kampanası | Fren Kampanası Mercedes Atego 1517","https://www.frenciniz.com/urun/154/fren-kampanasi-mercedes-atego-1517-sku-esk-010-22-ekersan","7","4892.08"
"58","257","Fren Kampanası","Fren Kampanası SAF Holland OEM 1064027000 ESK 290 10","SAF dorse dingili Fren Kampanası | SAF dorse dingili 1064027000 | 1064027000 Fren Kampanası | ESK 290 10 Fren Kampanası | Fren Kampanası SAF Holland","https://www.frenciniz.com/urun/257/fren-kampanasi-saf-holland-oem-1064027000-esk-290-10-ekersan","7","4724.32"
"58","630","Süspansiyon Körüğü","Süspansiyon Körüğü 42810 C1 OEM 016010 42810.C1","Dorse Süspansiyon Körüğü | Dorse 016010 | 016010 Süspansiyon Körüğü | 42810.C1 Süspansiyon Körüğü | Süspansiyon Körüğü 42810 C1","https://www.frenciniz.com/urun/630/suspansiyon-korugu-42810-c1-oem-016010-42810-c1-ekersan","7","3168"
"58","35","Fren Kampanası","Fren Kampanası BPW ECOPlus 18 cm OEM 310667620 ESK 160 18-S","BPW dorse dingili Fren Kampanası | BPW dorse dingili 310667620 | 310667620 Fren Kampanası | ESK 160 18-S Fren Kampanası | Fren Kampanası BPW ECOPlus 18 cm","https://www.frenciniz.com/urun/35/fren-kampanasi-bpw-ecoplus-18-cm-oem-310667620-esk-160-18-s-ekersan","6","4998.43"
"58","141","Fren Kampanası","Fren Kampanası BMC Probus Profesyonel Fatih Pro Arka 3000 OEM 566346 ESK 030 15","BMC Probus Fren Kampanası | BMC Probus 566346 | 566346 Fren Kampanası | ESK 030 15 Fren Kampanası | Fren Kampanası BMC Probus Profesyonel Fatih Pro Arka 3000","https://www.frenciniz.com/urun/141/fren-kampanasi-bmc-probus-profesyonel-fatih-pro-arka-3000-oem-566346-esk-030-15-ekersan","6","3030.96"
"58","258","Fren Kampanası","Fren Kampanası SAF Holland 8130 OEM 1064019700 ESK 290 04","SAF dorse dingili Fren Kampanası | SAF dorse dingili 1064019700 | 1064019700 Fren Kampanası | ESK 290 04 Fren Kampanası | Fren Kampanası SAF Holland 8130","https://www.frenciniz.com/urun/258/fren-kampanasi-saf-holland-8130-oem-1064019700-esk-290-04-ekersan","6","3717.16"
"58","267","Fren Kampanası","Fren Kampanası BPW ECOPlus OEM 310677630-310977460 ESK 161 08","BPW dorse dingili Fren Kampanası | BPW dorse dingili 310677630-310977460 | 310677630-310977460 Fren Kampanası | ESK 161 08 Fren Kampanası | Fren Kampanası BPW ECOPlus","https://www.frenciniz.com/urun/267/fren-kampanasi-bpw-ecoplus-oem-310677630-310977460-esk-161-08-ekersan","6","6092.64"
"58","518","Kaliper Tamir Takımı","Kaliper Tamir Takimi Rulman Yatagı Açı 0-113 mm OEM Z002881 CH1178","Ağır vasıta kaliper sistemi Kaliper Tamir Takımı | Ağır vasıta kaliper sistemi Z002881 | Z002881 Kaliper Tamir Takımı | CH1178 Kaliper Tamir Takımı | Rulman Yatagı Açı 0-113 mm","https://www.frenciniz.com/urun/518/kaliper-tamir-takimi-rulman-yatagi-aci-0-113-mm-oem-z002881-ch1178-ekersan","6","1277.76"
"58","525","Kaliper Tamir Takımı","Kaliper Tamir Takimi SN6/SN7/SK7/NA7/ST7 RULMAN YATAĞI AÇI 0-113 mm OEM Z002881 CH1044","Knorr-Bremse SB/SN/SK kaliper sistemi Kaliper Tamir Takımı | Knorr-Bremse SB/SN/SK kaliper sistemi Z002881 | Z002881 Kaliper Tamir Takımı | CH1044 Kaliper Tamir Takımı | SN6/SN7/SK7/NA7/ST7 RULMAN YATAĞI AÇI 0-113 mm","https://www.frenciniz.com/urun/525/kaliper-tamir-takimi-sn6-sn7-sk7-na7-st7-rulman-yatagi-aci-0-113-mm-oem-z002881-ch1044-ekersan","6","1166.88"
"58","531","Kaliper Kapak/Conta","SB6-7 SN6/SN7/SK7/NA7/ST7 SENSÖRSÜZ KAPAK OEM CKSK.16.1 CH1019","Knorr-Bremse SB/SN/SK kaliper sistemi Kaliper Kapak/Conta | Knorr-Bremse SB/SN/SK kaliper sistemi CKSK.16.1 | CKSK.16.1 Kaliper Kapak/Conta | CH1019 Kaliper Kapak/Conta | SB6-7 SN6/SN7/SK7/NA7/ST7 SENSÖRSÜZ KAPAK","https://www.frenciniz.com/urun/531/sb6-7-sn6-sn7-sk7-na7-st7-sensorsuz-kapak-oem-cksk-16-1-ch1019-ekersan","6","638.88"
"58","560","Süspansiyon Körüğü","Süspansiyon Körüğü BK 00 0036 OEM 8682644620381","Dorse Süspansiyon Körüğü | Dorse 8682644620381 | 8682644620381 Süspansiyon Körüğü | BK 00 0036 Süspansiyon Körüğü | Süspansiyon Körüğü BK 00 0036","https://www.frenciniz.com/urun/560/suspansiyon-korugu-bk-00-0036-oem-8682644620381-ekersan","6","2970"
"58","719","Fren Balatası","Fren Balatası MAN OEM 29253 PWR-5022","MAN ağır vasıta Fren Balatası | MAN ağır vasıta 29253 | 29253 Fren Balatası | PWR-5022 Fren Balatası | Fren Balatası MAN","https://www.frenciniz.com/urun/719/fren-balatasi-man-oem-29253-pwr-5022-ekersan","6","2541.92"
"58","1019","Kaliper Kapak/Conta","MAXX 22 SENSÖRLÜ KAPAK OEM 640 322 928 2 30-3694","Kamyon Kaliper Kapak/Conta | Kamyon 640 322 928 2 | 640 322 928 2 Kaliper Kapak/Conta | 30-3694 Kaliper Kapak/Conta | MAXX 22 SENSÖRLÜ KAPAK","https://www.frenciniz.com/urun/1019/maxx-22-sensorlu-kapak-oem-640-322-928-2-30-3694-ekersan","6","1746.36"
"58","148","Fren Kampanası","Fren Kampanası BMC Probus Profesyonel Fatih Pro 22-162 Arka OEM K8C1008 ESK 030 01","BMC Probus Fren Kampanası | BMC Probus K8C1008 | K8C1008 Fren Kampanası | ESK 030 01 Fren Kampanası | Fren Kampanası BMC Probus Profesyonel Fatih Pro 22-162 Arka","https://www.frenciniz.com/urun/148/fren-kampanasi-bmc-probus-profesyonel-fatih-pro-22-162-arka-oem-k8c1008-esk-030-01-ekersan","5","5402.56"
"58","534","Süspansiyon Körüğü","Süspansiyon Körüğü Ford Cargo OEM 9C465580BAN 421889.C","Ford Cargo Süspansiyon Körüğü | Ford Cargo 9C465580BAN | 9C465580BAN Süspansiyon Körüğü | 421889.C Süspansiyon Körüğü | Süspansiyon Körüğü Ford Cargo","https://www.frenciniz.com/urun/534/suspansiyon-korugu-ford-cargo-oem-9c465580ban-421889-c-ekersan","5","2956.8"
"58","593","Kaliper Perno Tamir Takımı","FRENCOO PAN19-2 PİSTON VE PERNO TM TK TAM OEM 12 999 746 30-3610","WABCO PAN17/PAN19/PAN22 kaliper sistemi Kaliper Perno Tamir Takımı | WABCO PAN17/PAN19/PAN22 kaliper sistemi 12 999 746 | 12 999 746 Kaliper Perno Tamir Takımı | 30-3610 Kaliper Perno Tamir Takımı | FRENCOO PAN19-2 PİSTON VE PERNO TM TK TAM","https://www.frenciniz.com/urun/593/frencoo-pan19-2-piston-ve-perno-tm-tk-tam-oem-12-999-746-30-3610-ekersan","5","1987.92"
"58","608","Süspansiyon Körüğü","Suspansiyon Korugu Komple Körük Metal Piston Volvo FH FM FL OEM 1076420 426420.C","Volvo FH Süspansiyon Körüğü | Volvo FH 1076420 | 1076420 Süspansiyon Körüğü | 426420.C Süspansiyon Körüğü | Komple Körük Metal Piston Volvo FH FM FL","https://www.frenciniz.com/urun/608/suspansiyon-korugu-komple-koruk-metal-piston-volvo-fh-fm-fl-oem-1076420-426420-c-ekersan","5","2706"
"58","900","Süspansiyon Körüğü","Suspansiyon Korugu Pistonsuz Körük 426318 S OEM 016512S 426318.S","Dorse Süspansiyon Körüğü | Dorse 016512S | 016512S Süspansiyon Körüğü | 426318.S Süspansiyon Körüğü | Pistonsuz Körük 426318 S","https://www.frenciniz.com/urun/900/suspansiyon-korugu-pistonsuz-koruk-426318-s-oem-016512s-426318-s-ekersan","5","2112"
"58","1038","Kaliper Tamir Takımı","KALİPER MİL-KEÇE TM.TK. OEM K001915 10-1320","Ağır vasıta kaliper sistemi Kaliper Tamir Takımı | Ağır vasıta kaliper sistemi K001915 | K001915 Kaliper Tamir Takımı | 10-1320 Kaliper Tamir Takımı | KALİPER MİL-KEÇE TM.TK.","https://www.frenciniz.com/urun/1038/kaliper-mil-kece-tm-tk-oem-k001915-10-1320-ekersan","5","1244.76"
"58","25","Fren Kampanası","Fren Kampanası SAF Holland OEM 1064010801-1064012801 ESK 290 03","SAF dorse dingili Fren Kampanası | SAF dorse dingili 1064010801-1064012801 | 1064010801-1064012801 Fren Kampanası | ESK 290 03 Fren Kampanası | Fren Kampanası SAF Holland","https://www.frenciniz.com/urun/25/fren-kampanasi-saf-holland-oem-1064010801-1064012801-esk-290-03-ekersan","4","4724.32"
"58","106","Fren Kampanası","Fren Kampanası Otokar Doruk Sultan Ön Arka Y.M OEM 13C00 050021 AD ESK 150 04","Otokar Doruk Fren Kampanası | Otokar Doruk 13C00 050021 AD | 13C00 050021 AD Fren Kampanası | ESK 150 04 Fren Kampanası | Fren Kampanası Otokar Doruk Sultan Ön Arka Y.M","https://www.frenciniz.com/urun/106/fren-kampanasi-otokar-doruk-sultan-on-arka-y-m-oem-13c00-050021-ad-esk-150-04-ekersan","4","4253.98"
"58","412","Fren Cırcırı","Fren Cırcırı DAF XF CF OEM 43660 ESC 72695","DAF XF Fren Cırcırı | DAF XF 43660 | 43660 Fren Cırcırı | ESC 72695 Fren Cırcırı | Fren Cırcırı DAF XF CF","https://www.frenciniz.com/urun/412/fren-circiri-daf-xf-cf-oem-43660-esc-72695-ekersan","4","1452"
"58","413","Fren Cırcırı","Fren Cırcırı DAF XF CF OEM 159563 ESC 72694","DAF XF Fren Cırcırı | DAF XF 159563 | 159563 Fren Cırcırı | ESC 72694 Fren Cırcırı | Fren Cırcırı DAF XF CF","https://www.frenciniz.com/urun/413/fren-circiri-daf-xf-cf-oem-159563-esc-72694-ekersan","4","1452"
"58","581","Kızak","Kızak KALİPER KIZAK SCANIA OEM K010765 KIZAK 10509","Scania P/G/R serisi Kızak | Scania P/G/R serisi K010765 | K010765 Kızak | KIZAK 10509 Kızak | KALİPER KIZAK SCANIA","https://www.frenciniz.com/urun/581/kaliper-kizak-scania-oem-k010765-kizak-10509-ekersan","4","3960"
"58","589","Kızak","Kızak SAF DORSE KNORR 2 DELİK KIZAK 29171 BALATA OEM K015308 KIZAK 10510","SAF dorse dingili Kızak | SAF dorse dingili K015308 | K015308 Kızak | KIZAK 10510 Kızak | SAF DORSE KNORR 2 DELİK KIZAK 29171 BALATA","https://www.frenciniz.com/urun/589/saf-dorse-knorr-2-delik-kizak-29171-balata-oem-k015308-kizak-10510-ekersan","4","3960"
"58","590","Kızak","Kızak SAF DORSE YENİ MODEL KIZAK OEM 94618 KIZAK 40501","SAF dorse dingili Kızak | SAF dorse dingili 94618 | 94618 Kızak | KIZAK 40501 Kızak | SAF DORSE YENİ MODEL KIZAK","https://www.frenciniz.com/urun/590/saf-dorse-yeni-model-kizak-oem-94618-kizak-40501-ekersan","4","3960"
"58","591","Kızak","Kızak MERSEDES AXOR ÖN KIZAK 29167 BALATA OEM K000026 KIZAK 10502","Mercedes-Benz Axor Kızak | Mercedes-Benz Axor K000026 | K000026 Kızak | KIZAK 10502 Kızak | MERSEDES AXOR ÖN KIZAK 29167 BALATA","https://www.frenciniz.com/urun/591/mersedes-axor-on-kizak-29167-balata-oem-k000026-kizak-10502-ekersan","4","3960"
"58","597","Kaliper Tamir Takımı","FRENCOO KALİPER MİL KEÇE TM.TK. OEM MCK1118 20-2380","Meritor ELSA/DUCO kaliper sistemi Kaliper Tamir Takımı | Meritor ELSA/DUCO kaliper sistemi MCK1118 | MCK1118 Kaliper Tamir Takımı | 20-2380 Kaliper Tamir Takımı | FRENCOO KALİPER MİL KEÇE TM.TK.","https://www.frenciniz.com/urun/597/frencoo-kaliper-mil-kece-tm-tk-oem-mck1118-20-2380-ekersan","4","1878.36"
"58","909","Süspansiyon Körüğü","Suspansiyon Korugu Komple Körük Plastik Piston SAF Holland OEM 0542943410 424881.CP","SAF dorse dingili Süspansiyon Körüğü | SAF dorse dingili 0542943410 | 0542943410 Süspansiyon Körüğü | 424881.CP Süspansiyon Körüğü | Komple Körük Plastik Piston SAF Holland","https://www.frenciniz.com/urun/909/suspansiyon-korugu-komple-koruk-plastik-piston-saf-holland-oem-0542943410-424881-cp-ekersan","4","3564"
"58","1030","Kaliper Ayar Mekanizması","DUCO AYAR MEKANİZMASI SAĞ OEM MCK1112 20-2470","Meritor ELSA/DUCO kaliper sistemi Kaliper Ayar Mekanizması | Meritor ELSA/DUCO kaliper sistemi MCK1112 | MCK1112 Kaliper Ayar Mekanizması | 20-2470 Kaliper Ayar Mekanizması | DUCO AYAR MEKANİZMASI SAĞ","https://www.frenciniz.com/urun/1030/duco-ayar-mekanizmasi-sag-oem-mck1112-20-2470-ekersan","4","1507.44"
"58","68","Fren Kampanası","Fren Kampanası BPW ECOPlus OEM 310677560-125779409 ESK 160 30","BPW dorse dingili Fren Kampanası | BPW dorse dingili 310677560-125779409 | 310677560-125779409 Fren Kampanası | ESK 160 30 Fren Kampanası | Fren Kampanası BPW ECOPlus","https://www.frenciniz.com/urun/68/fren-kampanasi-bpw-ecoplus-oem-310677560-125779409-esk-160-30-ekersan","3","6295.89"
"58","263","Fren Kampanası","Fren Kampanası BPW ECOPlus OEM 310977180-310977230 ESK 230 26","BPW dorse dingili Fren Kampanası | BPW dorse dingili 310977180-310977230 | 310977180-310977230 Fren Kampanası | ESK 230 26 Fren Kampanası | Fren Kampanası BPW ECOPlus","https://www.frenciniz.com/urun/263/fren-kampanasi-bpw-ecoplus-oem-310977180-310977230-esk-230-26-ekersan","3","6056.36"
"58","268","Fren Kampanası","Fren Kampanası BPW ECOPlus OEM 310677590 ESK 160 73","BPW dorse dingili Fren Kampanası | BPW dorse dingili 310677590 | 310677590 Fren Kampanası | ESK 160 73 Fren Kampanası | Fren Kampanası BPW ECOPlus","https://www.frenciniz.com/urun/268/fren-kampanasi-bpw-ecoplus-oem-310677590-esk-160-73-ekersan","3","6295.15"
"58","399","Otomatik Fren Cırcırı","Otomatik Fren Cırcırı ESC 80328 OEM 81506106255","kamyon Otomatik Fren Cırcırı | kamyon 81506106255 | 81506106255 Otomatik Fren Cırcırı | ESC 80328 Otomatik Fren Cırcırı | Otomatik Fren Cırcırı ESC 80328","https://www.frenciniz.com/urun/399/otomatik-fren-circiri-esc-80328-oem-81506106255-ekersan","3","1452"
"58","501","Kaliper Perno Tamir Takımı","SF HDX MODUL T PERNO TM TK OEM SAF 3 434 3861 00 CH6001","SAF dorse dingili Kaliper Perno Tamir Takımı | SAF dorse dingili SAF 3 434 3861 00 | SAF 3 434 3861 00 Kaliper Perno Tamir Takımı | CH6001 Kaliper Perno Tamir Takımı | SF HDX MODUL T PERNO TM TK","https://www.frenciniz.com/urun/501/sf-hdx-modul-t-perno-tm-tk-oem-saf-3-434-3861-00-ch6001-ekersan","3","2007.72"
"58","516","Kaliper Tamir Takımı (Elsa)","Kaliper Tamir Takımı (Elsa) ELSA2-195-225 PERNO TK TAM TEK KANALLI OEM MCK1298 CH2045","Meritor ELSA/DUCO kaliper sistemi Kaliper Tamir Takımı (Elsa) | Meritor ELSA/DUCO kaliper sistemi MCK1298 | MCK1298 Kaliper Tamir Takımı (Elsa) | CH2045 Kaliper Tamir Takımı (Elsa) | ELSA2-195-225 PERNO TK TAM TEK KANALLI","https://www.frenciniz.com/urun/516/kaliper-tamir-takimi-elsa-elsa2-195-225-perno-tk-tam-tek-kanalli-oem-mck1298-ch2045-ekersan","3","3513.84"
"58","530","Kaliper Perno Tamir Takımı","SB6/SB7 PERNO TAMİR TAKIMI OEM K000132 CH1025","Knorr-Bremse SB/SN/SK kaliper sistemi Kaliper Perno Tamir Takımı | Knorr-Bremse SB/SN/SK kaliper sistemi K000132 | K000132 Kaliper Perno Tamir Takımı | CH1025 Kaliper Perno Tamir Takımı | SB6/SB7 PERNO TAMİR TAKIMI","https://www.frenciniz.com/urun/530/sb6-sb7-perno-tamir-takimi-oem-k000132-ch1025-ekersan","3","1805.76"
"58","588","Kızak","Kızak KNORR DORSE BPW KIZAK 3 DELİK 29167 BALATA OEM K004680 KIZAK 10518","BPW dorse dingili Kızak | BPW dorse dingili K004680 | K004680 Kızak | KIZAK 10518 Kızak | KNORR DORSE BPW KIZAK 3 DELİK 29167 BALATA","https://www.frenciniz.com/urun/588/knorr-dorse-bpw-kizak-3-delik-29167-balata-oem-k004680-kizak-10518-ekersan","3","3960"
"58","951","Kızak","Kızak KALİPER SEMERİ BPW DİNGİL 29171 BALATA OEM K012619 KIZAK 10503","BPW dorse dingili Kızak | BPW dorse dingili K012619 | K012619 Kızak | KIZAK 10503 Kızak | KALİPER SEMERİ BPW DİNGİL 29171 BALATA","https://www.frenciniz.com/urun/951/kizak-kaliper-semeri-bpw-dingil-29171-balata-oem-k012619-kizak-10503-ekersan","3","3960"
"58","124","Fren Kampanası","Fren Kampanası Iveco Eurocargo Eurotech Stralis OEM 7172079 ESK 060 08","Iveco Eurocargo Fren Kampanası | Iveco Eurocargo 7172079 | 7172079 Fren Kampanası | ESK 060 08 Fren Kampanası | Fren Kampanası Iveco Eurocargo Eurotech Stralis","https://www.frenciniz.com/urun/124/fren-kampanasi-iveco-eurocargo-eurotech-stralis-oem-7172079-esk-060-08-ekersan","2","6721.29"
"58","127","Fren Kampanası","Fren Kampanası Iveco Eurocargo Stralis Trakker OEM 7160035 ESK 060 02","Iveco Eurocargo Fren Kampanası | Iveco Eurocargo 7160035 | 7160035 Fren Kampanası | ESK 060 02 Fren Kampanası | Fren Kampanası Iveco Eurocargo Stralis Trakker","https://www.frenciniz.com/urun/127/fren-kampanasi-iveco-eurocargo-stralis-trakker-oem-7160035-esk-060-02-ekersan","2","2807.63"
"58","139","Fren Kampanası","Fren Kampanası Ford Cargo 18 cm Arka 2517 OEM 6119230 ESK 040 02","Ford Cargo Fren Kampanası | Ford Cargo 6119230 | 6119230 Fren Kampanası | ESK 040 02 Fren Kampanası | Fren Kampanası Ford Cargo 18 cm Arka 2517","https://www.frenciniz.com/urun/139/fren-kampanasi-ford-cargo-18-cm-arka-2517-oem-6119230-esk-040-02-ekersan","2","4892.08"
"58","140","Fren Kampanası","Fren Kampanası BMC Probus Profesyonel Fatih Pro OEM 51RS401276A ESK 030 16","BMC Probus Fren Kampanası | BMC Probus 51RS401276A | 51RS401276A Fren Kampanası | ESK 030 16 Fren Kampanası | Fren Kampanası BMC Probus Profesyonel Fatih Pro","https://www.frenciniz.com/urun/140/fren-kampanasi-bmc-probus-profesyonel-fatih-pro-oem-51rs401276a-esk-030-16-ekersan","2","3137.31"
"58","275","Fren Kampanası","Fren Kampanası BMC Probus Profesyonel Fatih Pro SKU ESK 030 17","BMC Probus Fren Kampanası | BMC Probus ESK 030 17 | ESK 030 17 Fren Kampanası | Fren Kampanası BMC Probus Profesyonel Fatih Pro","https://www.frenciniz.com/urun/275/fren-kampanasi-bmc-probus-profesyonel-fatih-pro-sku-esk-030-17-ekersan","2","6763.83"
"58","414","Otomatik Fren Cırcırı","Otomatik Fren Cırcırı ESC 72689 OEM 105016001","kamyon Otomatik Fren Cırcırı | kamyon 105016001 | 105016001 Otomatik Fren Cırcırı | ESC 72689 Otomatik Fren Cırcırı | Otomatik Fren Cırcırı ESC 72689","https://www.frenciniz.com/urun/414/otomatik-fren-circiri-esc-72689-oem-105016001-ekersan","2","1452"
"58","507","Kaliper Ayar Mekanizması","ARCS KALİPER TAŞIYICI ÖN SOL OEM A0004216506 CH3284","Mercedes-Benz Actros Kaliper Ayar Mekanizması | Mercedes-Benz Actros A0004216506 | A0004216506 Kaliper Ayar Mekanizması | CH3284 Kaliper Ayar Mekanizması | ARCS KALİPER TAŞIYICI ÖN SOL","https://www.frenciniz.com/urun/507/arcs-kaliper-tasiyici-on-sol-oem-a0004216506-ch3284-ekersan","2","7986"
"58","555","Kaliper Perno Tamir Takımı","FRENCO SB6/SB7 PERNO TAMİR TAKIMI OEM K105599K55 10-1294","Knorr-Bremse SB/SN/SK kaliper sistemi Kaliper Perno Tamir Takımı | Knorr-Bremse SB/SN/SK kaliper sistemi K105599K55 | K105599K55 Kaliper Perno Tamir Takımı | 10-1294 Kaliper Perno Tamir Takımı | FRENCO SB6/SB7 PERNO TAMİR TAKIMI","https://www.frenciniz.com/urun/555/frenco-sb6-sb7-perno-tamir-takimi-oem-k105599k55-10-1294-ekersan","2","1726.56"
"58","561","Fren Körüğü","Fren Körüğü Disk imdatlı körüğü Kampana imdatlı körüğü körüğü OEM 8682644620299 BK 01 1624","Disk fren imdatlı fren körüğü Fren Körüğü | Disk fren imdatlı fren körüğü 8682644620299 | 8682644620299 Fren Körüğü | BK 01 1624 Fren Körüğü | Fren Körüğü Disk imdatlı körüğü Kampana imdatlı körüğü körüğü","https://www.frenciniz.com/urun/561/fren-korugu-disk-imdatli-korugu-kampana-imdatli-korugu-korugu-oem-8682644620299-bk-01-1624","2","5940"
"58","562","Fren Körüğü","Fren Körüğü Renault OEM 8682644620145 8682644620152 BK 04 0020","Renault Trucks Fren Körüğü | Renault Trucks 8682644620145 8682644620152 | 8682644620145 8682644620152 Fren Körüğü | BK 04 0020 Fren Körüğü | Fren Körüğü Renault","https://www.frenciniz.com/urun/562/fren-korugu-renault-oem-8682644620145-8682644620152-bk-04-0020-ekersan","2","1650"
"58","569","Kızak","Kızak KIZAK VOLVO OEM 68322778 KIZAK 30505","Volvo FH Kızak | Volvo FH 68322778 | 68322778 Kızak | KIZAK 30505 Kızak | KIZAK VOLVO","https://www.frenciniz.com/urun/569/kizak-volvo-oem-68322778-kizak-30505-ekersan","2","3960"
"58","580","Kızak","Kızak KALİPER SEMERİ VOLVO FH 12 OEM MCK1319 KIZAK 30512","Volvo FH Kızak | Volvo FH MCK1319 | MCK1319 Kızak | KIZAK 30512 Kızak | KALİPER SEMERİ VOLVO FH 12","https://www.frenciniz.com/urun/580/kizak-kaliper-semeri-volvo-fh-12-oem-mck1319-kizak-30512-ekersan","2","3960"
"58","582","Kızak","Kızak KALİPER KIZAK VOLVO DUCO 22/5 OEM 68323539 KIZAK 30500","Volvo FH Kızak | Volvo FH 68323539 | 68323539 Kızak | KIZAK 30500 Kızak | KALİPER KIZAK VOLVO DUCO 22/5","https://www.frenciniz.com/urun/582/kaliper-kizak-volvo-duco-22-5-oem-68323539-kizak-30500-ekersan","2","3960"
"58","648","Fren Balatası","Fren Balatasi Disk Balatası Renault Midlum Iveco Eurocargo MAN L2000 M2000 OEM 29088 42197/2-255","DAF LF45/LF55 Fren Balatası | DAF LF45/LF55 29088 | 29088 Fren Balatası | 42197/2-255 Fren Balatası | Disk Balatası Renault Midlum Iveco Eurocargo MAN L2000 M2000","https://www.frenciniz.com/urun/648/fren-balatasi-disk-balatasi-renault-midlum-iveco-eurocargo-man-l2000-m2000-oem-29088-42197-2","2","1900.8"
"58","26","Fren Cırcırı","Fren Cırcırı BMC Probus Profesyonel Fatih Pro Sol OEM 4175020800 ESC 70953","BMC Probus Fren Cırcırı | BMC Probus 4175020800 | 4175020800 Fren Cırcırı | ESC 70953 Fren Cırcırı | Fren Cırcırı BMC Probus Profesyonel Fatih Pro Sol","https://www.frenciniz.com/urun/26/fren-circiri-bmc-probus-profesyonel-fatih-pro-sol-oem-4175020800-esc-70953-ekersan","1","1452"
"58","266","Fren Kampanası","Fren Kampanası ESK 161 15 OEM 301010414","Kamyon Fren Kampanası | Kamyon 301010414 | 301010414 Fren Kampanası | ESK 161 15 Fren Kampanası | Fren Kampanası ESK 161 15","https://www.frenciniz.com/urun/266/fren-kampanasi-esk-161-15-oem-301010414-ekersan","1","5848.85"
"58","416","Fren Cırcırı","Fren Cırcırı Mercedes Travego Tourismo Arka R-L OEM 72213 ESC 72363","Mercedes-Benz Travego Fren Cırcırı | Mercedes-Benz Travego 72213 | 72213 Fren Cırcırı | ESC 72363 Fren Cırcırı | Fren Cırcırı Mercedes Travego Tourismo Arka R-L","https://www.frenciniz.com/urun/416/fren-circiri-mercedes-travego-tourismo-arka-r-l-oem-72213-esc-72363-ekersan","1","1452"
"58","508","Kaliper Ayar Mekanizması","ARCS KALİPER TAŞIYICI ÖN SAĞ OEM A0004216406 CH3283","Mercedes-Benz Actros Kaliper Ayar Mekanizması | Mercedes-Benz Actros A0004216406 | A0004216406 Kaliper Ayar Mekanizması | CH3283 Kaliper Ayar Mekanizması | ARCS KALİPER TAŞIYICI ÖN SAĞ","https://www.frenciniz.com/urun/508/arcs-kaliper-tasiyici-on-sag-oem-a0004216406-ch3283-ekersan","1","7986"
"58","570","Kızak","Kızak KIZAK RENAULT 420 OEM 68323675 KIZAK 30502","Renault Trucks Premium Kızak | Renault Trucks Premium 68323675 | 68323675 Kızak | KIZAK 30502 Kızak | KIZAK RENAULT 420","https://www.frenciniz.com/urun/570/kizak-renault-420-oem-68323675-kizak-30502-ekersan","1","3960"
"58","579","Kızak","Kızak KALİPER SEMERİ OEM K004679 KIZAK 10511","Ağır vasıta kaliper sistemi Kızak | Ağır vasıta kaliper sistemi K004679 | K004679 Kızak | KIZAK 10511 Kızak | KALİPER SEMERİ","https://www.frenciniz.com/urun/579/kizak-kaliper-semeri-oem-k004679-kizak-10511-ekersan","1","3960"
"58","585","Kızak","Kızak KNOR SİMITS DORSE TAŞIYICI KIZAK OEM K007475 KIZAK 10517","Dorse / treyler Kızak | Dorse / treyler K007475 | K007475 Kızak | KIZAK 10517 Kızak | KNOR SİMITS DORSE TAŞIYICI KIZAK","https://www.frenciniz.com/urun/585/knor-simits-dorse-tasiyici-kizak-oem-k007475-kizak-10517-ekersan","1","3960"
"58","651","Süspansiyon Körüğü","Suspansiyon Korugu Komple Körük Plastik Piston Renault Midlum Premium Magnum OEM 5010488071 424154.CP05","Renault Trucks Midlum Süspansiyon Körüğü | Renault Trucks Midlum 5010488071 | 5010488071 Süspansiyon Körüğü | 424154.CP05 Süspansiyon Körüğü | Komple Körük Plastik Piston Renault Midlum Premium Magnum","https://www.frenciniz.com/urun/651/suspansiyon-korugu-komple-koruk-plastik-piston-renault-midlum-premium-magnum-oem-5010488071","1","2904"
"53","1043","Kaliper Tamir Takımı","KALİPER PİSTON TM.TK. OEM II179320065 10-1160","Ağır vasıta kaliper sistemi Kaliper Tamir Takımı | Ağır vasıta kaliper sistemi II179320065 | II179320065 Kaliper Tamir Takımı | 10-1160 Kaliper Tamir Takımı | KALİPER PİSTON TM.TK.","https://www.frenciniz.com/urun/1043/kaliper-piston-tm-tk-oem-ii179320065-10-1160-ekersan","18","471.24"
"53","783","ABS Sensörü/Modülü/Kablo","ABS Sensoru EBS Modulator VOLVO RENAULT 440 ABS DİŞLİSİ / ÖN OEM 20392016 EYD 91 14","Volvo FH ABS Sensörü/Modülü/Kablo | Volvo FH 20392016 | 20392016 ABS Sensörü/Modülü/Kablo | EYD 91 14 ABS Sensörü/Modülü/Kablo | VOLVO RENAULT 440 ABS DİŞLİSİ / ÖN","https://www.frenciniz.com/urun/783/abs-sensoru-ebs-modulator-volvo-renault-440-abs-dislisi-on-oem-20392016-eyd-91-14-ekersan","16","415.8"
"53","875","Yay","26-230 MAN YAYI OEM (A) C4 EYD 10 05","MAN ağır vasıta Yay | MAN ağır vasıta (A) C4 | (A) C4 Yay | EYD 10 05 Yay | 26-230 MAN YAYI","https://www.frenciniz.com/urun/875/26-230-man-yayi-oem-a-c4-eyd-10-05-ekersan","11","85.8"
"53","551","Dingil","EBS DİNGİL KALDIRMA BOBİNİ REKORSUZ 4630840410 303.04.0013","WABCO ABS/EBS sistemi Dingil | WABCO ABS/EBS sistemi 4630840410 | 4630840410 Dingil | 303.04.0013 Dingil | EBS DİNGİL KALDIRMA BOBİNİ REKORSUZ 4630840410","https://www.frenciniz.com/urun/551/ebs-dingil-kaldirma-bobini-rekorsuz-4630840410-303-04-0013-ekersan","10","58.87"
"53","642","Kaliper Toz Lastiği","FRENCOO DUCO TOZ LASTİĞİ TK OEM MCK1139 20-2420","Meritor ELSA/DUCO kaliper sistemi Kaliper Toz Lastiği | Meritor ELSA/DUCO kaliper sistemi MCK1139 | MCK1139 Kaliper Toz Lastiği | 20-2420 Kaliper Toz Lastiği | FRENCOO DUCO TOZ LASTİĞİ TK","https://www.frenciniz.com/urun/642/frencoo-duco-toz-lastigi-tk-oem-mck1139-20-2420-ekersan","10","286.44"
"53","568","Keçe","SCANIA TEKER KEÇESİ YENİ MODEL ARKA İÇ 142/170/15-16 OEM 1740992 CDF-88170","Scania P/G/R serisi Keçe | Scania P/G/R serisi 1740992 | 1740992 Keçe | CDF-88170 Keçe | SCANIA TEKER KEÇESİ YENİ MODEL ARKA İÇ 142/170/15-16","https://www.frenciniz.com/urun/568/scania-teker-kecesi-yeni-model-arka-ic-142-170-15-16-oem-1740992-cdf-88170-ekersan","8","19.69"
"53","690","Fren Balatası","Fren Balatası Mercedes Actros Axor OEM K000129 10-1261","Knorr-Bremse SB/SN/SK kaliper sistemi Fren Balatası | Knorr-Bremse SB/SN/SK kaliper sistemi K000129 | K000129 Fren Balatası | 10-1261 Fren Balatası | Fren Balatası Mercedes Actros Axor","https://www.frenciniz.com/urun/690/fren-balatasi-mercedes-actros-axor-oem-k000129-10-1261-ekersan","5","208.56"
"53","779","ABS Sensörü/Modülü/Kablo","ABS Sensoru EBS Modulator ATEGO ABS DİŞLİSİ ARKA OEM 9703560415 EYD 91 23","Mercedes-Benz Atego ABS Sensörü/Modülü/Kablo | Mercedes-Benz Atego 9703560415 | 9703560415 ABS Sensörü/Modülü/Kablo | EYD 91 23 ABS Sensörü/Modülü/Kablo | ATEGO ABS DİŞLİSİ ARKA","https://www.frenciniz.com/urun/779/abs-sensoru-ebs-modulator-atego-abs-dislisi-arka-oem-9703560415-eyd-91-23-ekersan","5","303.6"
"53","778","ABS Sensörü/Modülü/Kablo","ABS Sensoru EBS Modulator ATEGO ABS DİŞLİSİ ARKA Y.M. OEM 9733561015 EYD 91 23-1","Mercedes-Benz Atego ABS Sensörü/Modülü/Kablo | Mercedes-Benz Atego 9733561015 | 9733561015 ABS Sensörü/Modülü/Kablo | EYD 91 23-1 ABS Sensörü/Modülü/Kablo | ATEGO ABS DİŞLİSİ ARKA Y.M.","https://www.frenciniz.com/urun/778/abs-sensoru-ebs-modulator-atego-abs-dislisi-arka-y-m-oem-9733561015-eyd-91-23-1-ekersan","3","330"
"53","1041","Fren Balatası","Fren Balatası Mercedes Actros Axor OEM K000133 10-1260","Ford Cargo Fren Balatası | Ford Cargo K000133 | K000133 Fren Balatası | 10-1260 Fren Balatası | Fren Balatası Mercedes Actros Axor","https://www.frenciniz.com/urun/1041/fren-balatasi-mercedes-actros-axor-oem-k000133-10-1260-ekersan","1","208.56"
"48","967","Fren Körüğü","Fren Körüğü Disk imdatlı körüğü Kampana imdatlı körüğü körüğü SKU 8104","Disk fren imdatlı fren körüğü Fren Körüğü | Disk fren imdatlı fren körüğü 8104 | 8104 Fren Körüğü | Fren Körüğü Disk imdatlı körüğü Kampana imdatlı körüğü körüğü","https://www.frenciniz.com/urun/967/fren-korugu-disk-imdatli-korugu-kampana-imdatli-korugu-korugu-sku-8104-ekersan","1946","3432"
"48","954","Fren Körüğü","Fren Körüğü Renault SKU 8131","Renault Trucks Fren Körüğü | Renault Trucks 8131 | 8131 Fren Körüğü | Fren Körüğü Renault","https://www.frenciniz.com/urun/954/fren-korugu-renault-sku-8131-ekersan","1351","1320"
"48","969","Fren Körüğü","Fren Körüğü Disk imdatlı körüğü Kampana imdatlı körüğü körüğü SKU 8101","Disk fren imdatlı fren körüğü Fren Körüğü | Disk fren imdatlı fren körüğü 8101 | 8101 Fren Körüğü | Fren Körüğü Disk imdatlı körüğü Kampana imdatlı körüğü körüğü","https://www.frenciniz.com/urun/969/fren-korugu-disk-imdatli-korugu-kampana-imdatli-korugu-korugu-sku-8101-ekersan","822","2772"
"48","952","Fren Körüğü","Fren Körüğü Disk imdatlı körüğü Kampana imdatlı körüğü körüğü SKU 8138","Disk fren imdatlı fren körüğü Fren Körüğü | Disk fren imdatlı fren körüğü 8138 | 8138 Fren Körüğü | Fren Körüğü Disk imdatlı körüğü Kampana imdatlı körüğü körüğü","https://www.frenciniz.com/urun/952/fren-korugu-disk-imdatli-korugu-kampana-imdatli-korugu-korugu-sku-8138-ekersan","797","2772"
"48","955","Fren Körüğü","Fren Körüğü Renault SKU 8129","Renault Trucks Fren Körüğü | Renault Trucks 8129 | 8129 Fren Körüğü | Fren Körüğü Renault","https://www.frenciniz.com/urun/955/fren-korugu-renault-sku-8129-ekersan","751","1320"
"48","887","Süspansiyon Körüğü","Suspansiyon Korugu Pistonsuz Körük 42813 S SKU 42813.S","Dorse Süspansiyon Körüğü | Dorse 42813.S | 42813.S Süspansiyon Körüğü | Pistonsuz Körük 42813 S","https://www.frenciniz.com/urun/887/suspansiyon-korugu-pistonsuz-koruk-42813-s-sku-42813-s-ekersan","667","1815"
"48","977","Kaliper Perno Tamir Takımı","Kaliper Perno Tamir Takımı Knorr WABCO Meritor SKU 426123","Ağır vasıta kaliper sistemi Kaliper Perno Tamir Takımı | Ağır vasıta kaliper sistemi 426123 | 426123 Kaliper Perno Tamir Takımı | Kaliper Perno Tamir Takımı Knorr WABCO Meritor","https://www.frenciniz.com/urun/977/kaliper-perno-tamir-takimi-knorr-wabco-meritor-sku-426123-ekersan","436","1254"
"48","960","Fren Körüğü","Fren Körüğü Disk imdatlı körüğü Kampana imdatlı körüğü körüğü SKU 8111","Disk fren imdatlı fren körüğü Fren Körüğü | Disk fren imdatlı fren körüğü 8111 | 8111 Fren Körüğü | Fren Körüğü Disk imdatlı körüğü Kampana imdatlı körüğü körüğü","https://www.frenciniz.com/urun/960/fren-korugu-disk-imdatli-korugu-kampana-imdatli-korugu-korugu-sku-8111-ekersan","405","3630"
"48","269","Fren Kampanası","Fren Kampanası WABCO ABS EBS SKU ESK 160 29","WABCO ABS/EBS sistemi Fren Kampanası | WABCO ABS/EBS sistemi ESK 160 29 | ESK 160 29 Fren Kampanası | Fren Kampanası WABCO ABS EBS","https://www.frenciniz.com/urun/269/fren-kampanasi-wabco-abs-ebs-sku-esk-160-29-ekersan","324","4950.09"
"48","1008","Kaliper Kilavuz Pim Takimi","Kaliper Dürbün Takımı SKU 421137","Ağır vasıta kaliper sistemi Kaliper Kilavuz Pim Takimi | Ağır vasıta kaliper sistemi 421137 | 421137 Kaliper Kilavuz Pim Takimi | Kaliper Dürbün Takımı","https://www.frenciniz.com/urun/1008/kaliper-kilavuz-pim-takimi-kaliper-durbun-takimi-sku-421137-ekersan","318","660"
"48","994","Kaliper Tamir Takımı","Kaliper Masura Bilya Yatağı Knorr WABCO Meritor SKU 421225","Ağır vasıta kaliper sistemi Kaliper Tamir Takımı | Ağır vasıta kaliper sistemi 421225 | 421225 Kaliper Tamir Takımı | Kaliper Masura Bilya Yatağı Knorr WABCO Meritor","https://www.frenciniz.com/urun/994/kaliper-masura-bilya-yatagi-knorr-wabco-meritor-sku-421225-ekersan","261","745.8"
"48","503","Kaliper Ayar Mekanizması","KALİPER MEKANİZMA SETİ Y.M. SKU CH5033","Ağır vasıta kaliper sistemi Kaliper Ayar Mekanizması | Ağır vasıta kaliper sistemi CH5033 | CH5033 Kaliper Ayar Mekanizması | KALİPER MEKANİZMA SETİ Y.M.","https://www.frenciniz.com/urun/503/kaliper-mekanizma-seti-y-m-sku-ch5033-ekersan","254","8250"
"48","423","Kaliper Ayar Mekanizması","Kaliper Mekanizması Bilyalı YILDIZ BAŞLI SKU 421128-1","Ağır vasıta kaliper sistemi Kaliper Ayar Mekanizması | Ağır vasıta kaliper sistemi 421128-1 | 421128-1 Kaliper Ayar Mekanizması | Kaliper Mekanizması Bilyalı YILDIZ BAŞLI","https://www.frenciniz.com/urun/423/kaliper-mekanizmasi-bilyali-yildiz-basli-sku-421128-1-ekersan","250","726"
"48","964","Fren Körüğü","Fren Körüğü Disk imdatlı körüğü Kampana imdatlı körüğü körüğü SKU 8106","Disk fren imdatlı fren körüğü Fren Körüğü | Disk fren imdatlı fren körüğü 8106 | 8106 Fren Körüğü | Fren Körüğü Disk imdatlı körüğü Kampana imdatlı körüğü körüğü","https://www.frenciniz.com/urun/964/fren-korugu-disk-imdatli-korugu-kampana-imdatli-korugu-korugu-sku-8106-ekersan","250","3300"
"48","998","Kaliper Tamir Takımı","Kaliper Masura Bilya Yatağı Iveco Eurocargo Stralis SKU 421184","Ağır vasıta kaliper sistemi Kaliper Tamir Takımı | Ağır vasıta kaliper sistemi 421184 | 421184 Kaliper Tamir Takımı | Kaliper Masura Bilya Yatağı Iveco Eurocargo Stralis","https://www.frenciniz.com/urun/998/kaliper-masura-bilya-yatagi-iveco-eurocargo-stralis-sku-421184-ekersan","247","745.8"
"48","997","Kaliper Tamir Takımı","Kaliper Masura Bilya Yatağı (0° - 113 mm) SKU 421186","Ağır vasıta kaliper sistemi Kaliper Tamir Takımı | Ağır vasıta kaliper sistemi 421186 | 421186 Kaliper Tamir Takımı | Kaliper Masura Bilya Yatağı (0° - 113 mm)","https://www.frenciniz.com/urun/997/kaliper-masura-bilya-yatagi-0-113-mm-sku-421186-ekersan","240","745.8"
"48","1011","Kaliper Ayar Mekanizması","Kaliper Mekanizması Bilyalı SKU 421128","Ağır vasıta kaliper sistemi Kaliper Ayar Mekanizması | Ağır vasıta kaliper sistemi 421128 | 421128 Kaliper Ayar Mekanizması | Kaliper Mekanizması Bilyalı","https://www.frenciniz.com/urun/1011/kaliper-mekanizmasi-bilyali-sku-421128-ekersan","240","620.4"
"48","474","ABS Sensörü/Modülü/Kablo","ABS SENSÖRÜ DÜZ 100 CM SKU EF-4410325730","WABCO ABS/EBS sistemi ABS Sensörü/Modülü/Kablo | WABCO ABS/EBS sistemi EF-4410325730 | EF-4410325730 ABS Sensörü/Modülü/Kablo | ABS SENSÖRÜ DÜZ 100 CM","https://www.frenciniz.com/urun/474/abs-sensoru-duz-100-cm-sku-ef-4410325730-ekersan","229","580.8"
"48","446","Süspansiyon Körüğü","Süspansiyon Körüğü FT 34220 2P01 SKU FT 34220-2P01","Dorse Süspansiyon Körüğü | Dorse FT 34220-2P01 | FT 34220-2P01 Süspansiyon Körüğü | Süspansiyon Körüğü FT 34220 2P01","https://www.frenciniz.com/urun/446/suspansiyon-korugu-ft-34220-2p01-sku-ft-34220-2p01-ekersan","221","726"
"48","424","Somun / Cıvata","Bijon Somunu EYD 92 30","Kamyon Somun / Cıvata | Kamyon EYD 92 30 | EYD 92 30 Somun / Cıvata","https://www.frenciniz.com/urun/424/bijon-somunu-eyd-92-30-ekersan","186","1056"
"48","431","Somun / Cıvata","Bijon Somunu BPW ECOPlus E.M SKU EYD 92 28","BPW dorse dingili Somun / Cıvata | BPW dorse dingili EYD 92 28 | EYD 92 28 Somun / Cıvata | Bijon Somunu BPW ECOPlus E.M","https://www.frenciniz.com/urun/431/bijon-somunu-bpw-ecoplus-e-m-sku-eyd-92-28-ekersan","169","1056"
"48","991","Kaliper Tamir Takımı","Kaliper Masura Bilya Yatağı Knorr WABCO Meritor SKU 422115","Ağır vasıta kaliper sistemi Kaliper Tamir Takımı | Ağır vasıta kaliper sistemi 422115 | 422115 Kaliper Tamir Takımı | Kaliper Masura Bilya Yatağı Knorr WABCO Meritor","https://www.frenciniz.com/urun/991/kaliper-masura-bilya-yatagi-knorr-wabco-meritor-sku-422115-ekersan","164","706.2"
"48","897","Süspansiyon Körüğü","Süspansiyon Körüğü Volvo FH FH12 FM FL SKU 426418.S","Volvo FH Süspansiyon Körüğü | Volvo FH 426418.S | 426418.S Süspansiyon Körüğü | Süspansiyon Körüğü Volvo FH FH12 FM FL","https://www.frenciniz.com/urun/897/suspansiyon-korugu-volvo-fh-fh12-fm-fl-sku-426418-s-ekersan","157","1782"
"48","650","Süspansiyon Körüğü","Süspansiyon Körüğü 422211 P02 SKU 422211.P02","Dorse Süspansiyon Körüğü | Dorse 422211.P02 | 422211.P02 Süspansiyon Körüğü | Süspansiyon Körüğü 422211 P02","https://www.frenciniz.com/urun/650/suspansiyon-korugu-422211-p02-sku-422211-p02-ekersan","144","1056"
"48","986","Kaliper Ayar Mekanizması","Kaliper Ayar Mekanizma Seti (Uzun) SKU 422158","Ağır vasıta kaliper sistemi Kaliper Ayar Mekanizması | Ağır vasıta kaliper sistemi 422158 | 422158 Kaliper Ayar Mekanizması | Kaliper Ayar Mekanizma Seti (Uzun)","https://www.frenciniz.com/urun/986/kaliper-ayar-mekanizma-seti-uzun-sku-422158-ekersan","135","1247.4"
"48","1009","Kaliper Kilavuz Pim Takimi","Kaliper Dürbün Takımı SKU 421132","Ağır vasıta kaliper sistemi Kaliper Kilavuz Pim Takimi | Ağır vasıta kaliper sistemi 421132 | 421132 Kaliper Kilavuz Pim Takimi | Kaliper Dürbün Takımı","https://www.frenciniz.com/urun/1009/kaliper-kilavuz-pim-takimi-kaliper-durbun-takimi-sku-421132-ekersan","134","673.2"
"48","662","Fren Körüğü","Fren Körüğü Iveco Eurocargo Stralis Trakker SKU 8115","Iveco Eurocargo Fren Körüğü | Iveco Eurocargo 8115 | 8115 Fren Körüğü | Fren Körüğü Iveco Eurocargo Stralis Trakker","https://www.frenciniz.com/urun/662/fren-korugu-iveco-eurocargo-stralis-trakker-sku-8115-ekersan","124","3630"
"48","436","Fren Körüğü","Fren Körüğü Disk imdatlı körüğü Kampana imdatlı körüğü körüğü 57 mm SKU 8106-2","Disk fren imdatlı fren körüğü Fren Körüğü | Disk fren imdatlı fren körüğü 8106-2 | 8106-2 Fren Körüğü | Fren Körüğü Disk imdatlı körüğü Kampana imdatlı körüğü körüğü 57 mm","https://www.frenciniz.com/urun/436/fren-korugu-disk-imdatli-korugu-kampana-imdatli-korugu-korugu-57-mm-sku-8106-2-ekersan","120","3168"
"48","600","EBS Modülatör","EBS Modulator EBS UZATMA SENSÖRÜ KNORR 4 MT SKU EF-0278324000","Knorr-Bremse SB/SN/SK kaliper sistemi EBS Modülatör | Knorr-Bremse SB/SN/SK kaliper sistemi EF-0278324000 | EF-0278324000 EBS Modülatör | EBS UZATMA SENSÖRÜ KNORR 4 MT","https://www.frenciniz.com/urun/600/ebs-modulator-ebs-uzatma-sensoru-knorr-4-mt-sku-ef-0278324000-ekersan","105","653.4"
"48","487","Süspansiyon Körüğü","Süspansiyon Körüğü Ford Cargo SKU 425832.CP","Ford Cargo Süspansiyon Körüğü | Ford Cargo 425832.CP | 425832.CP Süspansiyon Körüğü | Süspansiyon Körüğü Ford Cargo","https://www.frenciniz.com/urun/487/suspansiyon-korugu-ford-cargo-sku-425832-cp-ekersan","98","2904"
"48","419","Fren Cırcırı","Fren Cırcırı Tamir Takımı ESC 1815","kamyon Fren Cırcırı | kamyon ESC 1815 | ESC 1815 Fren Cırcırı","https://www.frenciniz.com/urun/419/fren-circiri-tamir-takimi-esc-1815-ekersan","95","759"
"48","898","Süspansiyon Körüğü","Suspansiyon Korugu Pistonsuz Körük 426416 S SKU 426416.S","Dorse Süspansiyon Körüğü | Dorse 426416.S | 426416.S Süspansiyon Körüğü | Pistonsuz Körük 426416 S","https://www.frenciniz.com/urun/898/suspansiyon-korugu-pistonsuz-koruk-426416-s-sku-426416-s-ekersan","95","1848"
"48","632","Süspansiyon Körüğü","Süspansiyon Körüğü 42810 S1 SKU 42810.S1","Dorse Süspansiyon Körüğü | Dorse 42810.S1 | 42810.S1 Süspansiyon Körüğü | Süspansiyon Körüğü 42810 S1","https://www.frenciniz.com/urun/632/suspansiyon-korugu-42810-s1-sku-42810-s1-ekersan","92","1914"
"48","891","Süspansiyon Körüğü","Süspansiyon Körüğü Volvo FH FH12 FM FL SKU 427804.S","Volvo FH Süspansiyon Körüğü | Volvo FH 427804.S | 427804.S Süspansiyon Körüğü | Süspansiyon Körüğü Volvo FH FH12 FM FL","https://www.frenciniz.com/urun/891/suspansiyon-korugu-volvo-fh-fh12-fm-fl-sku-427804-s-ekersan","91","1755.6"
"48","987","Kaliper Ayar Mekanizması","Kaliper Ayar Mekanizma Seti (Pimli - Kısa) SKU 422152","Ağır vasıta kaliper sistemi Kaliper Ayar Mekanizması | Ağır vasıta kaliper sistemi 422152 | 422152 Kaliper Ayar Mekanizması | Kaliper Ayar Mekanizma Seti (Pimli - Kısa)","https://www.frenciniz.com/urun/987/kaliper-ayar-mekanizma-seti-pimli-kisa-sku-422152-ekersan","87","1247.4"
"48","910","Süspansiyon Körüğü","Süspansiyon Körüğü Volvo FH FH12 FM FL SKU 424718.S","Volvo FH Süspansiyon Körüğü | Volvo FH 424718.S | 424718.S Süspansiyon Körüğü | Süspansiyon Körüğü Volvo FH FH12 FM FL","https://www.frenciniz.com/urun/910/suspansiyon-korugu-volvo-fh-fh12-fm-fl-sku-424718-s-ekersan","84","1617"
"48","893","Süspansiyon Körüğü","Süspansiyon Körüğü Volvo FH FH12 FM FL SKU 427803.S","Volvo FH Süspansiyon Körüğü | Volvo FH 427803.S | 427803.S Süspansiyon Körüğü | Süspansiyon Körüğü Volvo FH FH12 FM FL","https://www.frenciniz.com/urun/893/suspansiyon-korugu-volvo-fh-fh12-fm-fl-sku-427803-s-ekersan","81","1848"
"48","459","Süspansiyon Körüğü","Süspansiyon Körüğü FT 34881","Dorse / treyler Süspansiyon Körüğü | Dorse / treyler FT 34881 | FT 34881 Süspansiyon Körüğü","https://www.frenciniz.com/urun/459/suspansiyon-korugu-ft-34881-ekersan","79","1782"
"48","677","EBS Modülatör","EBS Modulator EBS UZATMA KABLOSU WABCO 3 MT SKU EF-4497230300","WABCO PAN17/PAN19/PAN22 kaliper sistemi EBS Modülatör | WABCO PAN17/PAN19/PAN22 kaliper sistemi EF-4497230300 | EF-4497230300 EBS Modülatör | EBS UZATMA KABLOSU WABCO 3 MT","https://www.frenciniz.com/urun/677/ebs-modulator-ebs-uzatma-kablosu-wabco-3-mt-sku-ef-4497230300-ekersan","78","653.4"
"48","917","Süspansiyon Körüğü","Suspansiyon Korugu Pistonsuz Körük 424023 S SKU 424023.S","Dorse Süspansiyon Körüğü | Dorse 424023.S | 424023.S Süspansiyon Körüğü | Pistonsuz Körük 424023 S","https://www.frenciniz.com/urun/917/suspansiyon-korugu-pistonsuz-koruk-424023-s-sku-424023-s-ekersan","68","1980"
"48","520","Kaliper Ayar Mekanizması","SL7/SM7 AYAR MEKANİZMASI Y.M. UZUN SKU CH1101","Knorr-Bremse SB/SN/SK kaliper sistemi Kaliper Ayar Mekanizması | Knorr-Bremse SB/SN/SK kaliper sistemi CH1101 | CH1101 Kaliper Ayar Mekanizması | SL7/SM7 AYAR MEKANİZMASI Y.M. UZUN","https://www.frenciniz.com/urun/520/sl7-sm7-ayar-mekanizmasi-y-m-uzun-sku-ch1101-ekersan","60","3656.4"
"48","663","Fren Körüğü","Fren Körüğü Iveco Eurocargo Stralis Trakker SKU 8114","Iveco Eurocargo Fren Körüğü | Iveco Eurocargo 8114 | 8114 Fren Körüğü | Fren Körüğü Iveco Eurocargo Stralis Trakker","https://www.frenciniz.com/urun/663/fren-korugu-iveco-eurocargo-stralis-trakker-sku-8114-ekersan","58","3630"
"48","456","Süspansiyon Körüğü","Süspansiyon Körüğü FT 34813 K SKU FT 34813-K","Dorse Süspansiyon Körüğü | Dorse FT 34813-K | FT 34813-K Süspansiyon Körüğü | Süspansiyon Körüğü FT 34813 K","https://www.frenciniz.com/urun/456/suspansiyon-korugu-ft-34813-k-sku-ft-34813-k-ekersan","55","2178"
"48","15","Fren Cırcırı","Fren Cırcırı Mercedes Arocs Ön SAĞ SKU ESC 80167","Mercedes-Benz Arocs Fren Cırcırı | Mercedes-Benz Arocs ESC 80167 | ESC 80167 Fren Cırcırı | Fren Cırcırı Mercedes Arocs Ön SAĞ","https://www.frenciniz.com/urun/15/fren-circiri-mercedes-arocs-on-sag-sku-esc-80167-ekersan","51","1452"
"48","784","ABS Sensörü/Modülü/Kablo","ABS Sensoru EBS Modulator CARGO ABS DİŞLİSİ / ARKA SKU EYD 91 13","Ford Cargo ABS Sensörü/Modülü/Kablo | Ford Cargo EYD 91 13 | EYD 91 13 ABS Sensörü/Modülü/Kablo | CARGO ABS DİŞLİSİ / ARKA","https://www.frenciniz.com/urun/784/abs-sensoru-ebs-modulator-cargo-abs-dislisi-arka-sku-eyd-91-13-ekersan","50","871.2"
"48","919","Süspansiyon Körüğü","Süspansiyon Körüğü 424022 S05 SKU 424022.S05","Dorse Süspansiyon Körüğü | Dorse 424022.S05 | 424022.S05 Süspansiyon Körüğü | Süspansiyon Körüğü 424022 S05","https://www.frenciniz.com/urun/919/suspansiyon-korugu-424022-s05-sku-424022-s05-ekersan","49","1848"
"48","601","Süspansiyon Körüğü","Süspansiyon Körüğü Scania P G R Y.M SKU 424930.S","Scania P/G/R serisi Süspansiyon Körüğü | Scania P/G/R serisi 424930.S | 424930.S Süspansiyon Körüğü | Süspansiyon Körüğü Scania P G R Y.M","https://www.frenciniz.com/urun/601/suspansiyon-korugu-scania-p-g-r-y-m-sku-424930-s-ekersan","48","1914"
"48","602","Süspansiyon Körüğü","Süspansiyon Körüğü Scania P G R Y.M SKU 424933.S","Scania P/G/R serisi Süspansiyon Körüğü | Scania P/G/R serisi 424933.S | 424933.S Süspansiyon Körüğü | Süspansiyon Körüğü Scania P G R Y.M","https://www.frenciniz.com/urun/602/suspansiyon-korugu-scania-p-g-r-y-m-sku-424933-s-ekersan","48","2112"
"48","14","Fren Cırcırı","Fren Cırcırı Mercedes Arocs Ön Sol SKU ESC 80168","Mercedes-Benz Arocs Fren Cırcırı | Mercedes-Benz Arocs ESC 80168 | ESC 80168 Fren Cırcırı | Fren Cırcırı Mercedes Arocs Ön Sol","https://www.frenciniz.com/urun/14/fren-circiri-mercedes-arocs-on-sol-sku-esc-80168-ekersan","45","1452"
"48","85","Fren Cırcırı","Fren Cırcırı Mercedes Actros Arocs SAĞ SKU ESC 80423","Mercedes-Benz Actros Fren Cırcırı | Mercedes-Benz Actros ESC 80423 | ESC 80423 Fren Cırcırı | Fren Cırcırı Mercedes Actros Arocs SAĞ","https://www.frenciniz.com/urun/85/fren-circiri-mercedes-actros-arocs-sag-sku-esc-80423-ekersan","41","1452"
"48","895","Süspansiyon Körüğü","Süspansiyon Körüğü BMC Probus Profesyonel Fatih Pro SKU 42722.C","BMC Probus Süspansiyon Körüğü | BMC Probus 42722.C | 42722.C Süspansiyon Körüğü | Süspansiyon Körüğü BMC Probus Profesyonel Fatih Pro","https://www.frenciniz.com/urun/895/suspansiyon-korugu-bmc-probus-profesyonel-fatih-pro-sku-42722-c-ekersan","41","4092"
"48","881","Süspansiyon Körüğü","Süspansiyon Körüğü DAF XF CF SKU 42889.S","DAF XF Süspansiyon Körüğü | DAF XF 42889.S | 42889.S Süspansiyon Körüğü | Süspansiyon Körüğü DAF XF CF","https://www.frenciniz.com/urun/881/suspansiyon-korugu-daf-xf-cf-sku-42889-s-ekersan","39","1848"
"48","475","Fren Kampanası","Fren Kampanası WABCO ABS EBS 200 SKU EF-4410328480","WABCO ABS/EBS sistemi Fren Kampanası | WABCO ABS/EBS sistemi EF-4410328480 | EF-4410328480 Fren Kampanası | Fren Kampanası WABCO ABS EBS 200","https://www.frenciniz.com/urun/475/fren-kampanasi-wabco-abs-ebs-200-sku-ef-4410328480-ekersan","37","693"
"48","613","Süspansiyon Körüğü","Süspansiyon Körüğü Fruehauf SMB SKU 424156.C","Dorse / treyler Süspansiyon Körüğü | Dorse / treyler 424156.C | 424156.C Süspansiyon Körüğü | Süspansiyon Körüğü Fruehauf SMB","https://www.frenciniz.com/urun/613/suspansiyon-korugu-fruehauf-smb-sku-424156-c-ekersan","34","3036"
"48","504","Kaliper Tamir Takımı (Modulx)","Kaliper Tamir Takımı (Modulx) MODULX GEN-2 MEKANİZMA KOMPLE SET SKU CH4035","Haldex ModulX kaliper sistemi Kaliper Tamir Takımı (Modulx) | Haldex ModulX kaliper sistemi CH4035 | CH4035 Kaliper Tamir Takımı (Modulx) | MODULX GEN-2 MEKANİZMA KOMPLE SET","https://www.frenciniz.com/urun/504/kaliper-tamir-takimi-modulx-modulx-gen-2-mekanizma-komple-set-sku-ch4035-ekersan","28","13739.88"
"48","510","Kaliper Ayar Mekanizması","PAN19-1/22-1 AYAR TAŞIYICI MEKANİZMALI SET SKU CH3173","WABCO PAN17/PAN19/PAN22 kaliper sistemi Kaliper Ayar Mekanizması | WABCO PAN17/PAN19/PAN22 kaliper sistemi CH3173 | CH3173 Kaliper Ayar Mekanizması | PAN19-1/22-1 AYAR TAŞIYICI MEKANİZMALI SET","https://www.frenciniz.com/urun/510/pan19-1-22-1-ayar-tasiyici-mekanizmali-set-sku-ch3173-ekersan","28","3115.2"
"48","631","Süspansiyon Körüğü","Süspansiyon Körüğü BMC Probus Profesyonel Fatih Pro SKU 42722.S","BMC Probus Süspansiyon Körüğü | BMC Probus 42722.S | 42722.S Süspansiyon Körüğü | Süspansiyon Körüğü BMC Probus Profesyonel Fatih Pro","https://www.frenciniz.com/urun/631/suspansiyon-korugu-bmc-probus-profesyonel-fatih-pro-sku-42722-s-ekersan","28","2112"
"48","405","Fren Cırcırı","Fren Cırcırı Scania P G R SAĞ SKU ESC 78198","Scania P/G/R serisi Fren Cırcırı | Scania P/G/R serisi ESC 78198 | ESC 78198 Fren Cırcırı | Fren Cırcırı Scania P G R SAĞ","https://www.frenciniz.com/urun/405/fren-circiri-scania-p-g-r-sag-sku-esc-78198-ekersan","25","1452"
"48","406","Fren Cırcırı","Fren Cırcırı Scania P G R Sol SKU ESC 78197","Scania P/G/R serisi Fren Cırcırı | Scania P/G/R serisi ESC 78197 | ESC 78197 Fren Cırcırı | Fren Cırcırı Scania P G R Sol","https://www.frenciniz.com/urun/406/fren-circiri-scania-p-g-r-sol-sku-esc-78197-ekersan","25","1452"
"48","452","Süspansiyon Körüğü","Suspansiyon Korugu Pistonsuz Körük FT 344183","Dorse Süspansiyon Körüğü | Dorse FT 344183 | FT 344183 Süspansiyon Körüğü | Pistonsuz Körük FT 344183","https://www.frenciniz.com/urun/452/suspansiyon-korugu-pistonsuz-koruk-ft-344183-ekersan","25","1518"
"48","463","ABS Sensörü/Modülü/Kablo","ABS SENSÖRÜ ÖN YENİ MODEL ACTROS AROX EURO6 SKU EF-4410321930","Mercedes-Benz Actros ABS Sensörü/Modülü/Kablo | Mercedes-Benz Actros EF-4410321930 | EF-4410321930 ABS Sensörü/Modülü/Kablo | ABS SENSÖRÜ ÖN YENİ MODEL ACTROS AROX EURO6","https://www.frenciniz.com/urun/463/abs-sensoru-on-yeni-model-actros-arox-euro6-sku-ef-4410321930-ekersan","23","792"
"48","422","Süspansiyon Körüğü","Süspansiyon Körüğü FT 34810 K04F SKU FT 34810-K04F","Dorse / treyler Süspansiyon Körüğü | Dorse / treyler FT 34810-K04F | FT 34810-K04F Süspansiyon Körüğü | Süspansiyon Körüğü FT 34810 K04F","https://www.frenciniz.com/urun/422/suspansiyon-korugu-ft-34810-k04f-sku-ft-34810-k04f-ekersan","22","3300"
"48","890","Süspansiyon Körüğü","Süspansiyon Körüğü 42810 C16 SKU 42810.C16","Dorse Süspansiyon Körüğü | Dorse 42810.C16 | 42810.C16 Süspansiyon Körüğü | Süspansiyon Körüğü 42810 C16","https://www.frenciniz.com/urun/890/suspansiyon-korugu-42810-c16-sku-42810-c16-ekersan","22","3102"
"48","974","Kaliper Ayar Mekanizması","Kaliper Mekanizma Seti SKU 427138","Ağır vasıta kaliper sistemi Kaliper Ayar Mekanizması | Ağır vasıta kaliper sistemi 427138 | 427138 Kaliper Ayar Mekanizması | Kaliper Mekanizma Seti","https://www.frenciniz.com/urun/974/kaliper-mekanizma-seti-sku-427138-ekersan","21","3762"
"48","433","ABS Sensörü/Modülü/Kablo","MAN ABS SENSÖRÜ SAĞ 300CM SKU EF-4410329880","MAN ağır vasıta ABS Sensörü/Modülü/Kablo | MAN ağır vasıta EF-4410329880 | EF-4410329880 ABS Sensörü/Modülü/Kablo | MAN ABS SENSÖRÜ SAĞ 300CM","https://www.frenciniz.com/urun/433/man-abs-sensoru-sag-300cm-sku-ef-4410329880-ekersan","20","831.6"
"48","434","ABS Sensörü/Modülü/Kablo","MAN ABS SENSÖRÜ SOL 300CM SKU EF-4410329870","MAN ağır vasıta ABS Sensörü/Modülü/Kablo | MAN ağır vasıta EF-4410329870 | EF-4410329870 ABS Sensörü/Modülü/Kablo | MAN ABS SENSÖRÜ SOL 300CM","https://www.frenciniz.com/urun/434/man-abs-sensoru-sol-300cm-sku-ef-4410329870-ekersan","20","831.6"
"48","451","Süspansiyon Körüğü","Süspansiyon Körüğü SAF Holland SKU FT 344022","SAF dorse dingili Süspansiyon Körüğü | SAF dorse dingili FT 344022 | FT 344022 Süspansiyon Körüğü | Süspansiyon Körüğü SAF Holland","https://www.frenciniz.com/urun/451/suspansiyon-korugu-saf-holland-sku-ft-344022-ekersan","20","1518"
"48","837","Burç / Muylu","420/200 BURÇSUZ SERTEL E.M SKU EYD 300 03","Dorse / treyler Burç / Muylu | Dorse / treyler EYD 300 03 | EYD 300 03 Burç / Muylu | 420/200 BURÇSUZ SERTEL E.M","https://www.frenciniz.com/urun/837/burc-muylu-420-200-burcsuz-sertel-e-m-sku-eyd-300-03-ekersan","20","2046"
"48","882","Süspansiyon Körüğü","Süspansiyon Körüğü Ford Cargo SKU 42887.S","Ford Cargo Süspansiyon Körüğü | Ford Cargo 42887.S | 42887.S Süspansiyon Körüğü | Süspansiyon Körüğü Ford Cargo","https://www.frenciniz.com/urun/882/suspansiyon-korugu-ford-cargo-sku-42887-s-ekersan","20","1848"
"43","842","Disk Bijonu/Civatası","Disk Bijonu EYD 209 02","Kamyon Disk Bijonu/Civatası | Kamyon EYD 209 02 | EYD 209 02 Disk Bijonu/Civatası","https://www.frenciniz.com/urun/842/disk-bijonu-eyd-209-02-ekersan","68549","50.82"
"43","940","Somun / Cıvata","Bijon Somunu Dakromatlı SKU ESS 025 20-3","Kamyon Somun / Cıvata | Kamyon ESS 025 20-3 | ESS 025 20-3 Somun / Cıvata | Bijon Somunu Dakromatlı","https://www.frenciniz.com/urun/940/bijon-somunu-dakromatli-sku-ess-025-20-3-ekersan","55436","73.37"
"43","944","Somun / Cıvata","Döner Pullu Somun ESS 023 10 R SKU ESS 023 10-R","Kamyon Somun / Cıvata | Kamyon ESS 023 10-R | ESS 023 10-R Somun / Cıvata | Döner Pullu Somun ESS 023 10 R","https://www.frenciniz.com/urun/944/doner-pullu-somun-ess-023-10-r-sku-ess-023-10-r-ekersan","11047","74.09"
"43","926","Somun / Cıvata","Bijon Somunu DPS SKU ESS 320 10","Kamyon Somun / Cıvata | Kamyon ESS 320 10 | ESS 320 10 Somun / Cıvata | Bijon Somunu DPS","https://www.frenciniz.com/urun/926/bijon-somunu-dps-sku-ess-320-10-ekersan","5986","75.57"
"43","863","Perno","MERCEDES PERNO STANDART SKU EYD 202 06","Mercedes-Benz Actros Perno | Mercedes-Benz Actros EYD 202 06 | EYD 202 06 Perno | MERCEDES PERNO STANDART","https://www.frenciniz.com/urun/863/mercedes-perno-standart-sku-eyd-202-06-ekersan","4916","191.4"
"43","10","Disk Bijonu/Civatası","Disk Bijonu SAF Holland Y.M SKU ESB 4000 15","SAF dorse dingili Disk Bijonu/Civatası | SAF dorse dingili ESB 4000 15 | ESB 4000 15 Disk Bijonu/Civatası | Disk Bijonu SAF Holland Y.M","https://www.frenciniz.com/urun/10/disk-bijonu-saf-holland-y-m-sku-esb-4000-15-ekersan","3368","91.74"
"43","833","Lastik","Lastik Körük Lastiği Disk imdatlı körüğü Kampana imdatlı körüğü körüğü E.M SKU EYD 500 05-2","Disk fren imdatlı fren körüğü Lastik | Disk fren imdatlı fren körüğü EYD 500 05-2 | EYD 500 05-2 Lastik | Körük Lastiği Disk imdatlı körüğü Kampana imdatlı körüğü körüğü E.M","https://www.frenciniz.com/urun/833/lastik-koruk-lastigi-disk-imdatli-korugu-kampana-imdatli-korugu-korugu-e-m-sku-eyd-500-05-2","3080","13.2"
"43","326","Disk Bijonu/Civatası","Disk Bijonu Mercedes Axor YM SKU ESB 4000 25","Mercedes-Benz Axor Disk Bijonu/Civatası | Mercedes-Benz Axor ESB 4000 25 | ESB 4000 25 Disk Bijonu/Civatası | Disk Bijonu Mercedes Axor YM","https://www.frenciniz.com/urun/326/disk-bijonu-mercedes-axor-ym-sku-esb-4000-25-ekersan","2885","91.74"
"43","461","Burç / Muylu","SERİN/BPW DORSE MAKARA TAKIMI 45 LİK BURÇLU SKU EYD 301 05-2","BPW dorse dingili Burç / Muylu | BPW dorse dingili EYD 301 05-2 | EYD 301 05-2 Burç / Muylu | SERİN/BPW DORSE MAKARA TAKIMI 45 LİK BURÇLU","https://www.frenciniz.com/urun/461/burc-muylu-serin-bpw-dorse-makara-takimi-45-lik-burclu-sku-eyd-301-05-2-ekersan","2838","231"
"43","24","Disk Bijonu/Civatası","Disk Bijonu Mercedes Axor SKU ESB 4000 13","Mercedes-Benz Axor Disk Bijonu/Civatası | Mercedes-Benz Axor ESB 4000 13 | ESB 4000 13 Disk Bijonu/Civatası | Disk Bijonu Mercedes Axor","https://www.frenciniz.com/urun/24/disk-bijonu-mercedes-axor-sku-esb-4000-13-ekersan","2486","73.46"
"43","929","Somun / Cıvata","Bijon Somunu ESS 300 12","Kamyon Somun / Cıvata | Kamyon ESS 300 12 | ESS 300 12 Somun / Cıvata","https://www.frenciniz.com/urun/929/bijon-somunu-ess-300-12-ekersan","1885","189.69"
"43","927","Somun / Cıvata","Bijon Somunu ESS 300 22","Kamyon Somun / Cıvata | Kamyon ESS 300 22 | ESS 300 22 Somun / Cıvata","https://www.frenciniz.com/urun/927/bijon-somunu-ess-300-22-ekersan","1810","189.69"
"43","840","Perno","Perno Klips SKU EYD 209 11","Kamyon Perno | Kamyon EYD 209 11 | EYD 209 11 Perno | Perno Klips","https://www.frenciniz.com/urun/840/perno-klips-sku-eyd-209-11-ekersan","1161","25.08"
"43","348","Disk Bijonu/Civatası","Disk Bijonu Renault Premium Magnum Kerax Midlum 210 SKU ESB 2321 10","Renault Trucks Premium Disk Bijonu/Civatası | Renault Trucks Premium ESB 2321 10 | ESB 2321 10 Disk Bijonu/Civatası | Disk Bijonu Renault Premium Magnum Kerax Midlum 210","https://www.frenciniz.com/urun/348/disk-bijonu-renault-premium-magnum-kerax-midlum-210-sku-esb-2321-10-ekersan","1090","175.94"
"43","8","Disk Bijonu/Civatası","Disk Bijonu Mercedes Atego Arka Y.M SKU ESB 145 10","Mercedes-Benz Atego Disk Bijonu/Civatası | Mercedes-Benz Atego ESB 145 10 | ESB 145 10 Disk Bijonu/Civatası | Disk Bijonu Mercedes Atego Arka Y.M","https://www.frenciniz.com/urun/8/disk-bijonu-mercedes-atego-arka-y-m-sku-esb-145-10-ekersan","1010","170.44"
"43","832","Lastik","Lastik Körük Lastiği Disk imdatlı körüğü Kampana imdatlı körüğü körüğü Y.M SKU EYD 500 05-2-2","Disk fren imdatlı fren körüğü Lastik | Disk fren imdatlı fren körüğü EYD 500 05-2-2 | EYD 500 05-2-2 Lastik | Körük Lastiği Disk imdatlı körüğü Kampana imdatlı körüğü körüğü Y.M","https://www.frenciniz.com/urun/832/lastik-koruk-lastigi-disk-imdatli-korugu-kampana-imdatli-korugu-korugu-y-m-sku-eyd-500-05-2-2","837","13.2"
"43","943","Somun / Cıvata","Bijon Somunu Volvo FH FH12 FM FL SKU ESS 024 10-R","Volvo FH Somun / Cıvata | Volvo FH ESS 024 10-R | ESS 024 10-R Somun / Cıvata | Bijon Somunu Volvo FH FH12 FM FL","https://www.frenciniz.com/urun/943/bijon-somunu-volvo-fh-fh12-fm-fl-sku-ess-024-10-r-ekersan","748","74.09"
"43","623","Fren Körüğü","Fren Körüğü EYD 100 67","Kamyon Fren Körüğü | Kamyon EYD 100 67 | EYD 100 67 Fren Körüğü","https://www.frenciniz.com/urun/623/fren-korugu-eyd-100-67-ekersan","722","156.42"
"43","973","Perno","Perno Tapası 40x12 mm SKU 429002","Kamyon Perno | Kamyon 429002 | 429002 Perno | Perno Tapası 40x12 mm","https://www.frenciniz.com/urun/973/perno-tapasi-40x12-mm-sku-429002-ekersan","703","22.44"
"43","1012","Kaliper Ayar Mekanizması","Kaliper Ayar Mekanizması (Yaylı) SKU 421127","Ağır vasıta kaliper sistemi Kaliper Ayar Mekanizması | Ağır vasıta kaliper sistemi 421127 | 421127 Kaliper Ayar Mekanizması | Kaliper Ayar Mekanizması (Yaylı)","https://www.frenciniz.com/urun/1012/kaliper-ayar-mekanizmasi-yayli-sku-421127-ekersan","641","178.2"
"43","625","Fren Körüğü","Fren Körüğü EYD 100 66","Kamyon Fren Körüğü | Kamyon EYD 100 66 | EYD 100 66 Fren Körüğü","https://www.frenciniz.com/urun/625/fren-korugu-eyd-100-66-ekersan","597","144.21"
"43","624","Fren Körüğü","Fren Körüğü EYD 100 61","Kamyon Fren Körüğü | Kamyon EYD 100 61 | EYD 100 61 Fren Körüğü","https://www.frenciniz.com/urun/624/fren-korugu-eyd-100-61-ekersan","440","144.21"
"43","868","Fren Körüğü","Fren Körüğü EYD 100 50","Kamyon Fren Körüğü | Kamyon EYD 100 50 | EYD 100 50 Fren Körüğü","https://www.frenciniz.com/urun/868/fren-korugu-eyd-100-50-ekersan","426","130.02"
"43","11","Disk Bijonu/Civatası","Disk Bijonu MAN TGS SKU ESB 242 10","MAN TGS Disk Bijonu/Civatası | MAN TGS ESB 242 10 | ESB 242 10 Disk Bijonu/Civatası | Disk Bijonu MAN TGS","https://www.frenciniz.com/urun/11/disk-bijonu-man-tgs-sku-esb-242-10-ekersan","400","186.93"
"43","993","Kaliper Toz Lastiği","Kaliper Toz Lastiği Tamir Takımı (Ø 69 mm - 54 mm) SKU 421235","Ağır vasıta kaliper sistemi Kaliper Toz Lastiği | Ağır vasıta kaliper sistemi 421235 | 421235 Kaliper Toz Lastiği | Kaliper Toz Lastiği Tamir Takımı (Ø 69 mm - 54 mm)","https://www.frenciniz.com/urun/993/kaliper-toz-lastigi-tamir-takimi-69-mm-54-mm-sku-421235-ekersan","400","369.6"
"43","831","Yay","Dorse Civatalı Yay SKU EYD 70 02","Dorse / treyler Yay | Dorse / treyler EYD 70 02 | EYD 70 02 Yay | Dorse Civatalı Yay","https://www.frenciniz.com/urun/831/dorse-civatali-yay-sku-eyd-70-02-ekersan","351","85.8"
"43","1005","Kaliper Tamir Takımı","Kaliper Masura Bilya Takımı Knorr WABCO Meritor SKU 421146","Ağır vasıta kaliper sistemi Kaliper Tamir Takımı | Ağır vasıta kaliper sistemi 421146 | 421146 Kaliper Tamir Takımı | Kaliper Masura Bilya Takımı Knorr WABCO Meritor","https://www.frenciniz.com/urun/1005/kaliper-masura-bilya-takimi-knorr-wabco-meritor-sku-421146-ekersan","333","270.6"
"43","500","ABS Sensörü/Modülü/Kablo","ABS Sensoru EBS Modulator ABS SENSÖR L 40 CM SKU EF-4410328080","WABCO ABS/EBS sistemi ABS Sensörü/Modülü/Kablo | WABCO ABS/EBS sistemi EF-4410328080 | EF-4410328080 ABS Sensörü/Modülü/Kablo | ABS SENSÖR L 40 CM","https://www.frenciniz.com/urun/500/abs-sensoru-ebs-modulator-abs-sensor-l-40-cm-sku-ef-4410328080-ekersan","316","462"
"43","558","Fren Körüğü","Fren Körüğü BPW ECOPlus SKU EYD 100 71-1","BPW dorse dingili Fren Körüğü | BPW dorse dingili EYD 100 71-1 | EYD 100 71-1 Fren Körüğü | Fren Körüğü BPW ECOPlus","https://www.frenciniz.com/urun/558/fren-korugu-bpw-ecoplus-sku-eyd-100-71-1-ekersan","296","396"
"43","1006","Kaliper Ayar Mekanizması","Kaliper Mekanizma Zinciri (29 Bakla) SKU 421139","Ağır vasıta kaliper sistemi Kaliper Ayar Mekanizması | Ağır vasıta kaliper sistemi 421139 | 421139 Kaliper Ayar Mekanizması | Kaliper Mekanizma Zinciri (29 Bakla)","https://www.frenciniz.com/urun/1006/kaliper-mekanizma-zinciri-29-bakla-sku-421139-ekersan","292","165"
"43","866","Fren Körüğü","Fren Körüğü BPW ECOPlus SKU EYD 100 71","BPW dorse dingili Fren Körüğü | BPW dorse dingili EYD 100 71 | EYD 100 71 Fren Körüğü | Fren Körüğü BPW ECOPlus","https://www.frenciniz.com/urun/866/fren-korugu-bpw-ecoplus-sku-eyd-100-71-ekersan","287","462"
"43","628","Fren Körüğü","Fren Körüğü EYD 100 39","Kamyon Fren Körüğü | Kamyon EYD 100 39 | EYD 100 39 Fren Körüğü","https://www.frenciniz.com/urun/628/fren-korugu-eyd-100-39-ekersan","283","150.48"
"43","284","Disk Bijonu/Civatası","Disk Bijonu Scania P G R 96 mm Arka Y.M SKU ESB 918 10-R","Scania P/G/R serisi Disk Bijonu/Civatası | Scania P/G/R serisi ESB 918 10-R | ESB 918 10-R Disk Bijonu/Civatası | Disk Bijonu Scania P G R 96 mm Arka Y.M","https://www.frenciniz.com/urun/284/disk-bijonu-scania-p-g-r-96-mm-arka-y-m-sku-esb-918-10-r-ekersan","250","218.55"
"43","867","Fren Körüğü","Fren Körüğü EYD 100 65","Kamyon Fren Körüğü | Kamyon EYD 100 65 | EYD 100 65 Fren Körüğü","https://www.frenciniz.com/urun/867/fren-korugu-eyd-100-65-ekersan","240","200.64"
"43","870","Fren Körüğü","Fren Körüğü EYD 100 40","Kamyon Fren Körüğü | Kamyon EYD 100 40 | EYD 100 40 Fren Körüğü","https://www.frenciniz.com/urun/870/fren-korugu-eyd-100-40-ekersan","188","156.42"
"43","1000","Kaliper Perno Tamir Takımı","Kaliper Perno Tamir Takımı Knorr WABCO Meritor SKU 421164","Ağır vasıta kaliper sistemi Kaliper Perno Tamir Takımı | Ağır vasıta kaliper sistemi 421164 | 421164 Kaliper Perno Tamir Takımı | Kaliper Perno Tamir Takımı Knorr WABCO Meritor","https://www.frenciniz.com/urun/1000/kaliper-perno-tamir-takimi-knorr-wabco-meritor-sku-421164-ekersan","180","448.8"
"43","774","Somun / Cıvata","Bijon Somunu SAF Holland Sol SKU EYD 92 03","SAF dorse dingili Somun / Cıvata | SAF dorse dingili EYD 92 03 | EYD 92 03 Somun / Cıvata | Bijon Somunu SAF Holland Sol","https://www.frenciniz.com/urun/774/bijon-somunu-saf-holland-sol-sku-eyd-92-03-ekersan","177","415.8"
"43","773","Somun / Cıvata","Bijon Somunu SAF Holland SAĞ SKU EYD 92 04","SAF dorse dingili Somun / Cıvata | SAF dorse dingili EYD 92 04 | EYD 92 04 Somun / Cıvata | Bijon Somunu SAF Holland SAĞ","https://www.frenciniz.com/urun/773/bijon-somunu-saf-holland-sag-sku-eyd-92-04-ekersan","176","415.8"
"43","499","ABS Sensörü/Modülü/Kablo","ABS Sensoru EBS Modulator ABS SENSÖR DÜZ 40 CM SKU EF-4410329050","WABCO ABS/EBS sistemi ABS Sensörü/Modülü/Kablo | WABCO ABS/EBS sistemi EF-4410329050 | EF-4410329050 ABS Sensörü/Modülü/Kablo | ABS SENSÖR DÜZ 40 CM","https://www.frenciniz.com/urun/499/abs-sensoru-ebs-modulator-abs-sensor-duz-40-cm-sku-ef-4410329050-ekersan","169","462"
"43","1015","Kaliper Toz Lastiği","Kaliper Toz Lastiği Tamir Takımı (Ø 69 mm) SKU 421101","Ağır vasıta kaliper sistemi Kaliper Toz Lastiği | Ağır vasıta kaliper sistemi 421101 | 421101 Kaliper Toz Lastiği | Kaliper Toz Lastiği Tamir Takımı (Ø 69 mm)","https://www.frenciniz.com/urun/1015/kaliper-toz-lastigi-tamir-takimi-69-mm-sku-421101-ekersan","160","336.6"
"43","543","Dingil","ALMAN DİNGİL BP DORS KÜÇÜK YAY SKU EYD 70 13","BPW dorse dingili Dingil | BPW dorse dingili EYD 70 13 | EYD 70 13 Dingil | ALMAN DİNGİL BP DORS KÜÇÜK YAY","https://www.frenciniz.com/urun/543/alman-dingil-bp-dors-kucuk-yay-sku-eyd-70-13-ekersan","120","59.4"
"43","776","Somun / Cıvata","Bijon Somunu SAF Holland Sol SKU EYD 92 01","SAF dorse dingili Somun / Cıvata | SAF dorse dingili EYD 92 01 | EYD 92 01 Somun / Cıvata | Bijon Somunu SAF Holland Sol","https://www.frenciniz.com/urun/776/bijon-somunu-saf-holland-sol-sku-eyd-92-01-ekersan","101","462"
"43","426","Perno","MERCEDES PERNO PİMLİ SKU EYD 301 46","Mercedes-Benz Actros Perno | Mercedes-Benz Actros EYD 301 46 | EYD 301 46 Perno | MERCEDES PERNO PİMLİ","https://www.frenciniz.com/urun/426/mercedes-perno-pimli-sku-eyd-301-46-ekersan","80","330"
"43","425","Yay","YTE DORSE YAYI SKU EYD 70 67","Dorse / treyler Yay | Dorse / treyler EYD 70 67 | EYD 70 67 Yay | YTE DORSE YAYI","https://www.frenciniz.com/urun/425/yte-dorse-yayi-sku-eyd-70-67-ekersan","76","66"
"43","306","Disk Bijonu/Civatası","Disk Bijonu Iveco Eurocargo Stralis Trakker SKU ESB 650 10","Iveco Eurocargo Disk Bijonu/Civatası | Iveco Eurocargo ESB 650 10 | ESB 650 10 Disk Bijonu/Civatası | Disk Bijonu Iveco Eurocargo Stralis Trakker","https://www.frenciniz.com/urun/306/disk-bijonu-iveco-eurocargo-stralis-trakker-sku-esb-650-10-ekersan","66","122.33"
"43","629","Fren Körüğü","Fren Körüğü EYD 100 62","Kamyon Fren Körüğü | Kamyon EYD 100 62 | EYD 100 62 Fren Körüğü","https://www.frenciniz.com/urun/629/fren-korugu-eyd-100-62-ekersan","66","170.28"
"43","823","Yay","Dorse Yayi RENAULT KERAX YAY KÜÇÜK SKU EYD 70 10-1","Renault Trucks Premium Yay | Renault Trucks Premium EYD 70 10-1 | EYD 70 10-1 Yay | RENAULT KERAX YAY KÜÇÜK","https://www.frenciniz.com/urun/823/dorse-yayi-renault-kerax-yay-kucuk-sku-eyd-70-10-1-ekersan","65","99"
"43","983","Kaliper Toz Lastiği","TOZ LASTİĞİ (SİLİKON)(110 TOZ LASTİK) SKU 425210","Kamyon Kaliper Toz Lastiği | Kamyon 425210 | 425210 Kaliper Toz Lastiği | TOZ LASTİĞİ (SİLİKON)(110 TOZ LASTİK)","https://www.frenciniz.com/urun/983/toz-lastigi-silikon-110-toz-lastik-sku-425210-ekersan","61","92.4"
"43","775","Somun / Cıvata","Bijon Somunu SAF Holland SAĞ SKU EYD 92 02","SAF dorse dingili Somun / Cıvata | SAF dorse dingili EYD 92 02 | EYD 92 02 Somun / Cıvata | Bijon Somunu SAF Holland SAĞ","https://www.frenciniz.com/urun/775/bijon-somunu-saf-holland-sag-sku-eyd-92-02-ekersan","58","462"
"43","438","Fren Körüğü","Fren Körüğü Disk imdatlı körüğü Kampana imdatlı körüğü körüğü SKU EYD 100 66-K","Disk fren imdatlı fren körüğü Fren Körüğü | Disk fren imdatlı fren körüğü EYD 100 66-K | EYD 100 66-K Fren Körüğü | Fren Körüğü Disk imdatlı körüğü Kampana imdatlı körüğü körüğü","https://www.frenciniz.com/urun/438/fren-korugu-disk-imdatli-korugu-kampana-imdatli-korugu-korugu-sku-eyd-100-66-k-ekersan","52","181.5"
"43","437","Fren Körüğü","Fren Körüğü Disk imdatlı körüğü Kampana imdatlı körüğü körüğü SKU EYD 100 67-K","Disk fren imdatlı fren körüğü Fren Körüğü | Disk fren imdatlı fren körüğü EYD 100 67-K | EYD 100 67-K Fren Körüğü | Fren Körüğü Disk imdatlı körüğü Kampana imdatlı körüğü körüğü","https://www.frenciniz.com/urun/437/fren-korugu-disk-imdatli-korugu-kampana-imdatli-korugu-korugu-sku-eyd-100-67-k-ekersan","50","188.76"
"43","781","ABS Sensörü/Modülü/Kablo","ABS Sensoru EBS Modulator DORSE 168*192*16 ABS DİŞLİSİ SKU EYD 91 18","Dorse / treyler ABS Sensörü/Modülü/Kablo | Dorse / treyler EYD 91 18 | EYD 91 18 ABS Sensörü/Modülü/Kablo | DORSE 168*192*16 ABS DİŞLİSİ","https://www.frenciniz.com/urun/781/abs-sensoru-ebs-modulator-dorse-168-192-16-abs-dislisi-sku-eyd-91-18-ekersan","34","481.8"
"43","435","Yay","JUMBO DORSE YAYI BPV SKU EYD 70 66","BPW dorse dingili Yay | BPW dorse dingili EYD 70 66 | EYD 70 66 Yay | JUMBO DORSE YAYI BPV","https://www.frenciniz.com/urun/435/jumbo-dorse-yayi-bpv-sku-eyd-70-66-ekersan","30","66"
"43","441","Fren Körüğü","Fren Körüğü Disk imdatlı körüğü Kampana imdatlı körüğü körüğü SKU EYD 100 63-K","Disk fren imdatlı fren körüğü Fren Körüğü | Disk fren imdatlı fren körüğü EYD 100 63-K | EYD 100 63-K Fren Körüğü | Fren Körüğü Disk imdatlı körüğü Kampana imdatlı körüğü körüğü","https://www.frenciniz.com/urun/441/fren-korugu-disk-imdatli-korugu-kampana-imdatli-korugu-korugu-sku-eyd-100-63-k-ekersan","30","216.48"
"43","780","ABS Sensörü/Modülü/Kablo","ABS Sensoru EBS Modulator DORSE 170*192*16 ABS DİŞLİSİ SKU EYD 91 19","Dorse / treyler ABS Sensörü/Modülü/Kablo | Dorse / treyler EYD 91 19 | EYD 91 19 ABS Sensörü/Modülü/Kablo | DORSE 170*192*16 ABS DİŞLİSİ","https://www.frenciniz.com/urun/780/abs-sensoru-ebs-modulator-dorse-170-192-16-abs-dislisi-sku-eyd-91-19-ekersan","27","481.8"
"43","814","Yay","JUMBO DORSE YAYI ÖZEL SKU EYD 70 65","Dorse / treyler Yay | Dorse / treyler EYD 70 65 | EYD 70 65 Yay | JUMBO DORSE YAYI ÖZEL","https://www.frenciniz.com/urun/814/jumbo-dorse-yayi-ozel-sku-eyd-70-65-ekersan","26","66"
"43","862","Lastik","Lastik Körük Lastiği Disk imdatlı körüğü Kampana imdatlı körüğü körüğü SKU EYD 205 03","Disk fren imdatlı fren körüğü Lastik | Disk fren imdatlı fren körüğü EYD 205 03 | EYD 205 03 Lastik | Körük Lastiği Disk imdatlı körüğü Kampana imdatlı körüğü körüğü","https://www.frenciniz.com/urun/862/lastik-koruk-lastigi-disk-imdatli-korugu-kampana-imdatli-korugu-korugu-sku-eyd-205-03-ekersan","25","363"
"43","982","Kaliper Toz Lastiği","522 TOZ LASTİĞİ (SİLİKON) SKU 425224","Kamyon Kaliper Toz Lastiği | Kamyon 425224 | 425224 Kaliper Toz Lastiği | 522 TOZ LASTİĞİ (SİLİKON)","https://www.frenciniz.com/urun/982/522-toz-lastigi-silikon-sku-425224-ekersan","25","145.2"
"43","981","Kaliper Toz Lastiği","Ø 410 DUBLEX GRUBU TOZ LASTİĞİ (SİLİKON) İVECO 902 SKU 425245","Iveco Eurocargo Kaliper Toz Lastiği | Iveco Eurocargo 425245 | 425245 Kaliper Toz Lastiği | Ø 410 DUBLEX GRUBU TOZ LASTİĞİ (SİLİKON) İVECO 902","https://www.frenciniz.com/urun/981/410-dublex-grubu-toz-lastigi-silikon-iveco-902-sku-425245-ekersan","24","99"
"43","442","Fren Körüğü","Fren Körüğü Disk imdatlı körüğü Kampana imdatlı körüğü körüğü SKU EYD 100 62-K","Disk fren imdatlı fren körüğü Fren Körüğü | Disk fren imdatlı fren körüğü EYD 100 62-K | EYD 100 62-K Fren Körüğü | Fren Körüğü Disk imdatlı körüğü Kampana imdatlı körüğü körüğü","https://www.frenciniz.com/urun/442/fren-korugu-disk-imdatli-korugu-kampana-imdatli-korugu-korugu-sku-eyd-100-62-k-ekersan","20","204.6"
"43","934","Somun / Cıvata","Bijon Somunu Ford Cargo Arka SKU ESS 140 10","Ford Cargo Somun / Cıvata | Ford Cargo ESS 140 10 | ESS 140 10 Somun / Cıvata | Bijon Somunu Ford Cargo Arka","https://www.frenciniz.com/urun/934/bijon-somunu-ford-cargo-arka-sku-ess-140-10-ekersan","20","39.48"
"43","1042","Lastik","Lastik Körük Lastiği 10 1242 SKU 10-1242","Kamyon Lastik | Kamyon 10-1242 | 10-1242 Lastik | Körük Lastiği 10 1242","https://www.frenciniz.com/urun/1042/lastik-koruk-lastigi-10-1242-sku-10-1242-ekersan","20","133.32"
"43","1051","Kaliper Tamir Takımı (Wabco)","Kaliper Tamir Takımı (Wabco) SB6-7 SN6-7 AYAR ZENCİRİ 29 BAĞLANTILI SKU 10-1071","Knorr-Bremse SB/SN/SK kaliper sistemi Kaliper Tamir Takımı (Wabco) | Knorr-Bremse SB/SN/SK kaliper sistemi 10-1071 | 10-1071 Kaliper Tamir Takımı (Wabco) | SB6-7 SN6-7 AYAR ZENCİRİ 29 BAĞLANTILI","https://www.frenciniz.com/urun/1051/kaliper-tamir-takimi-wabco-sb6-7-sn6-7-ayar-zenciri-29-baglantili-sku-10-1071-ekersan","20","231"
"38","457","ABS Sensörü/Modülü/Kablo","MAN ABS SENSÖRÜ ÖN SAĞ 150CM SKU EF-81.271206176","MAN ağır vasıta ABS Sensörü/Modülü/Kablo | MAN ağır vasıta EF-81.271206176 | EF-81.271206176 ABS Sensörü/Modülü/Kablo | MAN ABS SENSÖRÜ ÖN SAĞ 150CM","https://www.frenciniz.com/urun/457/man-abs-sensoru-on-sag-150cm-sku-ef-81-271206176-ekersan","19","726"
"38","458","ABS Sensörü/Modülü/Kablo","MAN ABS SENSÖRÜ ÖN SOL 150 CM SKU EF-81.271206177","MAN ağır vasıta ABS Sensörü/Modülü/Kablo | MAN ağır vasıta EF-81.271206177 | EF-81.271206177 ABS Sensörü/Modülü/Kablo | MAN ABS SENSÖRÜ ÖN SOL 150 CM","https://www.frenciniz.com/urun/458/man-abs-sensoru-on-sol-150-cm-sku-ef-81-271206177-ekersan","19","726"
"38","668","Süspansiyon Körüğü","Suspansiyon Korugu Pistonsuz Körük 424157 S SKU 424157.S","Dorse Süspansiyon Körüğü | Dorse 424157.S | 424157.S Süspansiyon Körüğü | Pistonsuz Körük 424157 S","https://www.frenciniz.com/urun/668/suspansiyon-korugu-pistonsuz-koruk-424157-s-sku-424157-s-ekersan","16","2244"
"38","592","Kaliper Kapak/Conta","KALİPER KAPAK SAC SKU 10-1089","Ağır vasıta kaliper sistemi Kaliper Kapak/Conta | Ağır vasıta kaliper sistemi 10-1089 | 10-1089 Kaliper Kapak/Conta | KALİPER KAPAK SAC","https://www.frenciniz.com/urun/592/kaliper-kapak-sac-sku-10-1089-ekersan","15","546.48"
"38","429","Süspansiyon Körüğü","Süspansiyon Körüğü FT 3498608 KP SKU FT 3498608-KP","Dorse Süspansiyon Körüğü | Dorse FT 3498608-KP | FT 3498608-KP Süspansiyon Körüğü | Süspansiyon Körüğü FT 3498608 KP","https://www.frenciniz.com/urun/429/suspansiyon-korugu-ft-3498608-kp-sku-ft-3498608-kp-ekersan","13","2970"
"38","715","ABS Sensörü/Modülü/Kablo","ABS Sensoru EBS Modulator 1846 CARGO Y.M. ABS DİŞLİSİ SKU EYD 91 30","Ford Cargo ABS Sensörü/Modülü/Kablo | Ford Cargo EYD 91 30 | EYD 91 30 ABS Sensörü/Modülü/Kablo | 1846 CARGO Y.M. ABS DİŞLİSİ","https://www.frenciniz.com/urun/715/abs-sensoru-ebs-modulator-1846-cargo-y-m-abs-dislisi-sku-eyd-91-30-ekersan","13","607.2"
"38","522","Kaliper Kapak/Conta","SB5 3 KABLOLU SENSÖRLÜ KAPAK MB SKU CH1078","Knorr-Bremse SB/SN/SK kaliper sistemi Kaliper Kapak/Conta | Knorr-Bremse SB/SN/SK kaliper sistemi CH1078 | CH1078 Kaliper Kapak/Conta | SB5 3 KABLOLU SENSÖRLÜ KAPAK MB","https://www.frenciniz.com/urun/522/sb5-3-kablolu-sensorlu-kapak-mb-sku-ch1078-ekersan","10","1565.52"
"38","689","Kaliper Tamir Takımı (Duco)","Kaliper Tamir Takımı (Duco) DUCO RULMAN YATAK SACI SKU 20-2256","Meritor ELSA/DUCO kaliper sistemi Kaliper Tamir Takımı (Duco) | Meritor ELSA/DUCO kaliper sistemi 20-2256 | 20-2256 Kaliper Tamir Takımı (Duco) | DUCO RULMAN YATAK SACI","https://www.frenciniz.com/urun/689/kaliper-tamir-takimi-duco-duco-rulman-yatak-saci-sku-20-2256-ekersan","10","865.92"
"38","700","Kaliper Tamir Takımı","Kaliper Tamir Takimi ELSA2-195-225 RULMAN YATAGI DÖKÜM SKU 20-2640","Meritor ELSA/DUCO kaliper sistemi Kaliper Tamir Takımı | Meritor ELSA/DUCO kaliper sistemi 20-2640 | 20-2640 Kaliper Tamir Takımı | ELSA2-195-225 RULMAN YATAGI DÖKÜM","https://www.frenciniz.com/urun/700/kaliper-tamir-takimi-elsa2-195-225-rulman-yatagi-dokum-sku-20-2640-ekersan","10","722.04"
"38","709","Kaliper Tamir Takımı (Frenco)","Kaliper Tamir Takımı (Frenco) FRENCOO SF HDX MODUL T AYAR CİVATA DİŞLİSİ SKU 60-6090","SAF dorse dingili Kaliper Tamir Takımı (Frenco) | SAF dorse dingili 60-6090 | 60-6090 Kaliper Tamir Takımı (Frenco) | FRENCOO SF HDX MODUL T AYAR CİVATA DİŞLİSİ","https://www.frenciniz.com/urun/709/kaliper-tamir-takimi-frenco-frencoo-sf-hdx-modul-t-ayar-civata-dislisi-sku-60-6090-ekersan","10","612.48"
"38","1020","Kaliper Tamir Takımı (Maxx22)","Kaliper Tamir Takımı (Maxx22) MAXX22 RULMAN TK SKU 30-3684","WABCO PAN17/PAN19/PAN22 kaliper sistemi Kaliper Tamir Takımı (Maxx22) | WABCO PAN17/PAN19/PAN22 kaliper sistemi 30-3684 | 30-3684 Kaliper Tamir Takımı (Maxx22) | MAXX22 RULMAN TK","https://www.frenciniz.com/urun/1020/kaliper-tamir-takimi-maxx22-maxx22-rulman-tk-sku-30-3684-ekersan","10","612.48"
"38","149","Fren Kampanası","Fren Kampanası MAN 12-153 SKU ESK 020 09","MAN ağır vasıta Fren Kampanası | MAN ağır vasıta ESK 020 09 | ESK 020 09 Fren Kampanası | Fren Kampanası MAN 12-153","https://www.frenciniz.com/urun/149/fren-kampanasi-man-12-153-sku-esk-020-09-ekersan","9","4892.08"
"38","505","Kaliper Tamir Takımı","Kaliper Tamir Takimi MB ARCS SET (SOL) SKU CHS3014","Mercedes-Benz Actros Kaliper Tamir Takımı | Mercedes-Benz Actros CHS3014 | CHS3014 Kaliper Tamir Takımı | MB ARCS SET (SOL)","https://www.frenciniz.com/urun/505/kaliper-tamir-takimi-mb-arcs-set-sol-sku-chs3014-ekersan","9","13768.92"
"38","506","Kaliper Tamir Takımı","Kaliper Tamir Takimi MB ARCS SET (SAĞ) SKU CHS3013","Mercedes-Benz Actros Kaliper Tamir Takımı | Mercedes-Benz Actros CHS3013 | CHS3013 Kaliper Tamir Takımı | MB ARCS SET (SAĞ)","https://www.frenciniz.com/urun/506/kaliper-tamir-takimi-mb-arcs-set-sag-sku-chs3013-ekersan","9","13768.92"
"38","1021","Kaliper Ayar Mekanizması","KALİPER AYAR MEKANİZMASI SKU 30-3579","Ağır vasıta kaliper sistemi Kaliper Ayar Mekanizması | Ağır vasıta kaliper sistemi 30-3579 | 30-3579 Kaliper Ayar Mekanizması | KALİPER AYAR MEKANİZMASI","https://www.frenciniz.com/urun/1021/kaliper-ayar-mekanizmasi-sku-30-3579-ekersan","9","1737.12"
"38","683","Kaliper Tamir Takımı","Kaliper Tamir Takimi MAXX22 RULMAN YATAĞI SKU 30-3690","WABCO PAN17/PAN19/PAN22 kaliper sistemi Kaliper Tamir Takımı | WABCO PAN17/PAN19/PAN22 kaliper sistemi 30-3690 | 30-3690 Kaliper Tamir Takımı | MAXX22 RULMAN YATAĞI","https://www.frenciniz.com/urun/683/kaliper-tamir-takimi-maxx22-rulman-yatagi-sku-30-3690-ekersan","8","1638.12"
"38","978","Süspansiyon Körüğü","Süspansiyon Körüğü 425299","Dorse Süspansiyon Körüğü | Dorse 425299 | 425299 Süspansiyon Körüğü","https://www.frenciniz.com/urun/978/suspansiyon-korugu-425299-ekersan","8","660"
"38","979","Süspansiyon Körüğü","Süspansiyon Körüğü 425298","Dorse Süspansiyon Körüğü | Dorse 425298 | 425298 Süspansiyon Körüğü","https://www.frenciniz.com/urun/979/suspansiyon-korugu-425298-ekersan","8","567.6"
"38","455","Sensör","ABS Sensoru SCANI ARKA DÜZ SENSÖR SKU EF-1729793","Scania P/G/R serisi Sensör | Scania P/G/R serisi EF-1729793 | EF-1729793 Sensör | SCANI ARKA DÜZ SENSÖR","https://www.frenciniz.com/urun/455/abs-sensoru-scani-arka-duz-sensor-sku-ef-1729793-ekersan","7","792"
"38","61","Mekanik Fren Cırcırı","Mekanik Fren Cırcırı ESC 611","kamyon Mekanik Fren Cırcırı | kamyon ESC 611 | ESC 611 Mekanik Fren Cırcırı","https://www.frenciniz.com/urun/61/mekanik-fren-circiri-esc-611-ekersan","6","1082.4"
"38","524","Kaliper Kapak/Conta","SB6-7 SN6/SN7/SK7/NA7/ST7 3 KALOLU SENSÖRLÜ KAPAK MB SKU CH1070","Knorr-Bremse SB/SN/SK kaliper sistemi Kaliper Kapak/Conta | Knorr-Bremse SB/SN/SK kaliper sistemi CH1070 | CH1070 Kaliper Kapak/Conta | SB6-7 SN6/SN7/SK7/NA7/ST7 3 KALOLU SENSÖRLÜ KAPAK MB","https://www.frenciniz.com/urun/524/sb6-7-sn6-sn7-sk7-na7-st7-3-kalolu-sensorlu-kapak-mb-sku-ch1070-ekersan","6","1454.64"
"38","526","Kaliper Tamir Takımı (Wabco)","Kaliper Tamir Takımı (Wabco) SN6/SN7/SK7/NA7/ST7/SL7/SM7 MİLSİZ KÖPRÜ BAĞLANTISI SKU CH1042","Knorr-Bremse SB/SN/SK kaliper sistemi Kaliper Tamir Takımı (Wabco) | Knorr-Bremse SB/SN/SK kaliper sistemi CH1042 | CH1042 Kaliper Tamir Takımı (Wabco) | SN6/SN7/SK7/NA7/ST7/SL7/SM7 MİLSİZ KÖPRÜ BAĞLANTISI","https://www.frenciniz.com/urun/526/kaliper-tamir-takimi-wabco-sn6-sn7-sk7-na7-st7-sl7-sm7-milsiz-kopru-baglantisi-sku-ch1042","6","1437.48"
"38","595","Fren Körüğü","Fren Körüğü Renault SKU BK 01 0024","Renault Trucks Fren Körüğü | Renault Trucks BK 01 0024 | BK 01 0024 Fren Körüğü | Fren Körüğü Renault","https://www.frenciniz.com/urun/595/fren-korugu-renault-sku-bk-01-0024-ekersan","6","1650"
"38","647","Kaliper Perno Tamir Takımı","Kaliper Perno Tamir Takımı Knorr WABCO Meritor SKU 421167-1","Ağır vasıta kaliper sistemi Kaliper Perno Tamir Takımı | Ağır vasıta kaliper sistemi 421167-1 | 421167-1 Kaliper Perno Tamir Takımı | Kaliper Perno Tamir Takımı Knorr WABCO Meritor","https://www.frenciniz.com/urun/647/kaliper-perno-tamir-takimi-knorr-wabco-meritor-sku-421167-1-ekersan","6","930.6"
"38","685","Kaliper Ayar Mekanizması","MAXX22 AYAR TAŞIYICI MEKANİZMALI SET MAN TGX SKU 30-3682","MAN TGX Kaliper Ayar Mekanizması | MAN TGX 30-3682 | 30-3682 Kaliper Ayar Mekanizması | MAXX22 AYAR TAŞIYICI MEKANİZMALI SET MAN TGX","https://www.frenciniz.com/urun/685/maxx22-ayar-tasiyici-mekanizmali-set-man-tgx-sku-30-3682-ekersan","6","2402.4"
"38","886","Süspansiyon Körüğü","Süspansiyon Körüğü Schmitz Cargobull SKU 428185.S","Schmitz Cargobull dorse Süspansiyon Körüğü | Schmitz Cargobull dorse 428185.S | 428185.S Süspansiyon Körüğü | Süspansiyon Körüğü Schmitz Cargobull","https://www.frenciniz.com/urun/886/suspansiyon-korugu-schmitz-cargobull-sku-428185-s-ekersan","6","2244"
"38","989","Fren Balatası","Fren Balatası Knorr WABCO Meritor Sol SKU 422120","Ağır vasıta kaliper sistemi Fren Balatası | Ağır vasıta kaliper sistemi 422120 | 422120 Fren Balatası | Fren Balatası Knorr WABCO Meritor Sol","https://www.frenciniz.com/urun/989/fren-balatasi-knorr-wabco-meritor-sol-sku-422120-ekersan","6","534.6"
"38","1049","Kaliper Tamir Takımı (Wabco)","Kaliper Tamir Takımı (Wabco) SB6-7 SENSÖRLÜ 3 KABLOLU KAPAK SKU 10-1093","Knorr-Bremse SB/SN/SK kaliper sistemi Kaliper Tamir Takımı (Wabco) | Knorr-Bremse SB/SN/SK kaliper sistemi 10-1093 | 10-1093 Kaliper Tamir Takımı (Wabco) | SB6-7 SENSÖRLÜ 3 KABLOLU KAPAK","https://www.frenciniz.com/urun/1049/kaliper-tamir-takimi-wabco-sb6-7-sensorlu-3-kablolu-kapak-sku-10-1093-ekersan","6","1082.4"
"38","605","Kaliper Tamir Takımı","Kaliper Tamir Takimi FRENCOO MAXX22T RULMAN YATAĞI SKU 30-3790","WABCO PAN17/PAN19/PAN22 kaliper sistemi Kaliper Tamir Takımı | WABCO PAN17/PAN19/PAN22 kaliper sistemi 30-3790 | 30-3790 Kaliper Tamir Takımı | FRENCOO MAXX22T RULMAN YATAĞI","https://www.frenciniz.com/urun/605/kaliper-tamir-takimi-frencoo-maxx22t-rulman-yatagi-sku-30-3790-ekersan","5","1726.56"
"38","645","EBS Modülatör","EBS Modulator EBS ANA HAT KABLOSU 12 MT. SKU W4491731200","WABCO ABS/EBS sistemi EBS Modülatör | WABCO ABS/EBS sistemi W4491731200 | W4491731200 EBS Modülatör | EBS ANA HAT KABLOSU 12 MT.","https://www.frenciniz.com/urun/645/ebs-modulator-ebs-ana-hat-kablosu-12-mt-sku-w4491731200-ekersan","5","5280"
"38","703","Sensör","ABS Sensoru SB/SN 3 KABLOLU SENSÖR&KAPAK (MN TGA İÇİN) SKU 10-1096","MAN TGA Sensör | MAN TGA 10-1096 | 10-1096 Sensör | SB/SN 3 KABLOLU SENSÖR&KAPAK (MN TGA İÇİN)","https://www.frenciniz.com/urun/703/abs-sensoru-sb-sn-3-kablolu-sensor-kapak-mn-tga-icin-sku-10-1096-ekersan","5","1082.4"
"38","705","Kaliper Tamir Takımı","FRENCOO KALİPER PİSTON TM.TK. 69 LUK Y.M. SKU 10-1169","Ağır vasıta kaliper sistemi Kaliper Tamir Takımı | Ağır vasıta kaliper sistemi 10-1169 | 10-1169 Kaliper Tamir Takımı | FRENCOO KALİPER PİSTON TM.TK. 69 LUK Y.M.","https://www.frenciniz.com/urun/705/frencoo-kaliper-piston-tm-tk-69-luk-y-m-sku-10-1169-ekersan","5","514.8"
"38","976","Kaliper Kapak/Conta","Kaliper Mekanizmalı Kapak SKU 426124","Ağır vasıta kaliper sistemi Kaliper Kapak/Conta | Ağır vasıta kaliper sistemi 426124 | 426124 Kaliper Kapak/Conta | Kaliper Mekanizmalı Kapak","https://www.frenciniz.com/urun/976/kaliper-mekanizmali-kapak-sku-426124-ekersan","5","752.4"
"38","980","Kaliper Ayar Mekanizması","AYAR MEKANİZMASI (522 SET) SKU 425268","Kamyon Kaliper Ayar Mekanizması | Kamyon 425268 | 425268 Kaliper Ayar Mekanizması | AYAR MEKANİZMASI (522 SET)","https://www.frenciniz.com/urun/980/ayar-mekanizmasi-522-set-sku-425268-ekersan","5","1782"
"38","86","Fren Cırcırı","Fren Cırcırı Mercedes Arocs Sol SKU ESC 80422","Mercedes-Benz Arocs Fren Cırcırı | Mercedes-Benz Arocs ESC 80422 | ESC 80422 Fren Cırcırı | Fren Cırcırı Mercedes Arocs Sol","https://www.frenciniz.com/urun/86/fren-circiri-mercedes-arocs-sol-sku-esc-80422-ekersan","4","1452"
"38","512","Kaliper Tamir Takımı (Elsa)","Kaliper Tamir Takımı (Elsa) ELSA2 MEKANİZMALI ALÜMİNYUM KAPAK TK SKU CH2224","Meritor ELSA/DUCO kaliper sistemi Kaliper Tamir Takımı (Elsa) | Meritor ELSA/DUCO kaliper sistemi CH2224 | CH2224 Kaliper Tamir Takımı (Elsa) | ELSA2 MEKANİZMALI ALÜMİNYUM KAPAK TK","https://www.frenciniz.com/urun/512/kaliper-tamir-takimi-elsa-elsa2-mekanizmali-aluminyum-kapak-tk-sku-ch2224-ekersan","4","5718.24"
"38","566","Süspansiyon Körüğü","Süspansiyon Körüğü 426290 S1 SKU 426290.S1","Dorse Süspansiyon Körüğü | Dorse 426290.S1 | 426290.S1 Süspansiyon Körüğü | Süspansiyon Körüğü 426290 S1","https://www.frenciniz.com/urun/566/suspansiyon-korugu-426290-s1-sku-426290-s1-ekersan","4","1821.6"
"38","634","Kaliper Tamir Takımı","Masura Bilya Yatağı Tamir Takımı SKU 50-5276","Ağır vasıta kaliper sistemi Kaliper Tamir Takımı | Ağır vasıta kaliper sistemi 50-5276 | 50-5276 Kaliper Tamir Takımı | Masura Bilya Yatağı Tamir Takımı","https://www.frenciniz.com/urun/634/masura-bilya-yatagi-tamir-takimi-sku-50-5276-ekersan","4","1529.88"
"38","635","Kaliper Tamir Takımı","Kaliper Tamir Takimi FRENCO MASURA RULMAN YATAĞI SKU 30-3697","Ağır vasıta kaliper sistemi Kaliper Tamir Takımı | Ağır vasıta kaliper sistemi 30-3697 | 30-3697 Kaliper Tamir Takımı | FRENCO MASURA RULMAN YATAĞI","https://www.frenciniz.com/urun/635/kaliper-tamir-takimi-frenco-masura-rulman-yatagi-sku-30-3697-ekersan","4","1638.12"
"38","664","Fren Körüğü","Fren Körüğü Iveco Eurocargo Stralis Trakker SKU 8113","Iveco Eurocargo Fren Körüğü | Iveco Eurocargo 8113 | 8113 Fren Körüğü | Fren Körüğü Iveco Eurocargo Stralis Trakker","https://www.frenciniz.com/urun/664/fren-korugu-iveco-eurocargo-stralis-trakker-sku-8113-ekersan","4","3630"
"38","988","Fren Balatası","Fren Balatası Knorr WABCO Meritor SKU 422121","Ağır vasıta kaliper sistemi Fren Balatası | Ağır vasıta kaliper sistemi 422121 | 422121 Fren Balatası | Fren Balatası Knorr WABCO Meritor","https://www.frenciniz.com/urun/988/fren-balatasi-knorr-wabco-meritor-sku-422121-ekersan","4","534.6"
"38","1028","Kaliper Tamir Takımı","Kaliper Tamir Takimi ELSA2 RULMAN YATAĞI 123MM SKU 20-2487","Meritor ELSA/DUCO kaliper sistemi Kaliper Tamir Takımı | Meritor ELSA/DUCO kaliper sistemi 20-2487 | 20-2487 Kaliper Tamir Takımı | ELSA2 RULMAN YATAĞI 123MM","https://www.frenciniz.com/urun/1028/kaliper-tamir-takimi-elsa2-rulman-yatagi-123mm-sku-20-2487-ekersan","4","1638.12"
"38","517","Kaliper Tamir Takımı","KALİPER MASURA BİLYA YATAĞI TAKIMI (114 MM) SKU CH2039","Ağır vasıta kaliper sistemi Kaliper Tamir Takımı | Ağır vasıta kaliper sistemi CH2039 | CH2039 Kaliper Tamir Takımı | KALİPER MASURA BİLYA YATAĞI TAKIMI (114 MM)","https://www.frenciniz.com/urun/517/kaliper-masura-bilya-yatagi-takimi-114-mm-sku-ch2039-ekersan","3","3402.96"
"38","583","Fren Körüğü","Fren Körüğü Renault Sol SKU BK 05 0024","Renault Trucks Fren Körüğü | Renault Trucks BK 05 0024 | BK 05 0024 Fren Körüğü | Fren Körüğü Renault Sol","https://www.frenciniz.com/urun/583/fren-korugu-renault-sol-sku-bk-05-0024-ekersan","3","1650"
"38","620","Fren Körüğü","Fren Körüğü Disk imdatlı körüğü Kampana imdatlı körüğü körüğü Sol SKU BK 04 1624","Disk fren imdatlı fren körüğü Fren Körüğü | Disk fren imdatlı fren körüğü BK 04 1624 | BK 04 1624 Fren Körüğü | Fren Körüğü Disk imdatlı körüğü Kampana imdatlı körüğü körüğü Sol","https://www.frenciniz.com/urun/620/fren-korugu-disk-imdatli-korugu-kampana-imdatli-korugu-korugu-sol-sku-bk-04-1624-ekersan","3","5940"
"38","697","Kaliper Ayar Mekanizması","ELSA2-195 AYAR DİŞLİSİ SOL SKU 20-2620","Meritor ELSA/DUCO kaliper sistemi Kaliper Ayar Mekanizması | Meritor ELSA/DUCO kaliper sistemi 20-2620 | 20-2620 Kaliper Ayar Mekanizması | ELSA2-195 AYAR DİŞLİSİ SOL","https://www.frenciniz.com/urun/697/elsa2-195-ayar-dislisi-sol-sku-20-2620-ekersan","3","591.36"
"38","1027","Kaliper Ayar Mekanizması","KALİPER MEKANİZMA DİŞLİ VE KAP SKU 20-2601","Ağır vasıta kaliper sistemi Kaliper Ayar Mekanizması | Ağır vasıta kaliper sistemi 20-2601 | 20-2601 Kaliper Ayar Mekanizması | KALİPER MEKANİZMA DİŞLİ VE KAP","https://www.frenciniz.com/urun/1027/kaliper-mekanizma-disli-ve-kap-sku-20-2601-ekersan","3","4583.04"
"38","1040","Kaliper Tamir Takımı","Kaliper Masura Bilya Yatağı Knorr WABCO Meritor SKU 10-1277","Ağır vasıta kaliper sistemi Kaliper Tamir Takımı | Ağır vasıta kaliper sistemi 10-1277 | 10-1277 Kaliper Tamir Takımı | Kaliper Masura Bilya Yatağı Knorr WABCO Meritor","https://www.frenciniz.com/urun/1040/kaliper-masura-bilya-yatagi-knorr-wabco-meritor-sku-10-1277-ekersan","3","1038.84"
"38","40","Fren Kampanası","Fren Kampanası Ford Cargo Ön 1833-1842-4142 SKU ESK 040 17","Ford Cargo Fren Kampanası | Ford Cargo ESK 040 17 | ESK 040 17 Fren Kampanası | Fren Kampanası Ford Cargo Ön 1833-1842-4142","https://www.frenciniz.com/urun/40/fren-kampanasi-ford-cargo-on-1833-1842-4142-sku-esk-040-17-ekersan","2","6678.75"
"38","509","Kaliper Kapak/Conta","PAN17-19 KALİPER ÜST KAPAĞI SKU CH3193","WABCO PAN17/PAN19/PAN22 kaliper sistemi Kaliper Kapak/Conta | WABCO PAN17/PAN19/PAN22 kaliper sistemi CH3193 | CH3193 Kaliper Kapak/Conta | PAN17-19 KALİPER ÜST KAPAĞI","https://www.frenciniz.com/urun/509/pan17-19-kaliper-ust-kapagi-sku-ch3193-ekersan","2","4631.88"
"38","514","Kaliper Ayar Mekanizması","ELSA195-225 AYAR DİŞLİSİ SKU CH2188","Meritor ELSA/DUCO kaliper sistemi Kaliper Ayar Mekanizması | Meritor ELSA/DUCO kaliper sistemi CH2188 | CH2188 Kaliper Ayar Mekanizması | ELSA195-225 AYAR DİŞLİSİ","https://www.frenciniz.com/urun/514/elsa195-225-ayar-dislisi-sku-ch2188-ekersan","2","671.88"
"38","515","Kaliper Ayar Mekanizması","ELSA 225 AYAR DİŞLİSİ SKU CH2068","Meritor ELSA/DUCO kaliper sistemi Kaliper Ayar Mekanizması | Meritor ELSA/DUCO kaliper sistemi CH2068 | CH2068 Kaliper Ayar Mekanizması | ELSA 225 AYAR DİŞLİSİ","https://www.frenciniz.com/urun/515/elsa-225-ayar-dislisi-sku-ch2068-ekersan","2","1007.16"
"38","521","Sensör","ABS Sensoru SENSÖRSÜZ SAC KAPAK SKU CH1089","Kamyon Sensör | Kamyon CH1089 | CH1089 Sensör | SENSÖRSÜZ SAC KAPAK","https://www.frenciniz.com/urun/521/abs-sensoru-sensorsuz-sac-kapak-sku-ch1089-ekersan","2","847.44"
"38","523","Kaliper Kapak/Conta","SB6-7 SN6/SN7/SK7/NA7/ST7 3 KALOLU SCN TİP SENSÖRLÜ KAPAK MB SKU CH1071","Knorr-Bremse SB/SN/SK kaliper sistemi Kaliper Kapak/Conta | Knorr-Bremse SB/SN/SK kaliper sistemi CH1071 | CH1071 Kaliper Kapak/Conta | SB6-7 SN6/SN7/SK7/NA7/ST7 3 KALOLU SCN TİP SENSÖRLÜ KAPAK MB","https://www.frenciniz.com/urun/523/sb6-7-sn6-sn7-sk7-na7-st7-3-kalolu-scn-tip-sensorlu-kapak-mb-sku-ch1071-ekersan","2","1470.48"
"38","564","Kızak","Kızak FORD KARGO KIZAĞI SKU KIZAK 30535","Ford Cargo Kızak | Ford Cargo KIZAK 30535 | KIZAK 30535 Kızak | FORD KARGO KIZAĞI","https://www.frenciniz.com/urun/564/kizak-ford-kargo-kizagi-sku-kizak-30535-ekersan","2","3960"
"38","618","Kaliper Tamir Takımı","FRENCOO TGS KALİPER TM TK FULL SET SKU FX-3120","MAN TGS Kaliper Tamir Takımı | MAN TGS FX-3120 | FX-3120 Kaliper Tamir Takımı | FRENCOO TGS KALİPER TM TK FULL SET","https://www.frenciniz.com/urun/618/frencoo-tgs-kaliper-tm-tk-full-set-sku-fx-3120-ekersan","2","8403.12"
"38","619","Kaliper Tamir Takımı","FRENCOO MAN TGS KALİPER TM.TK.SET SKU FX-3110","MAN TGS Kaliper Tamir Takımı | MAN TGS FX-3110 | FX-3110 Kaliper Tamir Takımı | FRENCOO MAN TGS KALİPER TM.TK.SET","https://www.frenciniz.com/urun/619/frencoo-man-tgs-kaliper-tm-tk-set-sku-fx-3110-ekersan","2","8403.12"
"38","626","Kaliper Tamir Takımı (Maxx22)","Kaliper Tamir Takımı (Maxx22) MAXX 22T SET (LEFT) SKU FX-3095","WABCO PAN17/PAN19/PAN22 kaliper sistemi Kaliper Tamir Takımı (Maxx22) | WABCO PAN17/PAN19/PAN22 kaliper sistemi FX-3095 | FX-3095 Kaliper Tamir Takımı (Maxx22) | MAXX 22T SET (LEFT)","https://www.frenciniz.com/urun/626/kaliper-tamir-takimi-maxx22-maxx-22t-set-left-sku-fx-3095-ekersan","2","7638.84"
"38","652","Kaliper Tamir Takımı","FRENCOO KALİPER RULMAN YATAĞI SKU 10-1284","Ağır vasıta kaliper sistemi Kaliper Tamir Takımı | Ağır vasıta kaliper sistemi 10-1284 | 10-1284 Kaliper Tamir Takımı | FRENCOO KALİPER RULMAN YATAĞI","https://www.frenciniz.com/urun/652/frencoo-kaliper-rulman-yatagi-sku-10-1284-ekersan","2","1038.84"
"38","696","Kaliper Ayar Mekanizması","ELSA2-195 AYAR DİŞLİSİ SAĞ SKU 20-2621","Meritor ELSA/DUCO kaliper sistemi Kaliper Ayar Mekanizması | Meritor ELSA/DUCO kaliper sistemi 20-2621 | 20-2621 Kaliper Ayar Mekanizması | ELSA2-195 AYAR DİŞLİSİ SAĞ","https://www.frenciniz.com/urun/696/elsa2-195-ayar-dislisi-sag-sku-20-2621-ekersan","2","591.36"
"38","966","Fren Körüğü","Fren Körüğü Disk imdatlı körüğü Kampana imdatlı körüğü körüğü SKU 8104-1","Disk fren imdatlı fren körüğü Fren Körüğü | Disk fren imdatlı fren körüğü 8104-1 | 8104-1 Fren Körüğü | Fren Körüğü Disk imdatlı körüğü Kampana imdatlı körüğü körüğü","https://www.frenciniz.com/urun/966/fren-korugu-disk-imdatli-korugu-kampana-imdatli-korugu-korugu-sku-8104-1-ekersan","2","3630"
"38","996","Kaliper Kapak/Conta","Kaliper Plastik Kapak Sensörlü (2 Kablolu) SKU 421201","Ağır vasıta kaliper sistemi Kaliper Kapak/Conta | Ağır vasıta kaliper sistemi 421201 | 421201 Kaliper Kapak/Conta | Kaliper Plastik Kapak Sensörlü (2 Kablolu)","https://www.frenciniz.com/urun/996/kaliper-plastik-kapak-sensorlu-2-kablolu-sku-421201-ekersan","2","653.4"
"38","1003","Sensör","ABS Sensoru PLASTİK SENSÖR KAPAĞI 2 ÇIKIŞLI SKU 421152","Kamyon Sensör | Kamyon 421152 | 421152 Sensör | PLASTİK SENSÖR KAPAĞI 2 ÇIKIŞLI","https://www.frenciniz.com/urun/1003/abs-sensoru-plastik-sensor-kapagi-2-cikisli-sku-421152-ekersan","2","653.4"
"38","1010","Kaliper Kilavuz Pim Takimi","Kaliper Dürbün Takımı SKU 421131","Ağır vasıta kaliper sistemi Kaliper Kilavuz Pim Takimi | Ağır vasıta kaliper sistemi 421131 | 421131 Kaliper Kilavuz Pim Takimi | Kaliper Dürbün Takımı","https://www.frenciniz.com/urun/1010/kaliper-kilavuz-pim-takimi-kaliper-durbun-takimi-sku-421131-ekersan","2","673.2"
"38","1022","Fren Balatası","Fren Balatası Knorr WABCO Meritor SAĞ SKU 30-3530","WABCO PAN17/PAN19/PAN22 kaliper sistemi Fren Balatası | WABCO PAN17/PAN19/PAN22 kaliper sistemi 30-3530 | 30-3530 Fren Balatası | Fren Balatası Knorr WABCO Meritor SAĞ","https://www.frenciniz.com/urun/1022/fren-balatasi-knorr-wabco-meritor-sag-sku-30-3530-ekersan","2","743.16"
"38","453","Kaliper Tamir Takımı","FRENCO KALİPER TM.TK.SAF - SOL SKU FX-3180","SAF dorse dingili Kaliper Tamir Takımı | SAF dorse dingili FX-3180 | FX-3180 Kaliper Tamir Takımı | FRENCO KALİPER TM.TK.SAF - SOL","https://www.frenciniz.com/urun/453/frenco-kaliper-tm-tk-saf-sol-sku-fx-3180-ekersan","1","5893.8"
"38","502","Kaliper Tamir Takımı","Kaliper Tamir Takimi B.V YENİ SET KOMPLE SAĞ SKU CHS5005","Kamyon Kaliper Tamir Takımı | Kamyon CHS5005 | CHS5005 Kaliper Tamir Takımı | B.V YENİ SET KOMPLE SAĞ","https://www.frenciniz.com/urun/502/kaliper-tamir-takimi-b-v-yeni-set-komple-sag-sku-chs5005-ekersan","1","11180.4"
"38","554","Kaliper Tamir Takımı (Elsa)","Kaliper Tamir Takımı (Elsa) ELSA-2 RADIAL RNLT 420 - MN TGA SET SOL SKU FX-2030","MAN TGA Kaliper Tamir Takımı (Elsa) | MAN TGA FX-2030 | FX-2030 Kaliper Tamir Takımı (Elsa) | ELSA-2 RADIAL RNLT 420 - MN TGA SET SOL","https://www.frenciniz.com/urun/554/kaliper-tamir-takimi-elsa-elsa-2-radial-rnlt-420-mn-tga-set-sol-sku-fx-2030-ekersan","1","8948.28"
"38","576","Kaliper Tamir Takımı (PAN)","Kaliper Tamir Takımı (PAN) PAN-19-1 22-1 SF AXLE SET SOL SKU FX-3040","SAF dorse dingili Kaliper Tamir Takımı (PAN) | SAF dorse dingili FX-3040 | FX-3040 Kaliper Tamir Takımı (PAN) | PAN-19-1 22-1 SF AXLE SET SOL","https://www.frenciniz.com/urun/576/kaliper-tamir-takimi-pan-pan-19-1-22-1-sf-axle-set-sol-sku-fx-3040-ekersan","1","5674.68"
"38","577","Kaliper Tamir Takımı (PAN)","Kaliper Tamir Takımı (PAN) PAN-19-1 22-1 SF AXLE SET SAĞ SKU FX-3030","SAF dorse dingili Kaliper Tamir Takımı (PAN) | SAF dorse dingili FX-3030 | FX-3030 Kaliper Tamir Takımı (PAN) | PAN-19-1 22-1 SF AXLE SET SAĞ","https://www.frenciniz.com/urun/577/kaliper-tamir-takimi-pan-pan-19-1-22-1-sf-axle-set-sag-sku-fx-3030-ekersan","1","5674.68"
"38","599","Kaliper Tamir Takımı","Kaliper Tamir Takimi B.V SET KOMPLE SKU FX-5010","Kamyon Kaliper Tamir Takımı | Kamyon FX-5010 | FX-5010 Kaliper Tamir Takımı | B.V SET KOMPLE","https://www.frenciniz.com/urun/599/kaliper-tamir-takimi-b-v-set-komple-sku-fx-5010-ekersan","1","8512.68"
"38","607","Kaliper Tamir Takımı (Maxx22)","FRENCO MAXX 22 SET MAN TGX TGS TAMİR TAKIMI SKU FX-3050","MAN TGS Kaliper Tamir Takımı (Maxx22) | MAN TGS FX-3050 | FX-3050 Kaliper Tamir Takımı (Maxx22) | FRENCO MAXX 22 SET MAN TGX TGS TAMİR TAKIMI","https://www.frenciniz.com/urun/607/kaliper-tamir-takimi-maxx22-frenco-maxx-22-set-man-tgx-tgs-tamir-takimi-sku-fx-3050-ekersan","1","8403.12"
"38","621","Fren Körüğü","Fren Körüğü Disk imdatlı körüğü Kampana imdatlı körüğü körüğü Sol SKU BK 12 1624","Disk fren imdatlı fren körüğü Fren Körüğü | Disk fren imdatlı fren körüğü BK 12 1624 | BK 12 1624 Fren Körüğü | Fren Körüğü Disk imdatlı körüğü Kampana imdatlı körüğü körüğü Sol","https://www.frenciniz.com/urun/621/fren-korugu-disk-imdatli-korugu-kampana-imdatli-korugu-korugu-sol-sku-bk-12-1624-ekersan","1","5940"
"38","639","Kaliper Tamir Takımı","FRENCO KALİPER TM.TK. SKU FX-2010","Ağır vasıta kaliper sistemi Kaliper Tamir Takımı | Ağır vasıta kaliper sistemi FX-2010 | FX-2010 Kaliper Tamir Takımı | FRENCO KALİPER TM.TK.","https://www.frenciniz.com/urun/639/frenco-kaliper-tm-tk-sku-fx-2010-ekersan","1","8948.28"
"38","646","Kaliper Tamir Takımı (Frenco)","Kaliper Tamir Takımı (Frenco) FRENCOO SENSÖR KAPAĞI SKU 10-1099","Kamyon Kaliper Tamir Takımı (Frenco) | Kamyon 10-1099 | 10-1099 Kaliper Tamir Takımı (Frenco) | FRENCOO SENSÖR KAPAĞI","https://www.frenciniz.com/urun/646/kaliper-tamir-takimi-frenco-frencoo-sensor-kapagi-sku-10-1099-ekersan","1","1082.4"
"38","682","Fren Balatası","Fren Balatası Knorr WABCO Meritor Sol SKU 30-3699","WABCO PAN17/PAN19/PAN22 kaliper sistemi Fren Balatası | WABCO PAN17/PAN19/PAN22 kaliper sistemi 30-3699 | 30-3699 Fren Balatası | Fren Balatası Knorr WABCO Meritor Sol","https://www.frenciniz.com/urun/682/fren-balatasi-knorr-wabco-meritor-sol-sku-30-3699-ekersan","1","917.4"
"38","686","Kaliper Ayar Mekanizması","MAXX22 AYAR TAŞIYICI MEKANİZMALI SET MAN TGS SKU 30-3681","MAN TGS Kaliper Ayar Mekanizması | MAN TGS 30-3681 | 30-3681 Kaliper Ayar Mekanizması | MAXX22 AYAR TAŞIYICI MEKANİZMALI SET MAN TGS","https://www.frenciniz.com/urun/686/maxx22-ayar-tasiyici-mekanizmali-set-man-tgs-sku-30-3681-ekersan","1","2402.4"
"38","693","Kaliper Tamir Takımı (Wabco)","Kaliper Tamir Takımı (Wabco) SB5- 3 KABLOLU SENSÖR&KAPAK (12-160 MN TGL İÇİN) SKU 10-1194","Knorr-Bremse SB/SN/SK kaliper sistemi Kaliper Tamir Takımı (Wabco) | Knorr-Bremse SB/SN/SK kaliper sistemi 10-1194 | 10-1194 Kaliper Tamir Takımı (Wabco) | SB5- 3 KABLOLU SENSÖR&KAPAK (12-160 MN TGL İÇİN)","https://www.frenciniz.com/urun/693/kaliper-tamir-takimi-wabco-sb5-3-kablolu-sensor-kapak-12-160-mn-tgl-icin-sku-10-1194-ekersan","1","1082.4"
"38","698","Kaliper Tamir Takımı","Kaliper Tamir Takimi ELSA195-225 RULMAN YATAĞI SKU 20-2488","Meritor ELSA/DUCO kaliper sistemi Kaliper Tamir Takımı | Meritor ELSA/DUCO kaliper sistemi 20-2488 | 20-2488 Kaliper Tamir Takımı | ELSA195-225 RULMAN YATAĞI","https://www.frenciniz.com/urun/698/kaliper-tamir-takimi-elsa195-225-rulman-yatagi-sku-20-2488-ekersan","1","1813.68"
"38","699","Kaliper Tamir Takımı","Kaliper Tamir Takimi ELSA195-225 RULMAN YATAĞI (ÖN) SKU 20-2489","Meritor ELSA/DUCO kaliper sistemi Kaliper Tamir Takımı | Meritor ELSA/DUCO kaliper sistemi 20-2489 | 20-2489 Kaliper Tamir Takımı | ELSA195-225 RULMAN YATAĞI (ÖN)","https://www.frenciniz.com/urun/699/kaliper-tamir-takimi-elsa195-225-rulman-yatagi-on-sku-20-2489-ekersan","1","2094.84"
"38","707","Kaliper Ayar Mekanizması","FRENCOO MAXX22T AYAR TAŞIYICI MEKANİZMALI SET SKU 30-3755","WABCO PAN17/PAN19/PAN22 kaliper sistemi Kaliper Ayar Mekanizması | WABCO PAN17/PAN19/PAN22 kaliper sistemi 30-3755 | 30-3755 Kaliper Ayar Mekanizması | FRENCOO MAXX22T AYAR TAŞIYICI MEKANİZMALI SET","https://www.frenciniz.com/urun/707/frencoo-maxx22t-ayar-tasiyici-mekanizmali-set-sku-30-3755-ekersan","1","2402.4"
"38","710","Kaliper Tamir Takımı","Kaliper Tamir Takimi AXOR SET YENİ MODEL SKU FX-1080","Mercedes-Benz Axor Kaliper Tamir Takımı | Mercedes-Benz Axor FX-1080 | FX-1080 Kaliper Tamir Takımı | AXOR SET YENİ MODEL","https://www.frenciniz.com/urun/710/kaliper-tamir-takimi-axor-set-yeni-model-sku-fx-1080-ekersan","1","5456.88"
"38","712","Fren Balatası","Fren Balatası Knorr WABCO Meritor SAĞ SKU 30-3582","WABCO PAN17/PAN19/PAN22 kaliper sistemi Fren Balatası | WABCO PAN17/PAN19/PAN22 kaliper sistemi 30-3582 | 30-3582 Fren Balatası | Fren Balatası Knorr WABCO Meritor SAĞ","https://www.frenciniz.com/urun/712/fren-balatasi-knorr-wabco-meritor-sag-sku-30-3582-ekersan","1","843.48"
"38","713","Fren Balatası","Fren Balatası Knorr WABCO Meritor Sol SKU 30-3583","WABCO PAN17/PAN19/PAN22 kaliper sistemi Fren Balatası | WABCO PAN17/PAN19/PAN22 kaliper sistemi 30-3583 | 30-3583 Fren Balatası | Fren Balatası Knorr WABCO Meritor Sol","https://www.frenciniz.com/urun/713/fren-balatasi-knorr-wabco-meritor-sol-sku-30-3583-ekersan","1","843.48"
"38","714","Kaliper Tamir Takımı (Elsa)","Kaliper Tamir Takımı (Elsa) ELSA2 RADIAL ALÜMİNYUM KAPAK TK SKU 20-2609","Meritor ELSA/DUCO kaliper sistemi Kaliper Tamir Takımı (Elsa) | Meritor ELSA/DUCO kaliper sistemi 20-2609 | 20-2609 Kaliper Tamir Takımı (Elsa) | ELSA2 RADIAL ALÜMİNYUM KAPAK TK","https://www.frenciniz.com/urun/714/kaliper-tamir-takimi-elsa-elsa2-radial-aluminyum-kapak-tk-sku-20-2609-ekersan","1","5237.76"
"38","963","Fren Körüğü","Fren Körüğü Disk imdatlı körüğü Kampana imdatlı körüğü körüğü 64 mm SKU 8106-1","Disk fren imdatlı fren körüğü Fren Körüğü | Disk fren imdatlı fren körüğü 8106-1 | 8106-1 Fren Körüğü | Fren Körüğü Disk imdatlı körüğü Kampana imdatlı körüğü körüğü 64 mm","https://www.frenciniz.com/urun/963/fren-korugu-disk-imdatli-korugu-kampana-imdatli-korugu-korugu-64-mm-sku-8106-1-ekersan","1","3300"
"38","1013","Kaliper Tamir Takımı","Kaliper Masura Bilya Yatağı (0°) SKU 421124","Ağır vasıta kaliper sistemi Kaliper Tamir Takımı | Ağır vasıta kaliper sistemi 421124 | 421124 Kaliper Tamir Takımı | Kaliper Masura Bilya Yatağı (0°)","https://www.frenciniz.com/urun/1013/kaliper-masura-bilya-yatagi-0-sku-421124-ekersan","1","699.6"
"38","1023","Kaliper Tamir Takımı","KALİPER MASURA RULMAN YATAĞI SKU 30-3510","Ağır vasıta kaliper sistemi Kaliper Tamir Takımı | Ağır vasıta kaliper sistemi 30-3510 | 30-3510 Kaliper Tamir Takımı | KALİPER MASURA RULMAN YATAĞI","https://www.frenciniz.com/urun/1023/kaliper-masura-rulman-yatagi-sku-30-3510-ekersan","1","984.72"
"38","1044","Kaliper Ayar Mekanizması","AYAR TAŞIYICI SKU 10-1154","Kamyon Kaliper Ayar Mekanizması | Kamyon 10-1154 | 10-1154 Kaliper Ayar Mekanizması | AYAR TAŞIYICI","https://www.frenciniz.com/urun/1044/ayar-tasiyici-sku-10-1154-ekersan","1","831.6"
"33","1004","Kaliper Tamir Takımı","Kaliper Masura Bilya Takımı Knorr WABCO Meritor SKU 421147","Ağır vasıta kaliper sistemi Kaliper Tamir Takımı | Ağır vasıta kaliper sistemi 421147 | 421147 Kaliper Tamir Takımı | Kaliper Masura Bilya Takımı Knorr WABCO Meritor","https://www.frenciniz.com/urun/1004/kaliper-masura-bilya-takimi-knorr-wabco-meritor-sku-421147-ekersan","18","270.6"
"33","440","Fren Körüğü","Fren Körüğü Disk imdatlı körüğü Kampana imdatlı körüğü körüğü SKU EYD 100 51-K","Disk fren imdatlı fren körüğü Fren Körüğü | Disk fren imdatlı fren körüğü EYD 100 51-K | EYD 100 51-K Fren Körüğü | Fren Körüğü Disk imdatlı körüğü Kampana imdatlı körüğü körüğü","https://www.frenciniz.com/urun/440/fren-korugu-disk-imdatli-korugu-kampana-imdatli-korugu-korugu-sku-eyd-100-51-k-ekersan","15","166.98"
"33","443","Fren Körüğü","Fren Körüğü Disk imdatlı körüğü Kampana imdatlı körüğü körüğü SKU EYD 100 61-K","Disk fren imdatlı fren körüğü Fren Körüğü | Disk fren imdatlı fren körüğü EYD 100 61-K | EYD 100 61-K Fren Körüğü | Fren Körüğü Disk imdatlı körüğü Kampana imdatlı körüğü körüğü","https://www.frenciniz.com/urun/443/fren-korugu-disk-imdatli-korugu-kampana-imdatli-korugu-korugu-sku-eyd-100-61-k-ekersan","15","181.5"
"33","445","Fren Körüğü","Fren Körüğü Disk imdatlı körüğü Kampana imdatlı körüğü körüğü SKU EYD 100 40-K","Disk fren imdatlı fren körüğü Fren Körüğü | Disk fren imdatlı fren körüğü EYD 100 40-K | EYD 100 40-K Fren Körüğü | Fren Körüğü Disk imdatlı körüğü Kampana imdatlı körüğü körüğü","https://www.frenciniz.com/urun/445/fren-korugu-disk-imdatli-korugu-kampana-imdatli-korugu-korugu-sku-eyd-100-40-k-ekersan","15","211.2"
"33","861","Lastik","Lastik Körük Lastiği Disk imdatlı körüğü Kampana imdatlı körüğü körüğü SKU EYD 205 06","Disk fren imdatlı fren körüğü Lastik | Disk fren imdatlı fren körüğü EYD 205 06 | EYD 205 06 Lastik | Körük Lastiği Disk imdatlı körüğü Kampana imdatlı körüğü körüğü","https://www.frenciniz.com/urun/861/lastik-koruk-lastigi-disk-imdatli-korugu-kampana-imdatli-korugu-korugu-sku-eyd-205-06-ekersan","15","363"
"33","439","Fren Körüğü","Fren Körüğü Disk imdatlı körüğü Kampana imdatlı körüğü körüğü SKU EYD 100 65-K","Disk fren imdatlı fren körüğü Fren Körüğü | Disk fren imdatlı fren körüğü EYD 100 65-K | EYD 100 65-K Fren Körüğü | Fren Körüğü Disk imdatlı körüğü Kampana imdatlı körüğü körüğü","https://www.frenciniz.com/urun/439/fren-korugu-disk-imdatli-korugu-kampana-imdatli-korugu-korugu-sku-eyd-100-65-k-ekersan","10","236.28"
"33","444","Fren Körüğü","Fren Körüğü Disk imdatlı körüğü Kampana imdatlı körüğü körüğü SKU EYD 100 60-K","Disk fren imdatlı fren körüğü Fren Körüğü | Disk fren imdatlı fren körüğü EYD 100 60-K | EYD 100 60-K Fren Körüğü | Fren Körüğü Disk imdatlı körüğü Kampana imdatlı körüğü körüğü","https://www.frenciniz.com/urun/444/fren-korugu-disk-imdatli-korugu-kampana-imdatli-korugu-korugu-sku-eyd-100-60-k-ekersan","10","174.24"
"33","694","Kaliper Kapak/Conta","SB5 SENSÖRSÜZ KAPAK SKU 10-1094","Knorr-Bremse SB/SN/SK kaliper sistemi Kaliper Kapak/Conta | Knorr-Bremse SB/SN/SK kaliper sistemi 10-1094 | 10-1094 Kaliper Kapak/Conta | SB5 SENSÖRSÜZ KAPAK","https://www.frenciniz.com/urun/694/sb5-sensorsuz-kapak-sku-10-1094-ekersan","10","455.4"
"33","819","Yay","522 PRO FREN YAYI (BÜYÜK) SKU EYD 70 22","Dorse Yay | Dorse EYD 70 22 | EYD 70 22 Yay | 522 PRO FREN YAYI (BÜYÜK)","https://www.frenciniz.com/urun/819/522-pro-fren-yayi-buyuk-sku-eyd-70-22-ekersan","10","52.8"
"33","546","Keçe","Keçe 75*100**10/13 NBR ARKA DIŞ SCANIA SKU CDF-88171","Scania P/G/R serisi Keçe | Scania P/G/R serisi CDF-88171 | CDF-88171 Keçe | 75*100**10/13 NBR ARKA DIŞ SCANIA","https://www.frenciniz.com/urun/546/kece-75-100-10-13-nbr-arka-dis-scania-sku-cdf-88171-ekersan","8","9.39"
"33","538","Elektrik Kablosu","24V ELEKTRİK KABLOSU (DİŞİ) SKU EYD 80 33","Kamyon Elektrik Kablosu | Kamyon EYD 80 33 | EYD 80 33 Elektrik Kablosu | 24V ELEKTRİK KABLOSU (DİŞİ)","https://www.frenciniz.com/urun/538/elektrik-kablosu-24v-elektrik-kablosu-disi-sku-eyd-80-33-ekersan","5","28.38"
"33","708","Kaliper Tamir Takımı (Frenco)","Kaliper Tamir Takımı (Frenco) FRENCOO SF HDX MODUL T RULMAN TK ( ÜST) SKU 60-6081","SAF dorse dingili Kaliper Tamir Takımı (Frenco) | SAF dorse dingili 60-6081 | 60-6081 Kaliper Tamir Takımı (Frenco) | FRENCOO SF HDX MODUL T RULMAN TK ( ÜST)","https://www.frenciniz.com/urun/708/kaliper-tamir-takimi-frenco-frencoo-sf-hdx-modul-t-rulman-tk-ust-sku-60-6081-ekersan","4","417.12"
"33","1037","Kaliper Kapak/Conta","KALİPER KAPAĞI SKU 10-1400","Ağır vasıta kaliper sistemi Kaliper Kapak/Conta | Ağır vasıta kaliper sistemi 10-1400 | 10-1400 Kaliper Kapak/Conta | KALİPER KAPAĞI","https://www.frenciniz.com/urun/1037/kaliper-kapagi-sku-10-1400-ekersan","4","330"
"33","537","EBS Modülatör","EBS Modulator 24V 15'Lİ EBS KABLOSU SKU EYD 80 34","WABCO ABS/EBS sistemi EBS Modülatör | WABCO ABS/EBS sistemi EYD 80 34 | EYD 80 34 EBS Modülatör | 24V 15'Lİ EBS KABLOSU","https://www.frenciniz.com/urun/537/ebs-modulator-24v-15-li-ebs-kablosu-sku-eyd-80-34-ekersan","3","79.2"
"33","539","Elektrik Kablosu","24V ELEKTRİK KABLOSU (ERKEK) SKU EYD 80 32","Kamyon Elektrik Kablosu | Kamyon EYD 80 32 | EYD 80 32 Elektrik Kablosu | 24V ELEKTRİK KABLOSU (ERKEK)","https://www.frenciniz.com/urun/539/elektrik-kablosu-24v-elektrik-kablosu-erkek-sku-eyd-80-32-ekersan","3","28.38"
"33","990","Kaliper Kapak/Conta","Kaliper Kapak Conta Seti SKU 422119","Ağır vasıta kaliper sistemi Kaliper Kapak/Conta | Ağır vasıta kaliper sistemi 422119 | 422119 Kaliper Kapak/Conta | Kaliper Kapak Conta Seti","https://www.frenciniz.com/urun/990/kaliper-kapak-conta-seti-sku-422119-ekersan","3","270.6"
"33","1036","Kaliper Tamir Takımı (Wabco)","Kaliper Tamir Takımı (Wabco) SN6SK7SL7SM7 PİSTON KAPAĞI SOMUNLU SKU 10-1403","Kamyon Kaliper Tamir Takımı (Wabco) | Kamyon 10-1403 | 10-1403 Kaliper Tamir Takımı (Wabco) | SN6SK7SL7SM7 PİSTON KAPAĞI SOMUNLU","https://www.frenciniz.com/urun/1036/kaliper-tamir-takimi-wabco-sn6sk7sl7sm7-piston-kapagi-somunlu-sku-10-1403-ekersan","3","340.56"
"33","1052","Kaliper Tamir Takımı (Wabco)","Kaliper Tamir Takımı (Wabco) SN6-SN7-SK7 ÇİFT TIRNAKLI RULMAN SKU 10-1050","Knorr-Bremse SB/SN/SK kaliper sistemi Kaliper Tamir Takımı (Wabco) | Knorr-Bremse SB/SN/SK kaliper sistemi 10-1050 | 10-1050 Kaliper Tamir Takımı (Wabco) | SN6-SN7-SK7 ÇİFT TIRNAKLI RULMAN","https://www.frenciniz.com/urun/1052/kaliper-tamir-takimi-wabco-sn6-sn7-sk7-cift-tirnakli-rulman-sku-10-1050-ekersan","3","372.24"
"33","574","EBS Modülatör","EBS Modulator EBS PARK BUTONU REKORLU 9710029120 SKU 303.16.0006","WABCO ABS/EBS sistemi EBS Modülatör | WABCO ABS/EBS sistemi 303.16.0006 | 303.16.0006 EBS Modülatör | EBS PARK BUTONU REKORLU 9710029120","https://www.frenciniz.com/urun/574/ebs-modulator-ebs-park-butonu-rekorlu-9710029120-sku-303-16-0006-ekersan","2","113.65"
"33","532","Kaliper Ayar Mekanizması","SB5 AYAR DİŞLİSİ ALTI KÖŞE SKU CH1012","Knorr-Bremse SB/SN/SK kaliper sistemi Kaliper Ayar Mekanizması | Knorr-Bremse SB/SN/SK kaliper sistemi CH1012 | CH1012 Kaliper Ayar Mekanizması | SB5 AYAR DİŞLİSİ ALTI KÖŞE","https://www.frenciniz.com/urun/532/sb5-ayar-dislisi-alti-kose-sku-ch1012-ekersan","1","256.08"
"33","550","EBS Modülatör","EBS Modulator Ebs Dorse Kontrol Ventili Tamir Takimi SKU 303.08.0001.02","Dorse / treyler EBS Modülatör | Dorse / treyler 303.08.0001.02 | 303.08.0001.02 EBS Modülatör | Ebs Dorse Kontrol Ventili Tamir Takimi","https://www.frenciniz.com/urun/550/ebs-modulator-ebs-dorse-kontrol-ventili-tamir-takimi-sku-303-08-0001-02-ekersan","1","29.3"
"33","695","Kaliper Kapak/Conta","SB5 SENSÖRSÜZ KAPAK SKU 10-1090","Knorr-Bremse SB/SN/SK kaliper sistemi Kaliper Kapak/Conta | Knorr-Bremse SB/SN/SK kaliper sistemi 10-1090 | 10-1090 Kaliper Kapak/Conta | SB5 SENSÖRSÜZ KAPAK","https://www.frenciniz.com/urun/695/sb5-sensorsuz-kapak-sku-10-1090-ekersan","1","343.2"
"33","869","Fren Körüğü","Fren Körüğü EYD 100 41","Kamyon Fren Körüğü | Kamyon EYD 100 41 | EYD 100 41 Fren Körüğü","https://www.frenciniz.com/urun/869/fren-korugu-eyd-100-41-ekersan","1","120.45"
"33","999","Burç / Muylu","Kısa Lastikli Burç SKU 421181","Dorse Burç / Muylu | Dorse 421181 | 421181 Burç / Muylu | Kısa Lastikli Burç","https://www.frenciniz.com/urun/999/burc-muylu-kisa-lastikli-burc-sku-421181-ekersan","1","151.8"
"33","1050","Kaliper Tamir Takımı (Wabco)","Kaliper Tamir Takımı (Wabco) SB5-6-7 SN6-7 AYAR CİVATASI SKU 10-1080","Knorr-Bremse SB/SN/SK kaliper sistemi Kaliper Tamir Takımı (Wabco) | Knorr-Bremse SB/SN/SK kaliper sistemi 10-1080 | 10-1080 Kaliper Tamir Takımı (Wabco) | SB5-6-7 SN6-7 AYAR CİVATASI","https://www.frenciniz.com/urun/1050/kaliper-tamir-takimi-wabco-sb5-6-7-sn6-7-ayar-civatasi-sku-10-1080-ekersan","1","219.12"
