"Campaign ID","Ad group ID","Keyword","Keyword match type","Final URL","Status"
"23921460869","202982665651","Fren Pabucu BPW ECOPlus 20 cm OEM (A) H4 EYD 80 03","exact","https://www.frenciniz.com/urun/801/fren-pabucu-bpw-ecoplus-20-cm-oem-a-h4-eyd-80-03-ekersan","Enabled"
"23921460869","202982665651","BPW dorse dingili Fren Pabucu","exact","https://www.frenciniz.com/urun/801/fren-pabucu-bpw-ecoplus-20-cm-oem-a-h4-eyd-80-03-ekersan","Enabled"
"23921460869","202982665651","BPW dorse dingili (A) H4","exact","https://www.frenciniz.com/urun/801/fren-pabucu-bpw-ecoplus-20-cm-oem-a-h4-eyd-80-03-ekersan","Enabled"
"23921460869","202982665651","Fren Diski Mercedes Actros Axor OEM 9434210312 ESD 010 12","exact","https://www.frenciniz.com/urun/231/fren-diski-mercedes-actros-axor-oem-9434210312-esd-010-12-ekersan","Enabled"
"23921460869","202982665651","Mercedes-Benz Actros Fren Diski","exact","https://www.frenciniz.com/urun/231/fren-diski-mercedes-actros-axor-oem-9434210312-esd-010-12-ekersan","Enabled"
"23921460869","202982665651","Mercedes-Benz Actros 9434210312","exact","https://www.frenciniz.com/urun/231/fren-diski-mercedes-actros-axor-oem-9434210312-esd-010-12-ekersan","Enabled"
"23921460869","202982665651","Fren Diski Mercedes Actros Axor OEM 9424211212 ESD 010 02","exact","https://www.frenciniz.com/urun/234/fren-diski-mercedes-actros-axor-oem-9424211212-esd-010-02-ekersan","Enabled"
"23921460869","202982665651","Mercedes-Benz Actros Fren Diski","exact","https://www.frenciniz.com/urun/234/fren-diski-mercedes-actros-axor-oem-9424211212-esd-010-02-ekersan","Enabled"
"23921460869","202982665651","Mercedes-Benz Actros 9424211212","exact","https://www.frenciniz.com/urun/234/fren-diski-mercedes-actros-axor-oem-9424211212-esd-010-02-ekersan","Enabled"
"23921460869","202982665651","Fren Diski BPW ECOPlus OEM 0308835050 ESD 070 23","exact","https://www.frenciniz.com/urun/186/fren-diski-bpw-ecoplus-oem-0308835050-esd-070-23-ekersan","Enabled"
"23921460869","202982665651","BPW dorse dingili Fren Diski","exact","https://www.frenciniz.com/urun/186/fren-diski-bpw-ecoplus-oem-0308835050-esd-070-23-ekersan","Enabled"
"23921460869","202982665651","BPW dorse dingili 0308835050","exact","https://www.frenciniz.com/urun/186/fren-diski-bpw-ecoplus-oem-0308835050-esd-070-23-ekersan","Enabled"
"23921460869","202982665651","Fren Diski Iveco Eurocargo Stralis OEM 2995812 ESD 030 09","exact","https://www.frenciniz.com/urun/216/fren-diski-iveco-eurocargo-stralis-oem-2995812-esd-030-09-ekersan","Enabled"
"23921460869","202982665651","Iveco Eurocargo Fren Diski","exact","https://www.frenciniz.com/urun/216/fren-diski-iveco-eurocargo-stralis-oem-2995812-esd-030-09-ekersan","Enabled"
"23921460869","202982665651","Iveco Eurocargo 2995812","exact","https://www.frenciniz.com/urun/216/fren-diski-iveco-eurocargo-stralis-oem-2995812-esd-030-09-ekersan","Enabled"
"23921460869","202982665651","Fren Diski Mercedes Actros Arocs Axor OEM 9604210412 ESD 010 27","exact","https://www.frenciniz.com/urun/227/fren-diski-mercedes-actros-arocs-axor-oem-9604210412-esd-010-27-ekersan","Enabled"
"23921460869","202982665651","Mercedes-Benz Actros Fren Diski","exact","https://www.frenciniz.com/urun/227/fren-diski-mercedes-actros-arocs-axor-oem-9604210412-esd-010-27-ekersan","Enabled"
"23921460869","202982665651","Mercedes-Benz Actros 9604210412","exact","https://www.frenciniz.com/urun/227/fren-diski-mercedes-actros-arocs-axor-oem-9604210412-esd-010-27-ekersan","Enabled"
"23921460869","202982665651","Fren Diski MAN TGA TGM TGS TGX OEM 81508030040 ESD 020 09","exact","https://www.frenciniz.com/urun/224/fren-diski-man-tga-tgm-tgs-tgx-oem-81508030040-esd-020-09-ekersan","Enabled"
"23921460869","202982665651","MAN TGA Fren Diski","exact","https://www.frenciniz.com/urun/224/fren-diski-man-tga-tgm-tgs-tgx-oem-81508030040-esd-020-09-ekersan","Enabled"
"23921460869","202982665651","MAN TGA 81508030040","exact","https://www.frenciniz.com/urun/224/fren-diski-man-tga-tgm-tgs-tgx-oem-81508030040-esd-020-09-ekersan","Enabled"
"23921460869","202982665651","Fren Diski Mercedes Travego Tourismo OEM 82135830 ESD 140 01","exact","https://www.frenciniz.com/urun/169/fren-diski-mercedes-travego-tourismo-oem-82135830-esd-140-01-ekersan","Enabled"
"23921460869","202982665651","Otokar Doruk Fren Diski","exact","https://www.frenciniz.com/urun/169/fren-diski-mercedes-travego-tourismo-oem-82135830-esd-140-01-ekersan","Enabled"
"23921460869","202982665651","Otokar Doruk 82135830","exact","https://www.frenciniz.com/urun/169/fren-diski-mercedes-travego-tourismo-oem-82135830-esd-140-01-ekersan","Enabled"
"23921460869","202982665651","Fren Diski MAN TGA TGM TGS TGX OEM 81508030041 ESD 020 10","exact","https://www.frenciniz.com/urun/223/fren-diski-man-tga-tgm-tgs-tgx-oem-81508030041-esd-020-10-ekersan","Enabled"
"23921460869","202982665651","MAN TGA Fren Diski","exact","https://www.frenciniz.com/urun/223/fren-diski-man-tga-tgm-tgs-tgx-oem-81508030041-esd-020-10-ekersan","Enabled"
"23921460869","202982665651","MAN TGA 81508030041","exact","https://www.frenciniz.com/urun/223/fren-diski-man-tga-tgm-tgs-tgx-oem-81508030041-esd-020-10-ekersan","Enabled"
"23921460869","202982665651","Fren Diski Scania P G R OEM 1387439 ESD 060 02","exact","https://www.frenciniz.com/urun/203/fren-diski-scania-p-g-r-oem-1387439-esd-060-02-ekersan","Enabled"
"23921460869","202982665651","Scania 4 serisi Fren Diski","exact","https://www.frenciniz.com/urun/203/fren-diski-scania-p-g-r-oem-1387439-esd-060-02-ekersan","Enabled"
"23921460869","202982665651","Scania 4 serisi 1387439","exact","https://www.frenciniz.com/urun/203/fren-diski-scania-p-g-r-oem-1387439-esd-060-02-ekersan","Enabled"
"23921460869","202982665651","Fren Diski SAF Holland OEM 407000500 ESD 070 12","exact","https://www.frenciniz.com/urun/193/fren-diski-saf-holland-oem-407000500-esd-070-12-ekersan","Enabled"
"23921460869","202982665651","SAF dorse dingili Fren Diski","exact","https://www.frenciniz.com/urun/193/fren-diski-saf-holland-oem-407000500-esd-070-12-ekersan","Enabled"
"23921460869","202982665651","SAF dorse dingili 407000500","exact","https://www.frenciniz.com/urun/193/fren-diski-saf-holland-oem-407000500-esd-070-12-ekersan","Enabled"
"23921460869","202982665651","Fren Diski BPW ECOPlus OEM 0308835030 ESD 070 20","exact","https://www.frenciniz.com/urun/188/fren-diski-bpw-ecoplus-oem-0308835030-esd-070-20-ekersan","Enabled"
"23921460869","202982665651","BPW dorse dingili Fren Diski","exact","https://www.frenciniz.com/urun/188/fren-diski-bpw-ecoplus-oem-0308835030-esd-070-20-ekersan","Enabled"
"23921460869","202982665651","BPW dorse dingili 0308835030","exact","https://www.frenciniz.com/urun/188/fren-diski-bpw-ecoplus-oem-0308835030-esd-070-20-ekersan","Enabled"
"23921460869","202982665651","Fren Diski Scania P G R OEM 1386686 ESD 080 01","exact","https://www.frenciniz.com/urun/182/fren-diski-scania-p-g-r-oem-1386686-esd-080-01-ekersan","Enabled"
"23921460869","202982665651","Scania 4 serisi Fren Diski","exact","https://www.frenciniz.com/urun/182/fren-diski-scania-p-g-r-oem-1386686-esd-080-01-ekersan","Enabled"
"23921460869","202982665651","Scania 4 serisi 1386686","exact","https://www.frenciniz.com/urun/182/fren-diski-scania-p-g-r-oem-1386686-esd-080-01-ekersan","Enabled"
"23921460869","202982665651","Fren Pabucu Renault Premium Magnum Kerax Midlum Volvo FH FH12 FM FL BMC Probus Profesyonel OEM (A) F4 EYD 206 38","exact","https://www.frenciniz.com/urun/846/fren-pabucu-renault-premium-magnum-kerax-midlum-volvo-fh-fh12-fm-fl-bmc-probus-profesyonel-oem","Enabled"
"23921460869","202982665651","Volvo FH Fren Pabucu","exact","https://www.frenciniz.com/urun/846/fren-pabucu-renault-premium-magnum-kerax-midlum-volvo-fh-fh12-fm-fl-bmc-probus-profesyonel-oem","Enabled"
"23921460869","202982665651","Volvo FH (A) F4","exact","https://www.frenciniz.com/urun/846/fren-pabucu-renault-premium-magnum-kerax-midlum-volvo-fh-fh12-fm-fl-bmc-probus-profesyonel-oem","Enabled"
"23921460869","202982665651","Fren Diski Volvo FH FM FL OEM 85103803 ESD 110 01","exact","https://www.frenciniz.com/urun/175/fren-diski-volvo-fh-fm-fl-oem-85103803-esd-110-01-ekersan","Enabled"
"23921460869","202982665651","Volvo FH Fren Diski","exact","https://www.frenciniz.com/urun/175/fren-diski-volvo-fh-fm-fl-oem-85103803-esd-110-01-ekersan","Enabled"
"23921460869","202982665651","Volvo FH 85103803","exact","https://www.frenciniz.com/urun/175/fren-diski-volvo-fh-fm-fl-oem-85103803-esd-110-01-ekersan","Enabled"
"23921460869","202982665651","Fren Pabucu Renault Premium Magnum Kerax Midlum Volvo FH FH12 FM FL BMC Probus Profesyonel OEM (A) F4 EYD 206 37","exact","https://www.frenciniz.com/urun/847/fren-pabucu-renault-premium-magnum-kerax-midlum-volvo-fh-fh12-fm-fl-bmc-probus-profesyonel-oem","Enabled"
"23921460869","202982665651","Volvo FH Fren Pabucu","exact","https://www.frenciniz.com/urun/847/fren-pabucu-renault-premium-magnum-kerax-midlum-volvo-fh-fh12-fm-fl-bmc-probus-profesyonel-oem","Enabled"
"23921460869","202982665651","Volvo FH (A) F4","exact","https://www.frenciniz.com/urun/847/fren-pabucu-renault-premium-magnum-kerax-midlum-volvo-fh-fh12-fm-fl-bmc-probus-profesyonel-oem","Enabled"
"23921460869","202982665651","Fren Diski SAF Holland OEM 4079001300 ESD 070 15","exact","https://www.frenciniz.com/urun/190/fren-diski-saf-holland-oem-4079001300-esd-070-15-ekersan","Enabled"
"23921460869","202982665651","SAF dorse dingili Fren Diski","exact","https://www.frenciniz.com/urun/190/fren-diski-saf-holland-oem-4079001300-esd-070-15-ekersan","Enabled"
"23921460869","202982665651","SAF dorse dingili 4079001300","exact","https://www.frenciniz.com/urun/190/fren-diski-saf-holland-oem-4079001300-esd-070-15-ekersan","Enabled"
"23921460869","202982665651","Fren Diski BPW ECOPlus OEM 308834020 ESD 070 02","exact","https://www.frenciniz.com/urun/201/fren-diski-bpw-ecoplus-oem-308834020-esd-070-02-ekersan","Enabled"
"23921460869","202982665651","BPW dorse dingili Fren Diski","exact","https://www.frenciniz.com/urun/201/fren-diski-bpw-ecoplus-oem-308834020-esd-070-02-ekersan","Enabled"
"23921460869","202982665651","BPW dorse dingili 308834020","exact","https://www.frenciniz.com/urun/201/fren-diski-bpw-ecoplus-oem-308834020-esd-070-02-ekersan","Enabled"
"23921460869","202982665651","Fren Diski Iveco Eurocargo Stralis OEM 1906461 ESD 030 02","exact","https://www.frenciniz.com/urun/220/fren-diski-iveco-eurocargo-stralis-oem-1906461-esd-030-02-ekersan","Enabled"
"23921460869","202982665651","Iveco Eurocargo Fren Diski","exact","https://www.frenciniz.com/urun/220/fren-diski-iveco-eurocargo-stralis-oem-1906461-esd-030-02-ekersan","Enabled"
"23921460869","202982665651","Iveco Eurocargo 1906461","exact","https://www.frenciniz.com/urun/220/fren-diski-iveco-eurocargo-stralis-oem-1906461-esd-030-02-ekersan","Enabled"
"23921460869","202982665651","Fren Diski Ford Cargo WABCO ABS EBS Ön Arka 1846 OEM DC462A315AA ESD 120 03-1","exact","https://www.frenciniz.com/urun/74/fren-diski-ford-cargo-wabco-abs-ebs-on-arka-1846-oem-dc462a315aa-esd-120-03-1-ekersan","Enabled"
"23921460869","202982665651","Ford Cargo Fren Diski","exact","https://www.frenciniz.com/urun/74/fren-diski-ford-cargo-wabco-abs-ebs-on-arka-1846-oem-dc462a315aa-esd-120-03-1-ekersan","Enabled"
"23921460869","202982665651","Ford Cargo DC462A315AA","exact","https://www.frenciniz.com/urun/74/fren-diski-ford-cargo-wabco-abs-ebs-on-arka-1846-oem-dc462a315aa-esd-120-03-1-ekersan","Enabled"
"23921460869","202982665651","Fren Pabucu BPW ECOPlus 18 cm OEM (A) F4 EYD 80 04","exact","https://www.frenciniz.com/urun/800/fren-pabucu-bpw-ecoplus-18-cm-oem-a-f4-eyd-80-04-ekersan","Enabled"
"23921460869","202982665651","BPW dorse dingili Fren Pabucu","exact","https://www.frenciniz.com/urun/800/fren-pabucu-bpw-ecoplus-18-cm-oem-a-f4-eyd-80-04-ekersan","Enabled"
"23921460869","202982665651","BPW dorse dingili (A) F4","exact","https://www.frenciniz.com/urun/800/fren-pabucu-bpw-ecoplus-18-cm-oem-a-f4-eyd-80-04-ekersan","Enabled"
"23921460869","202982665651","Fren Diski MAN L2000 M2000 OEM 81508030026 ESD 020 04","exact","https://www.frenciniz.com/urun/226/fren-diski-man-l2000-m2000-oem-81508030026-esd-020-04-ekersan","Enabled"
"23921460869","202982665651","MAN L2000 Fren Diski","exact","https://www.frenciniz.com/urun/226/fren-diski-man-l2000-m2000-oem-81508030026-esd-020-04-ekersan","Enabled"
"23921460869","202982665651","MAN L2000 81508030026","exact","https://www.frenciniz.com/urun/226/fren-diski-man-l2000-m2000-oem-81508030026-esd-020-04-ekersan","Enabled"
"23921460869","202982665651","Fren Diski Iveco Eurocargo Stralis Trakker 6 cm 14 Delik Ön 220 OEM 7187541 ESD 030 10","exact","https://www.frenciniz.com/urun/215/fren-diski-iveco-eurocargo-stralis-trakker-6-cm-14-delik-on-220-oem-7187541-esd-030-10-ekersan","Enabled"
"23921460869","202982665651","Iveco Eurocargo Fren Diski","exact","https://www.frenciniz.com/urun/215/fren-diski-iveco-eurocargo-stralis-trakker-6-cm-14-delik-on-220-oem-7187541-esd-030-10-ekersan","Enabled"
"23921460869","202982665651","Iveco Eurocargo 7187541","exact","https://www.frenciniz.com/urun/215/fren-diski-iveco-eurocargo-stralis-trakker-6-cm-14-delik-on-220-oem-7187541-esd-030-10-ekersan","Enabled"
"23921460869","202982665651","Fren Diski MAN L2000 M2000 OEM 81508030024 ESD 020 05","exact","https://www.frenciniz.com/urun/225/fren-diski-man-l2000-m2000-oem-81508030024-esd-020-05-ekersan","Enabled"
"23921460869","202982665651","MAN L2000 Fren Diski","exact","https://www.frenciniz.com/urun/225/fren-diski-man-l2000-m2000-oem-81508030024-esd-020-05-ekersan","Enabled"
"23921460869","202982665651","MAN L2000 81508030024","exact","https://www.frenciniz.com/urun/225/fren-diski-man-l2000-m2000-oem-81508030024-esd-020-05-ekersan","Enabled"
"23921460869","202982665651","Fren Diski SAF Holland OEM 4079000410 ESD 070 03","exact","https://www.frenciniz.com/urun/200/fren-diski-saf-holland-oem-4079000410-esd-070-03-ekersan","Enabled"
"23921460869","202982665651","SAF dorse dingili Fren Diski","exact","https://www.frenciniz.com/urun/200/fren-diski-saf-holland-oem-4079000410-esd-070-03-ekersan","Enabled"
"23921460869","202982665651","SAF dorse dingili 4079000410","exact","https://www.frenciniz.com/urun/200/fren-diski-saf-holland-oem-4079000410-esd-070-03-ekersan","Enabled"
"23921460869","202982665651","Fren Diski MAN L2000 TGL TGM OEM 81508030042 ESD 020 12","exact","https://www.frenciniz.com/urun/72/fren-diski-man-l2000-tgl-tgm-oem-81508030042-esd-020-12-ekersan","Enabled"
"23921460869","202982665651","MAN TGM Fren Diski","exact","https://www.frenciniz.com/urun/72/fren-diski-man-l2000-tgl-tgm-oem-81508030042-esd-020-12-ekersan","Enabled"
"23921460869","202982665651","MAN TGM 81508030042","exact","https://www.frenciniz.com/urun/72/fren-diski-man-l2000-tgl-tgm-oem-81508030042-esd-020-12-ekersan","Enabled"
"23921460869","202982665651","Fren Diski Otokar Doruk Sultan Ön SKU ESD 090 04","exact","https://www.frenciniz.com/urun/180/fren-diski-otokar-doruk-sultan-on-sku-esd-090-04-ekersan","Enabled"
"23921460869","202982665651","Otokar Doruk Fren Diski","exact","https://www.frenciniz.com/urun/180/fren-diski-otokar-doruk-sultan-on-sku-esd-090-04-ekersan","Enabled"
"23921460869","202982665651","Otokar Doruk ESD 090 04","exact","https://www.frenciniz.com/urun/180/fren-diski-otokar-doruk-sultan-on-sku-esd-090-04-ekersan","Enabled"
"23921460869","202982665651","Fren Diski Otokar Doruk Sultan Ön OEM 13C2505572BA ESD 090 02","exact","https://www.frenciniz.com/urun/181/fren-diski-otokar-doruk-sultan-on-oem-13c2505572ba-esd-090-02-ekersan","Enabled"
"23921460869","202982665651","Otokar Doruk Fren Diski","exact","https://www.frenciniz.com/urun/181/fren-diski-otokar-doruk-sultan-on-oem-13c2505572ba-esd-090-02-ekersan","Enabled"
"23921460869","202982665651","Otokar Doruk 13C2505572BA","exact","https://www.frenciniz.com/urun/181/fren-diski-otokar-doruk-sultan-on-oem-13c2505572ba-esd-090-02-ekersan","Enabled"
"23921460869","202982665651","Fren Pabucu BPW ECOPlus Y.M 360 200 OEM 05.091.19.34.0 03.7100.300.031.00","exact","https://www.frenciniz.com/urun/496/fren-pabucu-bpw-ecoplus-y-m-360-200-oem-05-091-19-34-0-03-7100-300-031-00-ekersan","Enabled"
"23921460869","202982665651","BPW dorse dingili Fren Pabucu","exact","https://www.frenciniz.com/urun/496/fren-pabucu-bpw-ecoplus-y-m-360-200-oem-05-091-19-34-0-03-7100-300-031-00-ekersan","Enabled"
"23921460869","202982665651","BPW dorse dingili 05.091.19.34.0","exact","https://www.frenciniz.com/urun/496/fren-pabucu-bpw-ecoplus-y-m-360-200-oem-05-091-19-34-0-03-7100-300-031-00-ekersan","Enabled"
"23921460869","202982665651","Fren Diski Isuzu Novo NovoCiti Life CitiLife OEM 377777391054 ESD 130 02","exact","https://www.frenciniz.com/urun/170/fren-diski-isuzu-novo-novociti-life-citilife-oem-377777391054-esd-130-02-ekersan","Enabled"
"23921460869","202982665651","Isuzu Novo Fren Diski","exact","https://www.frenciniz.com/urun/170/fren-diski-isuzu-novo-novociti-life-citilife-oem-377777391054-esd-130-02-ekersan","Enabled"
"23921460869","202982665651","Isuzu Novo 377777391054","exact","https://www.frenciniz.com/urun/170/fren-diski-isuzu-novo-novociti-life-citilife-oem-377777391054-esd-130-02-ekersan","Enabled"
"23921460869","202982665651","Fren Diski Mercedes Actros Axor OEM 9754230612 ESD 010 03","exact","https://www.frenciniz.com/urun/233/fren-diski-mercedes-actros-axor-oem-9754230612-esd-010-03-ekersan","Enabled"
"23921460869","202982665651","Mercedes-Benz Actros Fren Diski","exact","https://www.frenciniz.com/urun/233/fren-diski-mercedes-actros-axor-oem-9754230612-esd-010-03-ekersan","Enabled"
"23921460869","202982665651","Mercedes-Benz Actros 9754230612","exact","https://www.frenciniz.com/urun/233/fren-diski-mercedes-actros-axor-oem-9754230612-esd-010-03-ekersan","Enabled"
"23921460869","202982665651","Fren Diski BPW ECOPlus OEM 0308834040 ESD 070 05","exact","https://www.frenciniz.com/urun/198/fren-diski-bpw-ecoplus-oem-0308834040-esd-070-05-ekersan","Enabled"
"23921460869","202982665651","BPW dorse dingili Fren Diski","exact","https://www.frenciniz.com/urun/198/fren-diski-bpw-ecoplus-oem-0308834040-esd-070-05-ekersan","Enabled"
"23921460869","202982665651","BPW dorse dingili 0308834040","exact","https://www.frenciniz.com/urun/198/fren-diski-bpw-ecoplus-oem-0308834040-esd-070-05-ekersan","Enabled"
"23921460869","202982665651","Fren Diski BPW ECOPlus OEM 0308834100 ESD 070 07","exact","https://www.frenciniz.com/urun/196/fren-diski-bpw-ecoplus-oem-0308834100-esd-070-07-ekersan","Enabled"
"23921460869","202982665651","BPW dorse dingili Fren Diski","exact","https://www.frenciniz.com/urun/196/fren-diski-bpw-ecoplus-oem-0308834100-esd-070-07-ekersan","Enabled"
"23921460869","202982665651","BPW dorse dingili 0308834100","exact","https://www.frenciniz.com/urun/196/fren-diski-bpw-ecoplus-oem-0308834100-esd-070-07-ekersan","Enabled"
"23921460869","202982665651","Fren Diski Karsan Atak Ön OEM 3050037 ESD 090 08","exact","https://www.frenciniz.com/urun/177/fren-diski-karsan-atak-on-oem-3050037-esd-090-08-ekersan","Enabled"
"23921460869","202982665651","Karsan Atak Fren Diski","exact","https://www.frenciniz.com/urun/177/fren-diski-karsan-atak-on-oem-3050037-esd-090-08-ekersan","Enabled"
"23921460869","202982665651","Karsan Atak 3050037","exact","https://www.frenciniz.com/urun/177/fren-diski-karsan-atak-on-oem-3050037-esd-090-08-ekersan","Enabled"
"23921460869","202982665651","Fren Pabucu Mercedes Actros Axor 22 cm OEM 624.420.02.19 EYD 206 08","exact","https://www.frenciniz.com/urun/644/fren-pabucu-mercedes-actros-axor-22-cm-oem-624-420-02-19-eyd-206-08-ekersan","Enabled"
"23921460869","202982665651","Mercedes-Benz Actros Fren Pabucu","exact","https://www.frenciniz.com/urun/644/fren-pabucu-mercedes-actros-axor-22-cm-oem-624-420-02-19-eyd-206-08-ekersan","Enabled"
"23921460869","202982665651","Mercedes-Benz Actros 624.420.02.19","exact","https://www.frenciniz.com/urun/644/fren-pabucu-mercedes-actros-axor-22-cm-oem-624-420-02-19-eyd-206-08-ekersan","Enabled"
"23921460869","202982665651","Fren Diski MAN TGL OEM 81508030063 ESD 020 13","exact","https://www.frenciniz.com/urun/222/fren-diski-man-tgl-oem-81508030063-esd-020-13-ekersan","Enabled"
"23921460869","202982665651","MAN TGL Fren Diski","exact","https://www.frenciniz.com/urun/222/fren-diski-man-tgl-oem-81508030063-esd-020-13-ekersan","Enabled"
"23921460869","202982665651","MAN TGL 81508030063","exact","https://www.frenciniz.com/urun/222/fren-diski-man-tgl-oem-81508030063-esd-020-13-ekersan","Enabled"
"23921460869","202982665651","Fren Diski BPW ECOPlus OEM 0308834010 ESD 070 10","exact","https://www.frenciniz.com/urun/195/fren-diski-bpw-ecoplus-oem-0308834010-esd-070-10-ekersan","Enabled"
"23921460869","202982665651","BPW dorse dingili Fren Diski","exact","https://www.frenciniz.com/urun/195/fren-diski-bpw-ecoplus-oem-0308834010-esd-070-10-ekersan","Enabled"
"23921460869","202982665651","BPW dorse dingili 0308834010","exact","https://www.frenciniz.com/urun/195/fren-diski-bpw-ecoplus-oem-0308834010-esd-070-10-ekersan","Enabled"
"23921460869","202982665651","Fren Diski Mercedes Actros Axor OEM 3564211012 ESD 010 01","exact","https://www.frenciniz.com/urun/235/fren-diski-mercedes-actros-axor-oem-3564211012-esd-010-01-ekersan","Enabled"
"23921460869","202982665651","Mercedes-Benz Actros Fren Diski","exact","https://www.frenciniz.com/urun/235/fren-diski-mercedes-actros-axor-oem-3564211012-esd-010-01-ekersan","Enabled"
"23921460869","202982665651","Mercedes-Benz Actros 3564211012","exact","https://www.frenciniz.com/urun/235/fren-diski-mercedes-actros-axor-oem-3564211012-esd-010-01-ekersan","Enabled"
"23921460869","202982665651","Fren Diski ROR Meritor OEM 1176816 ESD 070 25","exact","https://www.frenciniz.com/urun/184/fren-diski-ror-meritor-oem-1176816-esd-070-25-ekersan","Enabled"
"23921460869","202982665651","ROR dorse dingili Fren Diski","exact","https://www.frenciniz.com/urun/184/fren-diski-ror-meritor-oem-1176816-esd-070-25-ekersan","Enabled"
"23921460869","202982665651","ROR dorse dingili 1176816","exact","https://www.frenciniz.com/urun/184/fren-diski-ror-meritor-oem-1176816-esd-070-25-ekersan","Enabled"
"23921460869","202982665651","Fren Diski SAF Holland OEM 4079001700 ESD 070 22","exact","https://www.frenciniz.com/urun/187/fren-diski-saf-holland-oem-4079001700-esd-070-22-ekersan","Enabled"
"23921460869","202982665651","SAF dorse dingili Fren Diski","exact","https://www.frenciniz.com/urun/187/fren-diski-saf-holland-oem-4079001700-esd-070-22-ekersan","Enabled"
"23921460869","202982665651","SAF dorse dingili 4079001700","exact","https://www.frenciniz.com/urun/187/fren-diski-saf-holland-oem-4079001700-esd-070-22-ekersan","Enabled"
"23921460869","202982665651","Fren Diski Isuzu Novo NovoCiti Life CitiLife Arka OEM 3870143170 ESD 130 01","exact","https://www.frenciniz.com/urun/171/fren-diski-isuzu-novo-novociti-life-citilife-arka-oem-3870143170-esd-130-01-ekersan","Enabled"
"23921460869","202982665651","Isuzu Novo Fren Diski","exact","https://www.frenciniz.com/urun/171/fren-diski-isuzu-novo-novociti-life-citilife-arka-oem-3870143170-esd-130-01-ekersan","Enabled"
"23921460869","202982665651","Isuzu Novo 3870143170","exact","https://www.frenciniz.com/urun/171/fren-diski-isuzu-novo-novociti-life-citilife-arka-oem-3870143170-esd-130-01-ekersan","Enabled"
"23921460869","202982665651","Fren Diski ROR Meritor OEM 1088133 ESD 070 24","exact","https://www.frenciniz.com/urun/185/fren-diski-ror-meritor-oem-1088133-esd-070-24-ekersan","Enabled"
"23921460869","202982665651","ROR dorse dingili Fren Diski","exact","https://www.frenciniz.com/urun/185/fren-diski-ror-meritor-oem-1088133-esd-070-24-ekersan","Enabled"
"23921460869","202982665651","ROR dorse dingili 1088133","exact","https://www.frenciniz.com/urun/185/fren-diski-ror-meritor-oem-1088133-esd-070-24-ekersan","Enabled"
"23921460869","202982665651","Fren Diski Volvo FH FM FL OEM 85103803 ESD 110 01-1","exact","https://www.frenciniz.com/urun/280/fren-diski-volvo-fh-fm-fl-oem-85103803-esd-110-01-1-ekersan","Enabled"
"23921460869","202982665651","Volvo FH Fren Diski","exact","https://www.frenciniz.com/urun/280/fren-diski-volvo-fh-fm-fl-oem-85103803-esd-110-01-1-ekersan","Enabled"
"23921460869","202982665651","Volvo FH 85103803","exact","https://www.frenciniz.com/urun/280/fren-diski-volvo-fh-fm-fl-oem-85103803-esd-110-01-1-ekersan","Enabled"
"23921460869","202982665651","Fren Diski Mercedes Atego Tourino OEM 9754210212 ESD 010 04","exact","https://www.frenciniz.com/urun/232/fren-diski-mercedes-atego-tourino-oem-9754210212-esd-010-04-ekersan","Enabled"
"23921460869","202982665651","Mercedes-Benz Atego Fren Diski","exact","https://www.frenciniz.com/urun/232/fren-diski-mercedes-atego-tourino-oem-9754210212-esd-010-04-ekersan","Enabled"
"23921460869","202982665651","Mercedes-Benz Atego 9754210212","exact","https://www.frenciniz.com/urun/232/fren-diski-mercedes-atego-tourino-oem-9754210212-esd-010-04-ekersan","Enabled"
"23921460869","202982665651","Fren Diski Volvo FH FM FL OEM 85103803 ESD 110 01-3","exact","https://www.frenciniz.com/urun/279/fren-diski-volvo-fh-fm-fl-oem-85103803-esd-110-01-3-ekersan","Enabled"
"23921460869","202982665651","Volvo FH Fren Diski","exact","https://www.frenciniz.com/urun/279/fren-diski-volvo-fh-fm-fl-oem-85103803-esd-110-01-3-ekersan","Enabled"
"23921460869","202982665651","Volvo FH 85103803","exact","https://www.frenciniz.com/urun/279/fren-diski-volvo-fh-fm-fl-oem-85103803-esd-110-01-3-ekersan","Enabled"
"23921460869","202982665651","Fren Diski Dorse Treyler 8 Delik 160 230 OEM 0308834010 ESD 070 10-1","exact","https://www.frenciniz.com/urun/194/fren-diski-dorse-treyler-8-delik-160-230-oem-0308834010-esd-070-10-1-ekersan","Enabled"
"23921460869","202982665651","BPW dorse dingili Fren Diski","exact","https://www.frenciniz.com/urun/194/fren-diski-dorse-treyler-8-delik-160-230-oem-0308834010-esd-070-10-1-ekersan","Enabled"
"23921460869","202982665651","BPW dorse dingili 0308834010","exact","https://www.frenciniz.com/urun/194/fren-diski-dorse-treyler-8-delik-160-230-oem-0308834010-esd-070-10-1-ekersan","Enabled"
"23921460869","202982665651","Fren Diski Iveco Eurocargo Stralis Trakker WABCO ABS EBS Arka 110 OEM 7189456 ESD 030 20","exact","https://www.frenciniz.com/urun/210/fren-diski-iveco-eurocargo-stralis-trakker-wabco-abs-ebs-arka-110-oem-7189456-esd-030-20-ekersan","Enabled"
"23921460869","202982665651","Iveco Eurocargo Fren Diski","exact","https://www.frenciniz.com/urun/210/fren-diski-iveco-eurocargo-stralis-trakker-wabco-abs-ebs-arka-110-oem-7189456-esd-030-20-ekersan","Enabled"
"23921460869","202982665651","Iveco Eurocargo 7189456","exact","https://www.frenciniz.com/urun/210/fren-diski-iveco-eurocargo-stralis-trakker-wabco-abs-ebs-arka-110-oem-7189456-esd-030-20-ekersan","Enabled"
"23921460869","202982665651","Fren Pabucu Volvo FH FH12 FM FL BMC Probus Profesyonel Fatih Pro 5 cm OEM (A) G4 EYD 206 01-1","exact","https://www.frenciniz.com/urun/859/fren-pabucu-volvo-fh-fh12-fm-fl-bmc-probus-profesyonel-fatih-pro-5-cm-oem-a-g4-eyd-206-01-1","Enabled"
"23921460869","202982665651","Volvo FH Fren Pabucu","exact","https://www.frenciniz.com/urun/859/fren-pabucu-volvo-fh-fh12-fm-fl-bmc-probus-profesyonel-fatih-pro-5-cm-oem-a-g4-eyd-206-01-1","Enabled"
"23921460869","202982665651","Volvo FH (A) G4","exact","https://www.frenciniz.com/urun/859/fren-pabucu-volvo-fh-fh12-fm-fl-bmc-probus-profesyonel-fatih-pro-5-cm-oem-a-g4-eyd-206-01-1","Enabled"
"23921460869","202982665651","Fren Diski ESD 110 01 2 SKU ESD 110 01-2","exact","https://www.frenciniz.com/urun/174/fren-diski-esd-110-01-2-sku-esd-110-01-2-ekersan","Enabled"
"23921460869","202982665651","Kamyon Fren Diski","exact","https://www.frenciniz.com/urun/174/fren-diski-esd-110-01-2-sku-esd-110-01-2-ekersan","Enabled"
"23921460869","202982665651","Kamyon ESD 110 01-2","exact","https://www.frenciniz.com/urun/174/fren-diski-esd-110-01-2-sku-esd-110-01-2-ekersan","Enabled"
"23921460869","202982665651","Fren Pabucu BMC Probus Profesyonel Fatih Pro 20 cm OEM (A) E4 EYD 206 02","exact","https://www.frenciniz.com/urun/858/fren-pabucu-bmc-probus-profesyonel-fatih-pro-20-cm-oem-a-e4-eyd-206-02-ekersan","Enabled"
"23921460869","202982665651","BMC Probus Fren Pabucu","exact","https://www.frenciniz.com/urun/858/fren-pabucu-bmc-probus-profesyonel-fatih-pro-20-cm-oem-a-e4-eyd-206-02-ekersan","Enabled"
"23921460869","202982665651","BMC Probus (A) E4","exact","https://www.frenciniz.com/urun/858/fren-pabucu-bmc-probus-profesyonel-fatih-pro-20-cm-oem-a-e4-eyd-206-02-ekersan","Enabled"
"23921460869","202982665651","Fren Diski York Valx OEM 50390001 ESD 220 01","exact","https://www.frenciniz.com/urun/162/fren-diski-york-valx-oem-50390001-esd-220-01-ekersan","Enabled"
"23921460869","202982665651","Dorse / treyler Fren Diski","exact","https://www.frenciniz.com/urun/162/fren-diski-york-valx-oem-50390001-esd-220-01-ekersan","Enabled"
"23921460869","202982665651","Dorse / treyler 50390001","exact","https://www.frenciniz.com/urun/162/fren-diski-york-valx-oem-50390001-esd-220-01-ekersan","Enabled"
"23921460869","202982665651","Fren Diski Volvo FH FM FL OEM 8551042 ESD 110 05","exact","https://www.frenciniz.com/urun/84/fren-diski-volvo-fh-fm-fl-oem-8551042-esd-110-05-ekersan","Enabled"
"23921460869","202982665651","Volvo FH Fren Diski","exact","https://www.frenciniz.com/urun/84/fren-diski-volvo-fh-fm-fl-oem-8551042-esd-110-05-ekersan","Enabled"
"23921460869","202982665651","Volvo FH 8551042","exact","https://www.frenciniz.com/urun/84/fren-diski-volvo-fh-fm-fl-oem-8551042-esd-110-05-ekersan","Enabled"
"23921460869","202982665651","Fren Diski Mercedes Axor E.M OEM 204566 ESD 010 18","exact","https://www.frenciniz.com/urun/230/fren-diski-mercedes-axor-e-m-oem-204566-esd-010-18-ekersan","Enabled"
"23921460869","202982665651","Mercedes-Benz Axor Fren Diski","exact","https://www.frenciniz.com/urun/230/fren-diski-mercedes-axor-e-m-oem-204566-esd-010-18-ekersan","Enabled"
"23921460869","202982665651","Mercedes-Benz Axor 204566","exact","https://www.frenciniz.com/urun/230/fren-diski-mercedes-axor-e-m-oem-204566-esd-010-18-ekersan","Enabled"
"23921460869","202982665651","Fren Pabucu BMC Probus Profesyonel Fatih Pro 20 cm OEM (A) E4 EYD 206 02-1","exact","https://www.frenciniz.com/urun/857/fren-pabucu-bmc-probus-profesyonel-fatih-pro-20-cm-oem-a-e4-eyd-206-02-1-ekersan","Enabled"
"23921460869","202982665651","BMC Probus Fren Pabucu","exact","https://www.frenciniz.com/urun/857/fren-pabucu-bmc-probus-profesyonel-fatih-pro-20-cm-oem-a-e4-eyd-206-02-1-ekersan","Enabled"
"23921460869","202982665651","BMC Probus (A) E4","exact","https://www.frenciniz.com/urun/857/fren-pabucu-bmc-probus-profesyonel-fatih-pro-20-cm-oem-a-e4-eyd-206-02-1-ekersan","Enabled"
"23921460869","202982665651","Fren Diski ROR Meritor OEM MBR9018 ESD 150 04","exact","https://www.frenciniz.com/urun/168/fren-diski-ror-meritor-oem-mbr9018-esd-150-04-ekersan","Enabled"
"23921460869","202982665651","ROR dorse dingili Fren Diski","exact","https://www.frenciniz.com/urun/168/fren-diski-ror-meritor-oem-mbr9018-esd-150-04-ekersan","Enabled"
"23921460869","202982665651","ROR dorse dingili MBR9018","exact","https://www.frenciniz.com/urun/168/fren-diski-ror-meritor-oem-mbr9018-esd-150-04-ekersan","Enabled"
"23921460869","202982665651","Fren Diski SAF Holland OEM 4079001001 ESD 070 14","exact","https://www.frenciniz.com/urun/191/fren-diski-saf-holland-oem-4079001001-esd-070-14-ekersan","Enabled"
"23921460869","202982665651","SAF dorse dingili Fren Diski","exact","https://www.frenciniz.com/urun/191/fren-diski-saf-holland-oem-4079001001-esd-070-14-ekersan","Enabled"
"23921460869","202982665651","SAF dorse dingili 4079001001","exact","https://www.frenciniz.com/urun/191/fren-diski-saf-holland-oem-4079001001-esd-070-14-ekersan","Enabled"
"23921460869","202982665651","Fren Diski ROR Meritor OEM 68323825 ESD 100 01","exact","https://www.frenciniz.com/urun/176/fren-diski-ror-meritor-oem-68323825-esd-100-01-ekersan","Enabled"
"23921460869","202982665651","ROR dorse dingili Fren Diski","exact","https://www.frenciniz.com/urun/176/fren-diski-ror-meritor-oem-68323825-esd-100-01-ekersan","Enabled"
"23921460869","202982665651","ROR dorse dingili 68323825","exact","https://www.frenciniz.com/urun/176/fren-diski-ror-meritor-oem-68323825-esd-100-01-ekersan","Enabled"
"23921460869","202982665651","Fren Pabucu Volvo FH FH12 FM FL BMC Probus Profesyonel Fatih Pro 5 cm OEM (A) G4 EYD 206 01","exact","https://www.frenciniz.com/urun/860/fren-pabucu-volvo-fh-fh12-fm-fl-bmc-probus-profesyonel-fatih-pro-5-cm-oem-a-g4-eyd-206-01","Enabled"
"23921460869","202982665651","Volvo FH Fren Pabucu","exact","https://www.frenciniz.com/urun/860/fren-pabucu-volvo-fh-fh12-fm-fl-bmc-probus-profesyonel-fatih-pro-5-cm-oem-a-g4-eyd-206-01","Enabled"
"23921460869","202982665651","Volvo FH (A) G4","exact","https://www.frenciniz.com/urun/860/fren-pabucu-volvo-fh-fh12-fm-fl-bmc-probus-profesyonel-fatih-pro-5-cm-oem-a-g4-eyd-206-01","Enabled"
"23921460869","202982665651","Fren Diski Renault Midlum Premium Magnum OEM 5010260218 ESD 040 02","exact","https://www.frenciniz.com/urun/209/fren-diski-renault-midlum-premium-magnum-oem-5010260218-esd-040-02-ekersan","Enabled"
"23921460869","202982665651","Renault Trucks Midlum Fren Diski","exact","https://www.frenciniz.com/urun/209/fren-diski-renault-midlum-premium-magnum-oem-5010260218-esd-040-02-ekersan","Enabled"
"23921460869","202982665651","Renault Trucks Midlum 5010260218","exact","https://www.frenciniz.com/urun/209/fren-diski-renault-midlum-premium-magnum-oem-5010260218-esd-040-02-ekersan","Enabled"
"23921460869","202982665651","Fren Diski Mercedes Actros Axor OEM 9704210112 ESD 010 22","exact","https://www.frenciniz.com/urun/228/fren-diski-mercedes-actros-axor-oem-9704210112-esd-010-22-ekersan","Enabled"
"23921460869","202982665651","Mercedes-Benz Actros Fren Diski","exact","https://www.frenciniz.com/urun/228/fren-diski-mercedes-actros-axor-oem-9704210112-esd-010-22-ekersan","Enabled"
"23921460869","202982665651","Mercedes-Benz Actros 9704210112","exact","https://www.frenciniz.com/urun/228/fren-diski-mercedes-actros-axor-oem-9704210112-esd-010-22-ekersan","Enabled"
"23921460869","202982665651","Fren Diski BPW ECOPlus OEM 0308834080 ESD 070 06","exact","https://www.frenciniz.com/urun/197/fren-diski-bpw-ecoplus-oem-0308834080-esd-070-06-ekersan","Enabled"
"23921460869","202982665651","BPW dorse dingili Fren Diski","exact","https://www.frenciniz.com/urun/197/fren-diski-bpw-ecoplus-oem-0308834080-esd-070-06-ekersan","Enabled"
"23921460869","202982665651","BPW dorse dingili 0308834080","exact","https://www.frenciniz.com/urun/197/fren-diski-bpw-ecoplus-oem-0308834080-esd-070-06-ekersan","Enabled"
"23921460869","202982665651","Fren Diski Iveco Eurocargo Stralis Trakker WABCO ABS EBS Arka 220 OEM 2992636 ESD 030 17","exact","https://www.frenciniz.com/urun/212/fren-diski-iveco-eurocargo-stralis-trakker-wabco-abs-ebs-arka-220-oem-2992636-esd-030-17-ekersan","Enabled"
"23921460869","202982665651","Iveco Eurocargo Fren Diski","exact","https://www.frenciniz.com/urun/212/fren-diski-iveco-eurocargo-stralis-trakker-wabco-abs-ebs-arka-220-oem-2992636-esd-030-17-ekersan","Enabled"
"23921460869","202982665651","Iveco Eurocargo 2992636","exact","https://www.frenciniz.com/urun/212/fren-diski-iveco-eurocargo-stralis-trakker-wabco-abs-ebs-arka-220-oem-2992636-esd-030-17-ekersan","Enabled"
"23921460869","202982665651","Fren Diski Iveco Eurocargo Stralis Trakker 8 Delik Arka 030 OEM 52226 ESD 030 05","exact","https://www.frenciniz.com/urun/217/fren-diski-iveco-eurocargo-stralis-trakker-8-delik-arka-030-oem-52226-esd-030-05-ekersan","Enabled"
"23921460869","202982665651","Iveco Eurocargo Fren Diski","exact","https://www.frenciniz.com/urun/217/fren-diski-iveco-eurocargo-stralis-trakker-8-delik-arka-030-oem-52226-esd-030-05-ekersan","Enabled"
"23921460869","202982665651","Iveco Eurocargo 52226","exact","https://www.frenciniz.com/urun/217/fren-diski-iveco-eurocargo-stralis-trakker-8-delik-arka-030-oem-52226-esd-030-05-ekersan","Enabled"
"23921460869","202982665651","Fren Pabucu Ford Cargo 20 cm OEM (A) E3 EYD 206 05","exact","https://www.frenciniz.com/urun/853/fren-pabucu-ford-cargo-20-cm-oem-a-e3-eyd-206-05-ekersan","Enabled"
"23921460869","202982665651","Ford Cargo Fren Pabucu","exact","https://www.frenciniz.com/urun/853/fren-pabucu-ford-cargo-20-cm-oem-a-e3-eyd-206-05-ekersan","Enabled"
"23921460869","202982665651","Ford Cargo (A) E3","exact","https://www.frenciniz.com/urun/853/fren-pabucu-ford-cargo-20-cm-oem-a-e3-eyd-206-05-ekersan","Enabled"
"23921460869","202982665651","Fren Diski Otokar Doruk Sultan Ön OEM 16H00-05 ESD 090 07","exact","https://www.frenciniz.com/urun/178/fren-diski-otokar-doruk-sultan-on-oem-16h00-05-esd-090-07-ekersan","Enabled"
"23921460869","202982665651","Otokar Doruk Fren Diski","exact","https://www.frenciniz.com/urun/178/fren-diski-otokar-doruk-sultan-on-oem-16h00-05-esd-090-07-ekersan","Enabled"
"23921460869","202982665651","Otokar Doruk 16H00-05","exact","https://www.frenciniz.com/urun/178/fren-diski-otokar-doruk-sultan-on-oem-16h00-05-esd-090-07-ekersan","Enabled"
"23921460869","202982665651","Fren Diski Iveco Eurocargo Stralis Trakker Ön OEM 5802234113 ESD 030 25","exact","https://www.frenciniz.com/urun/282/fren-diski-iveco-eurocargo-stralis-trakker-on-oem-5802234113-esd-030-25-ekersan","Enabled"
"23921460869","202982665651","Iveco Eurocargo Fren Diski","exact","https://www.frenciniz.com/urun/282/fren-diski-iveco-eurocargo-stralis-trakker-on-oem-5802234113-esd-030-25-ekersan","Enabled"
"23921460869","202982665651","Iveco Eurocargo 5802234113","exact","https://www.frenciniz.com/urun/282/fren-diski-iveco-eurocargo-stralis-trakker-on-oem-5802234113-esd-030-25-ekersan","Enabled"
"23921460869","202982665651","Fren Diski Kögel Krone OEM 9267086 ESD 220 02","exact","https://www.frenciniz.com/urun/161/fren-diski-kogel-krone-oem-9267086-esd-220-02-ekersan","Enabled"
"23921460869","202982665651","Gigant dorse dingili Fren Diski","exact","https://www.frenciniz.com/urun/161/fren-diski-kogel-krone-oem-9267086-esd-220-02-ekersan","Enabled"
"23921460869","202982665651","Gigant dorse dingili 9267086","exact","https://www.frenciniz.com/urun/161/fren-diski-kogel-krone-oem-9267086-esd-220-02-ekersan","Enabled"
"23921460869","202982665651","Fren Diski MAN L2000 M2000 TGM OEM 81508030027 ESD 020 17","exact","https://www.frenciniz.com/urun/43/fren-diski-man-l2000-m2000-tgm-oem-81508030027-esd-020-17-ekersan","Enabled"
"23921460869","202982665651","MAN TGM Fren Diski","exact","https://www.frenciniz.com/urun/43/fren-diski-man-l2000-m2000-tgm-oem-81508030027-esd-020-17-ekersan","Enabled"
"23921460869","202982665651","MAN TGM 81508030027","exact","https://www.frenciniz.com/urun/43/fren-diski-man-l2000-m2000-tgm-oem-81508030027-esd-020-17-ekersan","Enabled"
"23921460869","202982665651","Fren Diski Mitsubishi Canter Fuso Isuzu NPR NQR Otokar Doruk Sultan Arka 090 0613 OEM 16F00-05-248AA ESD 170 01","exact","https://www.frenciniz.com/urun/164/fren-diski-mitsubishi-canter-fuso-isuzu-npr-nqr-otokar-doruk-sultan-arka-090-0613-oem-16f00-05","Enabled"
"23921460869","202982665651","Mitsubishi Canter Fren Diski","exact","https://www.frenciniz.com/urun/164/fren-diski-mitsubishi-canter-fuso-isuzu-npr-nqr-otokar-doruk-sultan-arka-090-0613-oem-16f00-05","Enabled"
"23921460869","202982665651","Mitsubishi Canter 16F00-05-248AA","exact","https://www.frenciniz.com/urun/164/fren-diski-mitsubishi-canter-fuso-isuzu-npr-nqr-otokar-doruk-sultan-arka-090-0613-oem-16f00-05","Enabled"
"23921460869","202982665651","Fren Diski Renault Midlum Premium Magnum OEM 5010598309 ESD 040 31","exact","https://www.frenciniz.com/urun/12/fren-diski-renault-midlum-premium-magnum-oem-5010598309-esd-040-31-ekersan","Enabled"
"23921460869","202982665651","Volvo FL II/FL III Fren Diski","exact","https://www.frenciniz.com/urun/12/fren-diski-renault-midlum-premium-magnum-oem-5010598309-esd-040-31-ekersan","Enabled"
"23921460869","202982665651","Volvo FL II/FL III 5010598309","exact","https://www.frenciniz.com/urun/12/fren-diski-renault-midlum-premium-magnum-oem-5010598309-esd-040-31-ekersan","Enabled"
"23921460869","202982665651","Fren Diski Ford Cargo OEM 13C33 ESD 090 05","exact","https://www.frenciniz.com/urun/179/fren-diski-ford-cargo-oem-13c33-esd-090-05-ekersan","Enabled"
"23921460869","202982665651","Ford Cargo Fren Diski","exact","https://www.frenciniz.com/urun/179/fren-diski-ford-cargo-oem-13c33-esd-090-05-ekersan","Enabled"
"23921460869","202982665651","Ford Cargo 13C33","exact","https://www.frenciniz.com/urun/179/fren-diski-ford-cargo-oem-13c33-esd-090-05-ekersan","Enabled"
"23921460869","202982665651","Fren Diski Renault Midlum Premium Magnum OEM 5010525362 ESD 040 06","exact","https://www.frenciniz.com/urun/206/fren-diski-renault-midlum-premium-magnum-oem-5010525362-esd-040-06-ekersan","Enabled"
"23921460869","202982665651","Renault Trucks Midlum Fren Diski","exact","https://www.frenciniz.com/urun/206/fren-diski-renault-midlum-premium-magnum-oem-5010525362-esd-040-06-ekersan","Enabled"
"23921460869","202982665651","Renault Trucks Midlum 5010525362","exact","https://www.frenciniz.com/urun/206/fren-diski-renault-midlum-premium-magnum-oem-5010525362-esd-040-06-ekersan","Enabled"
"23921460869","202982665651","Fren Diski Volvo FH FM FL 410 OEM 8551042 ESD 110 02","exact","https://www.frenciniz.com/urun/41/fren-diski-volvo-fh-fm-fl-410-oem-8551042-esd-110-02-ekersan","Enabled"
"23921460869","202982665651","Volvo FH Fren Diski","exact","https://www.frenciniz.com/urun/41/fren-diski-volvo-fh-fm-fl-410-oem-8551042-esd-110-02-ekersan","Enabled"
"23921460869","202982665651","Volvo FH 8551042","exact","https://www.frenciniz.com/urun/41/fren-diski-volvo-fh-fm-fl-410-oem-8551042-esd-110-02-ekersan","Enabled"
"23921460869","202982665651","Fren Diski Isuzu Novo NovoCiti Life CitiLife 387 061 2600 OEM 387.061.2600.51 ESD 130 09","exact","https://www.frenciniz.com/urun/6/fren-diski-isuzu-novo-novociti-life-citilife-387-061-2600-oem-387-061-2600-51-esd-130-09-ekersan","Enabled"
"23921460869","202982665651","Isuzu Novo Fren Diski","exact","https://www.frenciniz.com/urun/6/fren-diski-isuzu-novo-novociti-life-citilife-387-061-2600-oem-387-061-2600-51-esd-130-09-ekersan","Enabled"
"23921460869","202982665651","Isuzu Novo 387.061.2600.51","exact","https://www.frenciniz.com/urun/6/fren-diski-isuzu-novo-novociti-life-citilife-387-061-2600-oem-387-061-2600-51-esd-130-09-ekersan","Enabled"
"23921460869","202982665651","Fren Diski Renault Midlum Premium Magnum OEM 5010525326 ESD 040 04","exact","https://www.frenciniz.com/urun/76/fren-diski-renault-midlum-premium-magnum-oem-5010525326-esd-040-04-ekersan","Enabled"
"23921460869","202982665651","Renault Trucks Midlum Fren Diski","exact","https://www.frenciniz.com/urun/76/fren-diski-renault-midlum-premium-magnum-oem-5010525326-esd-040-04-ekersan","Enabled"
"23921460869","202982665651","Renault Trucks Midlum 5010525326","exact","https://www.frenciniz.com/urun/76/fren-diski-renault-midlum-premium-magnum-oem-5010525326-esd-040-04-ekersan","Enabled"
"23921460869","202982665651","Fren Diski Renault Midlum Premium Magnum OEM 20700508 ESD 040 30","exact","https://www.frenciniz.com/urun/13/fren-diski-renault-midlum-premium-magnum-oem-20700508-esd-040-30-ekersan","Enabled"
"23921460869","202982665651","Renault Trucks Midlum Fren Diski","exact","https://www.frenciniz.com/urun/13/fren-diski-renault-midlum-premium-magnum-oem-20700508-esd-040-30-ekersan","Enabled"
"23921460869","202982665651","Renault Trucks Midlum 20700508","exact","https://www.frenciniz.com/urun/13/fren-diski-renault-midlum-premium-magnum-oem-20700508-esd-040-30-ekersan","Enabled"
"23921460869","202982665651","Fren Diski Renault Midlum Premium Magnum OEM 5010422593 ESD 040 03","exact","https://www.frenciniz.com/urun/208/fren-diski-renault-midlum-premium-magnum-oem-5010422593-esd-040-03-ekersan","Enabled"
"23921460869","202982665651","Renault Trucks Midlum Fren Diski","exact","https://www.frenciniz.com/urun/208/fren-diski-renault-midlum-premium-magnum-oem-5010422593-esd-040-03-ekersan","Enabled"
"23921460869","202982665651","Renault Trucks Midlum 5010422593","exact","https://www.frenciniz.com/urun/208/fren-diski-renault-midlum-premium-magnum-oem-5010422593-esd-040-03-ekersan","Enabled"
"23921460869","202982665651","Fren Diski BMC Probus Profesyonel Fatih Pro 16 Delik OEM 57RS307931M ESD 160 05","exact","https://www.frenciniz.com/urun/166/fren-diski-bmc-probus-profesyonel-fatih-pro-16-delik-oem-57rs307931m-esd-160-05-ekersan","Enabled"
"23921460869","202982665651","BMC Probus Fren Diski","exact","https://www.frenciniz.com/urun/166/fren-diski-bmc-probus-profesyonel-fatih-pro-16-delik-oem-57rs307931m-esd-160-05-ekersan","Enabled"
"23921460869","202982665651","BMC Probus 57RS307931M","exact","https://www.frenciniz.com/urun/166/fren-diski-bmc-probus-profesyonel-fatih-pro-16-delik-oem-57rs307931m-esd-160-05-ekersan","Enabled"
"23921460869","202982665651","Fren Pabucu SAF Holland 18 cm OEM (A) G4 EYD 80 07","exact","https://www.frenciniz.com/urun/795/fren-pabucu-saf-holland-18-cm-oem-a-g4-eyd-80-07-ekersan","Enabled"
"23921460869","202982665651","SAF dorse dingili Fren Pabucu","exact","https://www.frenciniz.com/urun/795/fren-pabucu-saf-holland-18-cm-oem-a-g4-eyd-80-07-ekersan","Enabled"
"23921460869","202982665651","SAF dorse dingili (A) G4","exact","https://www.frenciniz.com/urun/795/fren-pabucu-saf-holland-18-cm-oem-a-g4-eyd-80-07-ekersan","Enabled"
"23921460869","202982665651","Fren Diski Renault Premium Magnum Kerax Midlum 10 Delik Ön 220 OEM 5010525014 ESD 040 05","exact","https://www.frenciniz.com/urun/207/fren-diski-renault-premium-magnum-kerax-midlum-10-delik-on-220-oem-5010525014-esd-040-05-ekersan","Enabled"
"23921460869","202982665651","Renault Trucks Premium Fren Diski","exact","https://www.frenciniz.com/urun/207/fren-diski-renault-premium-magnum-kerax-midlum-10-delik-on-220-oem-5010525014-esd-040-05-ekersan","Enabled"
"23921460869","202982665651","Renault Trucks Premium 5010525014","exact","https://www.frenciniz.com/urun/207/fren-diski-renault-premium-magnum-kerax-midlum-10-delik-on-220-oem-5010525014-esd-040-05-ekersan","Enabled"
"23921460869","202982665651","Fren Pabucu BPW ECOPlus 20 cm OEM (A) D3 EYD 80 24","exact","https://www.frenciniz.com/urun/794/fren-pabucu-bpw-ecoplus-20-cm-oem-a-d3-eyd-80-24-ekersan","Enabled"
"23921460869","202982665651","BPW dorse dingili Fren Pabucu","exact","https://www.frenciniz.com/urun/794/fren-pabucu-bpw-ecoplus-20-cm-oem-a-d3-eyd-80-24-ekersan","Enabled"
"23921460869","202982665651","BPW dorse dingili (A) D3","exact","https://www.frenciniz.com/urun/794/fren-pabucu-bpw-ecoplus-20-cm-oem-a-d3-eyd-80-24-ekersan","Enabled"
"23921460869","202982665651","Fren Pabucu Mercedes Actros Axor 18 cm OEM (A) G4 EYD 206 07","exact","https://www.frenciniz.com/urun/851/fren-pabucu-mercedes-actros-axor-18-cm-oem-a-g4-eyd-206-07-ekersan","Enabled"
"23921460869","202982665651","Mercedes-Benz Actros Fren Pabucu","exact","https://www.frenciniz.com/urun/851/fren-pabucu-mercedes-actros-axor-18-cm-oem-a-g4-eyd-206-07-ekersan","Enabled"
"23921460869","202982665651","Mercedes-Benz Actros (A) G4","exact","https://www.frenciniz.com/urun/851/fren-pabucu-mercedes-actros-axor-18-cm-oem-a-g4-eyd-206-07-ekersan","Enabled"
"23921460869","202982665651","Fren Diski Volvo FH FM FL OEM 85103804 ESD 110 03","exact","https://www.frenciniz.com/urun/173/fren-diski-volvo-fh-fm-fl-oem-85103804-esd-110-03-ekersan","Enabled"
"23921460869","202982665651","Volvo FH Fren Diski","exact","https://www.frenciniz.com/urun/173/fren-diski-volvo-fh-fm-fl-oem-85103804-esd-110-03-ekersan","Enabled"
"23921460869","202982665651","Volvo FH 85103804","exact","https://www.frenciniz.com/urun/173/fren-diski-volvo-fh-fm-fl-oem-85103804-esd-110-03-ekersan","Enabled"
"23921460869","202982665651","Fren Diski Iveco Eurocargo Stralis Trakker Ön 100 OEM 7189265 ESD 030 19","exact","https://www.frenciniz.com/urun/211/fren-diski-iveco-eurocargo-stralis-trakker-on-100-oem-7189265-esd-030-19-ekersan","Enabled"
"23921460869","202982665651","Iveco Eurocargo Fren Diski","exact","https://www.frenciniz.com/urun/211/fren-diski-iveco-eurocargo-stralis-trakker-on-100-oem-7189265-esd-030-19-ekersan","Enabled"
"23921460869","202982665651","Iveco Eurocargo 7189265","exact","https://www.frenciniz.com/urun/211/fren-diski-iveco-eurocargo-stralis-trakker-on-100-oem-7189265-esd-030-19-ekersan","Enabled"
"23921460869","202982665651","Fren Pabucu Fruehauf SMB 18 cm OEM 6504773 EYD 80 06","exact","https://www.frenciniz.com/urun/796/fren-pabucu-fruehauf-smb-18-cm-oem-6504773-eyd-80-06-ekersan","Enabled"
"23921460869","202982665651","Dorse / treyler Fren Pabucu","exact","https://www.frenciniz.com/urun/796/fren-pabucu-fruehauf-smb-18-cm-oem-6504773-eyd-80-06-ekersan","Enabled"
"23921460869","202982665651","Dorse / treyler 6504773","exact","https://www.frenciniz.com/urun/796/fren-pabucu-fruehauf-smb-18-cm-oem-6504773-eyd-80-06-ekersan","Enabled"
"23921460869","202982665651","Bijon Mercedes Actros Axor Dps OEM 9424010271-4012371 ESB 180 20","exact","https://www.frenciniz.com/urun/56/bijon-mercedes-actros-axor-dps-oem-9424010271-4012371-esb-180-20-ekersan","Enabled"
"23921460869","202982665651","Mercedes-Benz Actros Bijon","exact","https://www.frenciniz.com/urun/56/bijon-mercedes-actros-axor-dps-oem-9424010271-4012371-esb-180-20-ekersan","Enabled"
"23921460869","202982665651","Mercedes-Benz Actros 9424010271-4012371","exact","https://www.frenciniz.com/urun/56/bijon-mercedes-actros-axor-dps-oem-9424010271-4012371-esb-180-20-ekersan","Enabled"
"23921460869","202982665651","Bijon SAF Holland 73 mm OEM 1303111810 ESB 1813 10","exact","https://www.frenciniz.com/urun/373/bijon-saf-holland-73-mm-oem-1303111810-esb-1813-10-ekersan","Enabled"
"23921460869","202982665651","Iveco Eurocargo Bijon","exact","https://www.frenciniz.com/urun/373/bijon-saf-holland-73-mm-oem-1303111810-esb-1813-10-ekersan","Enabled"
"23921460869","202982665651","Iveco Eurocargo 1303111810","exact","https://www.frenciniz.com/urun/373/bijon-saf-holland-73-mm-oem-1303111810-esb-1813-10-ekersan","Enabled"
"23921460869","202982665651","Bijon Renault Premium Magnum Kerax Midlum DPS Arka 440 OEM 20515517-7420515517 ESB 2316 20","exact","https://www.frenciniz.com/urun/351/bijon-renault-premium-magnum-kerax-midlum-dps-arka-440-oem-20515517-7420515517-esb-2316-20","Enabled"
"23921460869","202982665651","Renault Trucks Premium Bijon","exact","https://www.frenciniz.com/urun/351/bijon-renault-premium-magnum-kerax-midlum-dps-arka-440-oem-20515517-7420515517-esb-2316-20","Enabled"
"23921460869","202982665651","Renault Trucks Premium 20515517-7420515517","exact","https://www.frenciniz.com/urun/351/bijon-renault-premium-magnum-kerax-midlum-dps-arka-440-oem-20515517-7420515517-esb-2316-20","Enabled"
"23921460869","202982665651","Bijon Mercedes Actros Axor OEM 3814010771-3464010071 ESB 182 10","exact","https://www.frenciniz.com/urun/242/bijon-mercedes-actros-axor-oem-3814010771-3464010071-esb-182-10-ekersan","Enabled"
"23921460869","202982665651","Mercedes-Benz Actros Bijon","exact","https://www.frenciniz.com/urun/242/bijon-mercedes-actros-axor-oem-3814010771-3464010071-esb-182-10-ekersan","Enabled"
"23921460869","202982665651","Mercedes-Benz Actros 3814010771-3464010071","exact","https://www.frenciniz.com/urun/242/bijon-mercedes-actros-axor-oem-3814010771-3464010071-esb-182-10-ekersan","Enabled"
"23921460869","202982665651","Bijon BPW ECOPlus Dps OEM 329633110 ESB 1722 10","exact","https://www.frenciniz.com/urun/377/bijon-bpw-ecoplus-dps-oem-329633110-esb-1722-10-ekersan","Enabled"
"23921460869","202982665651","BPW dorse dingili Bijon","exact","https://www.frenciniz.com/urun/377/bijon-bpw-ecoplus-dps-oem-329633110-esb-1722-10-ekersan","Enabled"
"23921460869","202982665651","BPW dorse dingili 329633110","exact","https://www.frenciniz.com/urun/377/bijon-bpw-ecoplus-dps-oem-329633110-esb-1722-10-ekersan","Enabled"
"23921460869","202982665651","Bijon Scania P G R Dps OEM 20515519-7420515519 ESB 1426 10","exact","https://www.frenciniz.com/urun/384/bijon-scania-p-g-r-dps-oem-20515519-7420515519-esb-1426-10-ekersan","Enabled"
"23921460869","202982665651","Scania P/G/R serisi Bijon","exact","https://www.frenciniz.com/urun/384/bijon-scania-p-g-r-dps-oem-20515519-7420515519-esb-1426-10-ekersan","Enabled"
"23921460869","202982665651","Scania P/G/R serisi 20515519-7420515519","exact","https://www.frenciniz.com/urun/384/bijon-scania-p-g-r-dps-oem-20515519-7420515519-esb-1426-10-ekersan","Enabled"
"23921460869","202982665651","Bijon BMC Probus Profesyonel Fatih Pro 117 mm Arka OEM 7K60177KOM-760177 ESB 340 10","exact","https://www.frenciniz.com/urun/336/bijon-bmc-probus-profesyonel-fatih-pro-117-mm-arka-oem-7k60177kom-760177-esb-340-10-ekersan","Enabled"
"23921460869","202982665651","BMC Probus Bijon","exact","https://www.frenciniz.com/urun/336/bijon-bmc-probus-profesyonel-fatih-pro-117-mm-arka-oem-7k60177kom-760177-esb-340-10-ekersan","Enabled"
"23921460869","202982665651","BMC Probus 7K60177KOM-760177","exact","https://www.frenciniz.com/urun/336/bijon-bmc-probus-profesyonel-fatih-pro-117-mm-arka-oem-7k60177kom-760177-esb-340-10-ekersan","Enabled"
"23921460869","202982665651","Bijon Mercedes Actros Axor Dps OEM 9424010371-4014171 ESB 180 10","exact","https://www.frenciniz.com/urun/58/bijon-mercedes-actros-axor-dps-oem-9424010371-4014171-esb-180-10-ekersan","Enabled"
"23921460869","202982665651","Mercedes-Benz Actros Bijon","exact","https://www.frenciniz.com/urun/58/bijon-mercedes-actros-axor-dps-oem-9424010371-4014171-esb-180-10-ekersan","Enabled"
"23921460869","202982665651","Mercedes-Benz Actros 9424010371-4014171","exact","https://www.frenciniz.com/urun/58/bijon-mercedes-actros-axor-dps-oem-9424010371-4014171-esb-180-10-ekersan","Enabled"
"23921460869","202982665651","Bijon Mercedes Actros Axor 110 mm Arka OEM 3274020471 ESB 111 10-1","exact","https://www.frenciniz.com/urun/253/bijon-mercedes-actros-axor-110-mm-arka-oem-3274020471-esb-111-10-1-ekersan","Enabled"
"23921460869","202982665651","Mercedes-Benz Actros Bijon","exact","https://www.frenciniz.com/urun/253/bijon-mercedes-actros-axor-110-mm-arka-oem-3274020471-esb-111-10-1-ekersan","Enabled"
"23921460869","202982665651","Mercedes-Benz Actros 3274020471","exact","https://www.frenciniz.com/urun/253/bijon-mercedes-actros-axor-110-mm-arka-oem-3274020471-esb-111-10-1-ekersan","Enabled"
"23921460869","202982665651","Bijon BMC Probus Profesyonel Fatih Pro OEM 7K60192 ESB 340 20","exact","https://www.frenciniz.com/urun/335/bijon-bmc-probus-profesyonel-fatih-pro-oem-7k60192-esb-340-20-ekersan","Enabled"
"23921460869","202982665651","BMC Probus Bijon","exact","https://www.frenciniz.com/urun/335/bijon-bmc-probus-profesyonel-fatih-pro-oem-7k60192-esb-340-20-ekersan","Enabled"
"23921460869","202982665651","BMC Probus 7K60192","exact","https://www.frenciniz.com/urun/335/bijon-bmc-probus-profesyonel-fatih-pro-oem-7k60192-esb-340-20-ekersan","Enabled"
"23921460869","202982665651","Bijon Mercedes Actros Axor 110 mm DPS Arka OEM 3464010071 ESB 110 10-1","exact","https://www.frenciniz.com/urun/255/bijon-mercedes-actros-axor-110-mm-dps-arka-oem-3464010071-esb-110-10-1-ekersan","Enabled"
"23921460869","202982665651","Mercedes-Benz Actros Bijon","exact","https://www.frenciniz.com/urun/255/bijon-mercedes-actros-axor-110-mm-dps-arka-oem-3464010071-esb-110-10-1-ekersan","Enabled"
"23921460869","202982665651","Mercedes-Benz Actros 3464010071","exact","https://www.frenciniz.com/urun/255/bijon-mercedes-actros-axor-110-mm-dps-arka-oem-3464010071-esb-110-10-1-ekersan","Enabled"
"23921460869","202982665651","Bijon SAF Holland Dps OEM 1303112010-3302115700 ESB 1816 10","exact","https://www.frenciniz.com/urun/371/bijon-saf-holland-dps-oem-1303112010-3302115700-esb-1816-10-ekersan","Enabled"
"23921460869","202982665651","SAF dorse dingili Bijon","exact","https://www.frenciniz.com/urun/371/bijon-saf-holland-dps-oem-1303112010-3302115700-esb-1816-10-ekersan","Enabled"
"23921460869","202982665651","SAF dorse dingili 1303112010-3302115700","exact","https://www.frenciniz.com/urun/371/bijon-saf-holland-dps-oem-1303112010-3302115700-esb-1816-10-ekersan","Enabled"
"23921460869","202982665651","Bijon Scania P G R Dps OEM 1368690 ESB 911 20-R","exact","https://www.frenciniz.com/urun/288/bijon-scania-p-g-r-dps-oem-1368690-esb-911-20-r-ekersan","Enabled"
"23921460869","202982665651","Scania 4 serisi Bijon","exact","https://www.frenciniz.com/urun/288/bijon-scania-p-g-r-dps-oem-1368690-esb-911-20-r-ekersan","Enabled"
"23921460869","202982665651","Scania 4 serisi 1368690","exact","https://www.frenciniz.com/urun/288/bijon-scania-p-g-r-dps-oem-1368690-esb-911-20-r-ekersan","Enabled"
"23921460869","202982665651","Bijon Iveco Eurocargo Stralis Dps OEM 42117455-42064826 ESB 621 10","exact","https://www.frenciniz.com/urun/310/bijon-iveco-eurocargo-stralis-dps-oem-42117455-42064826-esb-621-10-ekersan","Enabled"
"23921460869","202982665651","Iveco Eurocargo Bijon","exact","https://www.frenciniz.com/urun/310/bijon-iveco-eurocargo-stralis-dps-oem-42117455-42064826-esb-621-10-ekersan","Enabled"
"23921460869","202982665651","Iveco Eurocargo 42117455-42064826","exact","https://www.frenciniz.com/urun/310/bijon-iveco-eurocargo-stralis-dps-oem-42117455-42064826-esb-621-10-ekersan","Enabled"
"23921460869","202982665651","Bijon Dps OEM 81DB118CA ESB 420 10","exact","https://www.frenciniz.com/urun/325/bijon-dps-oem-81db118ca-esb-420-10-ekersan","Enabled"
"23921460869","202982665651","Kamyon Bijon","exact","https://www.frenciniz.com/urun/325/bijon-dps-oem-81db118ca-esb-420-10-ekersan","Enabled"
"23921460869","202982665651","Kamyon 81DB118CA","exact","https://www.frenciniz.com/urun/325/bijon-dps-oem-81db118ca-esb-420-10-ekersan","Enabled"
"23921460869","202982665651","Bijon BPW ECOPlus Dps OEM 329633120- 329633121 ESB 1725 10","exact","https://www.frenciniz.com/urun/375/bijon-bpw-ecoplus-dps-oem-329633120-329633121-esb-1725-10-ekersan","Enabled"
"23921460869","202982665651","BPW dorse dingili Bijon","exact","https://www.frenciniz.com/urun/375/bijon-bpw-ecoplus-dps-oem-329633120-329633121-esb-1725-10-ekersan","Enabled"
"23921460869","202982665651","BPW dorse dingili 329633120- 329633121","exact","https://www.frenciniz.com/urun/375/bijon-bpw-ecoplus-dps-oem-329633120-329633121-esb-1725-10-ekersan","Enabled"
"23921460869","202982665651","Bijon Scania P G R Dps OEM 2285275-1868665 ESB 912 20-R","exact","https://www.frenciniz.com/urun/286/bijon-scania-p-g-r-dps-oem-2285275-1868665-esb-912-20-r-ekersan","Enabled"
"23921460869","202982665651","Scania P/G/R serisi Bijon","exact","https://www.frenciniz.com/urun/286/bijon-scania-p-g-r-dps-oem-2285275-1868665-esb-912-20-r-ekersan","Enabled"
"23921460869","202982665651","Scania P/G/R serisi 2285275-1868665","exact","https://www.frenciniz.com/urun/286/bijon-scania-p-g-r-dps-oem-2285275-1868665-esb-912-20-r-ekersan","Enabled"
"23921460869","202982665651","Bijon SAF Holland Dps OEM 1303107511 ESB 1815 10","exact","https://www.frenciniz.com/urun/372/bijon-saf-holland-dps-oem-1303107511-esb-1815-10-ekersan","Enabled"
"23921460869","202982665651","SAF dorse dingili Bijon","exact","https://www.frenciniz.com/urun/372/bijon-saf-holland-dps-oem-1303107511-esb-1815-10-ekersan","Enabled"
"23921460869","202982665651","SAF dorse dingili 1303107511","exact","https://www.frenciniz.com/urun/372/bijon-saf-holland-dps-oem-1303107511-esb-1815-10-ekersan","Enabled"
"23921460869","202982665651","Bijon Scania P G R Dps OEM 1528712 ESB 912 10-R","exact","https://www.frenciniz.com/urun/287/bijon-scania-p-g-r-dps-oem-1528712-esb-912-10-r-ekersan","Enabled"
"23921460869","202982665651","Scania 4 serisi Bijon","exact","https://www.frenciniz.com/urun/287/bijon-scania-p-g-r-dps-oem-1528712-esb-912-10-r-ekersan","Enabled"
"23921460869","202982665651","Scania 4 serisi 1528712","exact","https://www.frenciniz.com/urun/287/bijon-scania-p-g-r-dps-oem-1528712-esb-912-10-r-ekersan","Enabled"
"23921460869","202982665651","Bijon Mercedes Actros Axor 100 mm OEM 4013971 ESB 114 10-1","exact","https://www.frenciniz.com/urun/250/bijon-mercedes-actros-axor-100-mm-oem-4013971-esb-114-10-1-ekersan","Enabled"
"23921460869","202982665651","Mercedes-Benz Actros Bijon","exact","https://www.frenciniz.com/urun/250/bijon-mercedes-actros-axor-100-mm-oem-4013971-esb-114-10-1-ekersan","Enabled"
"23921460869","202982665651","Mercedes-Benz Actros 4013971","exact","https://www.frenciniz.com/urun/250/bijon-mercedes-actros-axor-100-mm-oem-4013971-esb-114-10-1-ekersan","Enabled"
"23921460869","202982665651","Bijon Mercedes Actros Axor 92 mm Arka OEM 4014171 ESB 187 10","exact","https://www.frenciniz.com/urun/239/bijon-mercedes-actros-axor-92-mm-arka-oem-4014171-esb-187-10-ekersan","Enabled"
"23921460869","202982665651","Mercedes-Benz Axor Bijon","exact","https://www.frenciniz.com/urun/239/bijon-mercedes-actros-axor-92-mm-arka-oem-4014171-esb-187-10-ekersan","Enabled"
"23921460869","202982665651","Mercedes-Benz Axor 4014171","exact","https://www.frenciniz.com/urun/239/bijon-mercedes-actros-axor-92-mm-arka-oem-4014171-esb-187-10-ekersan","Enabled"
"23921460869","202982665651","Bijon Ford Cargo Dps OEM FC461118CA ESB 422 10","exact","https://www.frenciniz.com/urun/322/bijon-ford-cargo-dps-oem-fc461118ca-esb-422-10-ekersan","Enabled"
"23921460869","202982665651","Ford Cargo Bijon","exact","https://www.frenciniz.com/urun/322/bijon-ford-cargo-dps-oem-fc461118ca-esb-422-10-ekersan","Enabled"
"23921460869","202982665651","Ford Cargo FC461118CA","exact","https://www.frenciniz.com/urun/322/bijon-ford-cargo-dps-oem-fc461118ca-esb-422-10-ekersan","Enabled"
"23921460869","202982665651","Bijon MAN 12-153 73 mm Arka OEM 81455010123 ESB 231 10","exact","https://www.frenciniz.com/urun/236/bijon-man-12-153-73-mm-arka-oem-81455010123-esb-231-10-ekersan","Enabled"
"23921460869","202982665651","MAN ağır vasıta Bijon","exact","https://www.frenciniz.com/urun/236/bijon-man-12-153-73-mm-arka-oem-81455010123-esb-231-10-ekersan","Enabled"
"23921460869","202982665651","MAN ağır vasıta 81455010123","exact","https://www.frenciniz.com/urun/236/bijon-man-12-153-73-mm-arka-oem-81455010123-esb-231-10-ekersan","Enabled"
"23921460869","202982665651","Bijon Scania P G R Dps OEM 1528655 ESB 915 10-R","exact","https://www.frenciniz.com/urun/54/bijon-scania-p-g-r-dps-oem-1528655-esb-915-10-r-ekersan","Enabled"
"23921460869","202982665651","Scania 4 serisi Bijon","exact","https://www.frenciniz.com/urun/54/bijon-scania-p-g-r-dps-oem-1528655-esb-915-10-r-ekersan","Enabled"
"23921460869","202982665651","Scania 4 serisi 1528655","exact","https://www.frenciniz.com/urun/54/bijon-scania-p-g-r-dps-oem-1528655-esb-915-10-r-ekersan","Enabled"
"23921460869","202982665651","Bijon Iveco Eurocargo Stralis Dps OEM 42117457 ESB 620 10","exact","https://www.frenciniz.com/urun/312/bijon-iveco-eurocargo-stralis-dps-oem-42117457-esb-620-10-ekersan","Enabled"
"23921460869","202982665651","Iveco Eurocargo Bijon","exact","https://www.frenciniz.com/urun/312/bijon-iveco-eurocargo-stralis-dps-oem-42117457-esb-620-10-ekersan","Enabled"
"23921460869","202982665651","Iveco Eurocargo 42117457","exact","https://www.frenciniz.com/urun/312/bijon-iveco-eurocargo-stralis-dps-oem-42117457-esb-620-10-ekersan","Enabled"
"23921460869","202982665651","Bijon Volvo FH FM FL Dps OEM 20524942-7421147687 ESB 1414 10","exact","https://www.frenciniz.com/urun/385/bijon-volvo-fh-fm-fl-dps-oem-20524942-7421147687-esb-1414-10-ekersan","Enabled"
"23921460869","202982665651","Volvo FH Bijon","exact","https://www.frenciniz.com/urun/385/bijon-volvo-fh-fm-fl-dps-oem-20524942-7421147687-esb-1414-10-ekersan","Enabled"
"23921460869","202982665651","Volvo FH 20524942-7421147687","exact","https://www.frenciniz.com/urun/385/bijon-volvo-fh-fm-fl-dps-oem-20524942-7421147687-esb-1414-10-ekersan","Enabled"
"23921460869","202982665651","Bijon Dps OEM 81455010131-81455010176 ESB 260 10","exact","https://www.frenciniz.com/urun/344/bijon-dps-oem-81455010131-81455010176-esb-260-10-ekersan","Enabled"
"23921460869","202982665651","Kamyon Bijon","exact","https://www.frenciniz.com/urun/344/bijon-dps-oem-81455010131-81455010176-esb-260-10-ekersan","Enabled"
"23921460869","202982665651","Kamyon 81455010131-81455010176","exact","https://www.frenciniz.com/urun/344/bijon-dps-oem-81455010131-81455010176-esb-260-10-ekersan","Enabled"
"23921460869","202982665651","Bijon Scania P G R Dps OEM 7420515515-20515515 ESB 1426 20","exact","https://www.frenciniz.com/urun/383/bijon-scania-p-g-r-dps-oem-7420515515-20515515-esb-1426-20-ekersan","Enabled"
"23921460869","202982665651","Scania P/G/R serisi Bijon","exact","https://www.frenciniz.com/urun/383/bijon-scania-p-g-r-dps-oem-7420515515-20515515-esb-1426-20-ekersan","Enabled"
"23921460869","202982665651","Scania P/G/R serisi 7420515515-20515515","exact","https://www.frenciniz.com/urun/383/bijon-scania-p-g-r-dps-oem-7420515515-20515515-esb-1426-20-ekersan","Enabled"
"23921460869","202982665651","Bijon Scania P G R Dps OEM 20515515 ESB 421 20","exact","https://www.frenciniz.com/urun/323/bijon-scania-p-g-r-dps-oem-20515515-esb-421-20-ekersan","Enabled"
"23921460869","202982665651","Scania P/G/R serisi Bijon","exact","https://www.frenciniz.com/urun/323/bijon-scania-p-g-r-dps-oem-20515515-esb-421-20-ekersan","Enabled"
"23921460869","202982665651","Scania P/G/R serisi 20515515","exact","https://www.frenciniz.com/urun/323/bijon-scania-p-g-r-dps-oem-20515515-esb-421-20-ekersan","Enabled"
"23921460869","202982665651","Bijon Scania P G R Dps OEM 1368693 ESB 911 10-R","exact","https://www.frenciniz.com/urun/289/bijon-scania-p-g-r-dps-oem-1368693-esb-911-10-r-ekersan","Enabled"
"23921460869","202982665651","Scania 4 serisi Bijon","exact","https://www.frenciniz.com/urun/289/bijon-scania-p-g-r-dps-oem-1368693-esb-911-10-r-ekersan","Enabled"
"23921460869","202982665651","Scania 4 serisi 1368693","exact","https://www.frenciniz.com/urun/289/bijon-scania-p-g-r-dps-oem-1368693-esb-911-10-r-ekersan","Enabled"
"23921460869","202982665651","Bijon Mercedes Actros Axor 86 mm Arka OEM Axor-Actoros Yeni Model Arka 86 mm ESB 184 10","exact","https://www.frenciniz.com/urun/241/bijon-mercedes-actros-axor-86-mm-arka-oem-axor-actoros-yeni-model-arka-86-mm-esb-184-10-ekersan","Enabled"
"23921460869","202982665651","Mercedes-Benz Axor Bijon","exact","https://www.frenciniz.com/urun/241/bijon-mercedes-actros-axor-86-mm-arka-oem-axor-actoros-yeni-model-arka-86-mm-esb-184-10-ekersan","Enabled"
"23921460869","202982665651","Mercedes-Benz Axor Axor-Actoros Yeni Model Arka 86 mm","exact","https://www.frenciniz.com/urun/241/bijon-mercedes-actros-axor-86-mm-arka-oem-axor-actoros-yeni-model-arka-86-mm-esb-184-10-ekersan","Enabled"
"23921460869","202982665651","Bijon MAN 12-153 58 mm OEM 81455010116-81455010152 ESB 230 20","exact","https://www.frenciniz.com/urun/50/bijon-man-12-153-58-mm-oem-81455010116-81455010152-esb-230-20-ekersan","Enabled"
"23921460869","202982665651","MAN ağır vasıta Bijon","exact","https://www.frenciniz.com/urun/50/bijon-man-12-153-58-mm-oem-81455010116-81455010152-esb-230-20-ekersan","Enabled"
"23921460869","202982665651","MAN ağır vasıta 81455010116-81455010152","exact","https://www.frenciniz.com/urun/50/bijon-man-12-153-58-mm-oem-81455010116-81455010152-esb-230-20-ekersan","Enabled"
"23921460869","202982665651","Bijon BMC Probus Profesyonel Fatih Pro Arka 200 235 260 OEM 15034 ESB 530 10","exact","https://www.frenciniz.com/urun/318/bijon-bmc-probus-profesyonel-fatih-pro-arka-200-235-260-oem-15034-esb-530-10-ekersan","Enabled"
"23921460869","202982665651","BMC Probus Bijon","exact","https://www.frenciniz.com/urun/318/bijon-bmc-probus-profesyonel-fatih-pro-arka-200-235-260-oem-15034-esb-530-10-ekersan","Enabled"
"23921460869","202982665651","BMC Probus 15034","exact","https://www.frenciniz.com/urun/318/bijon-bmc-probus-profesyonel-fatih-pro-arka-200-235-260-oem-15034-esb-530-10-ekersan","Enabled"
"23921460869","202982665651","Bijon SAF Holland 83 mm YM OEM 1303107412 ESB 1811 10","exact","https://www.frenciniz.com/urun/374/bijon-saf-holland-83-mm-ym-oem-1303107412-esb-1811-10-ekersan","Enabled"
"23921460869","202982665651","SAF dorse dingili Bijon","exact","https://www.frenciniz.com/urun/374/bijon-saf-holland-83-mm-ym-oem-1303107412-esb-1811-10-ekersan","Enabled"
"23921460869","202982665651","SAF dorse dingili 1303107412","exact","https://www.frenciniz.com/urun/374/bijon-saf-holland-83-mm-ym-oem-1303107412-esb-1811-10-ekersan","Enabled"
"23921460869","202982665651","Bijon Renault Premium Magnum Kerax Midlum 79,50 mm 25 mm 440 2311 OEM 20515514-7420515514 ESB 2317 20","exact","https://www.frenciniz.com/urun/350/bijon-renault-premium-magnum-kerax-midlum-79-50-mm-25-mm-440-2311-oem-20515514-7420515514-esb","Enabled"
"23921460869","202982665651","Renault Trucks Premium Bijon","exact","https://www.frenciniz.com/urun/350/bijon-renault-premium-magnum-kerax-midlum-79-50-mm-25-mm-440-2311-oem-20515514-7420515514-esb","Enabled"
"23921460869","202982665651","Renault Trucks Premium 20515514-7420515514","exact","https://www.frenciniz.com/urun/350/bijon-renault-premium-magnum-kerax-midlum-79-50-mm-25-mm-440-2311-oem-20515514-7420515514-esb","Enabled"
"23921460869","202982665651","Bijon BPW ECOPlus Dps OEM 329623170 ESB 1714 10","exact","https://www.frenciniz.com/urun/379/bijon-bpw-ecoplus-dps-oem-329623170-esb-1714-10-ekersan","Enabled"
"23921460869","202982665651","BPW dorse dingili Bijon","exact","https://www.frenciniz.com/urun/379/bijon-bpw-ecoplus-dps-oem-329623170-esb-1714-10-ekersan","Enabled"
"23921460869","202982665651","BPW dorse dingili 329623170","exact","https://www.frenciniz.com/urun/379/bijon-bpw-ecoplus-dps-oem-329623170-esb-1714-10-ekersan","Enabled"
"23921460869","202982665651","Bijon Iveco Eurocargo Stralis Dps OEM 2476077 ESB 621 20","exact","https://www.frenciniz.com/urun/309/bijon-iveco-eurocargo-stralis-dps-oem-2476077-esb-621-20-ekersan","Enabled"
"23921460869","202982665651","Iveco Eurocargo Bijon","exact","https://www.frenciniz.com/urun/309/bijon-iveco-eurocargo-stralis-dps-oem-2476077-esb-621-20-ekersan","Enabled"
"23921460869","202982665651","Iveco Eurocargo 2476077","exact","https://www.frenciniz.com/urun/309/bijon-iveco-eurocargo-stralis-dps-oem-2476077-esb-621-20-ekersan","Enabled"
"23921460869","202982665651","Bijon Mercedes Actros Axor 84 mm OEM 3814011271-3814010071 ESB 112 20-1","exact","https://www.frenciniz.com/urun/252/bijon-mercedes-actros-axor-84-mm-oem-3814011271-3814010071-esb-112-20-1-ekersan","Enabled"
"23921460869","202982665651","Mercedes-Benz Actros Bijon","exact","https://www.frenciniz.com/urun/252/bijon-mercedes-actros-axor-84-mm-oem-3814011271-3814010071-esb-112-20-1-ekersan","Enabled"
"23921460869","202982665651","Mercedes-Benz Actros 3814011271-3814010071","exact","https://www.frenciniz.com/urun/252/bijon-mercedes-actros-axor-84-mm-oem-3814011271-3814010071-esb-112-20-1-ekersan","Enabled"
"23921460869","202982665651","Bijon Mercedes Actros Axor 77 mm DPS OEM 3274010471 ESB 110 20-1","exact","https://www.frenciniz.com/urun/254/bijon-mercedes-actros-axor-77-mm-dps-oem-3274010471-esb-110-20-1-ekersan","Enabled"
"23921460869","202982665651","Mercedes-Benz Actros Bijon","exact","https://www.frenciniz.com/urun/254/bijon-mercedes-actros-axor-77-mm-dps-oem-3274010471-esb-110-20-1-ekersan","Enabled"
"23921460869","202982665651","Mercedes-Benz Actros 3274010471","exact","https://www.frenciniz.com/urun/254/bijon-mercedes-actros-axor-77-mm-dps-oem-3274010471-esb-110-20-1-ekersan","Enabled"
"23921460869","202982665651","Bijon Volvo FH FM FL Dps OEM 1573081 ESB 1410 20","exact","https://www.frenciniz.com/urun/389/bijon-volvo-fh-fm-fl-dps-oem-1573081-esb-1410-20-ekersan","Enabled"
"23921460869","202982665651","Volvo FH Bijon","exact","https://www.frenciniz.com/urun/389/bijon-volvo-fh-fm-fl-dps-oem-1573081-esb-1410-20-ekersan","Enabled"
"23921460869","202982665651","Volvo FH 1573081","exact","https://www.frenciniz.com/urun/389/bijon-volvo-fh-fm-fl-dps-oem-1573081-esb-1410-20-ekersan","Enabled"
"23921460869","202982665651","Bijon Mercedes Actros Axor 100 mm OEM 3814011171 ESB 115 10-1","exact","https://www.frenciniz.com/urun/249/bijon-mercedes-actros-axor-100-mm-oem-3814011171-esb-115-10-1-ekersan","Enabled"
"23921460869","202982665651","Mercedes-Benz Actros Bijon","exact","https://www.frenciniz.com/urun/249/bijon-mercedes-actros-axor-100-mm-oem-3814011171-esb-115-10-1-ekersan","Enabled"
"23921460869","202982665651","Mercedes-Benz Actros 3814011171","exact","https://www.frenciniz.com/urun/249/bijon-mercedes-actros-axor-100-mm-oem-3814011171-esb-115-10-1-ekersan","Enabled"
"23921460869","202982665651","Bijon BPW ECOPlus Dps OEM 0329633141 ESB 1723 10","exact","https://www.frenciniz.com/urun/376/bijon-bpw-ecoplus-dps-oem-0329633141-esb-1723-10-ekersan","Enabled"
"23921460869","202982665651","BPW dorse dingili Bijon","exact","https://www.frenciniz.com/urun/376/bijon-bpw-ecoplus-dps-oem-0329633141-esb-1723-10-ekersan","Enabled"
"23921460869","202982665651","BPW dorse dingili 0329633141","exact","https://www.frenciniz.com/urun/376/bijon-bpw-ecoplus-dps-oem-0329633141-esb-1723-10-ekersan","Enabled"
"23921460869","202982665651","Bijon Dps OEM 81455010174 ESB 272 10","exact","https://www.frenciniz.com/urun/341/bijon-dps-oem-81455010174-esb-272-10-ekersan","Enabled"
"23921460869","202982665651","Kamyon Bijon","exact","https://www.frenciniz.com/urun/341/bijon-dps-oem-81455010174-esb-272-10-ekersan","Enabled"
"23921460869","202982665651","Kamyon 81455010174","exact","https://www.frenciniz.com/urun/341/bijon-dps-oem-81455010174-esb-272-10-ekersan","Enabled"
"23921460869","202982665651","Bijon Mercedes Atego Arka 1517 OEM 3524020071 ESB 142 10","exact","https://www.frenciniz.com/urun/245/bijon-mercedes-atego-arka-1517-oem-3524020071-esb-142-10-ekersan","Enabled"
"23921460869","202982665651","Mercedes-Benz Atego Bijon","exact","https://www.frenciniz.com/urun/245/bijon-mercedes-atego-arka-1517-oem-3524020071-esb-142-10-ekersan","Enabled"
"23921460869","202982665651","Mercedes-Benz Atego 3524020071","exact","https://www.frenciniz.com/urun/245/bijon-mercedes-atego-arka-1517-oem-3524020071-esb-142-10-ekersan","Enabled"
"23921460869","202982665651","Bijon Iveco Eurocargo Stralis Dps OEM 42117452-2475870 ESB 620 20","exact","https://www.frenciniz.com/urun/311/bijon-iveco-eurocargo-stralis-dps-oem-42117452-2475870-esb-620-20-ekersan","Enabled"
"23921460869","202982665651","Iveco Eurocargo Bijon","exact","https://www.frenciniz.com/urun/311/bijon-iveco-eurocargo-stralis-dps-oem-42117452-2475870-esb-620-20-ekersan","Enabled"
"23921460869","202982665651","Iveco Eurocargo 42117452-2475870","exact","https://www.frenciniz.com/urun/311/bijon-iveco-eurocargo-stralis-dps-oem-42117452-2475870-esb-620-20-ekersan","Enabled"
"23921460869","202982665651","Bijon Renault Premium Magnum Kerax Midlum 95 mm Arka 370 420 OEM 5010566244 ESB 2312 10","exact","https://www.frenciniz.com/urun/354/bijon-renault-premium-magnum-kerax-midlum-95-mm-arka-370-420-oem-5010566244-esb-2312-10-ekersan","Enabled"
"23921460869","202982665651","Renault Trucks Premium Bijon","exact","https://www.frenciniz.com/urun/354/bijon-renault-premium-magnum-kerax-midlum-95-mm-arka-370-420-oem-5010566244-esb-2312-10-ekersan","Enabled"
"23921460869","202982665651","Renault Trucks Premium 5010566244","exact","https://www.frenciniz.com/urun/354/bijon-renault-premium-magnum-kerax-midlum-95-mm-arka-370-420-oem-5010566244-esb-2312-10-ekersan","Enabled"
"23921460869","202982665651","Bijon BMC Probus Profesyonel Fatih Pro 200 235 260 OEM 15033-T ESB 530 20","exact","https://www.frenciniz.com/urun/317/bijon-bmc-probus-profesyonel-fatih-pro-200-235-260-oem-15033-t-esb-530-20-ekersan","Enabled"
"23921460869","202982665651","BMC Probus Bijon","exact","https://www.frenciniz.com/urun/317/bijon-bmc-probus-profesyonel-fatih-pro-200-235-260-oem-15033-t-esb-530-20-ekersan","Enabled"
"23921460869","202982665651","BMC Probus 15033-T","exact","https://www.frenciniz.com/urun/317/bijon-bmc-probus-profesyonel-fatih-pro-200-235-260-oem-15033-t-esb-530-20-ekersan","Enabled"
"23921460869","202982665651","Bijon BPW ECOPlus Dps OEM 329623150-980623270 ESB 1719 10","exact","https://www.frenciniz.com/urun/378/bijon-bpw-ecoplus-dps-oem-329623150-980623270-esb-1719-10-ekersan","Enabled"
"23921460869","202982665651","BPW dorse dingili Bijon","exact","https://www.frenciniz.com/urun/378/bijon-bpw-ecoplus-dps-oem-329623150-980623270-esb-1719-10-ekersan","Enabled"
"23921460869","202982665651","BPW dorse dingili 329623150-980623270","exact","https://www.frenciniz.com/urun/378/bijon-bpw-ecoplus-dps-oem-329623150-980623270-esb-1719-10-ekersan","Enabled"
"23921460869","202982665651","Bijon Volvo FH FM FL Dps OEM 1573082 ESB 1410 10","exact","https://www.frenciniz.com/urun/390/bijon-volvo-fh-fm-fl-dps-oem-1573082-esb-1410-10-ekersan","Enabled"
"23921460869","202982665651","Volvo FH Bijon","exact","https://www.frenciniz.com/urun/390/bijon-volvo-fh-fm-fl-dps-oem-1573082-esb-1410-10-ekersan","Enabled"
"23921460869","202982665651","Volvo FH 1573082","exact","https://www.frenciniz.com/urun/390/bijon-volvo-fh-fm-fl-dps-oem-1573082-esb-1410-10-ekersan","Enabled"
"23921460869","202982665651","Bijon Mercedes Actros Axor 80 mm Dps OEM 3894010071 ESB 194 20","exact","https://www.frenciniz.com/urun/59/bijon-mercedes-actros-axor-80-mm-dps-oem-3894010071-esb-194-20-ekersan","Enabled"
"23921460869","202982665651","Mercedes-Benz Axor Bijon","exact","https://www.frenciniz.com/urun/59/bijon-mercedes-actros-axor-80-mm-dps-oem-3894010071-esb-194-20-ekersan","Enabled"
"23921460869","202982665651","Mercedes-Benz Axor 3894010071","exact","https://www.frenciniz.com/urun/59/bijon-mercedes-actros-axor-80-mm-dps-oem-3894010071-esb-194-20-ekersan","Enabled"
"23921460869","202982665651","Bijon Scania P G R 100 mm Arka OEM 272853 ESB 910 10-R","exact","https://www.frenciniz.com/urun/291/bijon-scania-p-g-r-100-mm-arka-oem-272853-esb-910-10-r-ekersan","Enabled"
"23921460869","202982665651","Scania P/G/R serisi Bijon","exact","https://www.frenciniz.com/urun/291/bijon-scania-p-g-r-100-mm-arka-oem-272853-esb-910-10-r-ekersan","Enabled"
"23921460869","202982665651","Scania P/G/R serisi 272853","exact","https://www.frenciniz.com/urun/291/bijon-scania-p-g-r-100-mm-arka-oem-272853-esb-910-10-r-ekersan","Enabled"
"23921460869","202982665651","Bijon Iveco Eurocargo Stralis Dps OEM 42117447 ESB 693 10","exact","https://www.frenciniz.com/urun/304/bijon-iveco-eurocargo-stralis-dps-oem-42117447-esb-693-10-ekersan","Enabled"
"23921460869","202982665651","Iveco Eurocargo Bijon","exact","https://www.frenciniz.com/urun/304/bijon-iveco-eurocargo-stralis-dps-oem-42117447-esb-693-10-ekersan","Enabled"
"23921460869","202982665651","Iveco Eurocargo 42117447","exact","https://www.frenciniz.com/urun/304/bijon-iveco-eurocargo-stralis-dps-oem-42117447-esb-693-10-ekersan","Enabled"
"23921460869","202982665651","Bijon DAF CF XF Dps OEM 99720-1337020 ESB 1013 10","exact","https://www.frenciniz.com/urun/395/bijon-daf-cf-xf-dps-oem-99720-1337020-esb-1013-10-ekersan","Enabled"
"23921460869","202982665651","DAF CF/XF Bijon","exact","https://www.frenciniz.com/urun/395/bijon-daf-cf-xf-dps-oem-99720-1337020-esb-1013-10-ekersan","Enabled"
"23921460869","202982665651","DAF CF/XF 99720-1337020","exact","https://www.frenciniz.com/urun/395/bijon-daf-cf-xf-dps-oem-99720-1337020-esb-1013-10-ekersan","Enabled"
"23921460869","202982665651","Bijon Volvo FH FH12 FM FL 117 mm 27 mm Arka OEM 20428545-15890088 ESB 1411 10","exact","https://www.frenciniz.com/urun/388/bijon-volvo-fh-fh12-fm-fl-117-mm-27-mm-arka-oem-20428545-15890088-esb-1411-10-ekersan","Enabled"
"23921460869","202982665651","Volvo FH Bijon","exact","https://www.frenciniz.com/urun/388/bijon-volvo-fh-fh12-fm-fl-117-mm-27-mm-arka-oem-20428545-15890088-esb-1411-10-ekersan","Enabled"
"23921460869","202982665651","Volvo FH 20428545-15890088","exact","https://www.frenciniz.com/urun/388/bijon-volvo-fh-fh12-fm-fl-117-mm-27-mm-arka-oem-20428545-15890088-esb-1411-10-ekersan","Enabled"
"23921460869","202982665651","Bijon Isuzu Novo NovoCiti Life CitiLife Arka SAĞ SKU ESB 786 10-R","exact","https://www.frenciniz.com/urun/300/bijon-isuzu-novo-novociti-life-citilife-arka-sag-sku-esb-786-10-r-ekersan","Enabled"
"23921460869","202982665651","Isuzu Novo Bijon","exact","https://www.frenciniz.com/urun/300/bijon-isuzu-novo-novociti-life-citilife-arka-sag-sku-esb-786-10-r-ekersan","Enabled"
"23921460869","202982665651","Isuzu Novo ESB 786 10-R","exact","https://www.frenciniz.com/urun/300/bijon-isuzu-novo-novociti-life-citilife-arka-sag-sku-esb-786-10-r-ekersan","Enabled"
"23921460869","202982665651","Bijon DAF CF XF Dps OEM 99717 ESB 1010 10","exact","https://www.frenciniz.com/urun/398/bijon-daf-cf-xf-dps-oem-99717-esb-1010-10-ekersan","Enabled"
"23921460869","202982665651","DAF CF/XF Bijon","exact","https://www.frenciniz.com/urun/398/bijon-daf-cf-xf-dps-oem-99717-esb-1010-10-ekersan","Enabled"
"23921460869","202982665651","DAF CF/XF 99717","exact","https://www.frenciniz.com/urun/398/bijon-daf-cf-xf-dps-oem-99717-esb-1010-10-ekersan","Enabled"
"23921460869","202982665651","Bijon Mercedes Atego 66 mm 1517 OEM 3184020271 ESB 140 20","exact","https://www.frenciniz.com/urun/246/bijon-mercedes-atego-66-mm-1517-oem-3184020271-esb-140-20-ekersan","Enabled"
"23921460869","202982665651","Mercedes-Benz Atego Bijon","exact","https://www.frenciniz.com/urun/246/bijon-mercedes-atego-66-mm-1517-oem-3184020271-esb-140-20-ekersan","Enabled"
"23921460869","202982665651","Mercedes-Benz Atego 3184020271","exact","https://www.frenciniz.com/urun/246/bijon-mercedes-atego-66-mm-1517-oem-3184020271-esb-140-20-ekersan","Enabled"
"23921460869","202982665651","Bijon Isuzu Novo NovoCiti Life CitiLife Arka Sol SKU ESB 786 11-L","exact","https://www.frenciniz.com/urun/299/bijon-isuzu-novo-novociti-life-citilife-arka-sol-sku-esb-786-11-l-ekersan","Enabled"
"23921460869","202982665651","Isuzu Novo Bijon","exact","https://www.frenciniz.com/urun/299/bijon-isuzu-novo-novociti-life-citilife-arka-sol-sku-esb-786-11-l-ekersan","Enabled"
"23921460869","202982665651","Isuzu Novo ESB 786 11-L","exact","https://www.frenciniz.com/urun/299/bijon-isuzu-novo-novociti-life-citilife-arka-sol-sku-esb-786-11-l-ekersan","Enabled"
"23921460869","202982665651","Bijon MAN TGA OEM 81455010133 ESB 260 20","exact","https://www.frenciniz.com/urun/343/bijon-man-tga-oem-81455010133-esb-260-20-ekersan","Enabled"
"23921460869","202982665651","MAN TGA Bijon","exact","https://www.frenciniz.com/urun/343/bijon-man-tga-oem-81455010133-esb-260-20-ekersan","Enabled"
"23921460869","202982665651","MAN TGA 81455010133","exact","https://www.frenciniz.com/urun/343/bijon-man-tga-oem-81455010133-esb-260-20-ekersan","Enabled"
"23921460869","202982665651","Bijon DAF CF XF Dps OEM 620646 ESB 1014 10","exact","https://www.frenciniz.com/urun/394/bijon-daf-cf-xf-dps-oem-620646-esb-1014-10-ekersan","Enabled"
"23921460869","202982665651","DAF CF/XF Bijon","exact","https://www.frenciniz.com/urun/394/bijon-daf-cf-xf-dps-oem-620646-esb-1014-10-ekersan","Enabled"
"23921460869","202982665651","DAF CF/XF 620646","exact","https://www.frenciniz.com/urun/394/bijon-daf-cf-xf-dps-oem-620646-esb-1014-10-ekersan","Enabled"
"23921460869","202982665651","Bijon DAF CF XF Dps OEM 99731 ESB 1012 10","exact","https://www.frenciniz.com/urun/396/bijon-daf-cf-xf-dps-oem-99731-esb-1012-10-ekersan","Enabled"
"23921460869","202982665651","DAF CF/XF Bijon","exact","https://www.frenciniz.com/urun/396/bijon-daf-cf-xf-dps-oem-99731-esb-1012-10-ekersan","Enabled"
"23921460869","202982665651","DAF CF/XF 99731","exact","https://www.frenciniz.com/urun/396/bijon-daf-cf-xf-dps-oem-99731-esb-1012-10-ekersan","Enabled"
"23921460869","202982665651","Bijon BPW ECOPlus OEM 329613170 ESB 1711 10","exact","https://www.frenciniz.com/urun/380/bijon-bpw-ecoplus-oem-329613170-esb-1711-10-ekersan","Enabled"
"23921460869","202982665651","BPW dorse dingili Bijon","exact","https://www.frenciniz.com/urun/380/bijon-bpw-ecoplus-oem-329613170-esb-1711-10-ekersan","Enabled"
"23921460869","202982665651","BPW dorse dingili 329613170","exact","https://www.frenciniz.com/urun/380/bijon-bpw-ecoplus-oem-329613170-esb-1711-10-ekersan","Enabled"
"23921460869","202982665651","Bijon DAF CF XF Dps OEM 99730 ESB 1010 20","exact","https://www.frenciniz.com/urun/397/bijon-daf-cf-xf-dps-oem-99730-esb-1010-20-ekersan","Enabled"
"23921460869","202982665651","DAF CF/XF Bijon","exact","https://www.frenciniz.com/urun/397/bijon-daf-cf-xf-dps-oem-99730-esb-1010-20-ekersan","Enabled"
"23921460869","202982665651","DAF CF/XF 99730","exact","https://www.frenciniz.com/urun/397/bijon-daf-cf-xf-dps-oem-99730-esb-1010-20-ekersan","Enabled"
"23921460869","202982665651","Bijon Iveco Eurocargo Stralis Dps OEM 46390478 ESB 610 10","exact","https://www.frenciniz.com/urun/315/bijon-iveco-eurocargo-stralis-dps-oem-46390478-esb-610-10-ekersan","Enabled"
"23921460869","202982665651","Iveco Eurocargo Bijon","exact","https://www.frenciniz.com/urun/315/bijon-iveco-eurocargo-stralis-dps-oem-46390478-esb-610-10-ekersan","Enabled"
"23921460869","202982665651","Iveco Eurocargo 46390478","exact","https://www.frenciniz.com/urun/315/bijon-iveco-eurocargo-stralis-dps-oem-46390478-esb-610-10-ekersan","Enabled"
"23921460869","202982665651","Bijon Scania P G R Dps OEM 1368692 ESB 910 20-R","exact","https://www.frenciniz.com/urun/290/bijon-scania-p-g-r-dps-oem-1368692-esb-910-20-r-ekersan","Enabled"
"23921460869","202982665651","Scania 4 serisi Bijon","exact","https://www.frenciniz.com/urun/290/bijon-scania-p-g-r-dps-oem-1368692-esb-910-20-r-ekersan","Enabled"
"23921460869","202982665651","Scania 4 serisi 1368692","exact","https://www.frenciniz.com/urun/290/bijon-scania-p-g-r-dps-oem-1368692-esb-910-20-r-ekersan","Enabled"
"23921460869","202982665651","Bijon Renault Premium Magnum Kerax Midlum 103 mm Arka 370 420 OEM 0000190220-190513 ESB 2310 10","exact","https://www.frenciniz.com/urun/357/bijon-renault-premium-magnum-kerax-midlum-103-mm-arka-370-420-oem-0000190220-190513-esb-2310-10","Enabled"
"23921460869","202982665651","Renault Trucks Premium Bijon","exact","https://www.frenciniz.com/urun/357/bijon-renault-premium-magnum-kerax-midlum-103-mm-arka-370-420-oem-0000190220-190513-esb-2310-10","Enabled"
"23921460869","202982665651","Renault Trucks Premium 0000190220-190513","exact","https://www.frenciniz.com/urun/357/bijon-renault-premium-magnum-kerax-midlum-103-mm-arka-370-420-oem-0000190220-190513-esb-2310-10","Enabled"
"23921460869","202982665651","Bijon Isuzu Novo NovoCiti Life CitiLife 92,5 mm Arka OEM ISUZU NOVA ARKA 92 ESB 787 10-R","exact","https://www.frenciniz.com/urun/298/bijon-isuzu-novo-novociti-life-citilife-92-5-mm-arka-oem-isuzu-nova-arka-92-esb-787-10-r-ekersan","Enabled"
"23921460869","202982665651","Isuzu Novo Bijon","exact","https://www.frenciniz.com/urun/298/bijon-isuzu-novo-novociti-life-citilife-92-5-mm-arka-oem-isuzu-nova-arka-92-esb-787-10-r-ekersan","Enabled"
"23921460869","202982665651","Isuzu Novo ISUZU NOVA ARKA 92","exact","https://www.frenciniz.com/urun/298/bijon-isuzu-novo-novociti-life-citilife-92-5-mm-arka-oem-isuzu-nova-arka-92-esb-787-10-r-ekersan","Enabled"
"23921460869","202982665651","Bijon Isuzu Novo NovoCiti Life CitiLife 92,5 mm Arka OEM ISUZU NOVA ARKA 92 ESB 787 11-L","exact","https://www.frenciniz.com/urun/297/bijon-isuzu-novo-novociti-life-citilife-92-5-mm-arka-oem-isuzu-nova-arka-92-esb-787-11-l-ekersan","Enabled"
"23921460869","202982665651","Isuzu Novo Bijon","exact","https://www.frenciniz.com/urun/297/bijon-isuzu-novo-novociti-life-citilife-92-5-mm-arka-oem-isuzu-nova-arka-92-esb-787-11-l-ekersan","Enabled"
"23921460869","202982665651","Isuzu Novo ISUZU NOVA ARKA 92","exact","https://www.frenciniz.com/urun/297/bijon-isuzu-novo-novociti-life-citilife-92-5-mm-arka-oem-isuzu-nova-arka-92-esb-787-11-l-ekersan","Enabled"
"23921460869","202982665651","Bijon Volvo FH FM FL Dps OEM 3963997 ESB 1412 10","exact","https://www.frenciniz.com/urun/387/bijon-volvo-fh-fm-fl-dps-oem-3963997-esb-1412-10-ekersan","Enabled"
"23921460869","202982665651","Volvo FH Bijon","exact","https://www.frenciniz.com/urun/387/bijon-volvo-fh-fm-fl-dps-oem-3963997-esb-1412-10-ekersan","Enabled"
"23921460869","202982665651","Volvo FH 3963997","exact","https://www.frenciniz.com/urun/387/bijon-volvo-fh-fm-fl-dps-oem-3963997-esb-1412-10-ekersan","Enabled"
"23921460869","202982665651","Bijon Renault Premium Magnum Kerax Midlum Volvo FH FM FL Ford Cargo 114 mm Arka 370 420 OEM 20524942 ESB 2316 10","exact","https://www.frenciniz.com/urun/352/bijon-renault-premium-magnum-kerax-midlum-volvo-fh-fm-fl-ford-cargo-114-mm-arka-370-420-oem","Enabled"
"23921460869","202982665651","Renault Trucks Premium Bijon","exact","https://www.frenciniz.com/urun/352/bijon-renault-premium-magnum-kerax-midlum-volvo-fh-fm-fl-ford-cargo-114-mm-arka-370-420-oem","Enabled"
"23921460869","202982665651","Renault Trucks Premium 20524942","exact","https://www.frenciniz.com/urun/352/bijon-renault-premium-magnum-kerax-midlum-volvo-fh-fm-fl-ford-cargo-114-mm-arka-370-420-oem","Enabled"
"23921460869","202982665651","Bijon Mercedes Actros Axor 86 mm Arka 800 OEM 3714027071 ESB 170 10","exact","https://www.frenciniz.com/urun/244/bijon-mercedes-actros-axor-86-mm-arka-800-oem-3714027071-esb-170-10-ekersan","Enabled"
"23921460869","202982665651","Mercedes-Benz Actros Bijon","exact","https://www.frenciniz.com/urun/244/bijon-mercedes-actros-axor-86-mm-arka-800-oem-3714027071-esb-170-10-ekersan","Enabled"
"23921460869","202982665651","Mercedes-Benz Actros 3714027071","exact","https://www.frenciniz.com/urun/244/bijon-mercedes-actros-axor-86-mm-arka-800-oem-3714027071-esb-170-10-ekersan","Enabled"
"23921460869","202982665651","Bijon SAF Holland Dps OEM 1303111811-3302115600 ESB 1818 10","exact","https://www.frenciniz.com/urun/369/bijon-saf-holland-dps-oem-1303111811-3302115600-esb-1818-10-ekersan","Enabled"
"23921460869","202982665651","SAF dorse dingili Bijon","exact","https://www.frenciniz.com/urun/369/bijon-saf-holland-dps-oem-1303111811-3302115600-esb-1818-10-ekersan","Enabled"
"23921460869","202982665651","SAF dorse dingili 1303111811-3302115600","exact","https://www.frenciniz.com/urun/369/bijon-saf-holland-dps-oem-1303111811-3302115600-esb-1818-10-ekersan","Enabled"
"23921460869","202982665651","Bijon Mercedes Actros Axor 84 mm OEM 3814011271 ESB 113 20-1","exact","https://www.frenciniz.com/urun/251/bijon-mercedes-actros-axor-84-mm-oem-3814011271-esb-113-20-1-ekersan","Enabled"
"23921460869","202982665651","Mercedes-Benz Actros Bijon","exact","https://www.frenciniz.com/urun/251/bijon-mercedes-actros-axor-84-mm-oem-3814011271-esb-113-20-1-ekersan","Enabled"
"23921460869","202982665651","Mercedes-Benz Actros 3814011271","exact","https://www.frenciniz.com/urun/251/bijon-mercedes-actros-axor-84-mm-oem-3814011271-esb-113-20-1-ekersan","Enabled"
"23921460869","202982665651","Bijon Renault Premium Magnum Kerax Midlum 70 mm 370 420 OEM 5000737601 ESB 2313 10","exact","https://www.frenciniz.com/urun/353/bijon-renault-premium-magnum-kerax-midlum-70-mm-370-420-oem-5000737601-esb-2313-10-ekersan","Enabled"
"23921460869","202982665651","Renault Trucks Premium Bijon","exact","https://www.frenciniz.com/urun/353/bijon-renault-premium-magnum-kerax-midlum-70-mm-370-420-oem-5000737601-esb-2313-10-ekersan","Enabled"
"23921460869","202982665651","Renault Trucks Premium 5000737601","exact","https://www.frenciniz.com/urun/353/bijon-renault-premium-magnum-kerax-midlum-70-mm-370-420-oem-5000737601-esb-2313-10-ekersan","Enabled"
"23921460869","202982665651","Bijon Fruehauf SMB 106 mm OEM A-FA0230 ESB 2112 10","exact","https://www.frenciniz.com/urun/360/bijon-fruehauf-smb-106-mm-oem-a-fa0230-esb-2112-10-ekersan","Enabled"
"23921460869","202982665651","Dorse / treyler Bijon","exact","https://www.frenciniz.com/urun/360/bijon-fruehauf-smb-106-mm-oem-a-fa0230-esb-2112-10-ekersan","Enabled"
"23921460869","202982665651","Dorse / treyler A-FA0230","exact","https://www.frenciniz.com/urun/360/bijon-fruehauf-smb-106-mm-oem-a-fa0230-esb-2112-10-ekersan","Enabled"
"23921460869","202982665651","Bijon Iveco Eurocargo Stralis Dps OEM 42117459 ESB 670 10","exact","https://www.frenciniz.com/urun/20/bijon-iveco-eurocargo-stralis-dps-oem-42117459-esb-670-10-ekersan","Enabled"
"23921460869","202982665651","Iveco Eurocargo Bijon","exact","https://www.frenciniz.com/urun/20/bijon-iveco-eurocargo-stralis-dps-oem-42117459-esb-670-10-ekersan","Enabled"
"23921460869","202982665651","Iveco Eurocargo 42117459","exact","https://www.frenciniz.com/urun/20/bijon-iveco-eurocargo-stralis-dps-oem-42117459-esb-670-10-ekersan","Enabled"
"23921460869","202982665651","Bijon Scania P G R Dps OEM 20515519 ESB 460 10","exact","https://www.frenciniz.com/urun/320/bijon-scania-p-g-r-dps-oem-20515519-esb-460-10-ekersan","Enabled"
"23921460869","202982665651","Scania P/G/R serisi Bijon","exact","https://www.frenciniz.com/urun/320/bijon-scania-p-g-r-dps-oem-20515519-esb-460-10-ekersan","Enabled"
"23921460869","202982665651","Scania P/G/R serisi 20515519","exact","https://www.frenciniz.com/urun/320/bijon-scania-p-g-r-dps-oem-20515519-esb-460-10-ekersan","Enabled"
"23921460869","202982665651","Bijon Scania P G R 96 mm OEM 1868668 ESB 914 10-R","exact","https://www.frenciniz.com/urun/285/bijon-scania-p-g-r-96-mm-oem-1868668-esb-914-10-r-ekersan","Enabled"
"23921460869","202982665651","Scania P/G/R serisi Bijon","exact","https://www.frenciniz.com/urun/285/bijon-scania-p-g-r-96-mm-oem-1868668-esb-914-10-r-ekersan","Enabled"
"23921460869","202982665651","Scania P/G/R serisi 1868668","exact","https://www.frenciniz.com/urun/285/bijon-scania-p-g-r-96-mm-oem-1868668-esb-914-10-r-ekersan","Enabled"
"23921460869","202982665651","Bijon Fruehauf SMB DPS OEM M069131-M200048-M69131-M069123 ESB 2117 10","exact","https://www.frenciniz.com/urun/359/bijon-fruehauf-smb-dps-oem-m069131-m200048-m69131-m069123-esb-2117-10-ekersan","Enabled"
"23921460869","202982665651","Dorse / treyler Bijon","exact","https://www.frenciniz.com/urun/359/bijon-fruehauf-smb-dps-oem-m069131-m200048-m69131-m069123-esb-2117-10-ekersan","Enabled"
"23921460869","202982665651","Dorse / treyler M069131-M200048-M69131-M069123","exact","https://www.frenciniz.com/urun/359/bijon-fruehauf-smb-dps-oem-m069131-m200048-m69131-m069123-esb-2117-10-ekersan","Enabled"
"23921460869","202982665651","Bijon Renault Premium Magnum Kerax Midlum DPS 370 420 OEM 5010439317-5010439406 ESB 2311 10","exact","https://www.frenciniz.com/urun/356/bijon-renault-premium-magnum-kerax-midlum-dps-370-420-oem-5010439317-5010439406-esb-2311-10","Enabled"
"23921460869","202982665651","Renault Trucks Premium Bijon","exact","https://www.frenciniz.com/urun/356/bijon-renault-premium-magnum-kerax-midlum-dps-370-420-oem-5010439317-5010439406-esb-2311-10","Enabled"
"23921460869","202982665651","Renault Trucks Premium 5010439317-5010439406","exact","https://www.frenciniz.com/urun/356/bijon-renault-premium-magnum-kerax-midlum-dps-370-420-oem-5010439317-5010439406-esb-2311-10","Enabled"
"23921460869","202982665651","Bijon Dorse Treyler Dps OEM 20630 ESB 2110 10","exact","https://www.frenciniz.com/urun/362/bijon-dorse-treyler-dps-oem-20630-esb-2110-10-ekersan","Enabled"
"23921460869","202982665651","Dorse dingil grubu Bijon","exact","https://www.frenciniz.com/urun/362/bijon-dorse-treyler-dps-oem-20630-esb-2110-10-ekersan","Enabled"
"23921460869","202982665651","Dorse dingil grubu 20630","exact","https://www.frenciniz.com/urun/362/bijon-dorse-treyler-dps-oem-20630-esb-2110-10-ekersan","Enabled"
"23921460869","202982665651","Bijon BMC Probus Profesyonel Fatih Pro Mitsubishi Canter Fuso Isuzu NPR NQR 97 mm OEM MC808846 ESB 810 20","exact","https://www.frenciniz.com/urun/296/bijon-bmc-probus-profesyonel-fatih-pro-mitsubishi-canter-fuso-isuzu-npr-nqr-97-mm-oem-mc808846","Enabled"
"23921460869","202982665651","BMC Probus Bijon","exact","https://www.frenciniz.com/urun/296/bijon-bmc-probus-profesyonel-fatih-pro-mitsubishi-canter-fuso-isuzu-npr-nqr-97-mm-oem-mc808846","Enabled"
"23921460869","202982665651","BMC Probus MC808846","exact","https://www.frenciniz.com/urun/296/bijon-bmc-probus-profesyonel-fatih-pro-mitsubishi-canter-fuso-isuzu-npr-nqr-97-mm-oem-mc808846","Enabled"
"23921460869","202982665651","Bijon Dorse Treyler Dps OEM AJA0491001-AJB11623A-M006891-15613-11623- 6891 ESB 2111 10","exact","https://www.frenciniz.com/urun/361/bijon-dorse-treyler-dps-oem-aja0491001-ajb11623a-m006891-15613-11623-6891-esb-2111-10-ekersan","Enabled"
"23921460869","202982665651","Dorse dingil grubu Bijon","exact","https://www.frenciniz.com/urun/361/bijon-dorse-treyler-dps-oem-aja0491001-ajb11623a-m006891-15613-11623-6891-esb-2111-10-ekersan","Enabled"
"23921460869","202982665651","Dorse dingil grubu AJA0491001-AJB11623A-M006891-15613-11623- 6891","exact","https://www.frenciniz.com/urun/361/bijon-dorse-treyler-dps-oem-aja0491001-ajb11623a-m006891-15613-11623-6891-esb-2111-10-ekersan","Enabled"
"23921460869","202982665651","Fren Pabucu BPW ECOPlus OEM (A) A4 H-24327","exact","https://www.frenciniz.com/urun/772/fren-pabucu-bpw-ecoplus-oem-a-a4-h-24327-ekersan","Enabled"
"23921460869","202982665651","BPW dorse dingili Fren Pabucu","exact","https://www.frenciniz.com/urun/772/fren-pabucu-bpw-ecoplus-oem-a-a4-h-24327-ekersan","Enabled"
"23921460869","202982665651","BPW dorse dingili (A) A4","exact","https://www.frenciniz.com/urun/772/fren-pabucu-bpw-ecoplus-oem-a-a4-h-24327-ekersan","Enabled"
"23921460869","202982665651","Fren Pabucu BPW ECOPlus OEM (A) A4 H-24328","exact","https://www.frenciniz.com/urun/771/fren-pabucu-bpw-ecoplus-oem-a-a4-h-24328-ekersan","Enabled"
"23921460869","202982665651","BPW dorse dingili Fren Pabucu","exact","https://www.frenciniz.com/urun/771/fren-pabucu-bpw-ecoplus-oem-a-a4-h-24328-ekersan","Enabled"
"23921460869","202982665651","BPW dorse dingili (A) A4","exact","https://www.frenciniz.com/urun/771/fren-pabucu-bpw-ecoplus-oem-a-a4-h-24328-ekersan","Enabled"
"23921460869","202982665651","Bijon Scania P G R 115 mm Arka OEM 1847739 ESB 919 10","exact","https://www.frenciniz.com/urun/16/bijon-scania-p-g-r-115-mm-arka-oem-1847739-esb-919-10-ekersan","Enabled"
"23921460869","202982665651","Scania P/G/R serisi Bijon","exact","https://www.frenciniz.com/urun/16/bijon-scania-p-g-r-115-mm-arka-oem-1847739-esb-919-10-ekersan","Enabled"
"23921460869","202982665651","Scania P/G/R serisi 1847739","exact","https://www.frenciniz.com/urun/16/bijon-scania-p-g-r-115-mm-arka-oem-1847739-esb-919-10-ekersan","Enabled"
"23921460869","202982665651","Bijon Mercedes Actros Axor 128 mm Arka OEM 3814011471-81455010099 ESB 116 10-1","exact","https://www.frenciniz.com/urun/67/bijon-mercedes-actros-axor-128-mm-arka-oem-3814011471-81455010099-esb-116-10-1-ekersan","Enabled"
"23921460869","202982665651","Mercedes-Benz Actros Bijon","exact","https://www.frenciniz.com/urun/67/bijon-mercedes-actros-axor-128-mm-arka-oem-3814011471-81455010099-esb-116-10-1-ekersan","Enabled"
"23921460869","202982665651","Mercedes-Benz Actros 3814011471-81455010099","exact","https://www.frenciniz.com/urun/67/bijon-mercedes-actros-axor-128-mm-arka-oem-3814011471-81455010099-esb-116-10-1-ekersan","Enabled"
"23921460869","202982665651","Bijon Iveco Eurocargo Stralis Dps OEM 7168333 ESB 612 10","exact","https://www.frenciniz.com/urun/30/bijon-iveco-eurocargo-stralis-dps-oem-7168333-esb-612-10-ekersan","Enabled"
"23921460869","202982665651","Iveco Eurocargo Bijon","exact","https://www.frenciniz.com/urun/30/bijon-iveco-eurocargo-stralis-dps-oem-7168333-esb-612-10-ekersan","Enabled"
"23921460869","202982665651","Iveco Eurocargo 7168333","exact","https://www.frenciniz.com/urun/30/bijon-iveco-eurocargo-stralis-dps-oem-7168333-esb-612-10-ekersan","Enabled"
"23921460869","202982665651","Bijon ROR Meritor 200 235 260 OEM 21022167 ESB 532 10","exact","https://www.frenciniz.com/urun/316/bijon-ror-meritor-200-235-260-oem-21022167-esb-532-10-ekersan","Enabled"
"23921460869","202982665651","BMC Probus Bijon","exact","https://www.frenciniz.com/urun/316/bijon-ror-meritor-200-235-260-oem-21022167-esb-532-10-ekersan","Enabled"
"23921460869","202982665651","BMC Probus 21022167","exact","https://www.frenciniz.com/urun/316/bijon-ror-meritor-200-235-260-oem-21022167-esb-532-10-ekersan","Enabled"
"23921460869","202982665651","Bijon ROR Meritor 85 mm OEM 21022167 ESB 1313 10","exact","https://www.frenciniz.com/urun/391/bijon-ror-meritor-85-mm-oem-21022167-esb-1313-10-ekersan","Enabled"
"23921460869","202982665651","ROR dorse dingili Bijon","exact","https://www.frenciniz.com/urun/391/bijon-ror-meritor-85-mm-oem-21022167-esb-1313-10-ekersan","Enabled"
"23921460869","202982665651","ROR dorse dingili 21022167","exact","https://www.frenciniz.com/urun/391/bijon-ror-meritor-85-mm-oem-21022167-esb-1313-10-ekersan","Enabled"
"23921460869","202982665651","Bijon Mercedes Actros Axor 105 mm DPS Arka OEM 3554010071-3814010671 ESB 112 10-1","exact","https://www.frenciniz.com/urun/33/bijon-mercedes-actros-axor-105-mm-dps-arka-oem-3554010071-3814010671-esb-112-10-1-ekersan","Enabled"
"23921460869","202982665651","Mercedes-Benz Actros Bijon","exact","https://www.frenciniz.com/urun/33/bijon-mercedes-actros-axor-105-mm-dps-arka-oem-3554010071-3814010671-esb-112-10-1-ekersan","Enabled"
"23921460869","202982665651","Mercedes-Benz Actros 3554010071-3814010671","exact","https://www.frenciniz.com/urun/33/bijon-mercedes-actros-axor-105-mm-dps-arka-oem-3554010071-3814010671-esb-112-10-1-ekersan","Enabled"
"23921460869","202982665651","Bijon Renault Premium Magnum Kerax Midlum 79 mm 370 2317 OEM 5010319141-190221 ESB 2311 20","exact","https://www.frenciniz.com/urun/355/bijon-renault-premium-magnum-kerax-midlum-79-mm-370-2317-oem-5010319141-190221-esb-2311-20","Enabled"
"23921460869","202982665651","Renault Trucks Premium Bijon","exact","https://www.frenciniz.com/urun/355/bijon-renault-premium-magnum-kerax-midlum-79-mm-370-2317-oem-5010319141-190221-esb-2311-20","Enabled"
"23921460869","202982665651","Renault Trucks Premium 5010319141-190221","exact","https://www.frenciniz.com/urun/355/bijon-renault-premium-magnum-kerax-midlum-79-mm-370-2317-oem-5010319141-190221-esb-2311-20","Enabled"
"23921460869","202982665651","Bijon Mercedes Actros Axor DPS 403 OEM 3384015071 ESB 160 20-1","exact","https://www.frenciniz.com/urun/381/bijon-mercedes-actros-axor-dps-403-oem-3384015071-esb-160-20-1-ekersan","Enabled"
"23921460869","202982665651","Mercedes-Benz Actros Bijon","exact","https://www.frenciniz.com/urun/381/bijon-mercedes-actros-axor-dps-403-oem-3384015071-esb-160-20-1-ekersan","Enabled"
"23921460869","202982665651","Mercedes-Benz Actros 3384015071","exact","https://www.frenciniz.com/urun/381/bijon-mercedes-actros-axor-dps-403-oem-3384015071-esb-160-20-1-ekersan","Enabled"
"23921460869","202982665651","Bijon Renault Premium Magnum Kerax Midlum 114 mm OEM 5010241892 ESB 2318 10","exact","https://www.frenciniz.com/urun/349/bijon-renault-premium-magnum-kerax-midlum-114-mm-oem-5010241892-esb-2318-10-ekersan","Enabled"
"23921460869","202982665651","Renault Trucks Premium Bijon","exact","https://www.frenciniz.com/urun/349/bijon-renault-premium-magnum-kerax-midlum-114-mm-oem-5010241892-esb-2318-10-ekersan","Enabled"
"23921460869","202982665651","Renault Trucks Premium 5010241892","exact","https://www.frenciniz.com/urun/349/bijon-renault-premium-magnum-kerax-midlum-114-mm-oem-5010241892-esb-2318-10-ekersan","Enabled"
"23921460869","202982665651","Bijon MAN TGA Arka SKU ESB 261 10","exact","https://www.frenciniz.com/urun/342/bijon-man-tga-arka-sku-esb-261-10-ekersan","Enabled"
"23921460869","202982665651","MAN TGA Bijon","exact","https://www.frenciniz.com/urun/342/bijon-man-tga-arka-sku-esb-261-10-ekersan","Enabled"
"23921460869","202982665651","MAN TGA ESB 261 10","exact","https://www.frenciniz.com/urun/342/bijon-man-tga-arka-sku-esb-261-10-ekersan","Enabled"
"23921460869","202982665651","Bijon Mercedes Actros Axor 128 mm DPS'L Arka 2517-2521 OEM 3814011471 ESB 192 10-1","exact","https://www.frenciniz.com/urun/238/bijon-mercedes-actros-axor-128-mm-dps-l-arka-2517-2521-oem-3814011471-esb-192-10-1-ekersan","Enabled"
"23921460869","202982665651","Mercedes-Benz Actros Bijon","exact","https://www.frenciniz.com/urun/238/bijon-mercedes-actros-axor-128-mm-dps-l-arka-2517-2521-oem-3814011471-esb-192-10-1-ekersan","Enabled"
"23921460869","202982665651","Mercedes-Benz Actros 3814011471","exact","https://www.frenciniz.com/urun/238/bijon-mercedes-actros-axor-128-mm-dps-l-arka-2517-2521-oem-3814011471-esb-192-10-1-ekersan","Enabled"
"23921460869","202982665651","Bijon Mercedes Actros Axor 73 mm 800 OEM 3714017071 ESB 170 20","exact","https://www.frenciniz.com/urun/243/bijon-mercedes-actros-axor-73-mm-800-oem-3714017071-esb-170-20-ekersan","Enabled"
"23921460869","202982665651","Mercedes-Benz Actros Bijon","exact","https://www.frenciniz.com/urun/243/bijon-mercedes-actros-axor-73-mm-800-oem-3714017071-esb-170-20-ekersan","Enabled"
"23921460869","202982665651","Mercedes-Benz Actros 3714017071","exact","https://www.frenciniz.com/urun/243/bijon-mercedes-actros-axor-73-mm-800-oem-3714017071-esb-170-20-ekersan","Enabled"
"23921460869","202982665651","Bijon Iveco Eurocargo Stralis 64 mm Arka OEM 7168257 ESB 611 10","exact","https://www.frenciniz.com/urun/313/bijon-iveco-eurocargo-stralis-64-mm-arka-oem-7168257-esb-611-10-ekersan","Enabled"
"23921460869","202982665651","Iveco Eurocargo Bijon","exact","https://www.frenciniz.com/urun/313/bijon-iveco-eurocargo-stralis-64-mm-arka-oem-7168257-esb-611-10-ekersan","Enabled"
"23921460869","202982665651","Iveco Eurocargo 7168257","exact","https://www.frenciniz.com/urun/313/bijon-iveco-eurocargo-stralis-64-mm-arka-oem-7168257-esb-611-10-ekersan","Enabled"
"23921460869","202982665651","Bijon Meritor ROR 95 mm OEM 9713579 ESB 2413 10","exact","https://www.frenciniz.com/urun/345/bijon-meritor-ror-95-mm-oem-9713579-esb-2413-10-ekersan","Enabled"
"23921460869","202982665651","ROR dorse dingili Bijon","exact","https://www.frenciniz.com/urun/345/bijon-meritor-ror-95-mm-oem-9713579-esb-2413-10-ekersan","Enabled"
"23921460869","202982665651","ROR dorse dingili 9713579","exact","https://www.frenciniz.com/urun/345/bijon-meritor-ror-95-mm-oem-9713579-esb-2413-10-ekersan","Enabled"
"23921460869","202982665651","Bijon 100 mm OEM Efe Dorse Dipten Frezeli Bijon (100 mm) ESB 2240 10","exact","https://www.frenciniz.com/urun/358/bijon-100-mm-oem-efe-dorse-dipten-frezeli-bijon-100-mm-esb-2240-10-ekersan","Enabled"
"23921460869","202982665651","Dorse / treyler Bijon","exact","https://www.frenciniz.com/urun/358/bijon-100-mm-oem-efe-dorse-dipten-frezeli-bijon-100-mm-esb-2240-10-ekersan","Enabled"
"23921460869","202982665651","Dorse / treyler Efe Dorse Dipten Frezeli Bijon (100 mm)","exact","https://www.frenciniz.com/urun/358/bijon-100-mm-oem-efe-dorse-dipten-frezeli-bijon-100-mm-esb-2240-10-ekersan","Enabled"
"23921460869","202982665651","Bijon ROR Meritor 95 mm OEM 21022167 ESB 1315 10","exact","https://www.frenciniz.com/urun/2/bijon-ror-meritor-95-mm-oem-21022167-esb-1315-10-ekersan","Enabled"
"23921460869","202982665651","ROR dorse dingili Bijon","exact","https://www.frenciniz.com/urun/2/bijon-ror-meritor-95-mm-oem-21022167-esb-1315-10-ekersan","Enabled"
"23921460869","202982665651","ROR dorse dingili 21022167","exact","https://www.frenciniz.com/urun/2/bijon-ror-meritor-95-mm-oem-21022167-esb-1315-10-ekersan","Enabled"
"23921460869","202982665651","Bijon ROR Meritor Dps OEM 21020977-21020997 ESB 1312 10","exact","https://www.frenciniz.com/urun/392/bijon-ror-meritor-dps-oem-21020977-21020997-esb-1312-10-ekersan","Enabled"
"23921460869","202982665651","ROR dorse dingili Bijon","exact","https://www.frenciniz.com/urun/392/bijon-ror-meritor-dps-oem-21020977-21020997-esb-1312-10-ekersan","Enabled"
"23921460869","202982665651","ROR dorse dingili 21020977-21020997","exact","https://www.frenciniz.com/urun/392/bijon-ror-meritor-dps-oem-21020977-21020997-esb-1312-10-ekersan","Enabled"
"23921460869","202982665651","Bijon Mercedes Actros Axor Dps OEM 3814010171 ESB 111 20-1","exact","https://www.frenciniz.com/urun/393/bijon-mercedes-actros-axor-dps-oem-3814010171-esb-111-20-1-ekersan","Enabled"
"23921460869","202982665651","Mercedes-Benz Actros Bijon","exact","https://www.frenciniz.com/urun/393/bijon-mercedes-actros-axor-dps-oem-3814010171-esb-111-20-1-ekersan","Enabled"
"23921460869","202982665651","Mercedes-Benz Actros 3814010171","exact","https://www.frenciniz.com/urun/393/bijon-mercedes-actros-axor-dps-oem-3814010171-esb-111-20-1-ekersan","Enabled"
"23921460869","202982665651","Bijon Mercedes Actros Axor 92 mm Dakromatlı Arka OEM 9424010371 ESB 180 10-3","exact","https://www.frenciniz.com/urun/32/bijon-mercedes-actros-axor-92-mm-dakromatli-arka-oem-9424010371-esb-180-10-3-ekersan","Enabled"
"23921460869","202982665651","Mercedes-Benz Axor Bijon","exact","https://www.frenciniz.com/urun/32/bijon-mercedes-actros-axor-92-mm-dakromatli-arka-oem-9424010371-esb-180-10-3-ekersan","Enabled"
"23921460869","202982665651","Mercedes-Benz Axor 9424010371","exact","https://www.frenciniz.com/urun/32/bijon-mercedes-actros-axor-92-mm-dakromatli-arka-oem-9424010371-esb-180-10-3-ekersan","Enabled"
"23921460869","202982665651","Bijon BMC Probus Profesyonel Fatih Pro 82 mm E.M 214 OEM 7K13123 ESB 330 20","exact","https://www.frenciniz.com/urun/337/bijon-bmc-probus-profesyonel-fatih-pro-82-mm-e-m-214-oem-7k13123-esb-330-20-ekersan","Enabled"
"23921460869","202982665651","BMC Probus Bijon","exact","https://www.frenciniz.com/urun/337/bijon-bmc-probus-profesyonel-fatih-pro-82-mm-e-m-214-oem-7k13123-esb-330-20-ekersan","Enabled"
"23921460869","202982665651","BMC Probus 7K13123","exact","https://www.frenciniz.com/urun/337/bijon-bmc-probus-profesyonel-fatih-pro-82-mm-e-m-214-oem-7k13123-esb-330-20-ekersan","Enabled"
"23921460869","202982665651","Bijon Volvo FH FH12 FM FL 110 mm Arka OEM 1573083 ESB 1413 10","exact","https://www.frenciniz.com/urun/386/bijon-volvo-fh-fh12-fm-fl-110-mm-arka-oem-1573083-esb-1413-10-ekersan","Enabled"
"23921460869","202982665651","Volvo FH Bijon","exact","https://www.frenciniz.com/urun/386/bijon-volvo-fh-fh12-fm-fl-110-mm-arka-oem-1573083-esb-1413-10-ekersan","Enabled"
"23921460869","202982665651","Volvo FH 1573083","exact","https://www.frenciniz.com/urun/386/bijon-volvo-fh-fh12-fm-fl-110-mm-arka-oem-1573083-esb-1413-10-ekersan","Enabled"
"23921460869","202982665651","Fren Diski BPW ECOPlus WABCO ABS EBS Y.M 100 OEM 0331008510 EYD 91 02","exact","https://www.frenciniz.com/urun/791/fren-diski-bpw-ecoplus-wabco-abs-ebs-y-m-100-oem-0331008510-eyd-91-02-ekersan","Enabled"
"23921460869","202982665651","BPW dorse dingili Fren Diski","exact","https://www.frenciniz.com/urun/791/fren-diski-bpw-ecoplus-wabco-abs-ebs-y-m-100-oem-0331008510-eyd-91-02-ekersan","Enabled"
"23921460869","202982665651","BPW dorse dingili 0331008510","exact","https://www.frenciniz.com/urun/791/fren-diski-bpw-ecoplus-wabco-abs-ebs-y-m-100-oem-0331008510-eyd-91-02-ekersan","Enabled"
"23921460869","202982665651","Bijon Volvo FH FH12 FM FL 100 mm Arka OEM 272740 ESB 1511 10","exact","https://www.frenciniz.com/urun/382/bijon-volvo-fh-fh12-fm-fl-100-mm-arka-oem-272740-esb-1511-10-ekersan","Enabled"
"23921460869","202982665651","Volvo FH Bijon","exact","https://www.frenciniz.com/urun/382/bijon-volvo-fh-fh12-fm-fl-100-mm-arka-oem-272740-esb-1511-10-ekersan","Enabled"
"23921460869","202982665651","Volvo FH 272740","exact","https://www.frenciniz.com/urun/382/bijon-volvo-fh-fh12-fm-fl-100-mm-arka-oem-272740-esb-1511-10-ekersan","Enabled"
"23921460869","202982665651","Bijon Iveco Eurocargo Stralis OEM 7168346 ESB 610 20","exact","https://www.frenciniz.com/urun/314/bijon-iveco-eurocargo-stralis-oem-7168346-esb-610-20-ekersan","Enabled"
"23921460869","202982665651","Iveco Eurocargo Bijon","exact","https://www.frenciniz.com/urun/314/bijon-iveco-eurocargo-stralis-oem-7168346-esb-610-20-ekersan","Enabled"
"23921460869","202982665651","Iveco Eurocargo 7168346","exact","https://www.frenciniz.com/urun/314/bijon-iveco-eurocargo-stralis-oem-7168346-esb-610-20-ekersan","Enabled"
"23921460869","202982665651","Bijon York Valx SKU ESB 3100 10","exact","https://www.frenciniz.com/urun/29/bijon-york-valx-sku-esb-3100-10-ekersan","Enabled"
"23921460869","202982665651","Dorse / treyler Bijon","exact","https://www.frenciniz.com/urun/29/bijon-york-valx-sku-esb-3100-10-ekersan","Enabled"
"23921460869","202982665651","Dorse / treyler ESB 3100 10","exact","https://www.frenciniz.com/urun/29/bijon-york-valx-sku-esb-3100-10-ekersan","Enabled"
"23921460869","202982665651","Fren Diski Mitsubishi Canter Fuso Isuzu NPR NQR Ön OEM MK584503Y ESD 170 04","exact","https://www.frenciniz.com/urun/163/fren-diski-mitsubishi-canter-fuso-isuzu-npr-nqr-on-oem-mk584503y-esd-170-04-ekersan","Enabled"
"23921460869","202982665651","Mitsubishi Canter Fren Diski","exact","https://www.frenciniz.com/urun/163/fren-diski-mitsubishi-canter-fuso-isuzu-npr-nqr-on-oem-mk584503y-esd-170-04-ekersan","Enabled"
"23921460869","202982665651","Mitsubishi Canter MK584503Y","exact","https://www.frenciniz.com/urun/163/fren-diski-mitsubishi-canter-fuso-isuzu-npr-nqr-on-oem-mk584503y-esd-170-04-ekersan","Enabled"
"23921460869","202982665651","Fren Diski Renault Premium Magnum Kerax Midlum Ön 150 OEM 5010422262 ESD 040 07","exact","https://www.frenciniz.com/urun/205/fren-diski-renault-premium-magnum-kerax-midlum-on-150-oem-5010422262-esd-040-07-ekersan","Enabled"
"23921460869","202982665651","Renault Trucks Premium Fren Diski","exact","https://www.frenciniz.com/urun/205/fren-diski-renault-premium-magnum-kerax-midlum-on-150-oem-5010422262-esd-040-07-ekersan","Enabled"
"23921460869","202982665651","Renault Trucks Premium 5010422262","exact","https://www.frenciniz.com/urun/205/fren-diski-renault-premium-magnum-kerax-midlum-on-150-oem-5010422262-esd-040-07-ekersan","Enabled"
"23921460869","202982665651","Fren Pabucu MAN 22 cm Sol OEM (A) D3 EYD 206 09-1","exact","https://www.frenciniz.com/urun/849/fren-pabucu-man-22-cm-sol-oem-a-d3-eyd-206-09-1-ekersan","Enabled"
"23921460869","202982665651","MAN ağır vasıta Fren Pabucu","exact","https://www.frenciniz.com/urun/849/fren-pabucu-man-22-cm-sol-oem-a-d3-eyd-206-09-1-ekersan","Enabled"
"23921460869","202982665651","MAN ağır vasıta (A) D3","exact","https://www.frenciniz.com/urun/849/fren-pabucu-man-22-cm-sol-oem-a-d3-eyd-206-09-1-ekersan","Enabled"
"23921460869","202982665651","Fren Pabucu MAN 22 cm SAĞ OEM (A) D3 EYD 206 09","exact","https://www.frenciniz.com/urun/850/fren-pabucu-man-22-cm-sag-oem-a-d3-eyd-206-09-ekersan","Enabled"
"23921460869","202982665651","MAN ağır vasıta Fren Pabucu","exact","https://www.frenciniz.com/urun/850/fren-pabucu-man-22-cm-sag-oem-a-d3-eyd-206-09-ekersan","Enabled"
"23921460869","202982665651","MAN ağır vasıta (A) D3","exact","https://www.frenciniz.com/urun/850/fren-pabucu-man-22-cm-sag-oem-a-d3-eyd-206-09-ekersan","Enabled"
"23921460869","202982665651","Fren Pabucu Volvo FH FH12 FM FL 5 cm OEM 30.951.95 EYD 206 43-1","exact","https://www.frenciniz.com/urun/844/fren-pabucu-volvo-fh-fh12-fm-fl-5-cm-oem-30-951-95-eyd-206-43-1-ekersan","Enabled"
"23921460869","202982665651","Volvo FH Fren Pabucu","exact","https://www.frenciniz.com/urun/844/fren-pabucu-volvo-fh-fh12-fm-fl-5-cm-oem-30-951-95-eyd-206-43-1-ekersan","Enabled"
"23921460869","202982665651","Volvo FH 30.951.95","exact","https://www.frenciniz.com/urun/844/fren-pabucu-volvo-fh-fh12-fm-fl-5-cm-oem-30-951-95-eyd-206-43-1-ekersan","Enabled"
