"campaign","ad_group","match_type","keyword","final_url","product_id","category","stock","price"
"Frenciniz Urun Arama - Exact","Fren Pabucu","Exact","Fren Pabucu BPW ECOPlus 20 cm OEM (A) H4 EYD 80 03","https://www.frenciniz.com/urun/801/fren-pabucu-bpw-ecoplus-20-cm-oem-a-h4-eyd-80-03-ekersan","801","Fren Pabucu","1521","1141.8"
"Frenciniz Urun Arama - Exact","Fren Pabucu","Exact","BPW dorse dingili Fren Pabucu","https://www.frenciniz.com/urun/801/fren-pabucu-bpw-ecoplus-20-cm-oem-a-h4-eyd-80-03-ekersan","801","Fren Pabucu","1521","1141.8"
"Frenciniz Urun Arama - Exact","Fren Pabucu","Exact","BPW dorse dingili (A) H4","https://www.frenciniz.com/urun/801/fren-pabucu-bpw-ecoplus-20-cm-oem-a-h4-eyd-80-03-ekersan","801","Fren Pabucu","1521","1141.8"
"Frenciniz Urun Arama - Exact","Fren Diski","Exact","Fren Diski Mercedes Actros Axor OEM 9434210312 ESD 010 12","https://www.frenciniz.com/urun/231/fren-diski-mercedes-actros-axor-oem-9434210312-esd-010-12-ekersan","231","Fren Diski","1291","3857.59"
"Frenciniz Urun Arama - Exact","Fren Diski","Exact","Mercedes-Benz Actros Fren Diski","https://www.frenciniz.com/urun/231/fren-diski-mercedes-actros-axor-oem-9434210312-esd-010-12-ekersan","231","Fren Diski","1291","3857.59"
"Frenciniz Urun Arama - Exact","Fren Diski","Exact","Mercedes-Benz Actros 9434210312","https://www.frenciniz.com/urun/231/fren-diski-mercedes-actros-axor-oem-9434210312-esd-010-12-ekersan","231","Fren Diski","1291","3857.59"
"Frenciniz Urun Arama - Exact","Fren Diski","Exact","Fren Diski Mercedes Actros Axor OEM 9424211212 ESD 010 02","https://www.frenciniz.com/urun/234/fren-diski-mercedes-actros-axor-oem-9424211212-esd-010-02-ekersan","234","Fren Diski","1286","3857.59"
"Frenciniz Urun Arama - Exact","Fren Diski","Exact","Mercedes-Benz Actros Fren Diski","https://www.frenciniz.com/urun/234/fren-diski-mercedes-actros-axor-oem-9424211212-esd-010-02-ekersan","234","Fren Diski","1286","3857.59"
"Frenciniz Urun Arama - Exact","Fren Diski","Exact","Mercedes-Benz Actros 9424211212","https://www.frenciniz.com/urun/234/fren-diski-mercedes-actros-axor-oem-9424211212-esd-010-02-ekersan","234","Fren Diski","1286","3857.59"
"Frenciniz Urun Arama - Exact","Fren Diski","Exact","Fren Diski BPW ECOPlus OEM 0308835050 ESD 070 23","https://www.frenciniz.com/urun/186/fren-diski-bpw-ecoplus-oem-0308835050-esd-070-23-ekersan","186","Fren Diski","1244","4126.36"
"Frenciniz Urun Arama - Exact","Fren Diski","Exact","BPW dorse dingili Fren Diski","https://www.frenciniz.com/urun/186/fren-diski-bpw-ecoplus-oem-0308835050-esd-070-23-ekersan","186","Fren Diski","1244","4126.36"
"Frenciniz Urun Arama - Exact","Fren Diski","Exact","BPW dorse dingili 0308835050","https://www.frenciniz.com/urun/186/fren-diski-bpw-ecoplus-oem-0308835050-esd-070-23-ekersan","186","Fren Diski","1244","4126.36"
"Frenciniz Urun Arama - Exact","Fren Diski","Exact","Fren Diski Iveco Eurocargo Stralis OEM 2995812 ESD 030 09","https://www.frenciniz.com/urun/216/fren-diski-iveco-eurocargo-stralis-oem-2995812-esd-030-09-ekersan","216","Fren Diski","534","4849.54"
"Frenciniz Urun Arama - Exact","Fren Diski","Exact","Iveco Eurocargo Fren Diski","https://www.frenciniz.com/urun/216/fren-diski-iveco-eurocargo-stralis-oem-2995812-esd-030-09-ekersan","216","Fren Diski","534","4849.54"
"Frenciniz Urun Arama - Exact","Fren Diski","Exact","Iveco Eurocargo 2995812","https://www.frenciniz.com/urun/216/fren-diski-iveco-eurocargo-stralis-oem-2995812-esd-030-09-ekersan","216","Fren Diski","534","4849.54"
"Frenciniz Urun Arama - Exact","Fren Diski","Exact","Fren Diski Mercedes Actros Arocs Axor OEM 9604210412 ESD 010 27","https://www.frenciniz.com/urun/227/fren-diski-mercedes-actros-arocs-axor-oem-9604210412-esd-010-27-ekersan","227","Fren Diski","442","4273.32"
"Frenciniz Urun Arama - Exact","Fren Diski","Exact","Mercedes-Benz Actros Fren Diski","https://www.frenciniz.com/urun/227/fren-diski-mercedes-actros-arocs-axor-oem-9604210412-esd-010-27-ekersan","227","Fren Diski","442","4273.32"
"Frenciniz Urun Arama - Exact","Fren Diski","Exact","Mercedes-Benz Actros 9604210412","https://www.frenciniz.com/urun/227/fren-diski-mercedes-actros-arocs-axor-oem-9604210412-esd-010-27-ekersan","227","Fren Diski","442","4273.32"
"Frenciniz Urun Arama - Exact","Fren Diski","Exact","Fren Diski MAN TGA TGM TGS TGX OEM 81508030040 ESD 020 09","https://www.frenciniz.com/urun/224/fren-diski-man-tga-tgm-tgs-tgx-oem-81508030040-esd-020-09-ekersan","224","Fren Diski","437","4137.96"
"Frenciniz Urun Arama - Exact","Fren Diski","Exact","MAN TGA Fren Diski","https://www.frenciniz.com/urun/224/fren-diski-man-tga-tgm-tgs-tgx-oem-81508030040-esd-020-09-ekersan","224","Fren Diski","437","4137.96"
"Frenciniz Urun Arama - Exact","Fren Diski","Exact","MAN TGA 81508030040","https://www.frenciniz.com/urun/224/fren-diski-man-tga-tgm-tgs-tgx-oem-81508030040-esd-020-09-ekersan","224","Fren Diski","437","4137.96"
"Frenciniz Urun Arama - Exact","Fren Diski","Exact","Fren Diski Mercedes Travego Tourismo OEM 82135830 ESD 140 01","https://www.frenciniz.com/urun/169/fren-diski-mercedes-travego-tourismo-oem-82135830-esd-140-01-ekersan","169","Fren Diski","369","4604.94"
"Frenciniz Urun Arama - Exact","Fren Diski","Exact","Otokar Doruk Fren Diski","https://www.frenciniz.com/urun/169/fren-diski-mercedes-travego-tourismo-oem-82135830-esd-140-01-ekersan","169","Fren Diski","369","4604.94"
"Frenciniz Urun Arama - Exact","Fren Diski","Exact","Otokar Doruk 82135830","https://www.frenciniz.com/urun/169/fren-diski-mercedes-travego-tourismo-oem-82135830-esd-140-01-ekersan","169","Fren Diski","369","4604.94"
"Frenciniz Urun Arama - Exact","Fren Diski","Exact","Fren Diski MAN TGA TGM TGS TGX OEM 81508030041 ESD 020 10","https://www.frenciniz.com/urun/223/fren-diski-man-tga-tgm-tgs-tgx-oem-81508030041-esd-020-10-ekersan","223","Fren Diski","364","4137.96"
"Frenciniz Urun Arama - Exact","Fren Diski","Exact","MAN TGA Fren Diski","https://www.frenciniz.com/urun/223/fren-diski-man-tga-tgm-tgs-tgx-oem-81508030041-esd-020-10-ekersan","223","Fren Diski","364","4137.96"
"Frenciniz Urun Arama - Exact","Fren Diski","Exact","MAN TGA 81508030041","https://www.frenciniz.com/urun/223/fren-diski-man-tga-tgm-tgs-tgx-oem-81508030041-esd-020-10-ekersan","223","Fren Diski","364","4137.96"
"Frenciniz Urun Arama - Exact","Fren Diski","Exact","Fren Diski Scania P G R OEM 1387439 ESD 060 02","https://www.frenciniz.com/urun/203/fren-diski-scania-p-g-r-oem-1387439-esd-060-02-ekersan","203","Fren Diski","357","3594.62"
"Frenciniz Urun Arama - Exact","Fren Diski","Exact","Scania 4 serisi Fren Diski","https://www.frenciniz.com/urun/203/fren-diski-scania-p-g-r-oem-1387439-esd-060-02-ekersan","203","Fren Diski","357","3594.62"
"Frenciniz Urun Arama - Exact","Fren Diski","Exact","Scania 4 serisi 1387439","https://www.frenciniz.com/urun/203/fren-diski-scania-p-g-r-oem-1387439-esd-060-02-ekersan","203","Fren Diski","357","3594.62"
"Frenciniz Urun Arama - Exact","Fren Diski","Exact","Fren Diski SAF Holland OEM 407000500 ESD 070 12","https://www.frenciniz.com/urun/193/fren-diski-saf-holland-oem-407000500-esd-070-12-ekersan","193","Fren Diski","334","3962"
"Frenciniz Urun Arama - Exact","Fren Diski","Exact","SAF dorse dingili Fren Diski","https://www.frenciniz.com/urun/193/fren-diski-saf-holland-oem-407000500-esd-070-12-ekersan","193","Fren Diski","334","3962"
"Frenciniz Urun Arama - Exact","Fren Diski","Exact","SAF dorse dingili 407000500","https://www.frenciniz.com/urun/193/fren-diski-saf-holland-oem-407000500-esd-070-12-ekersan","193","Fren Diski","334","3962"
"Frenciniz Urun Arama - Exact","Fren Diski","Exact","Fren Diski BPW ECOPlus OEM 0308835030 ESD 070 20","https://www.frenciniz.com/urun/188/fren-diski-bpw-ecoplus-oem-0308835030-esd-070-20-ekersan","188","Fren Diski","310","4126.36"
"Frenciniz Urun Arama - Exact","Fren Diski","Exact","BPW dorse dingili Fren Diski","https://www.frenciniz.com/urun/188/fren-diski-bpw-ecoplus-oem-0308835030-esd-070-20-ekersan","188","Fren Diski","310","4126.36"
"Frenciniz Urun Arama - Exact","Fren Diski","Exact","BPW dorse dingili 0308835030","https://www.frenciniz.com/urun/188/fren-diski-bpw-ecoplus-oem-0308835030-esd-070-20-ekersan","188","Fren Diski","310","4126.36"
"Frenciniz Urun Arama - Exact","Fren Diski","Exact","Fren Diski Scania P G R OEM 1386686 ESD 080 01","https://www.frenciniz.com/urun/182/fren-diski-scania-p-g-r-oem-1386686-esd-080-01-ekersan","182","Fren Diski","301","3817.95"
"Frenciniz Urun Arama - Exact","Fren Diski","Exact","Scania 4 serisi Fren Diski","https://www.frenciniz.com/urun/182/fren-diski-scania-p-g-r-oem-1386686-esd-080-01-ekersan","182","Fren Diski","301","3817.95"
"Frenciniz Urun Arama - Exact","Fren Diski","Exact","Scania 4 serisi 1386686","https://www.frenciniz.com/urun/182/fren-diski-scania-p-g-r-oem-1386686-esd-080-01-ekersan","182","Fren Diski","301","3817.95"
"Frenciniz Urun Arama - Exact","Fren Pabucu","Exact","Fren Pabucu Renault Premium Magnum Kerax Midlum Volvo FH FH12 FM FL BMC Probus Profesyonel OEM (A) F4 EYD 206 38","https://www.frenciniz.com/urun/846/fren-pabucu-renault-premium-magnum-kerax-midlum-volvo-fh-fh12-fm-fl-bmc-probus-profesyonel-oem","846","Fren Pabucu","301","1102.2"
"Frenciniz Urun Arama - Exact","Fren Pabucu","Exact","Volvo FH Fren Pabucu","https://www.frenciniz.com/urun/846/fren-pabucu-renault-premium-magnum-kerax-midlum-volvo-fh-fh12-fm-fl-bmc-probus-profesyonel-oem","846","Fren Pabucu","301","1102.2"
"Frenciniz Urun Arama - Exact","Fren Pabucu","Exact","Volvo FH (A) F4","https://www.frenciniz.com/urun/846/fren-pabucu-renault-premium-magnum-kerax-midlum-volvo-fh-fh12-fm-fl-bmc-probus-profesyonel-oem","846","Fren Pabucu","301","1102.2"
"Frenciniz Urun Arama - Exact","Fren Diski","Exact","Fren Diski Volvo FH FM FL OEM 85103803 ESD 110 01","https://www.frenciniz.com/urun/175/fren-diski-volvo-fh-fm-fl-oem-85103803-esd-110-01-ekersan","175","Fren Diski","290","3722.23"
"Frenciniz Urun Arama - Exact","Fren Diski","Exact","Volvo FH Fren Diski","https://www.frenciniz.com/urun/175/fren-diski-volvo-fh-fm-fl-oem-85103803-esd-110-01-ekersan","175","Fren Diski","290","3722.23"
"Frenciniz Urun Arama - Exact","Fren Diski","Exact","Volvo FH 85103803","https://www.frenciniz.com/urun/175/fren-diski-volvo-fh-fm-fl-oem-85103803-esd-110-01-ekersan","175","Fren Diski","290","3722.23"
"Frenciniz Urun Arama - Exact","Fren Pabucu","Exact","Fren Pabucu Renault Premium Magnum Kerax Midlum Volvo FH FH12 FM FL BMC Probus Profesyonel OEM (A) F4 EYD 206 37","https://www.frenciniz.com/urun/847/fren-pabucu-renault-premium-magnum-kerax-midlum-volvo-fh-fh12-fm-fl-bmc-probus-profesyonel-oem","847","Fren Pabucu","287","1102.2"
"Frenciniz Urun Arama - Exact","Fren Pabucu","Exact","Volvo FH Fren Pabucu","https://www.frenciniz.com/urun/847/fren-pabucu-renault-premium-magnum-kerax-midlum-volvo-fh-fh12-fm-fl-bmc-probus-profesyonel-oem","847","Fren Pabucu","287","1102.2"
"Frenciniz Urun Arama - Exact","Fren Pabucu","Exact","Volvo FH (A) F4","https://www.frenciniz.com/urun/847/fren-pabucu-renault-premium-magnum-kerax-midlum-volvo-fh-fh12-fm-fl-bmc-probus-profesyonel-oem","847","Fren Pabucu","287","1102.2"
"Frenciniz Urun Arama - Exact","Fren Diski","Exact","Fren Diski SAF Holland OEM 4079001300 ESD 070 15","https://www.frenciniz.com/urun/190/fren-diski-saf-holland-oem-4079001300-esd-070-15-ekersan","190","Fren Diski","271","3509.54"
"Frenciniz Urun Arama - Exact","Fren Diski","Exact","SAF dorse dingili Fren Diski","https://www.frenciniz.com/urun/190/fren-diski-saf-holland-oem-4079001300-esd-070-15-ekersan","190","Fren Diski","271","3509.54"
"Frenciniz Urun Arama - Exact","Fren Diski","Exact","SAF dorse dingili 4079001300","https://www.frenciniz.com/urun/190/fren-diski-saf-holland-oem-4079001300-esd-070-15-ekersan","190","Fren Diski","271","3509.54"
"Frenciniz Urun Arama - Exact","Fren Diski","Exact","Fren Diski BPW ECOPlus OEM 308834020 ESD 070 02","https://www.frenciniz.com/urun/201/fren-diski-bpw-ecoplus-oem-308834020-esd-070-02-ekersan","201","Fren Diski","241","4636.84"
"Frenciniz Urun Arama - Exact","Fren Diski","Exact","BPW dorse dingili Fren Diski","https://www.frenciniz.com/urun/201/fren-diski-bpw-ecoplus-oem-308834020-esd-070-02-ekersan","201","Fren Diski","241","4636.84"
"Frenciniz Urun Arama - Exact","Fren Diski","Exact","BPW dorse dingili 308834020","https://www.frenciniz.com/urun/201/fren-diski-bpw-ecoplus-oem-308834020-esd-070-02-ekersan","201","Fren Diski","241","4636.84"
"Frenciniz Urun Arama - Exact","Fren Diski","Exact","Fren Diski Iveco Eurocargo Stralis OEM 1906461 ESD 030 02","https://www.frenciniz.com/urun/220/fren-diski-iveco-eurocargo-stralis-oem-1906461-esd-030-02-ekersan","220","Fren Diski","241","4604.94"
"Frenciniz Urun Arama - Exact","Fren Diski","Exact","Iveco Eurocargo Fren Diski","https://www.frenciniz.com/urun/220/fren-diski-iveco-eurocargo-stralis-oem-1906461-esd-030-02-ekersan","220","Fren Diski","241","4604.94"
"Frenciniz Urun Arama - Exact","Fren Diski","Exact","Iveco Eurocargo 1906461","https://www.frenciniz.com/urun/220/fren-diski-iveco-eurocargo-stralis-oem-1906461-esd-030-02-ekersan","220","Fren Diski","241","4604.94"
"Frenciniz Urun Arama - Exact","Fren Diski","Exact","Fren Diski Ford Cargo WABCO ABS EBS Ön Arka 1846 OEM DC462A315AA ESD 120 03-1","https://www.frenciniz.com/urun/74/fren-diski-ford-cargo-wabco-abs-ebs-on-arka-1846-oem-dc462a315aa-esd-120-03-1-ekersan","74","Fren Diski","223","4700.65"
"Frenciniz Urun Arama - Exact","Fren Diski","Exact","Ford Cargo Fren Diski","https://www.frenciniz.com/urun/74/fren-diski-ford-cargo-wabco-abs-ebs-on-arka-1846-oem-dc462a315aa-esd-120-03-1-ekersan","74","Fren Diski","223","4700.65"
"Frenciniz Urun Arama - Exact","Fren Diski","Exact","Ford Cargo DC462A315AA","https://www.frenciniz.com/urun/74/fren-diski-ford-cargo-wabco-abs-ebs-on-arka-1846-oem-dc462a315aa-esd-120-03-1-ekersan","74","Fren Diski","223","4700.65"
"Frenciniz Urun Arama - Exact","Fren Pabucu","Exact","Fren Pabucu BPW ECOPlus 18 cm OEM (A) F4 EYD 80 04","https://www.frenciniz.com/urun/800/fren-pabucu-bpw-ecoplus-18-cm-oem-a-f4-eyd-80-04-ekersan","800","Fren Pabucu","213","1141.8"
"Frenciniz Urun Arama - Exact","Fren Pabucu","Exact","BPW dorse dingili Fren Pabucu","https://www.frenciniz.com/urun/800/fren-pabucu-bpw-ecoplus-18-cm-oem-a-f4-eyd-80-04-ekersan","800","Fren Pabucu","213","1141.8"
"Frenciniz Urun Arama - Exact","Fren Pabucu","Exact","BPW dorse dingili (A) F4","https://www.frenciniz.com/urun/800/fren-pabucu-bpw-ecoplus-18-cm-oem-a-f4-eyd-80-04-ekersan","800","Fren Pabucu","213","1141.8"
"Frenciniz Urun Arama - Exact","Fren Diski","Exact","Fren Diski MAN L2000 M2000 OEM 81508030026 ESD 020 04","https://www.frenciniz.com/urun/226/fren-diski-man-l2000-m2000-oem-81508030026-esd-020-04-ekersan","226","Fren Diski","207","2680.01"
"Frenciniz Urun Arama - Exact","Fren Diski","Exact","MAN L2000 Fren Diski","https://www.frenciniz.com/urun/226/fren-diski-man-l2000-m2000-oem-81508030026-esd-020-04-ekersan","226","Fren Diski","207","2680.01"
"Frenciniz Urun Arama - Exact","Fren Diski","Exact","MAN L2000 81508030026","https://www.frenciniz.com/urun/226/fren-diski-man-l2000-m2000-oem-81508030026-esd-020-04-ekersan","226","Fren Diski","207","2680.01"
"Frenciniz Urun Arama - Exact","Fren Diski","Exact","Fren Diski Iveco Eurocargo Stralis Trakker 6 cm 14 Delik Ön 220 OEM 7187541 ESD 030 10","https://www.frenciniz.com/urun/215/fren-diski-iveco-eurocargo-stralis-trakker-6-cm-14-delik-on-220-oem-7187541-esd-030-10-ekersan","215","Fren Diski","206","3924.3"
"Frenciniz Urun Arama - Exact","Fren Diski","Exact","Iveco Eurocargo Fren Diski","https://www.frenciniz.com/urun/215/fren-diski-iveco-eurocargo-stralis-trakker-6-cm-14-delik-on-220-oem-7187541-esd-030-10-ekersan","215","Fren Diski","206","3924.3"
"Frenciniz Urun Arama - Exact","Fren Diski","Exact","Iveco Eurocargo 7187541","https://www.frenciniz.com/urun/215/fren-diski-iveco-eurocargo-stralis-trakker-6-cm-14-delik-on-220-oem-7187541-esd-030-10-ekersan","215","Fren Diski","206","3924.3"
"Frenciniz Urun Arama - Exact","Fren Diski","Exact","Fren Diski MAN L2000 M2000 OEM 81508030024 ESD 020 05","https://www.frenciniz.com/urun/225/fren-diski-man-l2000-m2000-oem-81508030024-esd-020-05-ekersan","225","Fren Diski","196","2807.63"
"Frenciniz Urun Arama - Exact","Fren Diski","Exact","MAN L2000 Fren Diski","https://www.frenciniz.com/urun/225/fren-diski-man-l2000-m2000-oem-81508030024-esd-020-05-ekersan","225","Fren Diski","196","2807.63"
"Frenciniz Urun Arama - Exact","Fren Diski","Exact","MAN L2000 81508030024","https://www.frenciniz.com/urun/225/fren-diski-man-l2000-m2000-oem-81508030024-esd-020-05-ekersan","225","Fren Diski","196","2807.63"
"Frenciniz Urun Arama - Exact","Fren Diski","Exact","Fren Diski SAF Holland OEM 4079000410 ESD 070 03","https://www.frenciniz.com/urun/200/fren-diski-saf-holland-oem-4079000410-esd-070-03-ekersan","200","Fren Diski","170","4168.9"
"Frenciniz Urun Arama - Exact","Fren Diski","Exact","SAF dorse dingili Fren Diski","https://www.frenciniz.com/urun/200/fren-diski-saf-holland-oem-4079000410-esd-070-03-ekersan","200","Fren Diski","170","4168.9"
"Frenciniz Urun Arama - Exact","Fren Diski","Exact","SAF dorse dingili 4079000410","https://www.frenciniz.com/urun/200/fren-diski-saf-holland-oem-4079000410-esd-070-03-ekersan","200","Fren Diski","170","4168.9"
"Frenciniz Urun Arama - Exact","Fren Diski","Exact","Fren Diski MAN L2000 TGL TGM OEM 81508030042 ESD 020 12","https://www.frenciniz.com/urun/72/fren-diski-man-l2000-tgl-tgm-oem-81508030042-esd-020-12-ekersan","72","Fren Diski","167","2903.34"
"Frenciniz Urun Arama - Exact","Fren Diski","Exact","MAN TGM Fren Diski","https://www.frenciniz.com/urun/72/fren-diski-man-l2000-tgl-tgm-oem-81508030042-esd-020-12-ekersan","72","Fren Diski","167","2903.34"
"Frenciniz Urun Arama - Exact","Fren Diski","Exact","MAN TGM 81508030042","https://www.frenciniz.com/urun/72/fren-diski-man-l2000-tgl-tgm-oem-81508030042-esd-020-12-ekersan","72","Fren Diski","167","2903.34"
"Frenciniz Urun Arama - Exact","Fren Diski","Exact","Fren Diski Otokar Doruk Sultan Ön SKU ESD 090 04","https://www.frenciniz.com/urun/180/fren-diski-otokar-doruk-sultan-on-sku-esd-090-04-ekersan","180","Fren Diski","157","4636.84"
"Frenciniz Urun Arama - Exact","Fren Diski","Exact","Otokar Doruk Fren Diski","https://www.frenciniz.com/urun/180/fren-diski-otokar-doruk-sultan-on-sku-esd-090-04-ekersan","180","Fren Diski","157","4636.84"
"Frenciniz Urun Arama - Exact","Fren Diski","Exact","Otokar Doruk ESD 090 04","https://www.frenciniz.com/urun/180/fren-diski-otokar-doruk-sultan-on-sku-esd-090-04-ekersan","180","Fren Diski","157","4636.84"
"Frenciniz Urun Arama - Exact","Fren Diski","Exact","Fren Diski Otokar Doruk Sultan Ön OEM 13C2505572BA ESD 090 02","https://www.frenciniz.com/urun/181/fren-diski-otokar-doruk-sultan-on-oem-13c2505572ba-esd-090-02-ekersan","181","Fren Diski","157","3445.73"
"Frenciniz Urun Arama - Exact","Fren Diski","Exact","Otokar Doruk Fren Diski","https://www.frenciniz.com/urun/181/fren-diski-otokar-doruk-sultan-on-oem-13c2505572ba-esd-090-02-ekersan","181","Fren Diski","157","3445.73"
"Frenciniz Urun Arama - Exact","Fren Diski","Exact","Otokar Doruk 13C2505572BA","https://www.frenciniz.com/urun/181/fren-diski-otokar-doruk-sultan-on-oem-13c2505572ba-esd-090-02-ekersan","181","Fren Diski","157","3445.73"
"Frenciniz Urun Arama - Exact","Fren Pabucu","Exact","Fren Pabucu BPW ECOPlus Y.M 360 200 OEM 05.091.19.34.0 03.7100.300.031.00","https://www.frenciniz.com/urun/496/fren-pabucu-bpw-ecoplus-y-m-360-200-oem-05-091-19-34-0-03-7100-300-031-00-ekersan","496","Fren Pabucu","144","1062.6"
"Frenciniz Urun Arama - Exact","Fren Pabucu","Exact","BPW dorse dingili Fren Pabucu","https://www.frenciniz.com/urun/496/fren-pabucu-bpw-ecoplus-y-m-360-200-oem-05-091-19-34-0-03-7100-300-031-00-ekersan","496","Fren Pabucu","144","1062.6"
"Frenciniz Urun Arama - Exact","Fren Pabucu","Exact","BPW dorse dingili 05.091.19.34.0","https://www.frenciniz.com/urun/496/fren-pabucu-bpw-ecoplus-y-m-360-200-oem-05-091-19-34-0-03-7100-300-031-00-ekersan","496","Fren Pabucu","144","1062.6"
"Frenciniz Urun Arama - Exact","Fren Diski","Exact","Fren Diski Isuzu Novo NovoCiti Life CitiLife OEM 377777391054 ESD 130 02","https://www.frenciniz.com/urun/170/fren-diski-isuzu-novo-novociti-life-citilife-oem-377777391054-esd-130-02-ekersan","170","Fren Diski","140","3233.03"
"Frenciniz Urun Arama - Exact","Fren Diski","Exact","Isuzu Novo Fren Diski","https://www.frenciniz.com/urun/170/fren-diski-isuzu-novo-novociti-life-citilife-oem-377777391054-esd-130-02-ekersan","170","Fren Diski","140","3233.03"
"Frenciniz Urun Arama - Exact","Fren Diski","Exact","Isuzu Novo 377777391054","https://www.frenciniz.com/urun/170/fren-diski-isuzu-novo-novociti-life-citilife-oem-377777391054-esd-130-02-ekersan","170","Fren Diski","140","3233.03"
"Frenciniz Urun Arama - Exact","Fren Diski","Exact","Fren Diski Mercedes Actros Axor OEM 9754230612 ESD 010 03","https://www.frenciniz.com/urun/233/fren-diski-mercedes-actros-axor-oem-9754230612-esd-010-03-ekersan","233","Fren Diski","129","3789.91"
"Frenciniz Urun Arama - Exact","Fren Diski","Exact","Mercedes-Benz Actros Fren Diski","https://www.frenciniz.com/urun/233/fren-diski-mercedes-actros-axor-oem-9754230612-esd-010-03-ekersan","233","Fren Diski","129","3789.91"
"Frenciniz Urun Arama - Exact","Fren Diski","Exact","Mercedes-Benz Actros 9754230612","https://www.frenciniz.com/urun/233/fren-diski-mercedes-actros-axor-oem-9754230612-esd-010-03-ekersan","233","Fren Diski","129","3789.91"
"Frenciniz Urun Arama - Exact","Fren Diski","Exact","Fren Diski BPW ECOPlus OEM 0308834040 ESD 070 05","https://www.frenciniz.com/urun/198/fren-diski-bpw-ecoplus-oem-0308834040-esd-070-05-ekersan","198","Fren Diski","119","4573.03"
"Frenciniz Urun Arama - Exact","Fren Diski","Exact","BPW dorse dingili Fren Diski","https://www.frenciniz.com/urun/198/fren-diski-bpw-ecoplus-oem-0308834040-esd-070-05-ekersan","198","Fren Diski","119","4573.03"
"Frenciniz Urun Arama - Exact","Fren Diski","Exact","BPW dorse dingili 0308834040","https://www.frenciniz.com/urun/198/fren-diski-bpw-ecoplus-oem-0308834040-esd-070-05-ekersan","198","Fren Diski","119","4573.03"
"Frenciniz Urun Arama - Exact","Fren Diski","Exact","Fren Diski BPW ECOPlus OEM 0308834100 ESD 070 07","https://www.frenciniz.com/urun/196/fren-diski-bpw-ecoplus-oem-0308834100-esd-070-07-ekersan","196","Fren Diski","118","4573.03"
"Frenciniz Urun Arama - Exact","Fren Diski","Exact","BPW dorse dingili Fren Diski","https://www.frenciniz.com/urun/196/fren-diski-bpw-ecoplus-oem-0308834100-esd-070-07-ekersan","196","Fren Diski","118","4573.03"
"Frenciniz Urun Arama - Exact","Fren Diski","Exact","BPW dorse dingili 0308834100","https://www.frenciniz.com/urun/196/fren-diski-bpw-ecoplus-oem-0308834100-esd-070-07-ekersan","196","Fren Diski","118","4573.03"
"Frenciniz Urun Arama - Exact","Fren Diski","Exact","Fren Diski Karsan Atak Ön OEM 3050037 ESD 090 08","https://www.frenciniz.com/urun/177/fren-diski-karsan-atak-on-oem-3050037-esd-090-08-ekersan","177","Fren Diski","116","4424.14"
"Frenciniz Urun Arama - Exact","Fren Diski","Exact","Karsan Atak Fren Diski","https://www.frenciniz.com/urun/177/fren-diski-karsan-atak-on-oem-3050037-esd-090-08-ekersan","177","Fren Diski","116","4424.14"
"Frenciniz Urun Arama - Exact","Fren Diski","Exact","Karsan Atak 3050037","https://www.frenciniz.com/urun/177/fren-diski-karsan-atak-on-oem-3050037-esd-090-08-ekersan","177","Fren Diski","116","4424.14"
"Frenciniz Urun Arama - Exact","Fren Pabucu","Exact","Fren Pabucu Mercedes Actros Axor 22 cm OEM 624.420.02.19 EYD 206 08","https://www.frenciniz.com/urun/644/fren-pabucu-mercedes-actros-axor-22-cm-oem-624-420-02-19-eyd-206-08-ekersan","644","Fren Pabucu","116","2145"
"Frenciniz Urun Arama - Exact","Fren Pabucu","Exact","Mercedes-Benz Actros Fren Pabucu","https://www.frenciniz.com/urun/644/fren-pabucu-mercedes-actros-axor-22-cm-oem-624-420-02-19-eyd-206-08-ekersan","644","Fren Pabucu","116","2145"
"Frenciniz Urun Arama - Exact","Fren Pabucu","Exact","Mercedes-Benz Actros 624.420.02.19","https://www.frenciniz.com/urun/644/fren-pabucu-mercedes-actros-axor-22-cm-oem-624-420-02-19-eyd-206-08-ekersan","644","Fren Pabucu","116","2145"
"Frenciniz Urun Arama - Exact","Fren Diski","Exact","Fren Diski MAN TGL OEM 81508030063 ESD 020 13","https://www.frenciniz.com/urun/222/fren-diski-man-tgl-oem-81508030063-esd-020-13-ekersan","222","Fren Diski","110","2903.34"
"Frenciniz Urun Arama - Exact","Fren Diski","Exact","MAN TGL Fren Diski","https://www.frenciniz.com/urun/222/fren-diski-man-tgl-oem-81508030063-esd-020-13-ekersan","222","Fren Diski","110","2903.34"
"Frenciniz Urun Arama - Exact","Fren Diski","Exact","MAN TGL 81508030063","https://www.frenciniz.com/urun/222/fren-diski-man-tgl-oem-81508030063-esd-020-13-ekersan","222","Fren Diski","110","2903.34"
"Frenciniz Urun Arama - Exact","Fren Diski","Exact","Fren Diski BPW ECOPlus OEM 0308834010 ESD 070 10","https://www.frenciniz.com/urun/195/fren-diski-bpw-ecoplus-oem-0308834010-esd-070-10-ekersan","195","Fren Diski","109","4551.76"
"Frenciniz Urun Arama - Exact","Fren Diski","Exact","BPW dorse dingili Fren Diski","https://www.frenciniz.com/urun/195/fren-diski-bpw-ecoplus-oem-0308834010-esd-070-10-ekersan","195","Fren Diski","109","4551.76"
"Frenciniz Urun Arama - Exact","Fren Diski","Exact","BPW dorse dingili 0308834010","https://www.frenciniz.com/urun/195/fren-diski-bpw-ecoplus-oem-0308834010-esd-070-10-ekersan","195","Fren Diski","109","4551.76"
"Frenciniz Urun Arama - Exact","Fren Diski","Exact","Fren Diski Mercedes Actros Axor OEM 3564211012 ESD 010 01","https://www.frenciniz.com/urun/235/fren-diski-mercedes-actros-axor-oem-3564211012-esd-010-01-ekersan","235","Fren Diski","108","4604.94"
"Frenciniz Urun Arama - Exact","Fren Diski","Exact","Mercedes-Benz Actros Fren Diski","https://www.frenciniz.com/urun/235/fren-diski-mercedes-actros-axor-oem-3564211012-esd-010-01-ekersan","235","Fren Diski","108","4604.94"
"Frenciniz Urun Arama - Exact","Fren Diski","Exact","Mercedes-Benz Actros 3564211012","https://www.frenciniz.com/urun/235/fren-diski-mercedes-actros-axor-oem-3564211012-esd-010-01-ekersan","235","Fren Diski","108","4604.94"
"Frenciniz Urun Arama - Exact","Fren Diski","Exact","Fren Diski ROR Meritor OEM 1176816 ESD 070 25","https://www.frenciniz.com/urun/184/fren-diski-ror-meritor-oem-1176816-esd-070-25-ekersan","184","Fren Diski","103","5062.24"
"Frenciniz Urun Arama - Exact","Fren Diski","Exact","ROR dorse dingili Fren Diski","https://www.frenciniz.com/urun/184/fren-diski-ror-meritor-oem-1176816-esd-070-25-ekersan","184","Fren Diski","103","5062.24"
"Frenciniz Urun Arama - Exact","Fren Diski","Exact","ROR dorse dingili 1176816","https://www.frenciniz.com/urun/184/fren-diski-ror-meritor-oem-1176816-esd-070-25-ekersan","184","Fren Diski","103","5062.24"
"Frenciniz Urun Arama - Exact","Fren Diski","Exact","Fren Diski SAF Holland OEM 4079001700 ESD 070 22","https://www.frenciniz.com/urun/187/fren-diski-saf-holland-oem-4079001700-esd-070-22-ekersan","187","Fren Diski","100","4849.54"
"Frenciniz Urun Arama - Exact","Fren Diski","Exact","SAF dorse dingili Fren Diski","https://www.frenciniz.com/urun/187/fren-diski-saf-holland-oem-4079001700-esd-070-22-ekersan","187","Fren Diski","100","4849.54"
"Frenciniz Urun Arama - Exact","Fren Diski","Exact","SAF dorse dingili 4079001700","https://www.frenciniz.com/urun/187/fren-diski-saf-holland-oem-4079001700-esd-070-22-ekersan","187","Fren Diski","100","4849.54"
"Frenciniz Urun Arama - Exact","Fren Diski","Exact","Fren Diski Isuzu Novo NovoCiti Life CitiLife Arka OEM 3870143170 ESD 130 01","https://www.frenciniz.com/urun/171/fren-diski-isuzu-novo-novociti-life-citilife-arka-oem-3870143170-esd-130-01-ekersan","171","Fren Diski","99","3445.73"
"Frenciniz Urun Arama - Exact","Fren Diski","Exact","Isuzu Novo Fren Diski","https://www.frenciniz.com/urun/171/fren-diski-isuzu-novo-novociti-life-citilife-arka-oem-3870143170-esd-130-01-ekersan","171","Fren Diski","99","3445.73"
"Frenciniz Urun Arama - Exact","Fren Diski","Exact","Isuzu Novo 3870143170","https://www.frenciniz.com/urun/171/fren-diski-isuzu-novo-novociti-life-citilife-arka-oem-3870143170-esd-130-01-ekersan","171","Fren Diski","99","3445.73"
"Frenciniz Urun Arama - Exact","Fren Diski","Exact","Fren Diski ROR Meritor OEM 1088133 ESD 070 24","https://www.frenciniz.com/urun/185/fren-diski-ror-meritor-oem-1088133-esd-070-24-ekersan","185","Fren Diski","97","4950.09"
"Frenciniz Urun Arama - Exact","Fren Diski","Exact","ROR dorse dingili Fren Diski","https://www.frenciniz.com/urun/185/fren-diski-ror-meritor-oem-1088133-esd-070-24-ekersan","185","Fren Diski","97","4950.09"
"Frenciniz Urun Arama - Exact","Fren Diski","Exact","ROR dorse dingili 1088133","https://www.frenciniz.com/urun/185/fren-diski-ror-meritor-oem-1088133-esd-070-24-ekersan","185","Fren Diski","97","4950.09"
"Frenciniz Urun Arama - Exact","Fren Diski","Exact","Fren Diski Volvo FH FM FL OEM 85103803 ESD 110 01-1","https://www.frenciniz.com/urun/280/fren-diski-volvo-fh-fm-fl-oem-85103803-esd-110-01-1-ekersan","280","Fren Diski","96","3722.24"
"Frenciniz Urun Arama - Exact","Fren Diski","Exact","Volvo FH Fren Diski","https://www.frenciniz.com/urun/280/fren-diski-volvo-fh-fm-fl-oem-85103803-esd-110-01-1-ekersan","280","Fren Diski","96","3722.24"
"Frenciniz Urun Arama - Exact","Fren Diski","Exact","Volvo FH 85103803","https://www.frenciniz.com/urun/280/fren-diski-volvo-fh-fm-fl-oem-85103803-esd-110-01-1-ekersan","280","Fren Diski","96","3722.24"
"Frenciniz Urun Arama - Exact","Fren Diski","Exact","Fren Diski Mercedes Atego Tourino OEM 9754210212 ESD 010 04","https://www.frenciniz.com/urun/232/fren-diski-mercedes-atego-tourino-oem-9754210212-esd-010-04-ekersan","232","Fren Diski","94","3789.91"
"Frenciniz Urun Arama - Exact","Fren Diski","Exact","Mercedes-Benz Atego Fren Diski","https://www.frenciniz.com/urun/232/fren-diski-mercedes-atego-tourino-oem-9754210212-esd-010-04-ekersan","232","Fren Diski","94","3789.91"
"Frenciniz Urun Arama - Exact","Fren Diski","Exact","Mercedes-Benz Atego 9754210212","https://www.frenciniz.com/urun/232/fren-diski-mercedes-atego-tourino-oem-9754210212-esd-010-04-ekersan","232","Fren Diski","94","3789.91"
"Frenciniz Urun Arama - Exact","Fren Diski","Exact","Fren Diski Volvo FH FM FL OEM 85103803 ESD 110 01-3","https://www.frenciniz.com/urun/279/fren-diski-volvo-fh-fm-fl-oem-85103803-esd-110-01-3-ekersan","279","Fren Diski","90","3840.54"
"Frenciniz Urun Arama - Exact","Fren Diski","Exact","Volvo FH Fren Diski","https://www.frenciniz.com/urun/279/fren-diski-volvo-fh-fm-fl-oem-85103803-esd-110-01-3-ekersan","279","Fren Diski","90","3840.54"
"Frenciniz Urun Arama - Exact","Fren Diski","Exact","Volvo FH 85103803","https://www.frenciniz.com/urun/279/fren-diski-volvo-fh-fm-fl-oem-85103803-esd-110-01-3-ekersan","279","Fren Diski","90","3840.54"
"Frenciniz Urun Arama - Exact","Fren Diski","Exact","Fren Diski Dorse Treyler 8 Delik 160 230 OEM 0308834010 ESD 070 10-1","https://www.frenciniz.com/urun/194/fren-diski-dorse-treyler-8-delik-160-230-oem-0308834010-esd-070-10-1-ekersan","194","Fren Diski","87","4636.84"
"Frenciniz Urun Arama - Exact","Fren Diski","Exact","BPW dorse dingili Fren Diski","https://www.frenciniz.com/urun/194/fren-diski-dorse-treyler-8-delik-160-230-oem-0308834010-esd-070-10-1-ekersan","194","Fren Diski","87","4636.84"
"Frenciniz Urun Arama - Exact","Fren Diski","Exact","BPW dorse dingili 0308834010","https://www.frenciniz.com/urun/194/fren-diski-dorse-treyler-8-delik-160-230-oem-0308834010-esd-070-10-1-ekersan","194","Fren Diski","87","4636.84"
"Frenciniz Urun Arama - Exact","Fren Diski","Exact","Fren Diski Iveco Eurocargo Stralis Trakker WABCO ABS EBS Arka 110 OEM 7189456 ESD 030 20","https://www.frenciniz.com/urun/210/fren-diski-iveco-eurocargo-stralis-trakker-wabco-abs-ebs-arka-110-oem-7189456-esd-030-20-ekersan","210","Fren Diski","86","4094.46"
"Frenciniz Urun Arama - Exact","Fren Diski","Exact","Iveco Eurocargo Fren Diski","https://www.frenciniz.com/urun/210/fren-diski-iveco-eurocargo-stralis-trakker-wabco-abs-ebs-arka-110-oem-7189456-esd-030-20-ekersan","210","Fren Diski","86","4094.46"
"Frenciniz Urun Arama - Exact","Fren Diski","Exact","Iveco Eurocargo 7189456","https://www.frenciniz.com/urun/210/fren-diski-iveco-eurocargo-stralis-trakker-wabco-abs-ebs-arka-110-oem-7189456-esd-030-20-ekersan","210","Fren Diski","86","4094.46"
"Frenciniz Urun Arama - Exact","Fren Pabucu","Exact","Fren Pabucu Volvo FH FH12 FM FL BMC Probus Profesyonel Fatih Pro 5 cm OEM (A) G4 EYD 206 01-1","https://www.frenciniz.com/urun/859/fren-pabucu-volvo-fh-fh12-fm-fl-bmc-probus-profesyonel-fatih-pro-5-cm-oem-a-g4-eyd-206-01-1","859","Fren Pabucu","85","924"
"Frenciniz Urun Arama - Exact","Fren Pabucu","Exact","Volvo FH Fren Pabucu","https://www.frenciniz.com/urun/859/fren-pabucu-volvo-fh-fh12-fm-fl-bmc-probus-profesyonel-fatih-pro-5-cm-oem-a-g4-eyd-206-01-1","859","Fren Pabucu","85","924"
"Frenciniz Urun Arama - Exact","Fren Pabucu","Exact","Volvo FH (A) G4","https://www.frenciniz.com/urun/859/fren-pabucu-volvo-fh-fh12-fm-fl-bmc-probus-profesyonel-fatih-pro-5-cm-oem-a-g4-eyd-206-01-1","859","Fren Pabucu","85","924"
"Frenciniz Urun Arama - Exact","Fren Diski","Exact","Fren Diski ESD 110 01 2 SKU ESD 110 01-2","https://www.frenciniz.com/urun/174/fren-diski-esd-110-01-2-sku-esd-110-01-2-ekersan","174","Fren Diski","83","4041.28"
"Frenciniz Urun Arama - Exact","Fren Diski","Exact","Kamyon Fren Diski","https://www.frenciniz.com/urun/174/fren-diski-esd-110-01-2-sku-esd-110-01-2-ekersan","174","Fren Diski","83","4041.28"
"Frenciniz Urun Arama - Exact","Fren Diski","Exact","Kamyon ESD 110 01-2","https://www.frenciniz.com/urun/174/fren-diski-esd-110-01-2-sku-esd-110-01-2-ekersan","174","Fren Diski","83","4041.28"
"Frenciniz Urun Arama - Exact","Fren Pabucu","Exact","Fren Pabucu BMC Probus Profesyonel Fatih Pro 20 cm OEM (A) E4 EYD 206 02","https://www.frenciniz.com/urun/858/fren-pabucu-bmc-probus-profesyonel-fatih-pro-20-cm-oem-a-e4-eyd-206-02-ekersan","858","Fren Pabucu","83","924"
"Frenciniz Urun Arama - Exact","Fren Pabucu","Exact","BMC Probus Fren Pabucu","https://www.frenciniz.com/urun/858/fren-pabucu-bmc-probus-profesyonel-fatih-pro-20-cm-oem-a-e4-eyd-206-02-ekersan","858","Fren Pabucu","83","924"
"Frenciniz Urun Arama - Exact","Fren Pabucu","Exact","BMC Probus (A) E4","https://www.frenciniz.com/urun/858/fren-pabucu-bmc-probus-profesyonel-fatih-pro-20-cm-oem-a-e4-eyd-206-02-ekersan","858","Fren Pabucu","83","924"
"Frenciniz Urun Arama - Exact","Fren Diski","Exact","Fren Diski York Valx OEM 50390001 ESD 220 01","https://www.frenciniz.com/urun/162/fren-diski-york-valx-oem-50390001-esd-220-01-ekersan","162","Fren Diski","82","5360.02"
"Frenciniz Urun Arama - Exact","Fren Diski","Exact","Dorse / treyler Fren Diski","https://www.frenciniz.com/urun/162/fren-diski-york-valx-oem-50390001-esd-220-01-ekersan","162","Fren Diski","82","5360.02"
"Frenciniz Urun Arama - Exact","Fren Diski","Exact","Dorse / treyler 50390001","https://www.frenciniz.com/urun/162/fren-diski-york-valx-oem-50390001-esd-220-01-ekersan","162","Fren Diski","82","5360.02"
"Frenciniz Urun Arama - Exact","Fren Diski","Exact","Fren Diski Volvo FH FM FL OEM 8551042 ESD 110 05","https://www.frenciniz.com/urun/84/fren-diski-volvo-fh-fm-fl-oem-8551042-esd-110-05-ekersan","84","Fren Diski","79","4428.01"
"Frenciniz Urun Arama - Exact","Fren Diski","Exact","Volvo FH Fren Diski","https://www.frenciniz.com/urun/84/fren-diski-volvo-fh-fm-fl-oem-8551042-esd-110-05-ekersan","84","Fren Diski","79","4428.01"
"Frenciniz Urun Arama - Exact","Fren Diski","Exact","Volvo FH 8551042","https://www.frenciniz.com/urun/84/fren-diski-volvo-fh-fm-fl-oem-8551042-esd-110-05-ekersan","84","Fren Diski","79","4428.01"
"Frenciniz Urun Arama - Exact","Fren Diski","Exact","Fren Diski Mercedes Axor E.M OEM 204566 ESD 010 18","https://www.frenciniz.com/urun/230/fren-diski-mercedes-axor-e-m-oem-204566-esd-010-18-ekersan","230","Fren Diski","74","4870.81"
"Frenciniz Urun Arama - Exact","Fren Diski","Exact","Mercedes-Benz Axor Fren Diski","https://www.frenciniz.com/urun/230/fren-diski-mercedes-axor-e-m-oem-204566-esd-010-18-ekersan","230","Fren Diski","74","4870.81"
"Frenciniz Urun Arama - Exact","Fren Diski","Exact","Mercedes-Benz Axor 204566","https://www.frenciniz.com/urun/230/fren-diski-mercedes-axor-e-m-oem-204566-esd-010-18-ekersan","230","Fren Diski","74","4870.81"
"Frenciniz Urun Arama - Exact","Fren Pabucu","Exact","Fren Pabucu BMC Probus Profesyonel Fatih Pro 20 cm OEM (A) E4 EYD 206 02-1","https://www.frenciniz.com/urun/857/fren-pabucu-bmc-probus-profesyonel-fatih-pro-20-cm-oem-a-e4-eyd-206-02-1-ekersan","857","Fren Pabucu","73","924"
"Frenciniz Urun Arama - Exact","Fren Pabucu","Exact","BMC Probus Fren Pabucu","https://www.frenciniz.com/urun/857/fren-pabucu-bmc-probus-profesyonel-fatih-pro-20-cm-oem-a-e4-eyd-206-02-1-ekersan","857","Fren Pabucu","73","924"
"Frenciniz Urun Arama - Exact","Fren Pabucu","Exact","BMC Probus (A) E4","https://www.frenciniz.com/urun/857/fren-pabucu-bmc-probus-profesyonel-fatih-pro-20-cm-oem-a-e4-eyd-206-02-1-ekersan","857","Fren Pabucu","73","924"
"Frenciniz Urun Arama - Exact","Fren Diski","Exact","Fren Diski ROR Meritor OEM MBR9018 ESD 150 04","https://www.frenciniz.com/urun/168/fren-diski-ror-meritor-oem-mbr9018-esd-150-04-ekersan","168","Fren Diski","72","4743.19"
"Frenciniz Urun Arama - Exact","Fren Diski","Exact","ROR dorse dingili Fren Diski","https://www.frenciniz.com/urun/168/fren-diski-ror-meritor-oem-mbr9018-esd-150-04-ekersan","168","Fren Diski","72","4743.19"
"Frenciniz Urun Arama - Exact","Fren Diski","Exact","ROR dorse dingili MBR9018","https://www.frenciniz.com/urun/168/fren-diski-ror-meritor-oem-mbr9018-esd-150-04-ekersan","168","Fren Diski","72","4743.19"
"Frenciniz Urun Arama - Exact","Fren Diski","Exact","Fren Diski SAF Holland OEM 4079001001 ESD 070 14","https://www.frenciniz.com/urun/191/fren-diski-saf-holland-oem-4079001001-esd-070-14-ekersan","191","Fren Diski","72","3700.96"
"Frenciniz Urun Arama - Exact","Fren Diski","Exact","SAF dorse dingili Fren Diski","https://www.frenciniz.com/urun/191/fren-diski-saf-holland-oem-4079001001-esd-070-14-ekersan","191","Fren Diski","72","3700.96"
"Frenciniz Urun Arama - Exact","Fren Diski","Exact","SAF dorse dingili 4079001001","https://www.frenciniz.com/urun/191/fren-diski-saf-holland-oem-4079001001-esd-070-14-ekersan","191","Fren Diski","72","3700.96"
"Frenciniz Urun Arama - Exact","Fren Diski","Exact","Fren Diski ROR Meritor OEM 68323825 ESD 100 01","https://www.frenciniz.com/urun/176/fren-diski-ror-meritor-oem-68323825-esd-100-01-ekersan","176","Fren Diski","66","5232.4"
"Frenciniz Urun Arama - Exact","Fren Diski","Exact","ROR dorse dingili Fren Diski","https://www.frenciniz.com/urun/176/fren-diski-ror-meritor-oem-68323825-esd-100-01-ekersan","176","Fren Diski","66","5232.4"
"Frenciniz Urun Arama - Exact","Fren Diski","Exact","ROR dorse dingili 68323825","https://www.frenciniz.com/urun/176/fren-diski-ror-meritor-oem-68323825-esd-100-01-ekersan","176","Fren Diski","66","5232.4"
"Frenciniz Urun Arama - Exact","Fren Pabucu","Exact","Fren Pabucu Volvo FH FH12 FM FL BMC Probus Profesyonel Fatih Pro 5 cm OEM (A) G4 EYD 206 01","https://www.frenciniz.com/urun/860/fren-pabucu-volvo-fh-fh12-fm-fl-bmc-probus-profesyonel-fatih-pro-5-cm-oem-a-g4-eyd-206-01","860","Fren Pabucu","65","924"
"Frenciniz Urun Arama - Exact","Fren Pabucu","Exact","Volvo FH Fren Pabucu","https://www.frenciniz.com/urun/860/fren-pabucu-volvo-fh-fh12-fm-fl-bmc-probus-profesyonel-fatih-pro-5-cm-oem-a-g4-eyd-206-01","860","Fren Pabucu","65","924"
"Frenciniz Urun Arama - Exact","Fren Pabucu","Exact","Volvo FH (A) G4","https://www.frenciniz.com/urun/860/fren-pabucu-volvo-fh-fh12-fm-fl-bmc-probus-profesyonel-fatih-pro-5-cm-oem-a-g4-eyd-206-01","860","Fren Pabucu","65","924"
"Frenciniz Urun Arama - Exact","Fren Diski","Exact","Fren Diski Renault Midlum Premium Magnum OEM 5010260218 ESD 040 02","https://www.frenciniz.com/urun/209/fren-diski-renault-midlum-premium-magnum-oem-5010260218-esd-040-02-ekersan","209","Fren Diski","64","4211.44"
"Frenciniz Urun Arama - Exact","Fren Diski","Exact","Renault Trucks Midlum Fren Diski","https://www.frenciniz.com/urun/209/fren-diski-renault-midlum-premium-magnum-oem-5010260218-esd-040-02-ekersan","209","Fren Diski","64","4211.44"
"Frenciniz Urun Arama - Exact","Fren Diski","Exact","Renault Trucks Midlum 5010260218","https://www.frenciniz.com/urun/209/fren-diski-renault-midlum-premium-magnum-oem-5010260218-esd-040-02-ekersan","209","Fren Diski","64","4211.44"
"Frenciniz Urun Arama - Exact","Fren Diski","Exact","Fren Diski Mercedes Actros Axor OEM 9704210112 ESD 010 22","https://www.frenciniz.com/urun/228/fren-diski-mercedes-actros-axor-oem-9704210112-esd-010-22-ekersan","228","Fren Diski","62","4126.36"
"Frenciniz Urun Arama - Exact","Fren Diski","Exact","Mercedes-Benz Actros Fren Diski","https://www.frenciniz.com/urun/228/fren-diski-mercedes-actros-axor-oem-9704210112-esd-010-22-ekersan","228","Fren Diski","62","4126.36"
"Frenciniz Urun Arama - Exact","Fren Diski","Exact","Mercedes-Benz Actros 9704210112","https://www.frenciniz.com/urun/228/fren-diski-mercedes-actros-axor-oem-9704210112-esd-010-22-ekersan","228","Fren Diski","62","4126.36"
"Frenciniz Urun Arama - Exact","Fren Diski","Exact","Fren Diski BPW ECOPlus OEM 0308834080 ESD 070 06","https://www.frenciniz.com/urun/197/fren-diski-bpw-ecoplus-oem-0308834080-esd-070-06-ekersan","197","Fren Diski","61","4573.03"
"Frenciniz Urun Arama - Exact","Fren Diski","Exact","BPW dorse dingili Fren Diski","https://www.frenciniz.com/urun/197/fren-diski-bpw-ecoplus-oem-0308834080-esd-070-06-ekersan","197","Fren Diski","61","4573.03"
"Frenciniz Urun Arama - Exact","Fren Diski","Exact","BPW dorse dingili 0308834080","https://www.frenciniz.com/urun/197/fren-diski-bpw-ecoplus-oem-0308834080-esd-070-06-ekersan","197","Fren Diski","61","4573.03"
"Frenciniz Urun Arama - Exact","Fren Diski","Exact","Fren Diski Iveco Eurocargo Stralis Trakker WABCO ABS EBS Arka 220 OEM 2992636 ESD 030 17","https://www.frenciniz.com/urun/212/fren-diski-iveco-eurocargo-stralis-trakker-wabco-abs-ebs-arka-220-oem-2992636-esd-030-17-ekersan","212","Fren Diski","59","4849.54"
"Frenciniz Urun Arama - Exact","Fren Diski","Exact","Iveco Eurocargo Fren Diski","https://www.frenciniz.com/urun/212/fren-diski-iveco-eurocargo-stralis-trakker-wabco-abs-ebs-arka-220-oem-2992636-esd-030-17-ekersan","212","Fren Diski","59","4849.54"
"Frenciniz Urun Arama - Exact","Fren Diski","Exact","Iveco Eurocargo 2992636","https://www.frenciniz.com/urun/212/fren-diski-iveco-eurocargo-stralis-trakker-wabco-abs-ebs-arka-220-oem-2992636-esd-030-17-ekersan","212","Fren Diski","59","4849.54"
"Frenciniz Urun Arama - Exact","Fren Diski","Exact","Fren Diski Iveco Eurocargo Stralis Trakker 8 Delik Arka 030 OEM 52226 ESD 030 05","https://www.frenciniz.com/urun/217/fren-diski-iveco-eurocargo-stralis-trakker-8-delik-arka-030-oem-52226-esd-030-05-ekersan","217","Fren Diski","59","4211.44"
"Frenciniz Urun Arama - Exact","Fren Diski","Exact","Iveco Eurocargo Fren Diski","https://www.frenciniz.com/urun/217/fren-diski-iveco-eurocargo-stralis-trakker-8-delik-arka-030-oem-52226-esd-030-05-ekersan","217","Fren Diski","59","4211.44"
"Frenciniz Urun Arama - Exact","Fren Diski","Exact","Iveco Eurocargo 52226","https://www.frenciniz.com/urun/217/fren-diski-iveco-eurocargo-stralis-trakker-8-delik-arka-030-oem-52226-esd-030-05-ekersan","217","Fren Diski","59","4211.44"
"Frenciniz Urun Arama - Exact","Fren Pabucu","Exact","Fren Pabucu Ford Cargo 20 cm OEM (A) E3 EYD 206 05","https://www.frenciniz.com/urun/853/fren-pabucu-ford-cargo-20-cm-oem-a-e3-eyd-206-05-ekersan","853","Fren Pabucu","56","924"
"Frenciniz Urun Arama - Exact","Fren Pabucu","Exact","Ford Cargo Fren Pabucu","https://www.frenciniz.com/urun/853/fren-pabucu-ford-cargo-20-cm-oem-a-e3-eyd-206-05-ekersan","853","Fren Pabucu","56","924"
"Frenciniz Urun Arama - Exact","Fren Pabucu","Exact","Ford Cargo (A) E3","https://www.frenciniz.com/urun/853/fren-pabucu-ford-cargo-20-cm-oem-a-e3-eyd-206-05-ekersan","853","Fren Pabucu","56","924"
"Frenciniz Urun Arama - Exact","Fren Diski","Exact","Fren Diski Otokar Doruk Sultan Ön OEM 16H00-05 ESD 090 07","https://www.frenciniz.com/urun/178/fren-diski-otokar-doruk-sultan-on-oem-16h00-05-esd-090-07-ekersan","178","Fren Diski","55","4424.14"
"Frenciniz Urun Arama - Exact","Fren Diski","Exact","Otokar Doruk Fren Diski","https://www.frenciniz.com/urun/178/fren-diski-otokar-doruk-sultan-on-oem-16h00-05-esd-090-07-ekersan","178","Fren Diski","55","4424.14"
"Frenciniz Urun Arama - Exact","Fren Diski","Exact","Otokar Doruk 16H00-05","https://www.frenciniz.com/urun/178/fren-diski-otokar-doruk-sultan-on-oem-16h00-05-esd-090-07-ekersan","178","Fren Diski","55","4424.14"
"Frenciniz Urun Arama - Exact","Fren Diski","Exact","Fren Diski Iveco Eurocargo Stralis Trakker Ön OEM 5802234113 ESD 030 25","https://www.frenciniz.com/urun/282/fren-diski-iveco-eurocargo-stralis-trakker-on-oem-5802234113-esd-030-25-ekersan","282","Fren Diski","54","4945.25"
"Frenciniz Urun Arama - Exact","Fren Diski","Exact","Iveco Eurocargo Fren Diski","https://www.frenciniz.com/urun/282/fren-diski-iveco-eurocargo-stralis-trakker-on-oem-5802234113-esd-030-25-ekersan","282","Fren Diski","54","4945.25"
"Frenciniz Urun Arama - Exact","Fren Diski","Exact","Iveco Eurocargo 5802234113","https://www.frenciniz.com/urun/282/fren-diski-iveco-eurocargo-stralis-trakker-on-oem-5802234113-esd-030-25-ekersan","282","Fren Diski","54","4945.25"
"Frenciniz Urun Arama - Exact","Fren Diski","Exact","Fren Diski Kögel Krone OEM 9267086 ESD 220 02","https://www.frenciniz.com/urun/161/fren-diski-kogel-krone-oem-9267086-esd-220-02-ekersan","161","Fren Diski","53","5360.02"
"Frenciniz Urun Arama - Exact","Fren Diski","Exact","Gigant dorse dingili Fren Diski","https://www.frenciniz.com/urun/161/fren-diski-kogel-krone-oem-9267086-esd-220-02-ekersan","161","Fren Diski","53","5360.02"
"Frenciniz Urun Arama - Exact","Fren Diski","Exact","Gigant dorse dingili 9267086","https://www.frenciniz.com/urun/161/fren-diski-kogel-krone-oem-9267086-esd-220-02-ekersan","161","Fren Diski","53","5360.02"
"Frenciniz Urun Arama - Exact","Fren Diski","Exact","Fren Diski MAN L2000 M2000 TGM OEM 81508030027 ESD 020 17","https://www.frenciniz.com/urun/43/fren-diski-man-l2000-m2000-tgm-oem-81508030027-esd-020-17-ekersan","43","Fren Diski","50","4519.86"
"Frenciniz Urun Arama - Exact","Fren Diski","Exact","MAN TGM Fren Diski","https://www.frenciniz.com/urun/43/fren-diski-man-l2000-m2000-tgm-oem-81508030027-esd-020-17-ekersan","43","Fren Diski","50","4519.86"
"Frenciniz Urun Arama - Exact","Fren Diski","Exact","MAN TGM 81508030027","https://www.frenciniz.com/urun/43/fren-diski-man-l2000-m2000-tgm-oem-81508030027-esd-020-17-ekersan","43","Fren Diski","50","4519.86"
"Frenciniz Urun Arama - Exact","Fren Diski","Exact","Fren Diski Mitsubishi Canter Fuso Isuzu NPR NQR Otokar Doruk Sultan Arka 090 0613 OEM 16F00-05-248AA ESD 170 01","https://www.frenciniz.com/urun/164/fren-diski-mitsubishi-canter-fuso-isuzu-npr-nqr-otokar-doruk-sultan-arka-090-0613-oem-16f00-05","164","Fren Diski","50","4519.86"
"Frenciniz Urun Arama - Exact","Fren Diski","Exact","Mitsubishi Canter Fren Diski","https://www.frenciniz.com/urun/164/fren-diski-mitsubishi-canter-fuso-isuzu-npr-nqr-otokar-doruk-sultan-arka-090-0613-oem-16f00-05","164","Fren Diski","50","4519.86"
"Frenciniz Urun Arama - Exact","Fren Diski","Exact","Mitsubishi Canter 16F00-05-248AA","https://www.frenciniz.com/urun/164/fren-diski-mitsubishi-canter-fuso-isuzu-npr-nqr-otokar-doruk-sultan-arka-090-0613-oem-16f00-05","164","Fren Diski","50","4519.86"
"Frenciniz Urun Arama - Exact","Fren Diski","Exact","Fren Diski Renault Midlum Premium Magnum OEM 5010598309 ESD 040 31","https://www.frenciniz.com/urun/12/fren-diski-renault-midlum-premium-magnum-oem-5010598309-esd-040-31-ekersan","12","Fren Diski","49","5464.8"
"Frenciniz Urun Arama - Exact","Fren Diski","Exact","Volvo FL II/FL III Fren Diski","https://www.frenciniz.com/urun/12/fren-diski-renault-midlum-premium-magnum-oem-5010598309-esd-040-31-ekersan","12","Fren Diski","49","5464.8"
"Frenciniz Urun Arama - Exact","Fren Diski","Exact","Volvo FL II/FL III 5010598309","https://www.frenciniz.com/urun/12/fren-diski-renault-midlum-premium-magnum-oem-5010598309-esd-040-31-ekersan","12","Fren Diski","49","5464.8"
"Frenciniz Urun Arama - Exact","Fren Diski","Exact","Fren Diski Ford Cargo OEM 13C33 ESD 090 05","https://www.frenciniz.com/urun/179/fren-diski-ford-cargo-oem-13c33-esd-090-05-ekersan","179","Fren Diski","49","3743.5"
"Frenciniz Urun Arama - Exact","Fren Diski","Exact","Ford Cargo Fren Diski","https://www.frenciniz.com/urun/179/fren-diski-ford-cargo-oem-13c33-esd-090-05-ekersan","179","Fren Diski","49","3743.5"
"Frenciniz Urun Arama - Exact","Fren Diski","Exact","Ford Cargo 13C33","https://www.frenciniz.com/urun/179/fren-diski-ford-cargo-oem-13c33-esd-090-05-ekersan","179","Fren Diski","49","3743.5"
"Frenciniz Urun Arama - Exact","Fren Diski","Exact","Fren Diski Renault Midlum Premium Magnum OEM 5010525362 ESD 040 06","https://www.frenciniz.com/urun/206/fren-diski-renault-midlum-premium-magnum-oem-5010525362-esd-040-06-ekersan","206","Fren Diski","46","4211.44"
"Frenciniz Urun Arama - Exact","Fren Diski","Exact","Renault Trucks Midlum Fren Diski","https://www.frenciniz.com/urun/206/fren-diski-renault-midlum-premium-magnum-oem-5010525362-esd-040-06-ekersan","206","Fren Diski","46","4211.44"
"Frenciniz Urun Arama - Exact","Fren Diski","Exact","Renault Trucks Midlum 5010525362","https://www.frenciniz.com/urun/206/fren-diski-renault-midlum-premium-magnum-oem-5010525362-esd-040-06-ekersan","206","Fren Diski","46","4211.44"
"Frenciniz Urun Arama - Exact","Fren Diski","Exact","Fren Diski Volvo FH FM FL 410 OEM 8551042 ESD 110 02","https://www.frenciniz.com/urun/41/fren-diski-volvo-fh-fm-fl-410-oem-8551042-esd-110-02-ekersan","41","Fren Diski","44","4234.65"
"Frenciniz Urun Arama - Exact","Fren Diski","Exact","Volvo FH Fren Diski","https://www.frenciniz.com/urun/41/fren-diski-volvo-fh-fm-fl-410-oem-8551042-esd-110-02-ekersan","41","Fren Diski","44","4234.65"
"Frenciniz Urun Arama - Exact","Fren Diski","Exact","Volvo FH 8551042","https://www.frenciniz.com/urun/41/fren-diski-volvo-fh-fm-fl-410-oem-8551042-esd-110-02-ekersan","41","Fren Diski","44","4234.65"
"Frenciniz Urun Arama - Exact","Fren Diski","Exact","Fren Diski Isuzu Novo NovoCiti Life CitiLife 387 061 2600 OEM 387.061.2600.51 ESD 130 09","https://www.frenciniz.com/urun/6/fren-diski-isuzu-novo-novociti-life-citilife-387-061-2600-oem-387-061-2600-51-esd-130-09-ekersan","6","Fren Diski","39","3243.66"
"Frenciniz Urun Arama - Exact","Fren Diski","Exact","Isuzu Novo Fren Diski","https://www.frenciniz.com/urun/6/fren-diski-isuzu-novo-novociti-life-citilife-387-061-2600-oem-387-061-2600-51-esd-130-09-ekersan","6","Fren Diski","39","3243.66"
"Frenciniz Urun Arama - Exact","Fren Diski","Exact","Isuzu Novo 387.061.2600.51","https://www.frenciniz.com/urun/6/fren-diski-isuzu-novo-novociti-life-citilife-387-061-2600-oem-387-061-2600-51-esd-130-09-ekersan","6","Fren Diski","39","3243.66"
"Frenciniz Urun Arama - Exact","Fren Diski","Exact","Fren Diski Renault Midlum Premium Magnum OEM 5010525326 ESD 040 04","https://www.frenciniz.com/urun/76/fren-diski-renault-midlum-premium-magnum-oem-5010525326-esd-040-04-ekersan","76","Fren Diski","34","6763.83"
"Frenciniz Urun Arama - Exact","Fren Diski","Exact","Renault Trucks Midlum Fren Diski","https://www.frenciniz.com/urun/76/fren-diski-renault-midlum-premium-magnum-oem-5010525326-esd-040-04-ekersan","76","Fren Diski","34","6763.83"
"Frenciniz Urun Arama - Exact","Fren Diski","Exact","Renault Trucks Midlum 5010525326","https://www.frenciniz.com/urun/76/fren-diski-renault-midlum-premium-magnum-oem-5010525326-esd-040-04-ekersan","76","Fren Diski","34","6763.83"
"Frenciniz Urun Arama - Exact","Fren Diski","Exact","Fren Diski Renault Midlum Premium Magnum OEM 20700508 ESD 040 30","https://www.frenciniz.com/urun/13/fren-diski-renault-midlum-premium-magnum-oem-20700508-esd-040-30-ekersan","13","Fren Diski","32","5237.1"
"Frenciniz Urun Arama - Exact","Fren Diski","Exact","Renault Trucks Midlum Fren Diski","https://www.frenciniz.com/urun/13/fren-diski-renault-midlum-premium-magnum-oem-20700508-esd-040-30-ekersan","13","Fren Diski","32","5237.1"
"Frenciniz Urun Arama - Exact","Fren Diski","Exact","Renault Trucks Midlum 20700508","https://www.frenciniz.com/urun/13/fren-diski-renault-midlum-premium-magnum-oem-20700508-esd-040-30-ekersan","13","Fren Diski","32","5237.1"
"Frenciniz Urun Arama - Exact","Fren Diski","Exact","Fren Diski Renault Midlum Premium Magnum OEM 5010422593 ESD 040 03","https://www.frenciniz.com/urun/208/fren-diski-renault-midlum-premium-magnum-oem-5010422593-esd-040-03-ekersan","208","Fren Diski","32","4594.3"
"Frenciniz Urun Arama - Exact","Fren Diski","Exact","Renault Trucks Midlum Fren Diski","https://www.frenciniz.com/urun/208/fren-diski-renault-midlum-premium-magnum-oem-5010422593-esd-040-03-ekersan","208","Fren Diski","32","4594.3"
"Frenciniz Urun Arama - Exact","Fren Diski","Exact","Renault Trucks Midlum 5010422593","https://www.frenciniz.com/urun/208/fren-diski-renault-midlum-premium-magnum-oem-5010422593-esd-040-03-ekersan","208","Fren Diski","32","4594.3"
"Frenciniz Urun Arama - Exact","Fren Diski","Exact","Fren Diski BMC Probus Profesyonel Fatih Pro 16 Delik OEM 57RS307931M ESD 160 05","https://www.frenciniz.com/urun/166/fren-diski-bmc-probus-profesyonel-fatih-pro-16-delik-oem-57rs307931m-esd-160-05-ekersan","166","Fren Diski","31","5636.53"
"Frenciniz Urun Arama - Exact","Fren Diski","Exact","BMC Probus Fren Diski","https://www.frenciniz.com/urun/166/fren-diski-bmc-probus-profesyonel-fatih-pro-16-delik-oem-57rs307931m-esd-160-05-ekersan","166","Fren Diski","31","5636.53"
"Frenciniz Urun Arama - Exact","Fren Diski","Exact","BMC Probus 57RS307931M","https://www.frenciniz.com/urun/166/fren-diski-bmc-probus-profesyonel-fatih-pro-16-delik-oem-57rs307931m-esd-160-05-ekersan","166","Fren Diski","31","5636.53"
"Frenciniz Urun Arama - Exact","Fren Pabucu","Exact","Fren Pabucu SAF Holland 18 cm OEM (A) G4 EYD 80 07","https://www.frenciniz.com/urun/795/fren-pabucu-saf-holland-18-cm-oem-a-g4-eyd-80-07-ekersan","795","Fren Pabucu","30","1518"
"Frenciniz Urun Arama - Exact","Fren Pabucu","Exact","SAF dorse dingili Fren Pabucu","https://www.frenciniz.com/urun/795/fren-pabucu-saf-holland-18-cm-oem-a-g4-eyd-80-07-ekersan","795","Fren Pabucu","30","1518"
"Frenciniz Urun Arama - Exact","Fren Pabucu","Exact","SAF dorse dingili (A) G4","https://www.frenciniz.com/urun/795/fren-pabucu-saf-holland-18-cm-oem-a-g4-eyd-80-07-ekersan","795","Fren Pabucu","30","1518"
"Frenciniz Urun Arama - Exact","Fren Diski","Exact","Fren Diski Renault Premium Magnum Kerax Midlum 10 Delik Ön 220 OEM 5010525014 ESD 040 05","https://www.frenciniz.com/urun/207/fren-diski-renault-premium-magnum-kerax-midlum-10-delik-on-220-oem-5010525014-esd-040-05-ekersan","207","Fren Diski","29","4211.44"
"Frenciniz Urun Arama - Exact","Fren Diski","Exact","Renault Trucks Premium Fren Diski","https://www.frenciniz.com/urun/207/fren-diski-renault-premium-magnum-kerax-midlum-10-delik-on-220-oem-5010525014-esd-040-05-ekersan","207","Fren Diski","29","4211.44"
"Frenciniz Urun Arama - Exact","Fren Diski","Exact","Renault Trucks Premium 5010525014","https://www.frenciniz.com/urun/207/fren-diski-renault-premium-magnum-kerax-midlum-10-delik-on-220-oem-5010525014-esd-040-05-ekersan","207","Fren Diski","29","4211.44"
"Frenciniz Urun Arama - Exact","Fren Pabucu","Exact","Fren Pabucu BPW ECOPlus 20 cm OEM (A) D3 EYD 80 24","https://www.frenciniz.com/urun/794/fren-pabucu-bpw-ecoplus-20-cm-oem-a-d3-eyd-80-24-ekersan","794","Fren Pabucu","26","1287"
"Frenciniz Urun Arama - Exact","Fren Pabucu","Exact","BPW dorse dingili Fren Pabucu","https://www.frenciniz.com/urun/794/fren-pabucu-bpw-ecoplus-20-cm-oem-a-d3-eyd-80-24-ekersan","794","Fren Pabucu","26","1287"
"Frenciniz Urun Arama - Exact","Fren Pabucu","Exact","BPW dorse dingili (A) D3","https://www.frenciniz.com/urun/794/fren-pabucu-bpw-ecoplus-20-cm-oem-a-d3-eyd-80-24-ekersan","794","Fren Pabucu","26","1287"
"Frenciniz Urun Arama - Exact","Fren Pabucu","Exact","Fren Pabucu Mercedes Actros Axor 18 cm OEM (A) G4 EYD 206 07","https://www.frenciniz.com/urun/851/fren-pabucu-mercedes-actros-axor-18-cm-oem-a-g4-eyd-206-07-ekersan","851","Fren Pabucu","23","2145"
"Frenciniz Urun Arama - Exact","Fren Pabucu","Exact","Mercedes-Benz Actros Fren Pabucu","https://www.frenciniz.com/urun/851/fren-pabucu-mercedes-actros-axor-18-cm-oem-a-g4-eyd-206-07-ekersan","851","Fren Pabucu","23","2145"
"Frenciniz Urun Arama - Exact","Fren Pabucu","Exact","Mercedes-Benz Actros (A) G4","https://www.frenciniz.com/urun/851/fren-pabucu-mercedes-actros-axor-18-cm-oem-a-g4-eyd-206-07-ekersan","851","Fren Pabucu","23","2145"
"Frenciniz Urun Arama - Exact","Fren Diski","Exact","Fren Diski Volvo FH FM FL OEM 85103804 ESD 110 03","https://www.frenciniz.com/urun/173/fren-diski-volvo-fh-fm-fl-oem-85103804-esd-110-03-ekersan","173","Fren Diski","22","3722.23"
"Frenciniz Urun Arama - Exact","Fren Diski","Exact","Volvo FH Fren Diski","https://www.frenciniz.com/urun/173/fren-diski-volvo-fh-fm-fl-oem-85103804-esd-110-03-ekersan","173","Fren Diski","22","3722.23"
"Frenciniz Urun Arama - Exact","Fren Diski","Exact","Volvo FH 85103804","https://www.frenciniz.com/urun/173/fren-diski-volvo-fh-fm-fl-oem-85103804-esd-110-03-ekersan","173","Fren Diski","22","3722.23"
"Frenciniz Urun Arama - Exact","Fren Diski","Exact","Fren Diski Iveco Eurocargo Stralis Trakker Ön 100 OEM 7189265 ESD 030 19","https://www.frenciniz.com/urun/211/fren-diski-iveco-eurocargo-stralis-trakker-on-100-oem-7189265-esd-030-19-ekersan","211","Fren Diski","21","4094.46"
"Frenciniz Urun Arama - Exact","Fren Diski","Exact","Iveco Eurocargo Fren Diski","https://www.frenciniz.com/urun/211/fren-diski-iveco-eurocargo-stralis-trakker-on-100-oem-7189265-esd-030-19-ekersan","211","Fren Diski","21","4094.46"
"Frenciniz Urun Arama - Exact","Fren Diski","Exact","Iveco Eurocargo 7189265","https://www.frenciniz.com/urun/211/fren-diski-iveco-eurocargo-stralis-trakker-on-100-oem-7189265-esd-030-19-ekersan","211","Fren Diski","21","4094.46"
"Frenciniz Urun Arama - Exact","Fren Pabucu","Exact","Fren Pabucu Fruehauf SMB 18 cm OEM 6504773 EYD 80 06","https://www.frenciniz.com/urun/796/fren-pabucu-fruehauf-smb-18-cm-oem-6504773-eyd-80-06-ekersan","796","Fren Pabucu","20","1221"
"Frenciniz Urun Arama - Exact","Fren Pabucu","Exact","Dorse / treyler Fren Pabucu","https://www.frenciniz.com/urun/796/fren-pabucu-fruehauf-smb-18-cm-oem-6504773-eyd-80-06-ekersan","796","Fren Pabucu","20","1221"
"Frenciniz Urun Arama - Exact","Fren Pabucu","Exact","Dorse / treyler 6504773","https://www.frenciniz.com/urun/796/fren-pabucu-fruehauf-smb-18-cm-oem-6504773-eyd-80-06-ekersan","796","Fren Pabucu","20","1221"
"Frenciniz Urun Arama - Exact","Bijon","Exact","Bijon Mercedes Actros Axor Dps OEM 9424010271-4012371 ESB 180 20","https://www.frenciniz.com/urun/56/bijon-mercedes-actros-axor-dps-oem-9424010271-4012371-esb-180-20-ekersan","56","Bijon","8489","183.64"
"Frenciniz Urun Arama - Exact","Bijon","Exact","Mercedes-Benz Actros Bijon","https://www.frenciniz.com/urun/56/bijon-mercedes-actros-axor-dps-oem-9424010271-4012371-esb-180-20-ekersan","56","Bijon","8489","183.64"
"Frenciniz Urun Arama - Exact","Bijon","Exact","Mercedes-Benz Actros 9424010271-4012371","https://www.frenciniz.com/urun/56/bijon-mercedes-actros-axor-dps-oem-9424010271-4012371-esb-180-20-ekersan","56","Bijon","8489","183.64"
"Frenciniz Urun Arama - Exact","Bijon","Exact","Bijon SAF Holland 73 mm OEM 1303111810 ESB 1813 10","https://www.frenciniz.com/urun/373/bijon-saf-holland-73-mm-oem-1303111810-esb-1813-10-ekersan","373","Bijon","7553","199.31"
"Frenciniz Urun Arama - Exact","Bijon","Exact","Iveco Eurocargo Bijon","https://www.frenciniz.com/urun/373/bijon-saf-holland-73-mm-oem-1303111810-esb-1813-10-ekersan","373","Bijon","7553","199.31"
"Frenciniz Urun Arama - Exact","Bijon","Exact","Iveco Eurocargo 1303111810","https://www.frenciniz.com/urun/373/bijon-saf-holland-73-mm-oem-1303111810-esb-1813-10-ekersan","373","Bijon","7553","199.31"
"Frenciniz Urun Arama - Exact","Bijon","Exact","Bijon Renault Premium Magnum Kerax Midlum DPS Arka 440 OEM 20515517-7420515517 ESB 2316 20","https://www.frenciniz.com/urun/351/bijon-renault-premium-magnum-kerax-midlum-dps-arka-440-oem-20515517-7420515517-esb-2316-20","351","Bijon","7017","199.31"
"Frenciniz Urun Arama - Exact","Bijon","Exact","Renault Trucks Premium Bijon","https://www.frenciniz.com/urun/351/bijon-renault-premium-magnum-kerax-midlum-dps-arka-440-oem-20515517-7420515517-esb-2316-20","351","Bijon","7017","199.31"
"Frenciniz Urun Arama - Exact","Bijon","Exact","Renault Trucks Premium 20515517-7420515517","https://www.frenciniz.com/urun/351/bijon-renault-premium-magnum-kerax-midlum-dps-arka-440-oem-20515517-7420515517-esb-2316-20","351","Bijon","7017","199.31"
"Frenciniz Urun Arama - Exact","Bijon","Exact","Bijon Mercedes Actros Axor OEM 3814010771-3464010071 ESB 182 10","https://www.frenciniz.com/urun/242/bijon-mercedes-actros-axor-oem-3814010771-3464010071-esb-182-10-ekersan","242","Bijon","6916","186.39"
"Frenciniz Urun Arama - Exact","Bijon","Exact","Mercedes-Benz Actros Bijon","https://www.frenciniz.com/urun/242/bijon-mercedes-actros-axor-oem-3814010771-3464010071-esb-182-10-ekersan","242","Bijon","6916","186.39"
"Frenciniz Urun Arama - Exact","Bijon","Exact","Mercedes-Benz Actros 3814010771-3464010071","https://www.frenciniz.com/urun/242/bijon-mercedes-actros-axor-oem-3814010771-3464010071-esb-182-10-ekersan","242","Bijon","6916","186.39"
"Frenciniz Urun Arama - Exact","Bijon","Exact","Bijon BPW ECOPlus Dps OEM 329633110 ESB 1722 10","https://www.frenciniz.com/urun/377/bijon-bpw-ecoplus-dps-oem-329633110-esb-1722-10-ekersan","377","Bijon","6593","199.31"
"Frenciniz Urun Arama - Exact","Bijon","Exact","BPW dorse dingili Bijon","https://www.frenciniz.com/urun/377/bijon-bpw-ecoplus-dps-oem-329633110-esb-1722-10-ekersan","377","Bijon","6593","199.31"
"Frenciniz Urun Arama - Exact","Bijon","Exact","BPW dorse dingili 329633110","https://www.frenciniz.com/urun/377/bijon-bpw-ecoplus-dps-oem-329633110-esb-1722-10-ekersan","377","Bijon","6593","199.31"
"Frenciniz Urun Arama - Exact","Bijon","Exact","Bijon Scania P G R Dps OEM 20515519-7420515519 ESB 1426 10","https://www.frenciniz.com/urun/384/bijon-scania-p-g-r-dps-oem-20515519-7420515519-esb-1426-10-ekersan","384","Bijon","6086","210.3"
"Frenciniz Urun Arama - Exact","Bijon","Exact","Scania P/G/R serisi Bijon","https://www.frenciniz.com/urun/384/bijon-scania-p-g-r-dps-oem-20515519-7420515519-esb-1426-10-ekersan","384","Bijon","6086","210.3"
"Frenciniz Urun Arama - Exact","Bijon","Exact","Scania P/G/R serisi 20515519-7420515519","https://www.frenciniz.com/urun/384/bijon-scania-p-g-r-dps-oem-20515519-7420515519-esb-1426-10-ekersan","384","Bijon","6086","210.3"
"Frenciniz Urun Arama - Exact","Bijon","Exact","Bijon BMC Probus Profesyonel Fatih Pro 117 mm Arka OEM 7K60177KOM-760177 ESB 340 10","https://www.frenciniz.com/urun/336/bijon-bmc-probus-profesyonel-fatih-pro-117-mm-arka-oem-7k60177kom-760177-esb-340-10-ekersan","336","Bijon","5379","199.31"
"Frenciniz Urun Arama - Exact","Bijon","Exact","BMC Probus Bijon","https://www.frenciniz.com/urun/336/bijon-bmc-probus-profesyonel-fatih-pro-117-mm-arka-oem-7k60177kom-760177-esb-340-10-ekersan","336","Bijon","5379","199.31"
"Frenciniz Urun Arama - Exact","Bijon","Exact","BMC Probus 7K60177KOM-760177","https://www.frenciniz.com/urun/336/bijon-bmc-probus-profesyonel-fatih-pro-117-mm-arka-oem-7k60177kom-760177-esb-340-10-ekersan","336","Bijon","5379","199.31"
"Frenciniz Urun Arama - Exact","Bijon","Exact","Bijon Mercedes Actros Axor Dps OEM 9424010371-4014171 ESB 180 10","https://www.frenciniz.com/urun/58/bijon-mercedes-actros-axor-dps-oem-9424010371-4014171-esb-180-10-ekersan","58","Bijon","5284","183.64"
"Frenciniz Urun Arama - Exact","Bijon","Exact","Mercedes-Benz Actros Bijon","https://www.frenciniz.com/urun/58/bijon-mercedes-actros-axor-dps-oem-9424010371-4014171-esb-180-10-ekersan","58","Bijon","5284","183.64"
"Frenciniz Urun Arama - Exact","Bijon","Exact","Mercedes-Benz Actros 9424010371-4014171","https://www.frenciniz.com/urun/58/bijon-mercedes-actros-axor-dps-oem-9424010371-4014171-esb-180-10-ekersan","58","Bijon","5284","183.64"
"Frenciniz Urun Arama - Exact","Bijon","Exact","Bijon Mercedes Actros Axor 110 mm Arka OEM 3274020471 ESB 111 10-1","https://www.frenciniz.com/urun/253/bijon-mercedes-actros-axor-110-mm-arka-oem-3274020471-esb-111-10-1-ekersan","253","Bijon","5175","181.73"
"Frenciniz Urun Arama - Exact","Bijon","Exact","Mercedes-Benz Actros Bijon","https://www.frenciniz.com/urun/253/bijon-mercedes-actros-axor-110-mm-arka-oem-3274020471-esb-111-10-1-ekersan","253","Bijon","5175","181.73"
"Frenciniz Urun Arama - Exact","Bijon","Exact","Mercedes-Benz Actros 3274020471","https://www.frenciniz.com/urun/253/bijon-mercedes-actros-axor-110-mm-arka-oem-3274020471-esb-111-10-1-ekersan","253","Bijon","5175","181.73"
"Frenciniz Urun Arama - Exact","Bijon","Exact","Bijon BMC Probus Profesyonel Fatih Pro OEM 7K60192 ESB 340 20","https://www.frenciniz.com/urun/335/bijon-bmc-probus-profesyonel-fatih-pro-oem-7k60192-esb-340-20-ekersan","335","Bijon","4506","199.31"
"Frenciniz Urun Arama - Exact","Bijon","Exact","BMC Probus Bijon","https://www.frenciniz.com/urun/335/bijon-bmc-probus-profesyonel-fatih-pro-oem-7k60192-esb-340-20-ekersan","335","Bijon","4506","199.31"
"Frenciniz Urun Arama - Exact","Bijon","Exact","BMC Probus 7K60192","https://www.frenciniz.com/urun/335/bijon-bmc-probus-profesyonel-fatih-pro-oem-7k60192-esb-340-20-ekersan","335","Bijon","4506","199.31"
"Frenciniz Urun Arama - Exact","Bijon","Exact","Bijon Mercedes Actros Axor 110 mm DPS Arka OEM 3464010071 ESB 110 10-1","https://www.frenciniz.com/urun/255/bijon-mercedes-actros-axor-110-mm-dps-arka-oem-3464010071-esb-110-10-1-ekersan","255","Bijon","4439","175.94"
"Frenciniz Urun Arama - Exact","Bijon","Exact","Mercedes-Benz Actros Bijon","https://www.frenciniz.com/urun/255/bijon-mercedes-actros-axor-110-mm-dps-arka-oem-3464010071-esb-110-10-1-ekersan","255","Bijon","4439","175.94"
"Frenciniz Urun Arama - Exact","Bijon","Exact","Mercedes-Benz Actros 3464010071","https://www.frenciniz.com/urun/255/bijon-mercedes-actros-axor-110-mm-dps-arka-oem-3464010071-esb-110-10-1-ekersan","255","Bijon","4439","175.94"
"Frenciniz Urun Arama - Exact","Bijon","Exact","Bijon SAF Holland Dps OEM 1303112010-3302115700 ESB 1816 10","https://www.frenciniz.com/urun/371/bijon-saf-holland-dps-oem-1303112010-3302115700-esb-1816-10-ekersan","371","Bijon","4398","199.31"
"Frenciniz Urun Arama - Exact","Bijon","Exact","SAF dorse dingili Bijon","https://www.frenciniz.com/urun/371/bijon-saf-holland-dps-oem-1303112010-3302115700-esb-1816-10-ekersan","371","Bijon","4398","199.31"
"Frenciniz Urun Arama - Exact","Bijon","Exact","SAF dorse dingili 1303112010-3302115700","https://www.frenciniz.com/urun/371/bijon-saf-holland-dps-oem-1303112010-3302115700-esb-1816-10-ekersan","371","Bijon","4398","199.31"
"Frenciniz Urun Arama - Exact","Bijon","Exact","Bijon Scania P G R Dps OEM 1368690 ESB 911 20-R","https://www.frenciniz.com/urun/288/bijon-scania-p-g-r-dps-oem-1368690-esb-911-20-r-ekersan","288","Bijon","4278","215.69"
"Frenciniz Urun Arama - Exact","Bijon","Exact","Scania 4 serisi Bijon","https://www.frenciniz.com/urun/288/bijon-scania-p-g-r-dps-oem-1368690-esb-911-20-r-ekersan","288","Bijon","4278","215.69"
"Frenciniz Urun Arama - Exact","Bijon","Exact","Scania 4 serisi 1368690","https://www.frenciniz.com/urun/288/bijon-scania-p-g-r-dps-oem-1368690-esb-911-20-r-ekersan","288","Bijon","4278","215.69"
"Frenciniz Urun Arama - Exact","Bijon","Exact","Bijon Iveco Eurocargo Stralis Dps OEM 42117455-42064826 ESB 621 10","https://www.frenciniz.com/urun/310/bijon-iveco-eurocargo-stralis-dps-oem-42117455-42064826-esb-621-10-ekersan","310","Bijon","4092","199.31"
"Frenciniz Urun Arama - Exact","Bijon","Exact","Iveco Eurocargo Bijon","https://www.frenciniz.com/urun/310/bijon-iveco-eurocargo-stralis-dps-oem-42117455-42064826-esb-621-10-ekersan","310","Bijon","4092","199.31"
"Frenciniz Urun Arama - Exact","Bijon","Exact","Iveco Eurocargo 42117455-42064826","https://www.frenciniz.com/urun/310/bijon-iveco-eurocargo-stralis-dps-oem-42117455-42064826-esb-621-10-ekersan","310","Bijon","4092","199.31"
"Frenciniz Urun Arama - Exact","Bijon","Exact","Bijon Dps OEM 81DB118CA ESB 420 10","https://www.frenciniz.com/urun/325/bijon-dps-oem-81db118ca-esb-420-10-ekersan","325","Bijon","4023","199.31"
"Frenciniz Urun Arama - Exact","Bijon","Exact","Kamyon Bijon","https://www.frenciniz.com/urun/325/bijon-dps-oem-81db118ca-esb-420-10-ekersan","325","Bijon","4023","199.31"
"Frenciniz Urun Arama - Exact","Bijon","Exact","Kamyon 81DB118CA","https://www.frenciniz.com/urun/325/bijon-dps-oem-81db118ca-esb-420-10-ekersan","325","Bijon","4023","199.31"
"Frenciniz Urun Arama - Exact","Bijon","Exact","Bijon BPW ECOPlus Dps OEM 329633120- 329633121 ESB 1725 10","https://www.frenciniz.com/urun/375/bijon-bpw-ecoplus-dps-oem-329633120-329633121-esb-1725-10-ekersan","375","Bijon","3790","199.31"
"Frenciniz Urun Arama - Exact","Bijon","Exact","BPW dorse dingili Bijon","https://www.frenciniz.com/urun/375/bijon-bpw-ecoplus-dps-oem-329633120-329633121-esb-1725-10-ekersan","375","Bijon","3790","199.31"
"Frenciniz Urun Arama - Exact","Bijon","Exact","BPW dorse dingili 329633120- 329633121","https://www.frenciniz.com/urun/375/bijon-bpw-ecoplus-dps-oem-329633120-329633121-esb-1725-10-ekersan","375","Bijon","3790","199.31"
"Frenciniz Urun Arama - Exact","Bijon","Exact","Bijon Scania P G R Dps OEM 2285275-1868665 ESB 912 20-R","https://www.frenciniz.com/urun/286/bijon-scania-p-g-r-dps-oem-2285275-1868665-esb-912-20-r-ekersan","286","Bijon","3781","210.3"
"Frenciniz Urun Arama - Exact","Bijon","Exact","Scania P/G/R serisi Bijon","https://www.frenciniz.com/urun/286/bijon-scania-p-g-r-dps-oem-2285275-1868665-esb-912-20-r-ekersan","286","Bijon","3781","210.3"
"Frenciniz Urun Arama - Exact","Bijon","Exact","Scania P/G/R serisi 2285275-1868665","https://www.frenciniz.com/urun/286/bijon-scania-p-g-r-dps-oem-2285275-1868665-esb-912-20-r-ekersan","286","Bijon","3781","210.3"
"Frenciniz Urun Arama - Exact","Bijon","Exact","Bijon SAF Holland Dps OEM 1303107511 ESB 1815 10","https://www.frenciniz.com/urun/372/bijon-saf-holland-dps-oem-1303107511-esb-1815-10-ekersan","372","Bijon","3692","199.31"
"Frenciniz Urun Arama - Exact","Bijon","Exact","SAF dorse dingili Bijon","https://www.frenciniz.com/urun/372/bijon-saf-holland-dps-oem-1303107511-esb-1815-10-ekersan","372","Bijon","3692","199.31"
"Frenciniz Urun Arama - Exact","Bijon","Exact","SAF dorse dingili 1303107511","https://www.frenciniz.com/urun/372/bijon-saf-holland-dps-oem-1303107511-esb-1815-10-ekersan","372","Bijon","3692","199.31"
"Frenciniz Urun Arama - Exact","Bijon","Exact","Bijon Scania P G R Dps OEM 1528712 ESB 912 10-R","https://www.frenciniz.com/urun/287/bijon-scania-p-g-r-dps-oem-1528712-esb-912-10-r-ekersan","287","Bijon","3637","210.3"
"Frenciniz Urun Arama - Exact","Bijon","Exact","Scania 4 serisi Bijon","https://www.frenciniz.com/urun/287/bijon-scania-p-g-r-dps-oem-1528712-esb-912-10-r-ekersan","287","Bijon","3637","210.3"
"Frenciniz Urun Arama - Exact","Bijon","Exact","Scania 4 serisi 1528712","https://www.frenciniz.com/urun/287/bijon-scania-p-g-r-dps-oem-1528712-esb-912-10-r-ekersan","287","Bijon","3637","210.3"
"Frenciniz Urun Arama - Exact","Bijon","Exact","Bijon Mercedes Actros Axor 100 mm OEM 4013971 ESB 114 10-1","https://www.frenciniz.com/urun/250/bijon-mercedes-actros-axor-100-mm-oem-4013971-esb-114-10-1-ekersan","250","Bijon","3471","178.69"
"Frenciniz Urun Arama - Exact","Bijon","Exact","Mercedes-Benz Actros Bijon","https://www.frenciniz.com/urun/250/bijon-mercedes-actros-axor-100-mm-oem-4013971-esb-114-10-1-ekersan","250","Bijon","3471","178.69"
"Frenciniz Urun Arama - Exact","Bijon","Exact","Mercedes-Benz Actros 4013971","https://www.frenciniz.com/urun/250/bijon-mercedes-actros-axor-100-mm-oem-4013971-esb-114-10-1-ekersan","250","Bijon","3471","178.69"
"Frenciniz Urun Arama - Exact","Bijon","Exact","Bijon Mercedes Actros Axor 92 mm Arka OEM 4014171 ESB 187 10","https://www.frenciniz.com/urun/239/bijon-mercedes-actros-axor-92-mm-arka-oem-4014171-esb-187-10-ekersan","239","Bijon","3290","183.64"
"Frenciniz Urun Arama - Exact","Bijon","Exact","Mercedes-Benz Axor Bijon","https://www.frenciniz.com/urun/239/bijon-mercedes-actros-axor-92-mm-arka-oem-4014171-esb-187-10-ekersan","239","Bijon","3290","183.64"
"Frenciniz Urun Arama - Exact","Bijon","Exact","Mercedes-Benz Axor 4014171","https://www.frenciniz.com/urun/239/bijon-mercedes-actros-axor-92-mm-arka-oem-4014171-esb-187-10-ekersan","239","Bijon","3290","183.64"
"Frenciniz Urun Arama - Exact","Bijon","Exact","Bijon Ford Cargo Dps OEM FC461118CA ESB 422 10","https://www.frenciniz.com/urun/322/bijon-ford-cargo-dps-oem-fc461118ca-esb-422-10-ekersan","322","Bijon","3250","213.05"
"Frenciniz Urun Arama - Exact","Bijon","Exact","Ford Cargo Bijon","https://www.frenciniz.com/urun/322/bijon-ford-cargo-dps-oem-fc461118ca-esb-422-10-ekersan","322","Bijon","3250","213.05"
"Frenciniz Urun Arama - Exact","Bijon","Exact","Ford Cargo FC461118CA","https://www.frenciniz.com/urun/322/bijon-ford-cargo-dps-oem-fc461118ca-esb-422-10-ekersan","322","Bijon","3250","213.05"
"Frenciniz Urun Arama - Exact","Bijon","Exact","Bijon MAN 12-153 73 mm Arka OEM 81455010123 ESB 231 10","https://www.frenciniz.com/urun/236/bijon-man-12-153-73-mm-arka-oem-81455010123-esb-231-10-ekersan","236","Bijon","3205","163.57"
"Frenciniz Urun Arama - Exact","Bijon","Exact","MAN ağır vasıta Bijon","https://www.frenciniz.com/urun/236/bijon-man-12-153-73-mm-arka-oem-81455010123-esb-231-10-ekersan","236","Bijon","3205","163.57"
"Frenciniz Urun Arama - Exact","Bijon","Exact","MAN ağır vasıta 81455010123","https://www.frenciniz.com/urun/236/bijon-man-12-153-73-mm-arka-oem-81455010123-esb-231-10-ekersan","236","Bijon","3205","163.57"
"Frenciniz Urun Arama - Exact","Bijon","Exact","Bijon Scania P G R Dps OEM 1528655 ESB 915 10-R","https://www.frenciniz.com/urun/54/bijon-scania-p-g-r-dps-oem-1528655-esb-915-10-r-ekersan","54","Bijon","3156","218.55"
"Frenciniz Urun Arama - Exact","Bijon","Exact","Scania 4 serisi Bijon","https://www.frenciniz.com/urun/54/bijon-scania-p-g-r-dps-oem-1528655-esb-915-10-r-ekersan","54","Bijon","3156","218.55"
"Frenciniz Urun Arama - Exact","Bijon","Exact","Scania 4 serisi 1528655","https://www.frenciniz.com/urun/54/bijon-scania-p-g-r-dps-oem-1528655-esb-915-10-r-ekersan","54","Bijon","3156","218.55"
"Frenciniz Urun Arama - Exact","Bijon","Exact","Bijon Iveco Eurocargo Stralis Dps OEM 42117457 ESB 620 10","https://www.frenciniz.com/urun/312/bijon-iveco-eurocargo-stralis-dps-oem-42117457-esb-620-10-ekersan","312","Bijon","2987","199.31"
"Frenciniz Urun Arama - Exact","Bijon","Exact","Iveco Eurocargo Bijon","https://www.frenciniz.com/urun/312/bijon-iveco-eurocargo-stralis-dps-oem-42117457-esb-620-10-ekersan","312","Bijon","2987","199.31"
"Frenciniz Urun Arama - Exact","Bijon","Exact","Iveco Eurocargo 42117457","https://www.frenciniz.com/urun/312/bijon-iveco-eurocargo-stralis-dps-oem-42117457-esb-620-10-ekersan","312","Bijon","2987","199.31"
"Frenciniz Urun Arama - Exact","Bijon","Exact","Bijon Volvo FH FM FL Dps OEM 20524942-7421147687 ESB 1414 10","https://www.frenciniz.com/urun/385/bijon-volvo-fh-fm-fl-dps-oem-20524942-7421147687-esb-1414-10-ekersan","385","Bijon","2944","199.31"
"Frenciniz Urun Arama - Exact","Bijon","Exact","Volvo FH Bijon","https://www.frenciniz.com/urun/385/bijon-volvo-fh-fm-fl-dps-oem-20524942-7421147687-esb-1414-10-ekersan","385","Bijon","2944","199.31"
"Frenciniz Urun Arama - Exact","Bijon","Exact","Volvo FH 20524942-7421147687","https://www.frenciniz.com/urun/385/bijon-volvo-fh-fm-fl-dps-oem-20524942-7421147687-esb-1414-10-ekersan","385","Bijon","2944","199.31"
"Frenciniz Urun Arama - Exact","Bijon","Exact","Bijon Dps OEM 81455010131-81455010176 ESB 260 10","https://www.frenciniz.com/urun/344/bijon-dps-oem-81455010131-81455010176-esb-260-10-ekersan","344","Bijon","2813","186.94"
"Frenciniz Urun Arama - Exact","Bijon","Exact","Kamyon Bijon","https://www.frenciniz.com/urun/344/bijon-dps-oem-81455010131-81455010176-esb-260-10-ekersan","344","Bijon","2813","186.94"
"Frenciniz Urun Arama - Exact","Bijon","Exact","Kamyon 81455010131-81455010176","https://www.frenciniz.com/urun/344/bijon-dps-oem-81455010131-81455010176-esb-260-10-ekersan","344","Bijon","2813","186.94"
"Frenciniz Urun Arama - Exact","Bijon","Exact","Bijon Scania P G R Dps OEM 7420515515-20515515 ESB 1426 20","https://www.frenciniz.com/urun/383/bijon-scania-p-g-r-dps-oem-7420515515-20515515-esb-1426-20-ekersan","383","Bijon","2765","199.31"
"Frenciniz Urun Arama - Exact","Bijon","Exact","Scania P/G/R serisi Bijon","https://www.frenciniz.com/urun/383/bijon-scania-p-g-r-dps-oem-7420515515-20515515-esb-1426-20-ekersan","383","Bijon","2765","199.31"
"Frenciniz Urun Arama - Exact","Bijon","Exact","Scania P/G/R serisi 7420515515-20515515","https://www.frenciniz.com/urun/383/bijon-scania-p-g-r-dps-oem-7420515515-20515515-esb-1426-20-ekersan","383","Bijon","2765","199.31"
"Frenciniz Urun Arama - Exact","Bijon","Exact","Bijon Scania P G R Dps OEM 20515515 ESB 421 20","https://www.frenciniz.com/urun/323/bijon-scania-p-g-r-dps-oem-20515515-esb-421-20-ekersan","323","Bijon","2607","199.31"
"Frenciniz Urun Arama - Exact","Bijon","Exact","Scania P/G/R serisi Bijon","https://www.frenciniz.com/urun/323/bijon-scania-p-g-r-dps-oem-20515515-esb-421-20-ekersan","323","Bijon","2607","199.31"
"Frenciniz Urun Arama - Exact","Bijon","Exact","Scania P/G/R serisi 20515515","https://www.frenciniz.com/urun/323/bijon-scania-p-g-r-dps-oem-20515515-esb-421-20-ekersan","323","Bijon","2607","199.31"
"Frenciniz Urun Arama - Exact","Bijon","Exact","Bijon Scania P G R Dps OEM 1368693 ESB 911 10-R","https://www.frenciniz.com/urun/289/bijon-scania-p-g-r-dps-oem-1368693-esb-911-10-r-ekersan","289","Bijon","2595","210.3"
"Frenciniz Urun Arama - Exact","Bijon","Exact","Scania 4 serisi Bijon","https://www.frenciniz.com/urun/289/bijon-scania-p-g-r-dps-oem-1368693-esb-911-10-r-ekersan","289","Bijon","2595","210.3"
"Frenciniz Urun Arama - Exact","Bijon","Exact","Scania 4 serisi 1368693","https://www.frenciniz.com/urun/289/bijon-scania-p-g-r-dps-oem-1368693-esb-911-10-r-ekersan","289","Bijon","2595","210.3"
"Frenciniz Urun Arama - Exact","Bijon","Exact","Bijon Mercedes Actros Axor 86 mm Arka OEM Axor-Actoros Yeni Model Arka 86 mm ESB 184 10","https://www.frenciniz.com/urun/241/bijon-mercedes-actros-axor-86-mm-arka-oem-axor-actoros-yeni-model-arka-86-mm-esb-184-10-ekersan","241","Bijon","2504","183.64"
"Frenciniz Urun Arama - Exact","Bijon","Exact","Mercedes-Benz Axor Bijon","https://www.frenciniz.com/urun/241/bijon-mercedes-actros-axor-86-mm-arka-oem-axor-actoros-yeni-model-arka-86-mm-esb-184-10-ekersan","241","Bijon","2504","183.64"
"Frenciniz Urun Arama - Exact","Bijon","Exact","Mercedes-Benz Axor Axor-Actoros Yeni Model Arka 86 mm","https://www.frenciniz.com/urun/241/bijon-mercedes-actros-axor-86-mm-arka-oem-axor-actoros-yeni-model-arka-86-mm-esb-184-10-ekersan","241","Bijon","2504","183.64"
"Frenciniz Urun Arama - Exact","Bijon","Exact","Bijon MAN 12-153 58 mm OEM 81455010116-81455010152 ESB 230 20","https://www.frenciniz.com/urun/50/bijon-man-12-153-58-mm-oem-81455010116-81455010152-esb-230-20-ekersan","50","Bijon","2487","163.57"
"Frenciniz Urun Arama - Exact","Bijon","Exact","MAN ağır vasıta Bijon","https://www.frenciniz.com/urun/50/bijon-man-12-153-58-mm-oem-81455010116-81455010152-esb-230-20-ekersan","50","Bijon","2487","163.57"
"Frenciniz Urun Arama - Exact","Bijon","Exact","MAN ağır vasıta 81455010116-81455010152","https://www.frenciniz.com/urun/50/bijon-man-12-153-58-mm-oem-81455010116-81455010152-esb-230-20-ekersan","50","Bijon","2487","163.57"
"Frenciniz Urun Arama - Exact","Bijon","Exact","Bijon BMC Probus Profesyonel Fatih Pro Arka 200 235 260 OEM 15034 ESB 530 10","https://www.frenciniz.com/urun/318/bijon-bmc-probus-profesyonel-fatih-pro-arka-200-235-260-oem-15034-esb-530-10-ekersan","318","Bijon","2455","199.31"
"Frenciniz Urun Arama - Exact","Bijon","Exact","BMC Probus Bijon","https://www.frenciniz.com/urun/318/bijon-bmc-probus-profesyonel-fatih-pro-arka-200-235-260-oem-15034-esb-530-10-ekersan","318","Bijon","2455","199.31"
"Frenciniz Urun Arama - Exact","Bijon","Exact","BMC Probus 15034","https://www.frenciniz.com/urun/318/bijon-bmc-probus-profesyonel-fatih-pro-arka-200-235-260-oem-15034-esb-530-10-ekersan","318","Bijon","2455","199.31"
"Frenciniz Urun Arama - Exact","Bijon","Exact","Bijon SAF Holland 83 mm YM OEM 1303107412 ESB 1811 10","https://www.frenciniz.com/urun/374/bijon-saf-holland-83-mm-ym-oem-1303107412-esb-1811-10-ekersan","374","Bijon","2454","199.31"
"Frenciniz Urun Arama - Exact","Bijon","Exact","SAF dorse dingili Bijon","https://www.frenciniz.com/urun/374/bijon-saf-holland-83-mm-ym-oem-1303107412-esb-1811-10-ekersan","374","Bijon","2454","199.31"
"Frenciniz Urun Arama - Exact","Bijon","Exact","SAF dorse dingili 1303107412","https://www.frenciniz.com/urun/374/bijon-saf-holland-83-mm-ym-oem-1303107412-esb-1811-10-ekersan","374","Bijon","2454","199.31"
"Frenciniz Urun Arama - Exact","Bijon","Exact","Bijon Renault Premium Magnum Kerax Midlum 79,50 mm 25 mm 440 2311 OEM 20515514-7420515514 ESB 2317 20","https://www.frenciniz.com/urun/350/bijon-renault-premium-magnum-kerax-midlum-79-50-mm-25-mm-440-2311-oem-20515514-7420515514-esb","350","Bijon","2452","199.31"
"Frenciniz Urun Arama - Exact","Bijon","Exact","Renault Trucks Premium Bijon","https://www.frenciniz.com/urun/350/bijon-renault-premium-magnum-kerax-midlum-79-50-mm-25-mm-440-2311-oem-20515514-7420515514-esb","350","Bijon","2452","199.31"
"Frenciniz Urun Arama - Exact","Bijon","Exact","Renault Trucks Premium 20515514-7420515514","https://www.frenciniz.com/urun/350/bijon-renault-premium-magnum-kerax-midlum-79-50-mm-25-mm-440-2311-oem-20515514-7420515514-esb","350","Bijon","2452","199.31"
"Frenciniz Urun Arama - Exact","Bijon","Exact","Bijon BPW ECOPlus Dps OEM 329623170 ESB 1714 10","https://www.frenciniz.com/urun/379/bijon-bpw-ecoplus-dps-oem-329623170-esb-1714-10-ekersan","379","Bijon","2318","218.55"
"Frenciniz Urun Arama - Exact","Bijon","Exact","BPW dorse dingili Bijon","https://www.frenciniz.com/urun/379/bijon-bpw-ecoplus-dps-oem-329623170-esb-1714-10-ekersan","379","Bijon","2318","218.55"
"Frenciniz Urun Arama - Exact","Bijon","Exact","BPW dorse dingili 329623170","https://www.frenciniz.com/urun/379/bijon-bpw-ecoplus-dps-oem-329623170-esb-1714-10-ekersan","379","Bijon","2318","218.55"
"Frenciniz Urun Arama - Exact","Bijon","Exact","Bijon Iveco Eurocargo Stralis Dps OEM 2476077 ESB 621 20","https://www.frenciniz.com/urun/309/bijon-iveco-eurocargo-stralis-dps-oem-2476077-esb-621-20-ekersan","309","Bijon","2301","186.94"
"Frenciniz Urun Arama - Exact","Bijon","Exact","Iveco Eurocargo Bijon","https://www.frenciniz.com/urun/309/bijon-iveco-eurocargo-stralis-dps-oem-2476077-esb-621-20-ekersan","309","Bijon","2301","186.94"
"Frenciniz Urun Arama - Exact","Bijon","Exact","Iveco Eurocargo 2476077","https://www.frenciniz.com/urun/309/bijon-iveco-eurocargo-stralis-dps-oem-2476077-esb-621-20-ekersan","309","Bijon","2301","186.94"
"Frenciniz Urun Arama - Exact","Bijon","Exact","Bijon Mercedes Actros Axor 84 mm OEM 3814011271-3814010071 ESB 112 20-1","https://www.frenciniz.com/urun/252/bijon-mercedes-actros-axor-84-mm-oem-3814011271-3814010071-esb-112-20-1-ekersan","252","Bijon","2298","178.69"
"Frenciniz Urun Arama - Exact","Bijon","Exact","Mercedes-Benz Actros Bijon","https://www.frenciniz.com/urun/252/bijon-mercedes-actros-axor-84-mm-oem-3814011271-3814010071-esb-112-20-1-ekersan","252","Bijon","2298","178.69"
"Frenciniz Urun Arama - Exact","Bijon","Exact","Mercedes-Benz Actros 3814011271-3814010071","https://www.frenciniz.com/urun/252/bijon-mercedes-actros-axor-84-mm-oem-3814011271-3814010071-esb-112-20-1-ekersan","252","Bijon","2298","178.69"
"Frenciniz Urun Arama - Exact","Bijon","Exact","Bijon Mercedes Actros Axor 77 mm DPS OEM 3274010471 ESB 110 20-1","https://www.frenciniz.com/urun/254/bijon-mercedes-actros-axor-77-mm-dps-oem-3274010471-esb-110-20-1-ekersan","254","Bijon","2142","178.03"
"Frenciniz Urun Arama - Exact","Bijon","Exact","Mercedes-Benz Actros Bijon","https://www.frenciniz.com/urun/254/bijon-mercedes-actros-axor-77-mm-dps-oem-3274010471-esb-110-20-1-ekersan","254","Bijon","2142","178.03"
"Frenciniz Urun Arama - Exact","Bijon","Exact","Mercedes-Benz Actros 3274010471","https://www.frenciniz.com/urun/254/bijon-mercedes-actros-axor-77-mm-dps-oem-3274010471-esb-110-20-1-ekersan","254","Bijon","2142","178.03"
"Frenciniz Urun Arama - Exact","Bijon","Exact","Bijon Volvo FH FM FL Dps OEM 1573081 ESB 1410 20","https://www.frenciniz.com/urun/389/bijon-volvo-fh-fm-fl-dps-oem-1573081-esb-1410-20-ekersan","389","Bijon","2097","199.31"
"Frenciniz Urun Arama - Exact","Bijon","Exact","Volvo FH Bijon","https://www.frenciniz.com/urun/389/bijon-volvo-fh-fm-fl-dps-oem-1573081-esb-1410-20-ekersan","389","Bijon","2097","199.31"
"Frenciniz Urun Arama - Exact","Bijon","Exact","Volvo FH 1573081","https://www.frenciniz.com/urun/389/bijon-volvo-fh-fm-fl-dps-oem-1573081-esb-1410-20-ekersan","389","Bijon","2097","199.31"
"Frenciniz Urun Arama - Exact","Bijon","Exact","Bijon Mercedes Actros Axor 100 mm OEM 3814011171 ESB 115 10-1","https://www.frenciniz.com/urun/249/bijon-mercedes-actros-axor-100-mm-oem-3814011171-esb-115-10-1-ekersan","249","Bijon","2082","178.69"
"Frenciniz Urun Arama - Exact","Bijon","Exact","Mercedes-Benz Actros Bijon","https://www.frenciniz.com/urun/249/bijon-mercedes-actros-axor-100-mm-oem-3814011171-esb-115-10-1-ekersan","249","Bijon","2082","178.69"
"Frenciniz Urun Arama - Exact","Bijon","Exact","Mercedes-Benz Actros 3814011171","https://www.frenciniz.com/urun/249/bijon-mercedes-actros-axor-100-mm-oem-3814011171-esb-115-10-1-ekersan","249","Bijon","2082","178.69"
"Frenciniz Urun Arama - Exact","Bijon","Exact","Bijon BPW ECOPlus Dps OEM 0329633141 ESB 1723 10","https://www.frenciniz.com/urun/376/bijon-bpw-ecoplus-dps-oem-0329633141-esb-1723-10-ekersan","376","Bijon","1971","199.31"
"Frenciniz Urun Arama - Exact","Bijon","Exact","BPW dorse dingili Bijon","https://www.frenciniz.com/urun/376/bijon-bpw-ecoplus-dps-oem-0329633141-esb-1723-10-ekersan","376","Bijon","1971","199.31"
"Frenciniz Urun Arama - Exact","Bijon","Exact","BPW dorse dingili 0329633141","https://www.frenciniz.com/urun/376/bijon-bpw-ecoplus-dps-oem-0329633141-esb-1723-10-ekersan","376","Bijon","1971","199.31"
"Frenciniz Urun Arama - Exact","Bijon","Exact","Bijon Dps OEM 81455010174 ESB 272 10","https://www.frenciniz.com/urun/341/bijon-dps-oem-81455010174-esb-272-10-ekersan","341","Bijon","1969","186.94"
"Frenciniz Urun Arama - Exact","Bijon","Exact","Kamyon Bijon","https://www.frenciniz.com/urun/341/bijon-dps-oem-81455010174-esb-272-10-ekersan","341","Bijon","1969","186.94"
"Frenciniz Urun Arama - Exact","Bijon","Exact","Kamyon 81455010174","https://www.frenciniz.com/urun/341/bijon-dps-oem-81455010174-esb-272-10-ekersan","341","Bijon","1969","186.94"
"Frenciniz Urun Arama - Exact","Bijon","Exact","Bijon Mercedes Atego Arka 1517 OEM 3524020071 ESB 142 10","https://www.frenciniz.com/urun/245/bijon-mercedes-atego-arka-1517-oem-3524020071-esb-142-10-ekersan","245","Bijon","1967","170.44"
"Frenciniz Urun Arama - Exact","Bijon","Exact","Mercedes-Benz Atego Bijon","https://www.frenciniz.com/urun/245/bijon-mercedes-atego-arka-1517-oem-3524020071-esb-142-10-ekersan","245","Bijon","1967","170.44"
"Frenciniz Urun Arama - Exact","Bijon","Exact","Mercedes-Benz Atego 3524020071","https://www.frenciniz.com/urun/245/bijon-mercedes-atego-arka-1517-oem-3524020071-esb-142-10-ekersan","245","Bijon","1967","170.44"
"Frenciniz Urun Arama - Exact","Bijon","Exact","Bijon Iveco Eurocargo Stralis Dps OEM 42117452-2475870 ESB 620 20","https://www.frenciniz.com/urun/311/bijon-iveco-eurocargo-stralis-dps-oem-42117452-2475870-esb-620-20-ekersan","311","Bijon","1821","186.94"
"Frenciniz Urun Arama - Exact","Bijon","Exact","Iveco Eurocargo Bijon","https://www.frenciniz.com/urun/311/bijon-iveco-eurocargo-stralis-dps-oem-42117452-2475870-esb-620-20-ekersan","311","Bijon","1821","186.94"
"Frenciniz Urun Arama - Exact","Bijon","Exact","Iveco Eurocargo 42117452-2475870","https://www.frenciniz.com/urun/311/bijon-iveco-eurocargo-stralis-dps-oem-42117452-2475870-esb-620-20-ekersan","311","Bijon","1821","186.94"
"Frenciniz Urun Arama - Exact","Bijon","Exact","Bijon Renault Premium Magnum Kerax Midlum 95 mm Arka 370 420 OEM 5010566244 ESB 2312 10","https://www.frenciniz.com/urun/354/bijon-renault-premium-magnum-kerax-midlum-95-mm-arka-370-420-oem-5010566244-esb-2312-10-ekersan","354","Bijon","1765","215.8"
"Frenciniz Urun Arama - Exact","Bijon","Exact","Renault Trucks Premium Bijon","https://www.frenciniz.com/urun/354/bijon-renault-premium-magnum-kerax-midlum-95-mm-arka-370-420-oem-5010566244-esb-2312-10-ekersan","354","Bijon","1765","215.8"
"Frenciniz Urun Arama - Exact","Bijon","Exact","Renault Trucks Premium 5010566244","https://www.frenciniz.com/urun/354/bijon-renault-premium-magnum-kerax-midlum-95-mm-arka-370-420-oem-5010566244-esb-2312-10-ekersan","354","Bijon","1765","215.8"
"Frenciniz Urun Arama - Exact","Bijon","Exact","Bijon BMC Probus Profesyonel Fatih Pro 200 235 260 OEM 15033-T ESB 530 20","https://www.frenciniz.com/urun/317/bijon-bmc-probus-profesyonel-fatih-pro-200-235-260-oem-15033-t-esb-530-20-ekersan","317","Bijon","1720","199.31"
"Frenciniz Urun Arama - Exact","Bijon","Exact","BMC Probus Bijon","https://www.frenciniz.com/urun/317/bijon-bmc-probus-profesyonel-fatih-pro-200-235-260-oem-15033-t-esb-530-20-ekersan","317","Bijon","1720","199.31"
"Frenciniz Urun Arama - Exact","Bijon","Exact","BMC Probus 15033-T","https://www.frenciniz.com/urun/317/bijon-bmc-probus-profesyonel-fatih-pro-200-235-260-oem-15033-t-esb-530-20-ekersan","317","Bijon","1720","199.31"
"Frenciniz Urun Arama - Exact","Bijon","Exact","Bijon BPW ECOPlus Dps OEM 329623150-980623270 ESB 1719 10","https://www.frenciniz.com/urun/378/bijon-bpw-ecoplus-dps-oem-329623150-980623270-esb-1719-10-ekersan","378","Bijon","1710","218.55"
"Frenciniz Urun Arama - Exact","Bijon","Exact","BPW dorse dingili Bijon","https://www.frenciniz.com/urun/378/bijon-bpw-ecoplus-dps-oem-329623150-980623270-esb-1719-10-ekersan","378","Bijon","1710","218.55"
"Frenciniz Urun Arama - Exact","Bijon","Exact","BPW dorse dingili 329623150-980623270","https://www.frenciniz.com/urun/378/bijon-bpw-ecoplus-dps-oem-329623150-980623270-esb-1719-10-ekersan","378","Bijon","1710","218.55"
"Frenciniz Urun Arama - Exact","Bijon","Exact","Bijon Volvo FH FM FL Dps OEM 1573082 ESB 1410 10","https://www.frenciniz.com/urun/390/bijon-volvo-fh-fm-fl-dps-oem-1573082-esb-1410-10-ekersan","390","Bijon","1594","199.31"
"Frenciniz Urun Arama - Exact","Bijon","Exact","Volvo FH Bijon","https://www.frenciniz.com/urun/390/bijon-volvo-fh-fm-fl-dps-oem-1573082-esb-1410-10-ekersan","390","Bijon","1594","199.31"
"Frenciniz Urun Arama - Exact","Bijon","Exact","Volvo FH 1573082","https://www.frenciniz.com/urun/390/bijon-volvo-fh-fm-fl-dps-oem-1573082-esb-1410-10-ekersan","390","Bijon","1594","199.31"
"Frenciniz Urun Arama - Exact","Bijon","Exact","Bijon Mercedes Actros Axor 80 mm Dps OEM 3894010071 ESB 194 20","https://www.frenciniz.com/urun/59/bijon-mercedes-actros-axor-80-mm-dps-oem-3894010071-esb-194-20-ekersan","59","Bijon","1590","183.64"
"Frenciniz Urun Arama - Exact","Bijon","Exact","Mercedes-Benz Axor Bijon","https://www.frenciniz.com/urun/59/bijon-mercedes-actros-axor-80-mm-dps-oem-3894010071-esb-194-20-ekersan","59","Bijon","1590","183.64"
"Frenciniz Urun Arama - Exact","Bijon","Exact","Mercedes-Benz Axor 3894010071","https://www.frenciniz.com/urun/59/bijon-mercedes-actros-axor-80-mm-dps-oem-3894010071-esb-194-20-ekersan","59","Bijon","1590","183.64"
"Frenciniz Urun Arama - Exact","Bijon","Exact","Bijon Scania P G R 100 mm Arka OEM 272853 ESB 910 10-R","https://www.frenciniz.com/urun/291/bijon-scania-p-g-r-100-mm-arka-oem-272853-esb-910-10-r-ekersan","291","Bijon","1574","210.3"
"Frenciniz Urun Arama - Exact","Bijon","Exact","Scania P/G/R serisi Bijon","https://www.frenciniz.com/urun/291/bijon-scania-p-g-r-100-mm-arka-oem-272853-esb-910-10-r-ekersan","291","Bijon","1574","210.3"
"Frenciniz Urun Arama - Exact","Bijon","Exact","Scania P/G/R serisi 272853","https://www.frenciniz.com/urun/291/bijon-scania-p-g-r-100-mm-arka-oem-272853-esb-910-10-r-ekersan","291","Bijon","1574","210.3"
"Frenciniz Urun Arama - Exact","Bijon","Exact","Bijon Iveco Eurocargo Stralis Dps OEM 42117447 ESB 693 10","https://www.frenciniz.com/urun/304/bijon-iveco-eurocargo-stralis-dps-oem-42117447-esb-693-10-ekersan","304","Bijon","1570","199.31"
"Frenciniz Urun Arama - Exact","Bijon","Exact","Iveco Eurocargo Bijon","https://www.frenciniz.com/urun/304/bijon-iveco-eurocargo-stralis-dps-oem-42117447-esb-693-10-ekersan","304","Bijon","1570","199.31"
"Frenciniz Urun Arama - Exact","Bijon","Exact","Iveco Eurocargo 42117447","https://www.frenciniz.com/urun/304/bijon-iveco-eurocargo-stralis-dps-oem-42117447-esb-693-10-ekersan","304","Bijon","1570","199.31"
"Frenciniz Urun Arama - Exact","Bijon","Exact","Bijon DAF CF XF Dps OEM 99720-1337020 ESB 1013 10","https://www.frenciniz.com/urun/395/bijon-daf-cf-xf-dps-oem-99720-1337020-esb-1013-10-ekersan","395","Bijon","1556","199.31"
"Frenciniz Urun Arama - Exact","Bijon","Exact","DAF CF/XF Bijon","https://www.frenciniz.com/urun/395/bijon-daf-cf-xf-dps-oem-99720-1337020-esb-1013-10-ekersan","395","Bijon","1556","199.31"
"Frenciniz Urun Arama - Exact","Bijon","Exact","DAF CF/XF 99720-1337020","https://www.frenciniz.com/urun/395/bijon-daf-cf-xf-dps-oem-99720-1337020-esb-1013-10-ekersan","395","Bijon","1556","199.31"
"Frenciniz Urun Arama - Exact","Bijon","Exact","Bijon Volvo FH FH12 FM FL 117 mm 27 mm Arka OEM 20428545-15890088 ESB 1411 10","https://www.frenciniz.com/urun/388/bijon-volvo-fh-fh12-fm-fl-117-mm-27-mm-arka-oem-20428545-15890088-esb-1411-10-ekersan","388","Bijon","1512","218.55"
"Frenciniz Urun Arama - Exact","Bijon","Exact","Volvo FH Bijon","https://www.frenciniz.com/urun/388/bijon-volvo-fh-fh12-fm-fl-117-mm-27-mm-arka-oem-20428545-15890088-esb-1411-10-ekersan","388","Bijon","1512","218.55"
"Frenciniz Urun Arama - Exact","Bijon","Exact","Volvo FH 20428545-15890088","https://www.frenciniz.com/urun/388/bijon-volvo-fh-fh12-fm-fl-117-mm-27-mm-arka-oem-20428545-15890088-esb-1411-10-ekersan","388","Bijon","1512","218.55"
"Frenciniz Urun Arama - Exact","Bijon","Exact","Bijon Isuzu Novo NovoCiti Life CitiLife Arka SAĞ SKU ESB 786 10-R","https://www.frenciniz.com/urun/300/bijon-isuzu-novo-novociti-life-citilife-arka-sag-sku-esb-786-10-r-ekersan","300","Bijon","1465","288.65"
"Frenciniz Urun Arama - Exact","Bijon","Exact","Isuzu Novo Bijon","https://www.frenciniz.com/urun/300/bijon-isuzu-novo-novociti-life-citilife-arka-sag-sku-esb-786-10-r-ekersan","300","Bijon","1465","288.65"
"Frenciniz Urun Arama - Exact","Bijon","Exact","Isuzu Novo ESB 786 10-R","https://www.frenciniz.com/urun/300/bijon-isuzu-novo-novociti-life-citilife-arka-sag-sku-esb-786-10-r-ekersan","300","Bijon","1465","288.65"
"Frenciniz Urun Arama - Exact","Bijon","Exact","Bijon DAF CF XF Dps OEM 99717 ESB 1010 10","https://www.frenciniz.com/urun/398/bijon-daf-cf-xf-dps-oem-99717-esb-1010-10-ekersan","398","Bijon","1462","210.3"
"Frenciniz Urun Arama - Exact","Bijon","Exact","DAF CF/XF Bijon","https://www.frenciniz.com/urun/398/bijon-daf-cf-xf-dps-oem-99717-esb-1010-10-ekersan","398","Bijon","1462","210.3"
"Frenciniz Urun Arama - Exact","Bijon","Exact","DAF CF/XF 99717","https://www.frenciniz.com/urun/398/bijon-daf-cf-xf-dps-oem-99717-esb-1010-10-ekersan","398","Bijon","1462","210.3"
"Frenciniz Urun Arama - Exact","Bijon","Exact","Bijon Mercedes Atego 66 mm 1517 OEM 3184020271 ESB 140 20","https://www.frenciniz.com/urun/246/bijon-mercedes-atego-66-mm-1517-oem-3184020271-esb-140-20-ekersan","246","Bijon","1430","163.57"
"Frenciniz Urun Arama - Exact","Bijon","Exact","Mercedes-Benz Atego Bijon","https://www.frenciniz.com/urun/246/bijon-mercedes-atego-66-mm-1517-oem-3184020271-esb-140-20-ekersan","246","Bijon","1430","163.57"
"Frenciniz Urun Arama - Exact","Bijon","Exact","Mercedes-Benz Atego 3184020271","https://www.frenciniz.com/urun/246/bijon-mercedes-atego-66-mm-1517-oem-3184020271-esb-140-20-ekersan","246","Bijon","1430","163.57"
"Frenciniz Urun Arama - Exact","Bijon","Exact","Bijon Isuzu Novo NovoCiti Life CitiLife Arka Sol SKU ESB 786 11-L","https://www.frenciniz.com/urun/299/bijon-isuzu-novo-novociti-life-citilife-arka-sol-sku-esb-786-11-l-ekersan","299","Bijon","1408","288.65"
"Frenciniz Urun Arama - Exact","Bijon","Exact","Isuzu Novo Bijon","https://www.frenciniz.com/urun/299/bijon-isuzu-novo-novociti-life-citilife-arka-sol-sku-esb-786-11-l-ekersan","299","Bijon","1408","288.65"
"Frenciniz Urun Arama - Exact","Bijon","Exact","Isuzu Novo ESB 786 11-L","https://www.frenciniz.com/urun/299/bijon-isuzu-novo-novociti-life-citilife-arka-sol-sku-esb-786-11-l-ekersan","299","Bijon","1408","288.65"
"Frenciniz Urun Arama - Exact","Bijon","Exact","Bijon MAN TGA OEM 81455010133 ESB 260 20","https://www.frenciniz.com/urun/343/bijon-man-tga-oem-81455010133-esb-260-20-ekersan","343","Bijon","1404","186.94"
"Frenciniz Urun Arama - Exact","Bijon","Exact","MAN TGA Bijon","https://www.frenciniz.com/urun/343/bijon-man-tga-oem-81455010133-esb-260-20-ekersan","343","Bijon","1404","186.94"
"Frenciniz Urun Arama - Exact","Bijon","Exact","MAN TGA 81455010133","https://www.frenciniz.com/urun/343/bijon-man-tga-oem-81455010133-esb-260-20-ekersan","343","Bijon","1404","186.94"
"Frenciniz Urun Arama - Exact","Bijon","Exact","Bijon DAF CF XF Dps OEM 620646 ESB 1014 10","https://www.frenciniz.com/urun/394/bijon-daf-cf-xf-dps-oem-620646-esb-1014-10-ekersan","394","Bijon","1335","199.31"
"Frenciniz Urun Arama - Exact","Bijon","Exact","DAF CF/XF Bijon","https://www.frenciniz.com/urun/394/bijon-daf-cf-xf-dps-oem-620646-esb-1014-10-ekersan","394","Bijon","1335","199.31"
"Frenciniz Urun Arama - Exact","Bijon","Exact","DAF CF/XF 620646","https://www.frenciniz.com/urun/394/bijon-daf-cf-xf-dps-oem-620646-esb-1014-10-ekersan","394","Bijon","1335","199.31"
"Frenciniz Urun Arama - Exact","Bijon","Exact","Bijon DAF CF XF Dps OEM 99731 ESB 1012 10","https://www.frenciniz.com/urun/396/bijon-daf-cf-xf-dps-oem-99731-esb-1012-10-ekersan","396","Bijon","1085","199.31"
"Frenciniz Urun Arama - Exact","Bijon","Exact","DAF CF/XF Bijon","https://www.frenciniz.com/urun/396/bijon-daf-cf-xf-dps-oem-99731-esb-1012-10-ekersan","396","Bijon","1085","199.31"
"Frenciniz Urun Arama - Exact","Bijon","Exact","DAF CF/XF 99731","https://www.frenciniz.com/urun/396/bijon-daf-cf-xf-dps-oem-99731-esb-1012-10-ekersan","396","Bijon","1085","199.31"
"Frenciniz Urun Arama - Exact","Bijon","Exact","Bijon BPW ECOPlus OEM 329613170 ESB 1711 10","https://www.frenciniz.com/urun/380/bijon-bpw-ecoplus-oem-329613170-esb-1711-10-ekersan","380","Bijon","1079","218.55"
"Frenciniz Urun Arama - Exact","Bijon","Exact","BPW dorse dingili Bijon","https://www.frenciniz.com/urun/380/bijon-bpw-ecoplus-oem-329613170-esb-1711-10-ekersan","380","Bijon","1079","218.55"
"Frenciniz Urun Arama - Exact","Bijon","Exact","BPW dorse dingili 329613170","https://www.frenciniz.com/urun/380/bijon-bpw-ecoplus-oem-329613170-esb-1711-10-ekersan","380","Bijon","1079","218.55"
"Frenciniz Urun Arama - Exact","Bijon","Exact","Bijon DAF CF XF Dps OEM 99730 ESB 1010 20","https://www.frenciniz.com/urun/397/bijon-daf-cf-xf-dps-oem-99730-esb-1010-20-ekersan","397","Bijon","1077","199.31"
"Frenciniz Urun Arama - Exact","Bijon","Exact","DAF CF/XF Bijon","https://www.frenciniz.com/urun/397/bijon-daf-cf-xf-dps-oem-99730-esb-1010-20-ekersan","397","Bijon","1077","199.31"
"Frenciniz Urun Arama - Exact","Bijon","Exact","DAF CF/XF 99730","https://www.frenciniz.com/urun/397/bijon-daf-cf-xf-dps-oem-99730-esb-1010-20-ekersan","397","Bijon","1077","199.31"
"Frenciniz Urun Arama - Exact","Bijon","Exact","Bijon Iveco Eurocargo Stralis Dps OEM 46390478 ESB 610 10","https://www.frenciniz.com/urun/315/bijon-iveco-eurocargo-stralis-dps-oem-46390478-esb-610-10-ekersan","315","Bijon","1026","120.96"
"Frenciniz Urun Arama - Exact","Bijon","Exact","Iveco Eurocargo Bijon","https://www.frenciniz.com/urun/315/bijon-iveco-eurocargo-stralis-dps-oem-46390478-esb-610-10-ekersan","315","Bijon","1026","120.96"
"Frenciniz Urun Arama - Exact","Bijon","Exact","Iveco Eurocargo 46390478","https://www.frenciniz.com/urun/315/bijon-iveco-eurocargo-stralis-dps-oem-46390478-esb-610-10-ekersan","315","Bijon","1026","120.96"
"Frenciniz Urun Arama - Exact","Bijon","Exact","Bijon Scania P G R Dps OEM 1368692 ESB 910 20-R","https://www.frenciniz.com/urun/290/bijon-scania-p-g-r-dps-oem-1368692-esb-910-20-r-ekersan","290","Bijon","1022","210.31"
"Frenciniz Urun Arama - Exact","Bijon","Exact","Scania 4 serisi Bijon","https://www.frenciniz.com/urun/290/bijon-scania-p-g-r-dps-oem-1368692-esb-910-20-r-ekersan","290","Bijon","1022","210.31"
"Frenciniz Urun Arama - Exact","Bijon","Exact","Scania 4 serisi 1368692","https://www.frenciniz.com/urun/290/bijon-scania-p-g-r-dps-oem-1368692-esb-910-20-r-ekersan","290","Bijon","1022","210.31"
"Frenciniz Urun Arama - Exact","Bijon","Exact","Bijon Renault Premium Magnum Kerax Midlum 103 mm Arka 370 420 OEM 0000190220-190513 ESB 2310 10","https://www.frenciniz.com/urun/357/bijon-renault-premium-magnum-kerax-midlum-103-mm-arka-370-420-oem-0000190220-190513-esb-2310-10","357","Bijon","927","199.31"
"Frenciniz Urun Arama - Exact","Bijon","Exact","Renault Trucks Premium Bijon","https://www.frenciniz.com/urun/357/bijon-renault-premium-magnum-kerax-midlum-103-mm-arka-370-420-oem-0000190220-190513-esb-2310-10","357","Bijon","927","199.31"
"Frenciniz Urun Arama - Exact","Bijon","Exact","Renault Trucks Premium 0000190220-190513","https://www.frenciniz.com/urun/357/bijon-renault-premium-magnum-kerax-midlum-103-mm-arka-370-420-oem-0000190220-190513-esb-2310-10","357","Bijon","927","199.31"
"Frenciniz Urun Arama - Exact","Bijon","Exact","Bijon Isuzu Novo NovoCiti Life CitiLife 92,5 mm Arka OEM ISUZU NOVA ARKA 92 ESB 787 10-R","https://www.frenciniz.com/urun/298/bijon-isuzu-novo-novociti-life-citilife-92-5-mm-arka-oem-isuzu-nova-arka-92-esb-787-10-r-ekersan","298","Bijon","896","288.65"
"Frenciniz Urun Arama - Exact","Bijon","Exact","Isuzu Novo Bijon","https://www.frenciniz.com/urun/298/bijon-isuzu-novo-novociti-life-citilife-92-5-mm-arka-oem-isuzu-nova-arka-92-esb-787-10-r-ekersan","298","Bijon","896","288.65"
"Frenciniz Urun Arama - Exact","Bijon","Exact","Isuzu Novo ISUZU NOVA ARKA 92","https://www.frenciniz.com/urun/298/bijon-isuzu-novo-novociti-life-citilife-92-5-mm-arka-oem-isuzu-nova-arka-92-esb-787-10-r-ekersan","298","Bijon","896","288.65"
"Frenciniz Urun Arama - Exact","Bijon","Exact","Bijon Isuzu Novo NovoCiti Life CitiLife 92,5 mm Arka OEM ISUZU NOVA ARKA 92 ESB 787 11-L","https://www.frenciniz.com/urun/297/bijon-isuzu-novo-novociti-life-citilife-92-5-mm-arka-oem-isuzu-nova-arka-92-esb-787-11-l-ekersan","297","Bijon","894","288.65"
"Frenciniz Urun Arama - Exact","Bijon","Exact","Isuzu Novo Bijon","https://www.frenciniz.com/urun/297/bijon-isuzu-novo-novociti-life-citilife-92-5-mm-arka-oem-isuzu-nova-arka-92-esb-787-11-l-ekersan","297","Bijon","894","288.65"
"Frenciniz Urun Arama - Exact","Bijon","Exact","Isuzu Novo ISUZU NOVA ARKA 92","https://www.frenciniz.com/urun/297/bijon-isuzu-novo-novociti-life-citilife-92-5-mm-arka-oem-isuzu-nova-arka-92-esb-787-11-l-ekersan","297","Bijon","894","288.65"
"Frenciniz Urun Arama - Exact","Bijon","Exact","Bijon Volvo FH FM FL Dps OEM 3963997 ESB 1412 10","https://www.frenciniz.com/urun/387/bijon-volvo-fh-fm-fl-dps-oem-3963997-esb-1412-10-ekersan","387","Bijon","830","210.3"
"Frenciniz Urun Arama - Exact","Bijon","Exact","Volvo FH Bijon","https://www.frenciniz.com/urun/387/bijon-volvo-fh-fm-fl-dps-oem-3963997-esb-1412-10-ekersan","387","Bijon","830","210.3"
"Frenciniz Urun Arama - Exact","Bijon","Exact","Volvo FH 3963997","https://www.frenciniz.com/urun/387/bijon-volvo-fh-fm-fl-dps-oem-3963997-esb-1412-10-ekersan","387","Bijon","830","210.3"
"Frenciniz Urun Arama - Exact","Bijon","Exact","Bijon Renault Premium Magnum Kerax Midlum Volvo FH FM FL Ford Cargo 114 mm Arka 370 420 OEM 20524942 ESB 2316 10","https://www.frenciniz.com/urun/352/bijon-renault-premium-magnum-kerax-midlum-volvo-fh-fm-fl-ford-cargo-114-mm-arka-370-420-oem","352","Bijon","730","199.31"
"Frenciniz Urun Arama - Exact","Bijon","Exact","Renault Trucks Premium Bijon","https://www.frenciniz.com/urun/352/bijon-renault-premium-magnum-kerax-midlum-volvo-fh-fm-fl-ford-cargo-114-mm-arka-370-420-oem","352","Bijon","730","199.31"
"Frenciniz Urun Arama - Exact","Bijon","Exact","Renault Trucks Premium 20524942","https://www.frenciniz.com/urun/352/bijon-renault-premium-magnum-kerax-midlum-volvo-fh-fm-fl-ford-cargo-114-mm-arka-370-420-oem","352","Bijon","730","199.31"
"Frenciniz Urun Arama - Exact","Bijon","Exact","Bijon Mercedes Actros Axor 86 mm Arka 800 OEM 3714027071 ESB 170 10","https://www.frenciniz.com/urun/244/bijon-mercedes-actros-axor-86-mm-arka-800-oem-3714027071-esb-170-10-ekersan","244","Bijon","710","163.57"
"Frenciniz Urun Arama - Exact","Bijon","Exact","Mercedes-Benz Actros Bijon","https://www.frenciniz.com/urun/244/bijon-mercedes-actros-axor-86-mm-arka-800-oem-3714027071-esb-170-10-ekersan","244","Bijon","710","163.57"
"Frenciniz Urun Arama - Exact","Bijon","Exact","Mercedes-Benz Actros 3714027071","https://www.frenciniz.com/urun/244/bijon-mercedes-actros-axor-86-mm-arka-800-oem-3714027071-esb-170-10-ekersan","244","Bijon","710","163.57"
"Frenciniz Urun Arama - Exact","Bijon","Exact","Bijon SAF Holland Dps OEM 1303111811-3302115600 ESB 1818 10","https://www.frenciniz.com/urun/369/bijon-saf-holland-dps-oem-1303111811-3302115600-esb-1818-10-ekersan","369","Bijon","695","199.31"
"Frenciniz Urun Arama - Exact","Bijon","Exact","SAF dorse dingili Bijon","https://www.frenciniz.com/urun/369/bijon-saf-holland-dps-oem-1303111811-3302115600-esb-1818-10-ekersan","369","Bijon","695","199.31"
"Frenciniz Urun Arama - Exact","Bijon","Exact","SAF dorse dingili 1303111811-3302115600","https://www.frenciniz.com/urun/369/bijon-saf-holland-dps-oem-1303111811-3302115600-esb-1818-10-ekersan","369","Bijon","695","199.31"
"Frenciniz Urun Arama - Exact","Bijon","Exact","Bijon Mercedes Actros Axor 84 mm OEM 3814011271 ESB 113 20-1","https://www.frenciniz.com/urun/251/bijon-mercedes-actros-axor-84-mm-oem-3814011271-esb-113-20-1-ekersan","251","Bijon","690","178.69"
"Frenciniz Urun Arama - Exact","Bijon","Exact","Mercedes-Benz Actros Bijon","https://www.frenciniz.com/urun/251/bijon-mercedes-actros-axor-84-mm-oem-3814011271-esb-113-20-1-ekersan","251","Bijon","690","178.69"
"Frenciniz Urun Arama - Exact","Bijon","Exact","Mercedes-Benz Actros 3814011271","https://www.frenciniz.com/urun/251/bijon-mercedes-actros-axor-84-mm-oem-3814011271-esb-113-20-1-ekersan","251","Bijon","690","178.69"
"Frenciniz Urun Arama - Exact","Bijon","Exact","Bijon Renault Premium Magnum Kerax Midlum 70 mm 370 420 OEM 5000737601 ESB 2313 10","https://www.frenciniz.com/urun/353/bijon-renault-premium-magnum-kerax-midlum-70-mm-370-420-oem-5000737601-esb-2313-10-ekersan","353","Bijon","619","199.31"
"Frenciniz Urun Arama - Exact","Bijon","Exact","Renault Trucks Premium Bijon","https://www.frenciniz.com/urun/353/bijon-renault-premium-magnum-kerax-midlum-70-mm-370-420-oem-5000737601-esb-2313-10-ekersan","353","Bijon","619","199.31"
"Frenciniz Urun Arama - Exact","Bijon","Exact","Renault Trucks Premium 5000737601","https://www.frenciniz.com/urun/353/bijon-renault-premium-magnum-kerax-midlum-70-mm-370-420-oem-5000737601-esb-2313-10-ekersan","353","Bijon","619","199.31"
"Frenciniz Urun Arama - Exact","Bijon","Exact","Bijon Fruehauf SMB 106 mm OEM A-FA0230 ESB 2112 10","https://www.frenciniz.com/urun/360/bijon-fruehauf-smb-106-mm-oem-a-fa0230-esb-2112-10-ekersan","360","Bijon","570","211.68"
"Frenciniz Urun Arama - Exact","Bijon","Exact","Dorse / treyler Bijon","https://www.frenciniz.com/urun/360/bijon-fruehauf-smb-106-mm-oem-a-fa0230-esb-2112-10-ekersan","360","Bijon","570","211.68"
"Frenciniz Urun Arama - Exact","Bijon","Exact","Dorse / treyler A-FA0230","https://www.frenciniz.com/urun/360/bijon-fruehauf-smb-106-mm-oem-a-fa0230-esb-2112-10-ekersan","360","Bijon","570","211.68"
"Frenciniz Urun Arama - Exact","Bijon","Exact","Bijon Iveco Eurocargo Stralis Dps OEM 42117459 ESB 670 10","https://www.frenciniz.com/urun/20/bijon-iveco-eurocargo-stralis-dps-oem-42117459-esb-670-10-ekersan","20","Bijon","560","199.31"
"Frenciniz Urun Arama - Exact","Bijon","Exact","Iveco Eurocargo Bijon","https://www.frenciniz.com/urun/20/bijon-iveco-eurocargo-stralis-dps-oem-42117459-esb-670-10-ekersan","20","Bijon","560","199.31"
"Frenciniz Urun Arama - Exact","Bijon","Exact","Iveco Eurocargo 42117459","https://www.frenciniz.com/urun/20/bijon-iveco-eurocargo-stralis-dps-oem-42117459-esb-670-10-ekersan","20","Bijon","560","199.31"
"Frenciniz Urun Arama - Exact","Bijon","Exact","Bijon Scania P G R Dps OEM 20515519 ESB 460 10","https://www.frenciniz.com/urun/320/bijon-scania-p-g-r-dps-oem-20515519-esb-460-10-ekersan","320","Bijon","510","199.31"
"Frenciniz Urun Arama - Exact","Bijon","Exact","Scania P/G/R serisi Bijon","https://www.frenciniz.com/urun/320/bijon-scania-p-g-r-dps-oem-20515519-esb-460-10-ekersan","320","Bijon","510","199.31"
"Frenciniz Urun Arama - Exact","Bijon","Exact","Scania P/G/R serisi 20515519","https://www.frenciniz.com/urun/320/bijon-scania-p-g-r-dps-oem-20515519-esb-460-10-ekersan","320","Bijon","510","199.31"
"Frenciniz Urun Arama - Exact","Bijon","Exact","Bijon Scania P G R 96 mm OEM 1868668 ESB 914 10-R","https://www.frenciniz.com/urun/285/bijon-scania-p-g-r-96-mm-oem-1868668-esb-914-10-r-ekersan","285","Bijon","480","210.3"
"Frenciniz Urun Arama - Exact","Bijon","Exact","Scania P/G/R serisi Bijon","https://www.frenciniz.com/urun/285/bijon-scania-p-g-r-96-mm-oem-1868668-esb-914-10-r-ekersan","285","Bijon","480","210.3"
"Frenciniz Urun Arama - Exact","Bijon","Exact","Scania P/G/R serisi 1868668","https://www.frenciniz.com/urun/285/bijon-scania-p-g-r-96-mm-oem-1868668-esb-914-10-r-ekersan","285","Bijon","480","210.3"
"Frenciniz Urun Arama - Exact","Bijon","Exact","Bijon Fruehauf SMB DPS OEM M069131-M200048-M69131-M069123 ESB 2117 10","https://www.frenciniz.com/urun/359/bijon-fruehauf-smb-dps-oem-m069131-m200048-m69131-m069123-esb-2117-10-ekersan","359","Bijon","480","211.69"
"Frenciniz Urun Arama - Exact","Bijon","Exact","Dorse / treyler Bijon","https://www.frenciniz.com/urun/359/bijon-fruehauf-smb-dps-oem-m069131-m200048-m69131-m069123-esb-2117-10-ekersan","359","Bijon","480","211.69"
"Frenciniz Urun Arama - Exact","Bijon","Exact","Dorse / treyler M069131-M200048-M69131-M069123","https://www.frenciniz.com/urun/359/bijon-fruehauf-smb-dps-oem-m069131-m200048-m69131-m069123-esb-2117-10-ekersan","359","Bijon","480","211.69"
"Frenciniz Urun Arama - Exact","Bijon","Exact","Bijon Renault Premium Magnum Kerax Midlum DPS 370 420 OEM 5010439317-5010439406 ESB 2311 10","https://www.frenciniz.com/urun/356/bijon-renault-premium-magnum-kerax-midlum-dps-370-420-oem-5010439317-5010439406-esb-2311-10","356","Bijon","470","215.8"
"Frenciniz Urun Arama - Exact","Bijon","Exact","Renault Trucks Premium Bijon","https://www.frenciniz.com/urun/356/bijon-renault-premium-magnum-kerax-midlum-dps-370-420-oem-5010439317-5010439406-esb-2311-10","356","Bijon","470","215.8"
"Frenciniz Urun Arama - Exact","Bijon","Exact","Renault Trucks Premium 5010439317-5010439406","https://www.frenciniz.com/urun/356/bijon-renault-premium-magnum-kerax-midlum-dps-370-420-oem-5010439317-5010439406-esb-2311-10","356","Bijon","470","215.8"
"Frenciniz Urun Arama - Exact","Bijon","Exact","Bijon Dorse Treyler Dps OEM 20630 ESB 2110 10","https://www.frenciniz.com/urun/362/bijon-dorse-treyler-dps-oem-20630-esb-2110-10-ekersan","362","Bijon","450","211.68"
"Frenciniz Urun Arama - Exact","Bijon","Exact","Dorse dingil grubu Bijon","https://www.frenciniz.com/urun/362/bijon-dorse-treyler-dps-oem-20630-esb-2110-10-ekersan","362","Bijon","450","211.68"
"Frenciniz Urun Arama - Exact","Bijon","Exact","Dorse dingil grubu 20630","https://www.frenciniz.com/urun/362/bijon-dorse-treyler-dps-oem-20630-esb-2110-10-ekersan","362","Bijon","450","211.68"
"Frenciniz Urun Arama - Exact","Bijon","Exact","Bijon BMC Probus Profesyonel Fatih Pro Mitsubishi Canter Fuso Isuzu NPR NQR 97 mm OEM MC808846 ESB 810 20","https://www.frenciniz.com/urun/296/bijon-bmc-probus-profesyonel-fatih-pro-mitsubishi-canter-fuso-isuzu-npr-nqr-97-mm-oem-mc808846","296","Bijon","420","214.43"
"Frenciniz Urun Arama - Exact","Bijon","Exact","BMC Probus Bijon","https://www.frenciniz.com/urun/296/bijon-bmc-probus-profesyonel-fatih-pro-mitsubishi-canter-fuso-isuzu-npr-nqr-97-mm-oem-mc808846","296","Bijon","420","214.43"
"Frenciniz Urun Arama - Exact","Bijon","Exact","BMC Probus MC808846","https://www.frenciniz.com/urun/296/bijon-bmc-probus-profesyonel-fatih-pro-mitsubishi-canter-fuso-isuzu-npr-nqr-97-mm-oem-mc808846","296","Bijon","420","214.43"
"Frenciniz Urun Arama - Exact","Bijon","Exact","Bijon Dorse Treyler Dps OEM AJA0491001-AJB11623A-M006891-15613-11623- 6891 ESB 2111 10","https://www.frenciniz.com/urun/361/bijon-dorse-treyler-dps-oem-aja0491001-ajb11623a-m006891-15613-11623-6891-esb-2111-10-ekersan","361","Bijon","400","211.68"
"Frenciniz Urun Arama - Exact","Bijon","Exact","Dorse dingil grubu Bijon","https://www.frenciniz.com/urun/361/bijon-dorse-treyler-dps-oem-aja0491001-ajb11623a-m006891-15613-11623-6891-esb-2111-10-ekersan","361","Bijon","400","211.68"
"Frenciniz Urun Arama - Exact","Bijon","Exact","Dorse dingil grubu AJA0491001-AJB11623A-M006891-15613-11623- 6891","https://www.frenciniz.com/urun/361/bijon-dorse-treyler-dps-oem-aja0491001-ajb11623a-m006891-15613-11623-6891-esb-2111-10-ekersan","361","Bijon","400","211.68"
"Frenciniz Urun Arama - Exact","Fren Pabucu","Exact","Fren Pabucu BPW ECOPlus OEM (A) A4 H-24327","https://www.frenciniz.com/urun/772/fren-pabucu-bpw-ecoplus-oem-a-a4-h-24327-ekersan","772","Fren Pabucu","389","42.24"
"Frenciniz Urun Arama - Exact","Fren Pabucu","Exact","BPW dorse dingili Fren Pabucu","https://www.frenciniz.com/urun/772/fren-pabucu-bpw-ecoplus-oem-a-a4-h-24327-ekersan","772","Fren Pabucu","389","42.24"
"Frenciniz Urun Arama - Exact","Fren Pabucu","Exact","BPW dorse dingili (A) A4","https://www.frenciniz.com/urun/772/fren-pabucu-bpw-ecoplus-oem-a-a4-h-24327-ekersan","772","Fren Pabucu","389","42.24"
"Frenciniz Urun Arama - Exact","Fren Pabucu","Exact","Fren Pabucu BPW ECOPlus OEM (A) A4 H-24328","https://www.frenciniz.com/urun/771/fren-pabucu-bpw-ecoplus-oem-a-a4-h-24328-ekersan","771","Fren Pabucu","382","42.24"
"Frenciniz Urun Arama - Exact","Fren Pabucu","Exact","BPW dorse dingili Fren Pabucu","https://www.frenciniz.com/urun/771/fren-pabucu-bpw-ecoplus-oem-a-a4-h-24328-ekersan","771","Fren Pabucu","382","42.24"
"Frenciniz Urun Arama - Exact","Fren Pabucu","Exact","BPW dorse dingili (A) A4","https://www.frenciniz.com/urun/771/fren-pabucu-bpw-ecoplus-oem-a-a4-h-24328-ekersan","771","Fren Pabucu","382","42.24"
"Frenciniz Urun Arama - Exact","Bijon","Exact","Bijon Scania P G R 115 mm Arka OEM 1847739 ESB 919 10","https://www.frenciniz.com/urun/16/bijon-scania-p-g-r-115-mm-arka-oem-1847739-esb-919-10-ekersan","16","Bijon","380","218.55"
"Frenciniz Urun Arama - Exact","Bijon","Exact","Scania P/G/R serisi Bijon","https://www.frenciniz.com/urun/16/bijon-scania-p-g-r-115-mm-arka-oem-1847739-esb-919-10-ekersan","16","Bijon","380","218.55"
"Frenciniz Urun Arama - Exact","Bijon","Exact","Scania P/G/R serisi 1847739","https://www.frenciniz.com/urun/16/bijon-scania-p-g-r-115-mm-arka-oem-1847739-esb-919-10-ekersan","16","Bijon","380","218.55"
"Frenciniz Urun Arama - Exact","Bijon","Exact","Bijon Mercedes Actros Axor 128 mm Arka OEM 3814011471-81455010099 ESB 116 10-1","https://www.frenciniz.com/urun/67/bijon-mercedes-actros-axor-128-mm-arka-oem-3814011471-81455010099-esb-116-10-1-ekersan","67","Bijon","369","193.99"
"Frenciniz Urun Arama - Exact","Bijon","Exact","Mercedes-Benz Actros Bijon","https://www.frenciniz.com/urun/67/bijon-mercedes-actros-axor-128-mm-arka-oem-3814011471-81455010099-esb-116-10-1-ekersan","67","Bijon","369","193.99"
"Frenciniz Urun Arama - Exact","Bijon","Exact","Mercedes-Benz Actros 3814011471-81455010099","https://www.frenciniz.com/urun/67/bijon-mercedes-actros-axor-128-mm-arka-oem-3814011471-81455010099-esb-116-10-1-ekersan","67","Bijon","369","193.99"
"Frenciniz Urun Arama - Exact","Bijon","Exact","Bijon Iveco Eurocargo Stralis Dps OEM 7168333 ESB 612 10","https://www.frenciniz.com/urun/30/bijon-iveco-eurocargo-stralis-dps-oem-7168333-esb-612-10-ekersan","30","Bijon","344","134.7"
"Frenciniz Urun Arama - Exact","Bijon","Exact","Iveco Eurocargo Bijon","https://www.frenciniz.com/urun/30/bijon-iveco-eurocargo-stralis-dps-oem-7168333-esb-612-10-ekersan","30","Bijon","344","134.7"
"Frenciniz Urun Arama - Exact","Bijon","Exact","Iveco Eurocargo 7168333","https://www.frenciniz.com/urun/30/bijon-iveco-eurocargo-stralis-dps-oem-7168333-esb-612-10-ekersan","30","Bijon","344","134.7"
"Frenciniz Urun Arama - Exact","Bijon","Exact","Bijon ROR Meritor 200 235 260 OEM 21022167 ESB 532 10","https://www.frenciniz.com/urun/316/bijon-ror-meritor-200-235-260-oem-21022167-esb-532-10-ekersan","316","Bijon","280","199.31"
"Frenciniz Urun Arama - Exact","Bijon","Exact","BMC Probus Bijon","https://www.frenciniz.com/urun/316/bijon-ror-meritor-200-235-260-oem-21022167-esb-532-10-ekersan","316","Bijon","280","199.31"
"Frenciniz Urun Arama - Exact","Bijon","Exact","BMC Probus 21022167","https://www.frenciniz.com/urun/316/bijon-ror-meritor-200-235-260-oem-21022167-esb-532-10-ekersan","316","Bijon","280","199.31"
"Frenciniz Urun Arama - Exact","Bijon","Exact","Bijon ROR Meritor 85 mm OEM 21022167 ESB 1313 10","https://www.frenciniz.com/urun/391/bijon-ror-meritor-85-mm-oem-21022167-esb-1313-10-ekersan","391","Bijon","280","218.55"
"Frenciniz Urun Arama - Exact","Bijon","Exact","ROR dorse dingili Bijon","https://www.frenciniz.com/urun/391/bijon-ror-meritor-85-mm-oem-21022167-esb-1313-10-ekersan","391","Bijon","280","218.55"
"Frenciniz Urun Arama - Exact","Bijon","Exact","ROR dorse dingili 21022167","https://www.frenciniz.com/urun/391/bijon-ror-meritor-85-mm-oem-21022167-esb-1313-10-ekersan","391","Bijon","280","218.55"
"Frenciniz Urun Arama - Exact","Bijon","Exact","Bijon Mercedes Actros Axor 105 mm DPS Arka OEM 3554010071-3814010671 ESB 112 10-1","https://www.frenciniz.com/urun/33/bijon-mercedes-actros-axor-105-mm-dps-arka-oem-3554010071-3814010671-esb-112-10-1-ekersan","33","Bijon","250","178.06"
"Frenciniz Urun Arama - Exact","Bijon","Exact","Mercedes-Benz Actros Bijon","https://www.frenciniz.com/urun/33/bijon-mercedes-actros-axor-105-mm-dps-arka-oem-3554010071-3814010671-esb-112-10-1-ekersan","33","Bijon","250","178.06"
"Frenciniz Urun Arama - Exact","Bijon","Exact","Mercedes-Benz Actros 3554010071-3814010671","https://www.frenciniz.com/urun/33/bijon-mercedes-actros-axor-105-mm-dps-arka-oem-3554010071-3814010671-esb-112-10-1-ekersan","33","Bijon","250","178.06"
"Frenciniz Urun Arama - Exact","Bijon","Exact","Bijon Renault Premium Magnum Kerax Midlum 79 mm 370 2317 OEM 5010319141-190221 ESB 2311 20","https://www.frenciniz.com/urun/355/bijon-renault-premium-magnum-kerax-midlum-79-mm-370-2317-oem-5010319141-190221-esb-2311-20","355","Bijon","250","199.31"
"Frenciniz Urun Arama - Exact","Bijon","Exact","Renault Trucks Premium Bijon","https://www.frenciniz.com/urun/355/bijon-renault-premium-magnum-kerax-midlum-79-mm-370-2317-oem-5010319141-190221-esb-2311-20","355","Bijon","250","199.31"
"Frenciniz Urun Arama - Exact","Bijon","Exact","Renault Trucks Premium 5010319141-190221","https://www.frenciniz.com/urun/355/bijon-renault-premium-magnum-kerax-midlum-79-mm-370-2317-oem-5010319141-190221-esb-2311-20","355","Bijon","250","199.31"
"Frenciniz Urun Arama - Exact","Bijon","Exact","Bijon Mercedes Actros Axor DPS 403 OEM 3384015071 ESB 160 20-1","https://www.frenciniz.com/urun/381/bijon-mercedes-actros-axor-dps-403-oem-3384015071-esb-160-20-1-ekersan","381","Bijon","240","178.06"
"Frenciniz Urun Arama - Exact","Bijon","Exact","Mercedes-Benz Actros Bijon","https://www.frenciniz.com/urun/381/bijon-mercedes-actros-axor-dps-403-oem-3384015071-esb-160-20-1-ekersan","381","Bijon","240","178.06"
"Frenciniz Urun Arama - Exact","Bijon","Exact","Mercedes-Benz Actros 3384015071","https://www.frenciniz.com/urun/381/bijon-mercedes-actros-axor-dps-403-oem-3384015071-esb-160-20-1-ekersan","381","Bijon","240","178.06"
"Frenciniz Urun Arama - Exact","Bijon","Exact","Bijon Renault Premium Magnum Kerax Midlum 114 mm OEM 5010241892 ESB 2318 10","https://www.frenciniz.com/urun/349/bijon-renault-premium-magnum-kerax-midlum-114-mm-oem-5010241892-esb-2318-10-ekersan","349","Bijon","220","199.31"
"Frenciniz Urun Arama - Exact","Bijon","Exact","Renault Trucks Premium Bijon","https://www.frenciniz.com/urun/349/bijon-renault-premium-magnum-kerax-midlum-114-mm-oem-5010241892-esb-2318-10-ekersan","349","Bijon","220","199.31"
"Frenciniz Urun Arama - Exact","Bijon","Exact","Renault Trucks Premium 5010241892","https://www.frenciniz.com/urun/349/bijon-renault-premium-magnum-kerax-midlum-114-mm-oem-5010241892-esb-2318-10-ekersan","349","Bijon","220","199.31"
"Frenciniz Urun Arama - Exact","Bijon","Exact","Bijon MAN TGA Arka SKU ESB 261 10","https://www.frenciniz.com/urun/342/bijon-man-tga-arka-sku-esb-261-10-ekersan","342","Bijon","210","186.94"
"Frenciniz Urun Arama - Exact","Bijon","Exact","MAN TGA Bijon","https://www.frenciniz.com/urun/342/bijon-man-tga-arka-sku-esb-261-10-ekersan","342","Bijon","210","186.94"
"Frenciniz Urun Arama - Exact","Bijon","Exact","MAN TGA ESB 261 10","https://www.frenciniz.com/urun/342/bijon-man-tga-arka-sku-esb-261-10-ekersan","342","Bijon","210","186.94"
"Frenciniz Urun Arama - Exact","Bijon","Exact","Bijon Mercedes Actros Axor 128 mm DPS'L Arka 2517-2521 OEM 3814011471 ESB 192 10-1","https://www.frenciniz.com/urun/238/bijon-mercedes-actros-axor-128-mm-dps-l-arka-2517-2521-oem-3814011471-esb-192-10-1-ekersan","238","Bijon","198","198.65"
"Frenciniz Urun Arama - Exact","Bijon","Exact","Mercedes-Benz Actros Bijon","https://www.frenciniz.com/urun/238/bijon-mercedes-actros-axor-128-mm-dps-l-arka-2517-2521-oem-3814011471-esb-192-10-1-ekersan","238","Bijon","198","198.65"
"Frenciniz Urun Arama - Exact","Bijon","Exact","Mercedes-Benz Actros 3814011471","https://www.frenciniz.com/urun/238/bijon-mercedes-actros-axor-128-mm-dps-l-arka-2517-2521-oem-3814011471-esb-192-10-1-ekersan","238","Bijon","198","198.65"
"Frenciniz Urun Arama - Exact","Bijon","Exact","Bijon Mercedes Actros Axor 73 mm 800 OEM 3714017071 ESB 170 20","https://www.frenciniz.com/urun/243/bijon-mercedes-actros-axor-73-mm-800-oem-3714017071-esb-170-20-ekersan","243","Bijon","180","163.57"
"Frenciniz Urun Arama - Exact","Bijon","Exact","Mercedes-Benz Actros Bijon","https://www.frenciniz.com/urun/243/bijon-mercedes-actros-axor-73-mm-800-oem-3714017071-esb-170-20-ekersan","243","Bijon","180","163.57"
"Frenciniz Urun Arama - Exact","Bijon","Exact","Mercedes-Benz Actros 3714017071","https://www.frenciniz.com/urun/243/bijon-mercedes-actros-axor-73-mm-800-oem-3714017071-esb-170-20-ekersan","243","Bijon","180","163.57"
"Frenciniz Urun Arama - Exact","Bijon","Exact","Bijon Iveco Eurocargo Stralis 64 mm Arka OEM 7168257 ESB 611 10","https://www.frenciniz.com/urun/313/bijon-iveco-eurocargo-stralis-64-mm-arka-oem-7168257-esb-611-10-ekersan","313","Bijon","166","134.7"
"Frenciniz Urun Arama - Exact","Bijon","Exact","Iveco Eurocargo Bijon","https://www.frenciniz.com/urun/313/bijon-iveco-eurocargo-stralis-64-mm-arka-oem-7168257-esb-611-10-ekersan","313","Bijon","166","134.7"
"Frenciniz Urun Arama - Exact","Bijon","Exact","Iveco Eurocargo 7168257","https://www.frenciniz.com/urun/313/bijon-iveco-eurocargo-stralis-64-mm-arka-oem-7168257-esb-611-10-ekersan","313","Bijon","166","134.7"
"Frenciniz Urun Arama - Exact","Bijon","Exact","Bijon Meritor ROR 95 mm OEM 9713579 ESB 2413 10","https://www.frenciniz.com/urun/345/bijon-meritor-ror-95-mm-oem-9713579-esb-2413-10-ekersan","345","Bijon","160","215.8"
"Frenciniz Urun Arama - Exact","Bijon","Exact","ROR dorse dingili Bijon","https://www.frenciniz.com/urun/345/bijon-meritor-ror-95-mm-oem-9713579-esb-2413-10-ekersan","345","Bijon","160","215.8"
"Frenciniz Urun Arama - Exact","Bijon","Exact","ROR dorse dingili 9713579","https://www.frenciniz.com/urun/345/bijon-meritor-ror-95-mm-oem-9713579-esb-2413-10-ekersan","345","Bijon","160","215.8"
"Frenciniz Urun Arama - Exact","Bijon","Exact","Bijon 100 mm OEM Efe Dorse Dipten Frezeli Bijon (100 mm) ESB 2240 10","https://www.frenciniz.com/urun/358/bijon-100-mm-oem-efe-dorse-dipten-frezeli-bijon-100-mm-esb-2240-10-ekersan","358","Bijon","160","255.66"
"Frenciniz Urun Arama - Exact","Bijon","Exact","Dorse / treyler Bijon","https://www.frenciniz.com/urun/358/bijon-100-mm-oem-efe-dorse-dipten-frezeli-bijon-100-mm-esb-2240-10-ekersan","358","Bijon","160","255.66"
"Frenciniz Urun Arama - Exact","Bijon","Exact","Dorse / treyler Efe Dorse Dipten Frezeli Bijon (100 mm)","https://www.frenciniz.com/urun/358/bijon-100-mm-oem-efe-dorse-dipten-frezeli-bijon-100-mm-esb-2240-10-ekersan","358","Bijon","160","255.66"
"Frenciniz Urun Arama - Exact","Bijon","Exact","Bijon ROR Meritor 95 mm OEM 21022167 ESB 1315 10","https://www.frenciniz.com/urun/2/bijon-ror-meritor-95-mm-oem-21022167-esb-1315-10-ekersan","2","Bijon","155","218.55"
"Frenciniz Urun Arama - Exact","Bijon","Exact","ROR dorse dingili Bijon","https://www.frenciniz.com/urun/2/bijon-ror-meritor-95-mm-oem-21022167-esb-1315-10-ekersan","2","Bijon","155","218.55"
"Frenciniz Urun Arama - Exact","Bijon","Exact","ROR dorse dingili 21022167","https://www.frenciniz.com/urun/2/bijon-ror-meritor-95-mm-oem-21022167-esb-1315-10-ekersan","2","Bijon","155","218.55"
"Frenciniz Urun Arama - Exact","Bijon","Exact","Bijon ROR Meritor Dps OEM 21020977-21020997 ESB 1312 10","https://www.frenciniz.com/urun/392/bijon-ror-meritor-dps-oem-21020977-21020997-esb-1312-10-ekersan","392","Bijon","150","218.55"
"Frenciniz Urun Arama - Exact","Bijon","Exact","ROR dorse dingili Bijon","https://www.frenciniz.com/urun/392/bijon-ror-meritor-dps-oem-21020977-21020997-esb-1312-10-ekersan","392","Bijon","150","218.55"
"Frenciniz Urun Arama - Exact","Bijon","Exact","ROR dorse dingili 21020977-21020997","https://www.frenciniz.com/urun/392/bijon-ror-meritor-dps-oem-21020977-21020997-esb-1312-10-ekersan","392","Bijon","150","218.55"
"Frenciniz Urun Arama - Exact","Bijon","Exact","Bijon Mercedes Actros Axor Dps OEM 3814010171 ESB 111 20-1","https://www.frenciniz.com/urun/393/bijon-mercedes-actros-axor-dps-oem-3814010171-esb-111-20-1-ekersan","393","Bijon","140","180.79"
"Frenciniz Urun Arama - Exact","Bijon","Exact","Mercedes-Benz Actros Bijon","https://www.frenciniz.com/urun/393/bijon-mercedes-actros-axor-dps-oem-3814010171-esb-111-20-1-ekersan","393","Bijon","140","180.79"
"Frenciniz Urun Arama - Exact","Bijon","Exact","Mercedes-Benz Actros 3814010171","https://www.frenciniz.com/urun/393/bijon-mercedes-actros-axor-dps-oem-3814010171-esb-111-20-1-ekersan","393","Bijon","140","180.79"
"Frenciniz Urun Arama - Exact","Bijon","Exact","Bijon Mercedes Actros Axor 92 mm Dakromatlı Arka OEM 9424010371 ESB 180 10-3","https://www.frenciniz.com/urun/32/bijon-mercedes-actros-axor-92-mm-dakromatli-arka-oem-9424010371-esb-180-10-3-ekersan","32","Bijon","100","196.28"
"Frenciniz Urun Arama - Exact","Bijon","Exact","Mercedes-Benz Axor Bijon","https://www.frenciniz.com/urun/32/bijon-mercedes-actros-axor-92-mm-dakromatli-arka-oem-9424010371-esb-180-10-3-ekersan","32","Bijon","100","196.28"
"Frenciniz Urun Arama - Exact","Bijon","Exact","Mercedes-Benz Axor 9424010371","https://www.frenciniz.com/urun/32/bijon-mercedes-actros-axor-92-mm-dakromatli-arka-oem-9424010371-esb-180-10-3-ekersan","32","Bijon","100","196.28"
"Frenciniz Urun Arama - Exact","Bijon","Exact","Bijon BMC Probus Profesyonel Fatih Pro 82 mm E.M 214 OEM 7K13123 ESB 330 20","https://www.frenciniz.com/urun/337/bijon-bmc-probus-profesyonel-fatih-pro-82-mm-e-m-214-oem-7k13123-esb-330-20-ekersan","337","Bijon","100","199.31"
"Frenciniz Urun Arama - Exact","Bijon","Exact","BMC Probus Bijon","https://www.frenciniz.com/urun/337/bijon-bmc-probus-profesyonel-fatih-pro-82-mm-e-m-214-oem-7k13123-esb-330-20-ekersan","337","Bijon","100","199.31"
"Frenciniz Urun Arama - Exact","Bijon","Exact","BMC Probus 7K13123","https://www.frenciniz.com/urun/337/bijon-bmc-probus-profesyonel-fatih-pro-82-mm-e-m-214-oem-7k13123-esb-330-20-ekersan","337","Bijon","100","199.31"
"Frenciniz Urun Arama - Exact","Bijon","Exact","Bijon Volvo FH FH12 FM FL 110 mm Arka OEM 1573083 ESB 1413 10","https://www.frenciniz.com/urun/386/bijon-volvo-fh-fh12-fm-fl-110-mm-arka-oem-1573083-esb-1413-10-ekersan","386","Bijon","80","199.31"
"Frenciniz Urun Arama - Exact","Bijon","Exact","Volvo FH Bijon","https://www.frenciniz.com/urun/386/bijon-volvo-fh-fh12-fm-fl-110-mm-arka-oem-1573083-esb-1413-10-ekersan","386","Bijon","80","199.31"
"Frenciniz Urun Arama - Exact","Bijon","Exact","Volvo FH 1573083","https://www.frenciniz.com/urun/386/bijon-volvo-fh-fh12-fm-fl-110-mm-arka-oem-1573083-esb-1413-10-ekersan","386","Bijon","80","199.31"
"Frenciniz Urun Arama - Exact","Fren Diski","Exact","Fren Diski BPW ECOPlus WABCO ABS EBS Y.M 100 OEM 0331008510 EYD 91 02","https://www.frenciniz.com/urun/791/fren-diski-bpw-ecoplus-wabco-abs-ebs-y-m-100-oem-0331008510-eyd-91-02-ekersan","791","Fren Diski","70","264"
"Frenciniz Urun Arama - Exact","Fren Diski","Exact","BPW dorse dingili Fren Diski","https://www.frenciniz.com/urun/791/fren-diski-bpw-ecoplus-wabco-abs-ebs-y-m-100-oem-0331008510-eyd-91-02-ekersan","791","Fren Diski","70","264"
"Frenciniz Urun Arama - Exact","Fren Diski","Exact","BPW dorse dingili 0331008510","https://www.frenciniz.com/urun/791/fren-diski-bpw-ecoplus-wabco-abs-ebs-y-m-100-oem-0331008510-eyd-91-02-ekersan","791","Fren Diski","70","264"
"Frenciniz Urun Arama - Exact","Bijon","Exact","Bijon Volvo FH FH12 FM FL 100 mm Arka OEM 272740 ESB 1511 10","https://www.frenciniz.com/urun/382/bijon-volvo-fh-fh12-fm-fl-100-mm-arka-oem-272740-esb-1511-10-ekersan","382","Bijon","60","178.69"
"Frenciniz Urun Arama - Exact","Bijon","Exact","Volvo FH Bijon","https://www.frenciniz.com/urun/382/bijon-volvo-fh-fh12-fm-fl-100-mm-arka-oem-272740-esb-1511-10-ekersan","382","Bijon","60","178.69"
"Frenciniz Urun Arama - Exact","Bijon","Exact","Volvo FH 272740","https://www.frenciniz.com/urun/382/bijon-volvo-fh-fh12-fm-fl-100-mm-arka-oem-272740-esb-1511-10-ekersan","382","Bijon","60","178.69"
"Frenciniz Urun Arama - Exact","Bijon","Exact","Bijon Iveco Eurocargo Stralis OEM 7168346 ESB 610 20","https://www.frenciniz.com/urun/314/bijon-iveco-eurocargo-stralis-oem-7168346-esb-610-20-ekersan","314","Bijon","34","120.96"
"Frenciniz Urun Arama - Exact","Bijon","Exact","Iveco Eurocargo Bijon","https://www.frenciniz.com/urun/314/bijon-iveco-eurocargo-stralis-oem-7168346-esb-610-20-ekersan","314","Bijon","34","120.96"
"Frenciniz Urun Arama - Exact","Bijon","Exact","Iveco Eurocargo 7168346","https://www.frenciniz.com/urun/314/bijon-iveco-eurocargo-stralis-oem-7168346-esb-610-20-ekersan","314","Bijon","34","120.96"
"Frenciniz Urun Arama - Exact","Bijon","Exact","Bijon York Valx SKU ESB 3100 10","https://www.frenciniz.com/urun/29/bijon-york-valx-sku-esb-3100-10-ekersan","29","Bijon","20","199.31"
"Frenciniz Urun Arama - Exact","Bijon","Exact","Dorse / treyler Bijon","https://www.frenciniz.com/urun/29/bijon-york-valx-sku-esb-3100-10-ekersan","29","Bijon","20","199.31"
"Frenciniz Urun Arama - Exact","Bijon","Exact","Dorse / treyler ESB 3100 10","https://www.frenciniz.com/urun/29/bijon-york-valx-sku-esb-3100-10-ekersan","29","Bijon","20","199.31"
"Frenciniz Urun Arama - Exact","Fren Diski","Exact","Fren Diski Mitsubishi Canter Fuso Isuzu NPR NQR Ön OEM MK584503Y ESD 170 04","https://www.frenciniz.com/urun/163/fren-diski-mitsubishi-canter-fuso-isuzu-npr-nqr-on-oem-mk584503y-esd-170-04-ekersan","163","Fren Diski","18","3243.66"
"Frenciniz Urun Arama - Exact","Fren Diski","Exact","Mitsubishi Canter Fren Diski","https://www.frenciniz.com/urun/163/fren-diski-mitsubishi-canter-fuso-isuzu-npr-nqr-on-oem-mk584503y-esd-170-04-ekersan","163","Fren Diski","18","3243.66"
"Frenciniz Urun Arama - Exact","Fren Diski","Exact","Mitsubishi Canter MK584503Y","https://www.frenciniz.com/urun/163/fren-diski-mitsubishi-canter-fuso-isuzu-npr-nqr-on-oem-mk584503y-esd-170-04-ekersan","163","Fren Diski","18","3243.66"
"Frenciniz Urun Arama - Exact","Fren Diski","Exact","Fren Diski Renault Premium Magnum Kerax Midlum Ön 150 OEM 5010422262 ESD 040 07","https://www.frenciniz.com/urun/205/fren-diski-renault-premium-magnum-kerax-midlum-on-150-oem-5010422262-esd-040-07-ekersan","205","Fren Diski","18","4211.44"
"Frenciniz Urun Arama - Exact","Fren Diski","Exact","Renault Trucks Premium Fren Diski","https://www.frenciniz.com/urun/205/fren-diski-renault-premium-magnum-kerax-midlum-on-150-oem-5010422262-esd-040-07-ekersan","205","Fren Diski","18","4211.44"
"Frenciniz Urun Arama - Exact","Fren Diski","Exact","Renault Trucks Premium 5010422262","https://www.frenciniz.com/urun/205/fren-diski-renault-premium-magnum-kerax-midlum-on-150-oem-5010422262-esd-040-07-ekersan","205","Fren Diski","18","4211.44"
"Frenciniz Urun Arama - Exact","Fren Pabucu","Exact","Fren Pabucu MAN 22 cm Sol OEM (A) D3 EYD 206 09-1","https://www.frenciniz.com/urun/849/fren-pabucu-man-22-cm-sol-oem-a-d3-eyd-206-09-1-ekersan","849","Fren Pabucu","18","2211"
"Frenciniz Urun Arama - Exact","Fren Pabucu","Exact","MAN ağır vasıta Fren Pabucu","https://www.frenciniz.com/urun/849/fren-pabucu-man-22-cm-sol-oem-a-d3-eyd-206-09-1-ekersan","849","Fren Pabucu","18","2211"
"Frenciniz Urun Arama - Exact","Fren Pabucu","Exact","MAN ağır vasıta (A) D3","https://www.frenciniz.com/urun/849/fren-pabucu-man-22-cm-sol-oem-a-d3-eyd-206-09-1-ekersan","849","Fren Pabucu","18","2211"
"Frenciniz Urun Arama - Exact","Fren Pabucu","Exact","Fren Pabucu MAN 22 cm SAĞ OEM (A) D3 EYD 206 09","https://www.frenciniz.com/urun/850/fren-pabucu-man-22-cm-sag-oem-a-d3-eyd-206-09-ekersan","850","Fren Pabucu","18","2211"
"Frenciniz Urun Arama - Exact","Fren Pabucu","Exact","MAN ağır vasıta Fren Pabucu","https://www.frenciniz.com/urun/850/fren-pabucu-man-22-cm-sag-oem-a-d3-eyd-206-09-ekersan","850","Fren Pabucu","18","2211"
"Frenciniz Urun Arama - Exact","Fren Pabucu","Exact","MAN ağır vasıta (A) D3","https://www.frenciniz.com/urun/850/fren-pabucu-man-22-cm-sag-oem-a-d3-eyd-206-09-ekersan","850","Fren Pabucu","18","2211"
"Frenciniz Urun Arama - Exact","Fren Pabucu","Exact","Fren Pabucu Volvo FH FH12 FM FL 5 cm OEM 30.951.95 EYD 206 43-1","https://www.frenciniz.com/urun/844/fren-pabucu-volvo-fh-fh12-fm-fl-5-cm-oem-30-951-95-eyd-206-43-1-ekersan","844","Fren Pabucu","17","1102.2"
"Frenciniz Urun Arama - Exact","Fren Pabucu","Exact","Volvo FH Fren Pabucu","https://www.frenciniz.com/urun/844/fren-pabucu-volvo-fh-fh12-fm-fl-5-cm-oem-30-951-95-eyd-206-43-1-ekersan","844","Fren Pabucu","17","1102.2"
"Frenciniz Urun Arama - Exact","Fren Pabucu","Exact","Volvo FH 30.951.95","https://www.frenciniz.com/urun/844/fren-pabucu-volvo-fh-fh12-fm-fl-5-cm-oem-30-951-95-eyd-206-43-1-ekersan","844","Fren Pabucu","17","1102.2"
