"id","category","sku","oem","demand_group","demand_rank","demand_add_on","old_name","seo_name","seo_title","seo_description","primary_query","secondary_queries","url","demand_landing","stock","price"
"1","Mekanik Fren Cırcırı","ESC 1760-1","517465130-517465130-517465220-100001760-24490-A3450","","","no","Mekanik Fren Cırcırı 7 Delik 10 Kanal ESC 1760-1","517465130 Mekanik Fren Cırcırı 7 Delik 10 Kanal ESC 1760-1","517465130 Mekanik Fren Cırcırı 7 Delik 10 Kanal ESC 1760-1 | Frenciniz","517465130 Mekanik Fren Cırcırı 7 Delik 10 Kanal ESC 1760-1 icin stok, fiyat ve uyumluluk teyidi. Uygunluk adaylari: Ağır vasıta. OEM/SKU: 517465130. Stokta urun...","517465130 Mekanik Fren Cırcırı 7 Delik 10 Kanal ESC 1760-1","kamyon Mekanik Fren Cırcırı | kamyon 517465130 | 517465130 Mekanik Fren Cırcırı | ESC 1760-1 Mekanik Fren Cırcırı | Mekanik Fren Cırcırı 7 Delik 10 Kanal ESC 1760-1","https://www.frenciniz.com/urun/1/517465130-mekanik-fren-circiri-7-delik-10-kanal-esc-1760-1-ekersan","","600","1082.4"
"2","Bijon","ESB 1315 10","21022167","21022167-ror-meritor-bijon","14","yes","21022167 ROR Meritor Dorse Bijon ESB 1315 10","21022167 ROR Meritor Dorse Bijon ESB 1315 10","21022167 ROR Meritor Dorse Bijon ESB 1315 10 | Frenciniz","21022167 ROR Meritor Dorse Bijon ESB 1315 10 icin stok, fiyat ve uyumluluk teyidi. Uygunluk adaylari: ROR dorse dingili, Meritor/ROR treyler, Dorse / treyler....","21022167 bijon","ror meritor bijon | dorse bijon 21022167 | 21022167 ROR Meritor Dorse Bijon ESB 1315 10 | ROR dorse dingili Bijon | ROR dorse dingili 21022167 | ESB 1315 10 Bijon","https://www.frenciniz.com/urun/2/21022167-ror-meritor-dorse-bijon-esb-1315-10-ekersan","","155","218.55"
"3","Otomatik Fren Cırcırı","ESC 79458","14632, 79308, 79075, 79308, 5010260115, 79308, 4W3055","","","no","Renault Premium Magnum Kerax Midlum D Serisi Otomatik Fren Cırcırı ESC 79458","14632 Renault Premium Magnum Kerax Midlum D Serisi Otomatik Fren Cırcırı ESC 79458","14632 Renault Premium Magnum Kerax Midlum D Serisi... | Frenciniz","14632 Renault Premium Magnum Kerax Midlum D Serisi Otomatik Fren Cırcırı ESC 79458 icin stok, fiyat ve uyumluluk teyidi. Uygunluk adaylari: Renault Trucks...","14632 Renault Premium Magnum Kerax Midlum D Serisi Otomatik Fren Cırcırı ESC 79458","Renault Trucks Premium Otomatik Fren Cırcırı | Renault Trucks Premium 14632 | 14632 Otomatik Fren Cırcırı | ESC 79458 Otomatik Fren Cırcırı | Renault Premium Magnum Kerax Midlum D Serisi Otomatik Fren Cırcırı ESC 79458","https://www.frenciniz.com/urun/3/14632-renault-premium-magnum-kerax-midlum-d-serisi-otomatik-fren-circiri-esc-79458-ekersan","","25","1452"
"4","Otomatik Fren Cırcırı","ESC 79445","5010098861, 50010098861, 14634, 79295, 72799, 05010098861, 4W2925, KB2925","","","no","Renault Premium Magnum Kerax Midlum D Serisi Otomatik Fren Cırcırı ESC 79445","5010098861 Renault Premium Magnum Kerax Midlum D Serisi Otomatik Fren Cırcırı ESC 79445","5010098861 Renault Premium Magnum Kerax Midlum D Serisi... | Frenciniz","5010098861 Renault Premium Magnum Kerax Midlum D Serisi Otomatik Fren Cırcırı ESC 79445 icin stok, fiyat ve uyumluluk teyidi. Uygunluk adaylari: Renault Trucks...","5010098861 Renault Premium Magnum Kerax Midlum D Serisi Otomatik Fren Cırcırı ESC 79445","Renault Trucks Midlum Otomatik Fren Cırcırı | Renault Trucks Midlum 5010098861 | 5010098861 Otomatik Fren Cırcırı | ESC 79445 Otomatik Fren Cırcırı | Renault Premium Magnum Kerax Midlum D Serisi Otomatik Fren Cırcırı ESC 79445","https://www.frenciniz.com/urun/4/5010098861-renault-premium-magnum-kerax-midlum-d-serisi-otomatik-fren-circiri-esc-79445-ekersan","","29","1452"
"5","Otomatik Fren Cırcırı","ESC 79444","5010098860, 50010098860, 14633, 79294, 72798, 05010098860, 4W2920, 4W2920, KB2920","","","no","Renault Premium Magnum Kerax Midlum D Serisi Otomatik Fren Cırcırı ESC 79444","5010098860 Renault Premium Magnum Kerax Midlum D Serisi Otomatik Fren Cırcırı ESC 79444","5010098860 Renault Premium Magnum Kerax Midlum D Serisi... | Frenciniz","5010098860 Renault Premium Magnum Kerax Midlum D Serisi Otomatik Fren Cırcırı ESC 79444 icin stok, fiyat ve uyumluluk teyidi. Uygunluk adaylari: Renault Trucks...","5010098860 Renault Premium Magnum Kerax Midlum D Serisi Otomatik Fren Cırcırı ESC 79444","Renault Trucks Midlum Otomatik Fren Cırcırı | Renault Trucks Midlum 5010098860 | 5010098860 Otomatik Fren Cırcırı | ESC 79444 Otomatik Fren Cırcırı | Renault Premium Magnum Kerax Midlum D Serisi Otomatik Fren Cırcırı ESC 79444","https://www.frenciniz.com/urun/5/5010098860-renault-premium-magnum-kerax-midlum-d-serisi-otomatik-fren-circiri-esc-79444-ekersan","","14","1452"
"6","Fren Diski","ESD 130 09","387.061.2600.51","","","no","Isuzu NPR NQR Fren Diski","387.061.2600.51 Isuzu NPR NQR Fren Diski","387.061.2600.51 Isuzu NPR NQR Fren Diski | Frenciniz","387.061.2600.51 Isuzu NPR NQR Fren Diski icin stok, fiyat ve uyumluluk teyidi. Uygunluk adaylari: Isuzu Novo, Isuzu NovoCiti Life, Isuzu CitiLife. OEM/SKU:...","387.061.2600.51 Isuzu NPR NQR Fren Diski","Isuzu Novo Fren Diski | Isuzu Novo 387.061.2600.51 | 387.061.2600.51 Fren Diski | ESD 130 09 Fren Diski | Isuzu NPR NQR Fren Diski","https://www.frenciniz.com/urun/6/387-061-2600-51-isuzu-npr-nqr-fren-diski-ekersan","","39","3243.66"
"7","Fren Diski","ESD 220 03","","","","no","Ford Cargo Krone Dorse Kögel Dorse Fren Diski Göbekli","ESD 220 03 Ford Cargo Krone Dorse Kögel Dorse Fren Diski Göbekli","ESD 220 03 Ford Cargo Krone Dorse Kögel Dorse Fren Diski... | Frenciniz","ESD 220 03 Ford Cargo Krone Dorse Kögel Dorse Fren Diski Göbekli icin stok, fiyat ve uyumluluk teyidi. Uygunluk adaylari: Krone dorse, Krone treyler, Kögel...","ESD 220 03 Ford Cargo Krone Dorse Kögel Dorse Fren Diski Göbekli","Krone dorse Fren Diski | Krone dorse ESD 220 03 | ESD 220 03 Fren Diski | Ford Cargo Krone Dorse Kögel Dorse Fren Diski Göbekli","https://www.frenciniz.com/urun/7/esd-220-03-ford-cargo-krone-dorse-kogel-dorse-fren-diski-gobekli-ekersan","","179","4918.32"
"8","Disk Bijonu/Civatası","ESB 145 10","","","","no","Mercedes Atego Disk Bijonu Arka Y.M.","ESB 145 10 Mercedes Atego Disk Bijonu Arka Y.M.","ESB 145 10 Mercedes Atego Disk Bijonu Arka Y.M. | Frenciniz","ESB 145 10 Mercedes Atego Disk Bijonu Arka Y.M. icin stok, fiyat ve uyumluluk teyidi. Uygunluk adaylari: Mercedes-Benz Atego, Atego 815, Atego 818. OEM/SKU: ESB...","ESB 145 10 Mercedes Atego Disk Bijonu Arka Y.M.","Mercedes-Benz Atego Disk Bijonu/Civatası | Mercedes-Benz Atego ESB 145 10 | ESB 145 10 Disk Bijonu/Civatası | Mercedes Atego Disk Bijonu Arka Y.M.","https://www.frenciniz.com/urun/8/esb-145-10-mercedes-atego-disk-bijonu-arka-y-m-ekersan","","1010","170.44"
"9","Disk Bijonu/Civatası","ESB 4000 12","31796200","31796200-ror-meritor-knorr-wabco-disk-bijonu","15","yes","31796200 ROR Meritor Knorr WABCO Disk Bijonu ESB 4000 12","31796200 ROR Meritor Knorr WABCO Disk Bijonu ESB 4000 12","31796200 ROR Meritor Knorr WABCO Disk Bijonu ESB 4000 12 | Frenciniz","31796200 ROR Meritor Knorr WABCO Disk Bijonu ESB 4000 12 icin stok, fiyat ve uyumluluk teyidi. Uygunluk adaylari: Ağır vasıta kaliper sistemi, Knorr / WABCO /...","31796200 disk bijonu","knorr wabco disk bijonu | ror meritor disk bijonu | 31796200 ROR Meritor Knorr WABCO Disk Bijonu ESB 4000 12 | Ağır vasıta kaliper sistemi Disk Bijonu/Civatası | Ağır vasıta kaliper sistemi 31796200 | 31796200 Disk Bijonu/Civatası | ESB 4000 12 Disk Bijonu/Civatası","https://www.frenciniz.com/urun/9/31796200-ror-meritor-knorr-wabco-disk-bijonu-esb-4000-12-ekersan","","3990","73.46"
"10","Disk Bijonu/Civatası","ESB 4000 15","","","","no","Ford Cargo SAF Dorse Krone Dorse Kögel Dorse Disk Bijonu Y.M.","ESB 4000 15 Ford Cargo SAF Dorse Krone Dorse Kögel Dorse Disk Bijonu Y.M.","ESB 4000 15 Ford Cargo SAF Dorse Krone Dorse Kögel Dorse... | Frenciniz","ESB 4000 15 Ford Cargo SAF Dorse Krone Dorse Kögel Dorse Disk Bijonu Y.M. icin stok, fiyat ve uyumluluk teyidi. Uygunluk adaylari: SAF dorse dingili, SAF Holland...","ESB 4000 15 Ford Cargo SAF Dorse Krone Dorse Kögel Dorse Disk Bijonu Y.M.","SAF dorse dingili Disk Bijonu/Civatası | SAF dorse dingili ESB 4000 15 | ESB 4000 15 Disk Bijonu/Civatası | Ford Cargo SAF Dorse Krone Dorse Kögel Dorse Disk Bijonu Y.M.","https://www.frenciniz.com/urun/10/esb-4000-15-ford-cargo-saf-dorse-krone-dorse-kogel-dorse-disk-bijonu-y-m-ekersan","","3368","91.74"
"11","Disk Bijonu/Civatası","ESB 242 10","","","","no","MAN TGA TGS TGX TGM Disk Bijonu","ESB 242 10 MAN TGA TGS TGX TGM Disk Bijonu","ESB 242 10 MAN TGA TGS TGX TGM Disk Bijonu | Frenciniz","ESB 242 10 MAN TGA TGS TGX TGM Disk Bijonu icin stok, fiyat ve uyumluluk teyidi. Uygunluk adaylari: MAN TGS, MAN TGA 18.430, MAN TGA 18.460. OEM/SKU: ESB 242 10....","ESB 242 10 MAN TGA TGS TGX TGM Disk Bijonu","MAN TGS Disk Bijonu/Civatası | MAN TGS ESB 242 10 | ESB 242 10 Disk Bijonu/Civatası | MAN TGA TGS TGX TGM Disk Bijonu","https://www.frenciniz.com/urun/11/esb-242-10-man-tga-tgs-tgx-tgm-disk-bijonu-ekersan","","400","186.93"
"12","Fren Diski","ESD 040 31","5010598309 - 20763234","","","no","Renault Premium Magnum Kerax Midlum D Serisi Fren Diski ESD 040 31","5010598309 Renault Premium Magnum Kerax Midlum D Serisi Fren Diski ESD 040 31","5010598309 Renault Premium Magnum Kerax Midlum D Serisi... | Frenciniz","5010598309 Renault Premium Magnum Kerax Midlum D Serisi Fren Diski ESD 040 31 icin stok, fiyat ve uyumluluk teyidi. Uygunluk adaylari: Volvo FL II/FL III...","5010598309 Renault Premium Magnum Kerax Midlum D Serisi Fren Diski ESD 040 31","Volvo FL II/FL III Fren Diski | Volvo FL II/FL III 5010598309 | 5010598309 Fren Diski | ESD 040 31 Fren Diski | Renault Premium Magnum Kerax Midlum D Serisi Fren Diski ESD 040 31","https://www.frenciniz.com/urun/12/5010598309-renault-premium-magnum-kerax-midlum-d-serisi-fren-diski-esd-040-31-ekersan","","49","5464.8"
"13","Fren Diski","ESD 040 30","20700508 - 5010598308","","","no","Renault Premium Magnum Kerax Midlum D Serisi Fren Diski ESD 040 30","20700508 Renault Premium Magnum Kerax Midlum D Serisi Fren Diski ESD 040 30","20700508 Renault Premium Magnum Kerax Midlum D Serisi Fren... | Frenciniz","20700508 Renault Premium Magnum Kerax Midlum D Serisi Fren Diski ESD 040 30 icin stok, fiyat ve uyumluluk teyidi. Uygunluk adaylari: Renault Trucks Midlum, Volvo...","20700508 Renault Premium Magnum Kerax Midlum D Serisi Fren Diski ESD 040 30","Renault Trucks Midlum Fren Diski | Renault Trucks Midlum 20700508 | 20700508 Fren Diski | ESD 040 30 Fren Diski | Renault Premium Magnum Kerax Midlum D Serisi Fren Diski ESD 040 30","https://www.frenciniz.com/urun/13/20700508-renault-premium-magnum-kerax-midlum-d-serisi-fren-diski-esd-040-30-ekersan","","32","5237.1"
"14","Fren Cırcırı","ESC 80168","","","","no","Mercedes Arocs Fren Cırcırı Sol Ön","ESC 80168 Mercedes Arocs Fren Cırcırı Sol Ön","ESC 80168 Mercedes Arocs Fren Cırcırı Sol Ön | Frenciniz","ESC 80168 Mercedes Arocs Fren Cırcırı Sol Ön icin stok, fiyat ve uyumluluk teyidi. Uygunluk adaylari: Mercedes-Benz Arocs, Arocs 1842, Arocs 2636. OEM/SKU: ESC...","ESC 80168 Mercedes Arocs Fren Cırcırı Sol Ön","Mercedes-Benz Arocs Fren Cırcırı | Mercedes-Benz Arocs ESC 80168 | ESC 80168 Fren Cırcırı | Mercedes Arocs Fren Cırcırı Sol Ön","https://www.frenciniz.com/urun/14/esc-80168-mercedes-arocs-fren-circiri-sol-on-ekersan","","45","1452"
"15","Fren Cırcırı","ESC 80167","","","","no","Mercedes Arocs Fren Cırcırı Sağ Ön","ESC 80167 Mercedes Arocs Fren Cırcırı Sağ Ön","ESC 80167 Mercedes Arocs Fren Cırcırı Sağ Ön | Frenciniz","ESC 80167 Mercedes Arocs Fren Cırcırı Sağ Ön icin stok, fiyat ve uyumluluk teyidi. Uygunluk adaylari: Mercedes-Benz Arocs, Arocs 1842, Arocs 2636. OEM/SKU: ESC...","ESC 80167 Mercedes Arocs Fren Cırcırı Sağ Ön","Mercedes-Benz Arocs Fren Cırcırı | Mercedes-Benz Arocs ESC 80167 | ESC 80167 Fren Cırcırı | Mercedes Arocs Fren Cırcırı Sağ Ön","https://www.frenciniz.com/urun/15/esc-80167-mercedes-arocs-fren-circiri-sag-on-ekersan","","51","1452"
"16","Bijon","ESB 919 10","1847739","","","no","Scania P G R Bijon 115 mm Özel Arka","1847739 Scania P G R Bijon 115 mm Özel Arka","1847739 Scania P G R Bijon 115 mm Özel Arka | Frenciniz","1847739 Scania P G R Bijon 115 mm Özel Arka icin stok, fiyat ve uyumluluk teyidi. Uygunluk adaylari: Scania P/G/R serisi, Scania P serisi, Scania G420. OEM/SKU:...","1847739 Scania P G R Bijon 115 mm Özel Arka","Scania P/G/R serisi Bijon | Scania P/G/R serisi 1847739 | 1847739 Bijon | ESB 919 10 Bijon | Scania P G R Bijon 115 mm Özel Arka","https://www.frenciniz.com/urun/16/1847739-scania-p-g-r-bijon-115-mm-ozel-arka-ekersan","","380","218.55"
"17","Bijon","ESB 185 10","","","","no","Mercedes Axor Actros Bijon 120 mm Arka","ESB 185 10 Mercedes Axor Actros Bijon 120 mm Arka","ESB 185 10 Mercedes Axor Actros Bijon 120 mm Arka | Frenciniz","ESB 185 10 Mercedes Axor Actros Bijon 120 mm Arka icin stok, fiyat ve uyumluluk teyidi. Uygunluk adaylari: Mercedes-Benz Axor, Mercedes-Benz Actros, Actros 1840....","ESB 185 10 Mercedes Axor Actros Bijon 120 mm Arka","Mercedes-Benz Axor Bijon | Mercedes-Benz Axor ESB 185 10 | ESB 185 10 Bijon | Mercedes Axor Actros Bijon 120 mm Arka","https://www.frenciniz.com/urun/17/esb-185-10-mercedes-axor-actros-bijon-120-mm-arka-ekersan","","460","201.82"
"18","Fren Kampanası","ESK 010 45","3014210801","","","no","Mercedes Axor Actros Fren Kampanası ESK 010 45","3014210801 Mercedes Axor Actros Fren Kampanası ESK 010 45","3014210801 Mercedes Axor Actros Fren Kampanası ESK 010 45 | Frenciniz","3014210801 Mercedes Axor Actros Fren Kampanası ESK 010 45 icin stok, fiyat ve uyumluluk teyidi. Uygunluk adaylari: Mercedes-Benz Actros, Mercedes-Benz Axor...","3014210801 Mercedes Axor Actros Fren Kampanası ESK 010 45","Mercedes-Benz Actros Fren Kampanası | Mercedes-Benz Actros 3014210801 | 3014210801 Fren Kampanası | ESK 010 45 Fren Kampanası | Mercedes Axor Actros Fren Kampanası ESK 010 45","https://www.frenciniz.com/urun/18/3014210801-mercedes-axor-actros-fren-kampanasi-esk-010-45-ekersan","","118","5360.01"
"19","Otomatik Fren Cırcırı","ESC 79167","72318-44092-42795-2795-5000791212","","","no","Renault Premium Magnum Kerax Midlum D Serisi Otomatik Fren Cırcırı ESC 79167","72318 Renault Premium Magnum Kerax Midlum D Serisi Otomatik Fren Cırcırı ESC 79167","72318 Renault Premium Magnum Kerax Midlum D Serisi... | Frenciniz","72318 Renault Premium Magnum Kerax Midlum D Serisi Otomatik Fren Cırcırı ESC 79167 icin stok, fiyat ve uyumluluk teyidi. Uygunluk adaylari: Renault Trucks...","72318 Renault Premium Magnum Kerax Midlum D Serisi Otomatik Fren Cırcırı ESC 79167","Renault Trucks Midlum Otomatik Fren Cırcırı | Renault Trucks Midlum 72318 | 72318 Otomatik Fren Cırcırı | ESC 79167 Otomatik Fren Cırcırı | Renault Premium Magnum Kerax Midlum D Serisi Otomatik Fren Cırcırı ESC 79167","https://www.frenciniz.com/urun/19/72318-renault-premium-magnum-kerax-midlum-d-serisi-otomatik-fren-circiri-esc-79167-ekersan","","15","1452"
"20","Bijon","ESB 670 10","42117459","","","no","Ford Cargo Bijon DPS ESB 670 10","42117459 Ford Cargo Bijon DPS ESB 670 10","42117459 Ford Cargo Bijon DPS ESB 670 10 | Frenciniz","42117459 Ford Cargo Bijon DPS ESB 670 10 icin stok, fiyat ve uyumluluk teyidi. Uygunluk adaylari: Iveco Eurocargo, Iveco Eurotech, Iveco Stralis. OEM/SKU:...","42117459 Ford Cargo Bijon DPS ESB 670 10","Iveco Eurocargo Bijon | Iveco Eurocargo 42117459 | 42117459 Bijon | ESB 670 10 Bijon | Ford Cargo Bijon DPS ESB 670 10","https://www.frenciniz.com/urun/20/42117459-ford-cargo-bijon-dps-esb-670-10-ekersan","","560","199.31"
"21","Bijon","ESB 784 11-L","","","","no","Isuzu NPR NQR Mitsubishi Canter Fuso Bijon Sol Arka ESB 784 11-L","Isuzu NPR NQR Mitsubishi Canter Fuso Bijon Sol Arka ESB 784 11-L","Isuzu NPR NQR Mitsubishi Canter Fuso Bijon Sol Arka ESB... | Frenciniz","Isuzu NPR NQR Mitsubishi Canter Fuso Bijon Sol Arka ESB 784 11-L icin stok, fiyat ve uyumluluk teyidi. Uygunluk adaylari: Mitsubishi Canter, Mitsubishi Fuso...","Isuzu NPR NQR Mitsubishi Canter Fuso Bijon Sol Arka ESB 784 11-L","Mitsubishi Canter Bijon | Mitsubishi Canter ESB 784 11-L | ESB 784 11-L Bijon","https://www.frenciniz.com/urun/21/isuzu-npr-nqr-mitsubishi-canter-fuso-bijon-sol-arka-esb-784-11-l-ekersan","","1096","175.95"
"22","Bijon","ESB 784 10-R","","","","no","Isuzu NPR NQR Mitsubishi Canter Fuso Bijon Sağ Arka ESB 784 10-R","Isuzu NPR NQR Mitsubishi Canter Fuso Bijon Sağ Arka ESB 784 10-R","Isuzu NPR NQR Mitsubishi Canter Fuso Bijon Sağ Arka ESB... | Frenciniz","Isuzu NPR NQR Mitsubishi Canter Fuso Bijon Sağ Arka ESB 784 10-R icin stok, fiyat ve uyumluluk teyidi. Uygunluk adaylari: Mitsubishi Canter, Mitsubishi Fuso...","Isuzu NPR NQR Mitsubishi Canter Fuso Bijon Sağ Arka ESB 784 10-R","Mitsubishi Canter Bijon | Mitsubishi Canter ESB 784 10-R | ESB 784 10-R Bijon","https://www.frenciniz.com/urun/22/isuzu-npr-nqr-mitsubishi-canter-fuso-bijon-sag-arka-esb-784-10-r-ekersan","","1596","175.95"
"23","Fren Kampanası","ESK 230 28","310977340","","","no","Ford Cargo BPW Dorse Krone Dorse Kögel Dorse Fren Kampanası ESK 230 28","310977340 Ford Cargo BPW Dorse Krone Dorse Kögel Dorse Fren Kampanası ESK 230 28","310977340 Ford Cargo BPW Dorse Krone Dorse Kögel Dorse... | Frenciniz","310977340 Ford Cargo BPW Dorse Krone Dorse Kögel Dorse Fren Kampanası ESK 230 28 icin stok, fiyat ve uyumluluk teyidi. Uygunluk adaylari: BPW dorse dingili, BPW...","310977340 Ford Cargo BPW Dorse Krone Dorse Kögel Dorse Fren Kampanası ESK 230 28","BPW dorse dingili Fren Kampanası | BPW dorse dingili 310977340 | 310977340 Fren Kampanası | ESK 230 28 Fren Kampanası | Ford Cargo BPW Dorse Krone Dorse Kögel Dorse Fren Kampanası ESK 230 28","https://www.frenciniz.com/urun/23/310977340-ford-cargo-bpw-dorse-krone-dorse-kogel-dorse-fren-kampanasi-esk-230-28-ekersan","","12","6004.6"
"24","Disk Bijonu/Civatası","ESB 4000 13","","","","no","Mercedes Axor Disk Bijonu","ESB 4000 13 Mercedes Axor Disk Bijonu","ESB 4000 13 Mercedes Axor Disk Bijonu | Frenciniz","ESB 4000 13 Mercedes Axor Disk Bijonu icin stok, fiyat ve uyumluluk teyidi. Uygunluk adaylari: Mercedes-Benz Axor, Axor 1840, Axor 1843. OEM/SKU: ESB 4000 13....","ESB 4000 13 Mercedes Axor Disk Bijonu","Mercedes-Benz Axor Disk Bijonu/Civatası | Mercedes-Benz Axor ESB 4000 13 | ESB 4000 13 Disk Bijonu/Civatası | Mercedes Axor Disk Bijonu","https://www.frenciniz.com/urun/24/esb-4000-13-mercedes-axor-disk-bijonu-ekersan","","2486","73.46"
"25","Fren Kampanası","ESK 290 03","1064010801-1064012801","","","no","Ford Cargo SAF Dorse Krone Dorse Kögel Dorse Fren Kampanası ESK 290 03","1064010801-1064012801 Ford Cargo SAF Dorse Krone Dorse Kögel Dorse Fren Kampanası ESK 290 03","1064010801-1064012801 Ford Cargo SAF Dorse Krone Dorse... | Frenciniz","1064010801-1064012801 Ford Cargo SAF Dorse Krone Dorse Kögel Dorse Fren Kampanası ESK 290 03 icin stok, fiyat ve uyumluluk teyidi. Uygunluk adaylari: SAF dorse...","1064010801-1064012801 Ford Cargo SAF Dorse Krone Dorse Kögel Dorse Fren Kampanası ESK 290 03","SAF dorse dingili Fren Kampanası | SAF dorse dingili 1064010801-1064012801 | 1064010801-1064012801 Fren Kampanası | ESK 290 03 Fren Kampanası | Ford Cargo SAF Dorse Krone Dorse Kögel Dorse Fren Kampanası ESK 290 03","https://www.frenciniz.com/urun/25/1064010801-1064012801-ford-cargo-saf-dorse-krone-dorse-kogel-dorse-fren-kampanasi-esk-290-03","","4","4724.32"
"26","Fren Cırcırı","ESC 70953","4175020800-44015520-21229251-21222874-41120-16104-9251-96-1120-52305","","","no","BMC Fren Cırcırı Sol","4175020800 BMC Fren Cırcırı Sol","4175020800 BMC Fren Cırcırı Sol | Frenciniz","4175020800 BMC Fren Cırcırı Sol icin stok, fiyat ve uyumluluk teyidi. Uygunluk adaylari: BMC Probus, BMC Profesyonel, BMC Fatih. OEM/SKU: 4175020800. Stokta...","4175020800 BMC Fren Cırcırı Sol","BMC Probus Fren Cırcırı | BMC Probus 4175020800 | 4175020800 Fren Cırcırı | ESC 70953 Fren Cırcırı | BMC Fren Cırcırı Sol","https://www.frenciniz.com/urun/26/4175020800-bmc-fren-circiri-sol-ekersan","","1","1452"
"27","Otomatik Fren Cırcırı","ESC 72675","42115-2115-72109-281090-159558","","","no","Otomatik Fren Cırcırı Otomatik Fren Cırcırı ESC 72675","42115 Otomatik Fren Cırcırı Otomatik Fren Cırcırı ESC 72675","42115 Otomatik Fren Cırcırı Otomatik Fren Cırcırı ESC 72675 | Frenciniz","42115 Otomatik Fren Cırcırı Otomatik Fren Cırcırı ESC 72675 icin stok, fiyat ve uyumluluk teyidi. Uygunluk adaylari: Ağır vasıta. OEM/SKU: 42115. Stokta urun...","42115 Otomatik Fren Cırcırı Otomatik Fren Cırcırı ESC 72675","kamyon Otomatik Fren Cırcırı | kamyon 42115 | 42115 Otomatik Fren Cırcırı | ESC 72675 Otomatik Fren Cırcırı | Otomatik Fren Cırcırı Otomatik Fren Cırcırı ESC 72675","https://www.frenciniz.com/urun/27/42115-otomatik-fren-circiri-otomatik-fren-circiri-esc-72675-ekersan","","37","1452"
"28","Fren Cırcırı","ESC 72209","3574200538-72059-42040-14707-14708-2040-4731188","","","no","Mercedes Travego Tourismo Fren Cırcırı Ön R-l","3574200538 Mercedes Travego Tourismo Fren Cırcırı Ön R-l","3574200538 Mercedes Travego Tourismo Fren Cırcırı Ön R-l | Frenciniz","3574200538 Mercedes Travego Tourismo Fren Cırcırı Ön R-l icin stok, fiyat ve uyumluluk teyidi. Uygunluk adaylari: Mercedes-Benz Travego, Mercedes-Benz Tourismo...","3574200538 Mercedes Travego Tourismo Fren Cırcırı Ön R-l","Mercedes-Benz Travego Fren Cırcırı | Mercedes-Benz Travego 3574200538 | 3574200538 Fren Cırcırı | ESC 72209 Fren Cırcırı | Mercedes Travego Tourismo Fren Cırcırı Ön R-l","https://www.frenciniz.com/urun/28/3574200538-mercedes-travego-tourismo-fren-circiri-on-r-l-ekersan","","30","1452"
"29","Bijon","ESB 3100 10","Yte Dingil (Öztreyler)","","","no","Ford Cargo Krone Dorse Kögel Dorse Bijon ESB 3100 10","Ford Cargo Krone Dorse Kögel Dorse Bijon ESB 3100 10","Ford Cargo Krone Dorse Kögel Dorse Bijon ESB 3100 10 | Frenciniz","Ford Cargo Krone Dorse Kögel Dorse Bijon ESB 3100 10 icin stok, fiyat ve uyumluluk teyidi. Uygunluk adaylari: Dorse / treyler, Ağır vasıta dorse dingili, York /...","Ford Cargo Krone Dorse Kögel Dorse Bijon ESB 3100 10","Dorse / treyler Bijon | Dorse / treyler ESB 3100 10 | ESB 3100 10 Bijon","https://www.frenciniz.com/urun/29/ford-cargo-krone-dorse-kogel-dorse-bijon-esb-3100-10-ekersan","","20","199.31"
"30","Bijon","ESB 612 10","7168333","","","no","Ford Cargo Bijon DPS ESB 612 10","7168333 Ford Cargo Bijon DPS ESB 612 10","7168333 Ford Cargo Bijon DPS ESB 612 10 | Frenciniz","7168333 Ford Cargo Bijon DPS ESB 612 10 icin stok, fiyat ve uyumluluk teyidi. Uygunluk adaylari: Iveco Eurocargo, Iveco Eurotech, Iveco Stralis. OEM/SKU:...","7168333 Ford Cargo Bijon DPS ESB 612 10","Iveco Eurocargo Bijon | Iveco Eurocargo 7168333 | 7168333 Bijon | ESB 612 10 Bijon | Ford Cargo Bijon DPS ESB 612 10","https://www.frenciniz.com/urun/30/7168333-ford-cargo-bijon-dps-esb-612-10-ekersan","","344","134.7"
"31","Bijon","ESB 425 10","","","","no","Ford Cargo Bijon 115 mm","ESB 425 10 Ford Cargo Bijon 115 mm","ESB 425 10 Ford Cargo Bijon 115 mm | Frenciniz","ESB 425 10 Ford Cargo Bijon 115 mm icin stok, fiyat ve uyumluluk teyidi. Uygunluk adaylari: Ford Cargo, Ford Cargo 1846, Ford Cargo 3230. OEM/SKU: ESB 425 10....","ESB 425 10 Ford Cargo Bijon 115 mm","Ford Cargo Bijon | Ford Cargo ESB 425 10 | ESB 425 10 Bijon | Ford Cargo Bijon 115 mm","https://www.frenciniz.com/urun/31/esb-425-10-ford-cargo-bijon-115-mm-ekersan","","1050","218.55"
"32","Bijon","ESB 180 10-3","9424010371","","","no","Mercedes Axor Actros Bijon 92 mm Dakromatlı Arka","9424010371 Mercedes Axor Actros Bijon 92 mm Dakromatlı Arka","9424010371 Mercedes Axor Actros Bijon 92 mm Dakromatlı Arka | Frenciniz","9424010371 Mercedes Axor Actros Bijon 92 mm Dakromatlı Arka icin stok, fiyat ve uyumluluk teyidi. Uygunluk adaylari: Mercedes-Benz Axor, Mercedes-Benz Actros...","9424010371 Mercedes Axor Actros Bijon 92 mm Dakromatlı Arka","Mercedes-Benz Axor Bijon | Mercedes-Benz Axor 9424010371 | 9424010371 Bijon | ESB 180 10-3 Bijon | Mercedes Axor Actros Bijon 92 mm Dakromatlı Arka","https://www.frenciniz.com/urun/32/9424010371-mercedes-axor-actros-bijon-92-mm-dakromatli-arka-ekersan","","100","196.28"
"33","Bijon","ESB 112 10-1","3554010071-3814010671","","","no","Mercedes Axor Actros Bijon 105 mm DPS Arka","3554010071-3814010671 Mercedes Axor Actros Bijon 105 mm DPS Arka","3554010071-3814010671 Mercedes Axor Actros Bijon 105 mm... | Frenciniz","3554010071-3814010671 Mercedes Axor Actros Bijon 105 mm DPS Arka icin stok, fiyat ve uyumluluk teyidi. Uygunluk adaylari: Mercedes-Benz Actros, Mercedes-Benz...","3554010071-3814010671 Mercedes Axor Actros Bijon 105 mm DPS Arka","Mercedes-Benz Actros Bijon | Mercedes-Benz Actros 3554010071-3814010671 | 3554010071-3814010671 Bijon | ESB 112 10-1 Bijon | Mercedes Axor Actros Bijon 105 mm DPS Arka","https://www.frenciniz.com/urun/33/3554010071-3814010671-mercedes-axor-actros-bijon-105-mm-dps-arka-ekersan","","250","178.06"
"34","Fren Kampanası","ESK 160 62","Fren Kampanası","","","no","Ford Cargo Krone Dorse Kögel Dorse Fren Kampanası ESK 160 62","Ford Cargo Krone Dorse Kögel Dorse Fren Kampanası ESK 160 62","Ford Cargo Krone Dorse Kögel Dorse Fren Kampanası ESK 160 62 | Frenciniz","Ford Cargo Krone Dorse Kögel Dorse Fren Kampanası ESK 160 62 icin stok, fiyat ve uyumluluk teyidi. Uygunluk adaylari: Dorse / treyler, Ağır vasıta dorse dingili...","Ford Cargo Krone Dorse Kögel Dorse Fren Kampanası ESK 160 62","Dorse / treyler Fren Kampanası | Dorse / treyler ESK 160 62 | ESK 160 62 Fren Kampanası","https://www.frenciniz.com/urun/34/ford-cargo-krone-dorse-kogel-dorse-fren-kampanasi-esk-160-62-ekersan","","11","4977.16"
"35","Fren Kampanası","ESK 160 18-S","310667620-310967820-310967130","","","no","Ford Cargo BPW Dorse Krone Dorse Kögel Dorse Fren Kampanası 18 cm","310667620 Ford Cargo BPW Dorse Krone Dorse Kögel Dorse Fren Kampanası 18 cm","310667620 Ford Cargo BPW Dorse Krone Dorse Kögel Dorse... | Frenciniz","310667620 Ford Cargo BPW Dorse Krone Dorse Kögel Dorse Fren Kampanası 18 cm icin stok, fiyat ve uyumluluk teyidi. Uygunluk adaylari: BPW dorse dingili, BPW...","310667620 Ford Cargo BPW Dorse Krone Dorse Kögel Dorse Fren Kampanası 18 cm","BPW dorse dingili Fren Kampanası | BPW dorse dingili 310667620 | 310667620 Fren Kampanası | ESK 160 18-S Fren Kampanası | Ford Cargo BPW Dorse Krone Dorse Kögel Dorse Fren Kampanası 18 cm","https://www.frenciniz.com/urun/35/310667620-ford-cargo-bpw-dorse-krone-dorse-kogel-dorse-fren-kampanasi-18-cm-ekersan","","6","4998.43"
"36","Fren Kampanası","ESK 160 57","21018986-6041810-21018986V","","","no","Ford Cargo Krone Dorse Kögel Dorse Fren Kampanası ESK 160 57","21018986 Ford Cargo Krone Dorse Kögel Dorse Fren Kampanası ESK 160 57","21018986 Ford Cargo Krone Dorse Kögel Dorse Fren Kampanası... | Frenciniz","21018986 Ford Cargo Krone Dorse Kögel Dorse Fren Kampanası ESK 160 57 icin stok, fiyat ve uyumluluk teyidi. Uygunluk adaylari: ROR dorse dingili, Meritor/ROR...","21018986 Ford Cargo Krone Dorse Kögel Dorse Fren Kampanası ESK 160 57","ROR dorse dingili Fren Kampanası | ROR dorse dingili 21018986 | 21018986 Fren Kampanası | ESK 160 57 Fren Kampanası | Ford Cargo Krone Dorse Kögel Dorse Fren Kampanası ESK 160 57","https://www.frenciniz.com/urun/36/21018986-ford-cargo-krone-dorse-kogel-dorse-fren-kampanasi-esk-160-57-ekersan","","32","5998.12"
"37","Fren Kampanası","ESK 140 05","5010260663","","","no","Renault Premium Magnum Kerax Midlum D Serisi Fren Kampanası ESK 140 05","5010260663 Renault Premium Magnum Kerax Midlum D Serisi Fren Kampanası ESK 140 05","5010260663 Renault Premium Magnum Kerax Midlum D Serisi... | Frenciniz","5010260663 Renault Premium Magnum Kerax Midlum D Serisi Fren Kampanası ESK 140 05 icin stok, fiyat ve uyumluluk teyidi. Uygunluk adaylari: Renault Trucks...","5010260663 Renault Premium Magnum Kerax Midlum D Serisi Fren Kampanası ESK 140 05","Renault Trucks Premium Fren Kampanası | Renault Trucks Premium 5010260663 | 5010260663 Fren Kampanası | ESK 140 05 Fren Kampanası | Renault Premium Magnum Kerax Midlum D Serisi Fren Kampanası ESK 140 05","https://www.frenciniz.com/urun/37/5010260663-renault-premium-magnum-kerax-midlum-d-serisi-fren-kampanasi-esk-140-05-ekersan","","52","6359.7"
"38","Fren Kampanası","ESK 140 04","189923","","","no","Ford Cargo Krone Dorse Kögel Dorse Fren Kampanası ESK 140 04","189923 Ford Cargo Krone Dorse Kögel Dorse Fren Kampanası ESK 140 04","189923 Ford Cargo Krone Dorse Kögel Dorse Fren Kampanası... | Frenciniz","189923 Ford Cargo Krone Dorse Kögel Dorse Fren Kampanası ESK 140 04 icin stok, fiyat ve uyumluluk teyidi. Uygunluk adaylari: Tır / çekici, Krone dorse, Kögel...","189923 Ford Cargo Krone Dorse Kögel Dorse Fren Kampanası ESK 140 04","Kamyon Fren Kampanası | Kamyon 189923 | 189923 Fren Kampanası | ESK 140 04 Fren Kampanası | Ford Cargo Krone Dorse Kögel Dorse Fren Kampanası ESK 140 04","https://www.frenciniz.com/urun/38/189923-ford-cargo-krone-dorse-kogel-dorse-fren-kampanasi-esk-140-04-ekersan","","204","6147"
"39","Fren Kampanası","ESK 080 08","MB 060500","","","no","Isuzu NPR NQR Mitsubishi Canter Fuso Fren Kampanası Arka","MB 060500 Isuzu NPR NQR Mitsubishi Canter Fuso Fren Kampanası Arka","MB 060500 Isuzu NPR NQR Mitsubishi Canter Fuso Fren... | Frenciniz","MB 060500 Isuzu NPR NQR Mitsubishi Canter Fuso Fren Kampanası Arka icin stok, fiyat ve uyumluluk teyidi. Uygunluk adaylari: Mitsubishi Canter, Mitsubishi Fuso...","MB 060500 Isuzu NPR NQR Mitsubishi Canter Fuso Fren Kampanası Arka","Mitsubishi Canter Fren Kampanası | Mitsubishi Canter MB 060500 | MB 060500 Fren Kampanası | ESK 080 08 Fren Kampanası | Isuzu NPR NQR Mitsubishi Canter Fuso Fren Kampanası Arka","https://www.frenciniz.com/urun/39/mb-060500-isuzu-npr-nqr-mitsubishi-canter-fuso-fren-kampanasi-arka-ekersan","","14","2424.77"
"40","Fren Kampanası","ESK 040 17","","","","no","Ford Cargo Fren Kampanası Ön ESK 040 17","Ford Cargo Fren Kampanası Ön ESK 040 17","Ford Cargo Fren Kampanası Ön ESK 040 17 | Frenciniz","Ford Cargo Fren Kampanası Ön ESK 040 17 icin stok, fiyat ve uyumluluk teyidi. Uygunluk adaylari: Ford Cargo, Ford Cargo 1846, Ford Cargo 3230. OEM/SKU: ESK 040...","Ford Cargo Fren Kampanası Ön ESK 040 17","Ford Cargo Fren Kampanası | Ford Cargo ESK 040 17 | ESK 040 17 Fren Kampanası","https://www.frenciniz.com/urun/40/ford-cargo-fren-kampanasi-on-esk-040-17-ekersan","","2","6678.75"
"41","Fren Diski","ESD 110 02","8551042, 3092710","","","no","Volvo FH12 FM FL Fren Diski Maçasız Dolu 410 Çap","8551042 Volvo FH12 FM FL Fren Diski Maçasız Dolu 410 Çap","8551042 Volvo FH12 FM FL Fren Diski Maçasız Dolu 410 Çap | Frenciniz","8551042 Volvo FH12 FM FL Fren Diski Maçasız Dolu 410 Çap icin stok, fiyat ve uyumluluk teyidi. Uygunluk adaylari: Volvo FH, Volvo FH12, Volvo FM. OEM/SKU:...","8551042 Volvo FH12 FM FL Fren Diski Maçasız Dolu 410 Çap","Volvo FH Fren Diski | Volvo FH 8551042 | 8551042 Fren Diski | ESD 110 02 Fren Diski | Volvo FH12 FM FL Fren Diski Maçasız Dolu 410 Çap","https://www.frenciniz.com/urun/41/8551042-volvo-fh12-fm-fl-fren-diski-macasiz-dolu-410-cap-ekersan","","44","4234.65"
"42","Fren Diski","ESD 020 20","","","","no","MAN TGA TGS TGX TGM Fren Diski Maçasız Ön","ESD 020 20 MAN TGA TGS TGX TGM Fren Diski Maçasız Ön","ESD 020 20 MAN TGA TGS TGX TGM Fren Diski Maçasız Ön | Frenciniz","ESD 020 20 MAN TGA TGS TGX TGM Fren Diski Maçasız Ön icin stok, fiyat ve uyumluluk teyidi. Uygunluk adaylari: MAN TGA, MAN TGA 18.430, MAN TGA 18.460. OEM/SKU:...","ESD 020 20 MAN TGA TGS TGX TGM Fren Diski Maçasız Ön","MAN TGA Fren Diski | MAN TGA ESD 020 20 | ESD 020 20 Fren Diski | MAN TGA TGS TGX TGM Fren Diski Maçasız Ön","https://www.frenciniz.com/urun/42/esd-020-20-man-tga-tgs-tgx-tgm-fren-diski-macasiz-on-ekersan","","11","5360.02"
"43","Fren Diski","ESD 020 17","81508030027, 81508030020, 81508030057, II39290F","","","no","MAN TGA TGS TGX TGM Fren Diski ESD 020 17","81508030027 MAN TGA TGS TGX TGM Fren Diski ESD 020 17","81508030027 MAN TGA TGS TGX TGM Fren Diski ESD 020 17 | Frenciniz","81508030027 MAN TGA TGS TGX TGM Fren Diski ESD 020 17 icin stok, fiyat ve uyumluluk teyidi. Uygunluk adaylari: MAN TGM, MAN L2000, MAN M2000. OEM/SKU:...","81508030027 MAN TGA TGS TGX TGM Fren Diski ESD 020 17","MAN TGM Fren Diski | MAN TGM 81508030027 | 81508030027 Fren Diski | ESD 020 17 Fren Diski | MAN TGA TGS TGX TGM Fren Diski ESD 020 17","https://www.frenciniz.com/urun/43/81508030027-man-tga-tgs-tgx-tgm-fren-diski-esd-020-17-ekersan","","50","4519.86"
"44","Fren Diski","ESD 020 06","","","","no","MAN TGA TGS TGX TGM Fren Diski Dolu Arka","ESD 020 06 MAN TGA TGS TGX TGM Fren Diski Dolu Arka","ESD 020 06 MAN TGA TGS TGX TGM Fren Diski Dolu Arka | Frenciniz","ESD 020 06 MAN TGA TGS TGX TGM Fren Diski Dolu Arka icin stok, fiyat ve uyumluluk teyidi. Uygunluk adaylari: MAN TGA, MAN TGA 18.430, MAN TGA 18.460. OEM/SKU:...","ESD 020 06 MAN TGA TGS TGX TGM Fren Diski Dolu Arka","MAN TGA Fren Diski | MAN TGA ESD 020 06 | ESD 020 06 Fren Diski | MAN TGA TGS TGX TGM Fren Diski Dolu Arka","https://www.frenciniz.com/urun/44/esd-020-06-man-tga-tgs-tgx-tgm-fren-diski-dolu-arka-ekersan","","15","5487.64"
"45","Otomatik Fren Cırcırı","ESC 79164","4W2230-KB2230-RV 44059-5010056686-5010056686-5000789893-6310025-6310025- 72161-14544-14607","","","no","Renault Premium Magnum Kerax Midlum D Serisi Otomatik Fren Cırcırı ESC 79164","4W2230-KB2230-RV 44059-5010056686-5010056686-5000789893-6310025-6310025- 72161-14544-14607 Renault Premium Magnum Kerax Midlum D Serisi...","4W2230-KB2230-RV... | Frenciniz","4W2230-KB2230-RV 44059-5010056686-5010056686-5000789893-6310025-6310025- 72161-14544-14607 Renault Premium Magnum... icin stok, fiyat ve uyumluluk teyidi....","4W2230-KB2230-RV 44059-5010056686-5010056686-5000789893-6310025-6310025- 72161-14544-14607 Renault Premium Magnum Kerax Midlum D Serisi...","Renault Trucks Premium Otomatik Fren Cırcırı | Renault Trucks Premium 4W2230-KB2230-RV 44059-5010056686-5010056686-5000789893-6310025-6310025- 72161-14544-14607 | 4W2230-KB2230-RV 44059-5010056686-5010056686-5000789893-6310025-6310025- 72161-14544-14607 Otomatik Fren Cırcırı | ESC 79164 Otomatik Fren Cırcırı | Renault Premium Magnum Kerax Midlum D Serisi Otomatik Fren Cırcırı ESC 79164","https://www.frenciniz.com/urun/45/4w2230-kb2230-rv-44059-5010056686-5010056686-5000789893-6310025-6310025-72161-14544-14607","","13","1452"
"46","Otomatik Fren Cırcırı","ESC 79163","14608-14543-72160-6310024-6310024-5000789892-5010056685-5010056685-RV 44058-KB2240- 4W2240","","","no","Renault Premium Magnum Kerax Midlum D Serisi Otomatik Fren Cırcırı ESC 79163","14608 Renault Premium Magnum Kerax Midlum D Serisi Otomatik Fren Cırcırı ESC 79163","14608 Renault Premium Magnum Kerax Midlum D Serisi... | Frenciniz","14608 Renault Premium Magnum Kerax Midlum D Serisi Otomatik Fren Cırcırı ESC 79163 icin stok, fiyat ve uyumluluk teyidi. Uygunluk adaylari: Renault Trucks...","14608 Renault Premium Magnum Kerax Midlum D Serisi Otomatik Fren Cırcırı ESC 79163","Renault Trucks Premium Otomatik Fren Cırcırı | Renault Trucks Premium 14608 | 14608 Otomatik Fren Cırcırı | ESC 79163 Otomatik Fren Cırcırı | Renault Premium Magnum Kerax Midlum D Serisi Otomatik Fren Cırcırı ESC 79163","https://www.frenciniz.com/urun/46/14608-renault-premium-magnum-kerax-midlum-d-serisi-otomatik-fren-circiri-esc-79163-ekersan","","13","1452"
"47","Otomatik Fren Cırcırı","ESC 79439","5010098832-2910-14816-42910-72741","","","no","Renault Premium Magnum Kerax Midlum D Serisi Otomatik Fren Cırcırı ESC 79439","5010098832 Renault Premium Magnum Kerax Midlum D Serisi Otomatik Fren Cırcırı ESC 79439","5010098832 Renault Premium Magnum Kerax Midlum D Serisi... | Frenciniz","5010098832 Renault Premium Magnum Kerax Midlum D Serisi Otomatik Fren Cırcırı ESC 79439 icin stok, fiyat ve uyumluluk teyidi. Uygunluk adaylari: Renault Trucks...","5010098832 Renault Premium Magnum Kerax Midlum D Serisi Otomatik Fren Cırcırı ESC 79439","Renault Trucks Midlum Otomatik Fren Cırcırı | Renault Trucks Midlum 5010098832 | 5010098832 Otomatik Fren Cırcırı | ESC 79439 Otomatik Fren Cırcırı | Renault Premium Magnum Kerax Midlum D Serisi Otomatik Fren Cırcırı ESC 79439","https://www.frenciniz.com/urun/47/5010098832-renault-premium-magnum-kerax-midlum-d-serisi-otomatik-fren-circiri-esc-79439-ekersan","","18","1452"
"48","Otomatik Fren Cırcırı","ESC 79438","72740-14815-2905-5010098831","","","no","Renault Premium Magnum Kerax Midlum D Serisi Otomatik Fren Cırcırı ESC 79438","72740 Renault Premium Magnum Kerax Midlum D Serisi Otomatik Fren Cırcırı ESC 79438","72740 Renault Premium Magnum Kerax Midlum D Serisi... | Frenciniz","72740 Renault Premium Magnum Kerax Midlum D Serisi Otomatik Fren Cırcırı ESC 79438 icin stok, fiyat ve uyumluluk teyidi. Uygunluk adaylari: Renault Trucks...","72740 Renault Premium Magnum Kerax Midlum D Serisi Otomatik Fren Cırcırı ESC 79438","Renault Trucks Midlum Otomatik Fren Cırcırı | Renault Trucks Midlum 72740 | 72740 Otomatik Fren Cırcırı | ESC 79438 Otomatik Fren Cırcırı | Renault Premium Magnum Kerax Midlum D Serisi Otomatik Fren Cırcırı ESC 79438","https://www.frenciniz.com/urun/48/72740-renault-premium-magnum-kerax-midlum-d-serisi-otomatik-fren-circiri-esc-79438-ekersan","","16","1452"
"49","Mekanik Fren Cırcırı","ESC 1721","46404-201- 5968-24090-713930-9319019-106001721-517452610-2100200701-1041010068-4335010290","","","no","Mekanik Fren Cırcırı 5 Delik 10 Kanal","46404 Mekanik Fren Cırcırı 5 Delik 10 Kanal","46404 Mekanik Fren Cırcırı 5 Delik 10 Kanal | Frenciniz","46404 Mekanik Fren Cırcırı 5 Delik 10 Kanal icin stok, fiyat ve uyumluluk teyidi. Uygunluk adaylari: Ağır vasıta. OEM/SKU: 46404. Stokta urun, hizli kargo ve...","46404 Mekanik Fren Cırcırı 5 Delik 10 Kanal","kamyon Mekanik Fren Cırcırı | kamyon 46404 | 46404 Mekanik Fren Cırcırı | ESC 1721 Mekanik Fren Cırcırı | Mekanik Fren Cırcırı 5 Delik 10 Kanal","https://www.frenciniz.com/urun/49/46404-mekanik-fren-circiri-5-delik-10-kanal-ekersan","","26","1082.4"
"50","Bijon","ESB 230 20","81455010116-81455010152","","","no","MAN TGA TGS TGX TGM Bijon 58 mm 12-153","81455010116-81455010152 MAN TGA TGS TGX TGM Bijon 58 mm 12-153","81455010116-81455010152 MAN TGA TGS TGX TGM Bijon 58 mm 12-153 | Frenciniz","81455010116-81455010152 MAN TGA TGS TGX TGM Bijon 58 mm 12-153 icin stok, fiyat ve uyumluluk teyidi. Uygunluk adaylari: MAN ağır vasıta, MAN TGA 18.430, MAN TGA...","81455010116-81455010152 MAN TGA TGS TGX TGM Bijon 58 mm 12-153","MAN ağır vasıta Bijon | MAN ağır vasıta 81455010116-81455010152 | 81455010116-81455010152 Bijon | ESB 230 20 Bijon | MAN TGA TGS TGX TGM Bijon 58 mm 12-153","https://www.frenciniz.com/urun/50/81455010116-81455010152-man-tga-tgs-tgx-tgm-bijon-58-mm-12-153-ekersan","","2487","163.57"
"51","Otomatik Fren Cırcırı","ESC 80159","6234201538-6234201338-6194200338-6194200138-1662201-4731204-4731337-4731790-4731303-10644-2145-2050-14718-42145-42050-42990-7223","","","no","Mercedes Axor Actros Otomatik Fren Cırcırı ESC 80159","6234201538 Mercedes Axor Actros Otomatik Fren Cırcırı ESC 80159","6234201538 Mercedes Axor Actros Otomatik Fren Cırcırı ESC... | Frenciniz","6234201538 Mercedes Axor Actros Otomatik Fren Cırcırı ESC 80159 icin stok, fiyat ve uyumluluk teyidi. Uygunluk adaylari: Mercedes-Benz Actros, Mercedes-Benz...","6234201538 Mercedes Axor Actros Otomatik Fren Cırcırı ESC 80159","Mercedes-Benz Actros Otomatik Fren Cırcırı | Mercedes-Benz Actros 6234201538 | 6234201538 Otomatik Fren Cırcırı | ESC 80159 Otomatik Fren Cırcırı | Mercedes Axor Actros Otomatik Fren Cırcırı ESC 80159","https://www.frenciniz.com/urun/51/6234201538-mercedes-axor-actros-otomatik-fren-circiri-esc-80159-ekersan","","362","1452"
"52","Otomatik Fren Cırcırı","ESC 80158","4731329-4731196-1662200-6194200038-6194200238-6234201238-6234201438-6584200238-6524200038-4335767100-4335767120-4335767240-94242","","","no","Mercedes Axor Actros Otomatik Fren Cırcırı ESC 80158","4731329 Mercedes Axor Actros Otomatik Fren Cırcırı ESC 80158","4731329 Mercedes Axor Actros Otomatik Fren Cırcırı ESC 80158 | Frenciniz","4731329 Mercedes Axor Actros Otomatik Fren Cırcırı ESC 80158 icin stok, fiyat ve uyumluluk teyidi. Uygunluk adaylari: Mercedes-Benz Actros, Mercedes-Benz Axor...","4731329 Mercedes Axor Actros Otomatik Fren Cırcırı ESC 80158","Mercedes-Benz Actros Otomatik Fren Cırcırı | Mercedes-Benz Actros 4731329 | 4731329 Otomatik Fren Cırcırı | ESC 80158 Otomatik Fren Cırcırı | Mercedes Axor Actros Otomatik Fren Cırcırı ESC 80158","https://www.frenciniz.com/urun/52/4731329-mercedes-axor-actros-otomatik-fren-circiri-esc-80158-ekersan","","300","1452"
"53","Fren Kampanası","ESK 030 14","5K60512-1W","","","no","BMC Fren Kampanası 30 cm","5K60512-1W BMC Fren Kampanası 30 cm","5K60512-1W BMC Fren Kampanası 30 cm | Frenciniz","5K60512-1W BMC Fren Kampanası 30 cm icin stok, fiyat ve uyumluluk teyidi. Uygunluk adaylari: BMC Probus, BMC Profesyonel, BMC Fatih. OEM/SKU: 5K60512-1W. Stokta...","5K60512-1W BMC Fren Kampanası 30 cm","BMC Probus Fren Kampanası | BMC Probus 5K60512-1W | 5K60512-1W Fren Kampanası | ESK 030 14 Fren Kampanası | BMC Fren Kampanası 30 cm","https://www.frenciniz.com/urun/53/5k60512-1w-bmc-fren-kampanasi-30-cm-ekersan","","45","7816.69"
"54","Bijon","ESB 915 10-R","1528655","","","no","Scania P G R Bijon DPS ESB 915 10-R","1528655 Scania P G R Bijon DPS ESB 915 10-R","1528655 Scania P G R Bijon DPS ESB 915 10-R | Frenciniz","1528655 Scania P G R Bijon DPS ESB 915 10-R icin stok, fiyat ve uyumluluk teyidi. Uygunluk adaylari: Scania 4 serisi, Scania P/G/R serisi, Scania P serisi....","1528655 Scania P G R Bijon DPS ESB 915 10-R","Scania 4 serisi Bijon | Scania 4 serisi 1528655 | 1528655 Bijon | ESB 915 10-R Bijon | Scania P G R Bijon DPS ESB 915 10-R","https://www.frenciniz.com/urun/54/1528655-scania-p-g-r-bijon-dps-esb-915-10-r-ekersan","","3156","218.55"
"55","Otomatik Fren Cırcırı","ESC 79360","4731634-14721-42095-2095-70722-72320-72970-79210-81506106213-81506106153-81506106083","","","no","MAN Otomatik Fren Cırcırı ESC 79360","4731634 MAN Otomatik Fren Cırcırı ESC 79360","4731634 MAN Otomatik Fren Cırcırı ESC 79360 | Frenciniz","4731634 MAN Otomatik Fren Cırcırı ESC 79360 icin stok, fiyat ve uyumluluk teyidi. Uygunluk adaylari: Ağır vasıta. OEM/SKU: 4731634. Stokta urun, hizli kargo ve...","4731634 MAN Otomatik Fren Cırcırı ESC 79360","kamyon Otomatik Fren Cırcırı | kamyon 4731634 | 4731634 Otomatik Fren Cırcırı | ESC 79360 Otomatik Fren Cırcırı | MAN Otomatik Fren Cırcırı ESC 79360","https://www.frenciniz.com/urun/55/4731634-man-otomatik-fren-circiri-esc-79360-ekersan","","92","1452"
"56","Bijon","ESB 180 20","9424010271-4012371","","","no","Mercedes Axor Actros Bijon DPS ESB 180 20","9424010271-4012371 Mercedes Axor Actros Bijon DPS ESB 180 20","9424010271-4012371 Mercedes Axor Actros Bijon DPS ESB 180 20 | Frenciniz","9424010271-4012371 Mercedes Axor Actros Bijon DPS ESB 180 20 icin stok, fiyat ve uyumluluk teyidi. Uygunluk adaylari: Mercedes-Benz Actros, Mercedes-Benz Axor...","9424010271-4012371 Mercedes Axor Actros Bijon DPS ESB 180 20","Mercedes-Benz Actros Bijon | Mercedes-Benz Actros 9424010271-4012371 | 9424010271-4012371 Bijon | ESB 180 20 Bijon | Mercedes Axor Actros Bijon DPS ESB 180 20","https://www.frenciniz.com/urun/56/9424010271-4012371-mercedes-axor-actros-bijon-dps-esb-180-20-ekersan","","8489","183.64"
"57","Fren Kampanası","ESK 160 02","786450","","","no","Ford Cargo Krone Dorse Kögel Dorse Fren Kampanası Uzun","786450 Ford Cargo Krone Dorse Kögel Dorse Fren Kampanası Uzun","786450 Ford Cargo Krone Dorse Kögel Dorse Fren Kampanası Uzun | Frenciniz","786450 Ford Cargo Krone Dorse Kögel Dorse Fren Kampanası Uzun icin stok, fiyat ve uyumluluk teyidi. Uygunluk adaylari: Yerel dorse dingil grubu, Dorse / treyler...","786450 Ford Cargo Krone Dorse Kögel Dorse Fren Kampanası Uzun","Yerel dorse dingil grubu Fren Kampanası | Yerel dorse dingil grubu 786450 | 786450 Fren Kampanası | ESK 160 02 Fren Kampanası | Ford Cargo Krone Dorse Kögel Dorse Fren Kampanası Uzun","https://www.frenciniz.com/urun/57/786450-ford-cargo-krone-dorse-kogel-dorse-fren-kampanasi-uzun-ekersan","","39","6295.89"
"58","Bijon","ESB 180 10","9424010371-4014171","","","no","Mercedes Axor Actros Bijon DPS ESB 180 10","9424010371-4014171 Mercedes Axor Actros Bijon DPS ESB 180 10","9424010371-4014171 Mercedes Axor Actros Bijon DPS ESB 180 10 | Frenciniz","9424010371-4014171 Mercedes Axor Actros Bijon DPS ESB 180 10 icin stok, fiyat ve uyumluluk teyidi. Uygunluk adaylari: Mercedes-Benz Actros, Mercedes-Benz Axor...","9424010371-4014171 Mercedes Axor Actros Bijon DPS ESB 180 10","Mercedes-Benz Actros Bijon | Mercedes-Benz Actros 9424010371-4014171 | 9424010371-4014171 Bijon | ESB 180 10 Bijon | Mercedes Axor Actros Bijon DPS ESB 180 10","https://www.frenciniz.com/urun/58/9424010371-4014171-mercedes-axor-actros-bijon-dps-esb-180-10-ekersan","","5284","183.64"
"59","Bijon","ESB 194 20","3894010071-81455010114-81455010133-81455010163","","","no","Mercedes Axor Actros MAN Bijon 80 mm DPS","3894010071 Mercedes Axor Actros MAN Bijon 80 mm DPS","3894010071 Mercedes Axor Actros MAN Bijon 80 mm DPS | Frenciniz","3894010071 Mercedes Axor Actros MAN Bijon 80 mm DPS icin stok, fiyat ve uyumluluk teyidi. Uygunluk adaylari: Mercedes-Benz Axor, Mercedes-Benz Actros, Actros...","3894010071 Mercedes Axor Actros MAN Bijon 80 mm DPS","Mercedes-Benz Axor Bijon | Mercedes-Benz Axor 3894010071 | 3894010071 Bijon | ESB 194 20 Bijon | Mercedes Axor Actros MAN Bijon 80 mm DPS","https://www.frenciniz.com/urun/59/3894010071-mercedes-axor-actros-man-bijon-80-mm-dps-ekersan","","1590","183.64"
"60","Fren Cırcırı","ESC 114075","352194-31561-18883-8047-77743-100114075","","","no","Ford Cargo Krone Dorse Kögel Dorse Fren Cırcırı","352194 Ford Cargo Krone Dorse Kögel Dorse Fren Cırcırı","352194 Ford Cargo Krone Dorse Kögel Dorse Fren Cırcırı | Frenciniz","352194 Ford Cargo Krone Dorse Kögel Dorse Fren Cırcırı icin stok, fiyat ve uyumluluk teyidi. Uygunluk adaylari: Dorse / treyler, Ağır vasıta dorse dingili...","352194 Ford Cargo Krone Dorse Kögel Dorse Fren Cırcırı","Dorse / treyler Fren Cırcırı | Dorse / treyler 352194 | 352194 Fren Cırcırı | ESC 114075 Fren Cırcırı | Ford Cargo Krone Dorse Kögel Dorse Fren Cırcırı","https://www.frenciniz.com/urun/60/352194-ford-cargo-krone-dorse-kogel-dorse-fren-circiri-ekersan","","204","1082.4"
"61","Mekanik Fren Cırcırı","ESC 611","","","","no","Mekanik Fren Cırcırı Mekanik Fren Cırcırı","ESC 611 Mekanik Fren Cırcırı Mekanik Fren Cırcırı","ESC 611 Mekanik Fren Cırcırı Mekanik Fren Cırcırı | Frenciniz","ESC 611 Mekanik Fren Cırcırı Mekanik Fren Cırcırı icin stok, fiyat ve uyumluluk teyidi. Uygunluk adaylari: Ağır vasıta. OEM/SKU: ESC 611. Stokta urun, hizli...","ESC 611 Mekanik Fren Cırcırı Mekanik Fren Cırcırı","kamyon Mekanik Fren Cırcırı | kamyon ESC 611 | ESC 611 Mekanik Fren Cırcırı | Mekanik Fren Cırcırı Mekanik Fren Cırcırı","https://www.frenciniz.com/urun/61/esc-611-mekanik-fren-circiri-mekanik-fren-circiri-ekersan","","6","1082.4"
"62","Otomatik Fren Cırcırı","ESC 80331","80092-81506106252-81506106262","","","no","MAN Otomatik Fren Cırcırı ESC 80331","80092 MAN Otomatik Fren Cırcırı ESC 80331","80092 MAN Otomatik Fren Cırcırı ESC 80331 | Frenciniz","80092 MAN Otomatik Fren Cırcırı ESC 80331 icin stok, fiyat ve uyumluluk teyidi. Uygunluk adaylari: Ağır vasıta. OEM/SKU: 80092. Stokta urun, hizli kargo ve...","80092 MAN Otomatik Fren Cırcırı ESC 80331","kamyon Otomatik Fren Cırcırı | kamyon 80092 | 80092 Otomatik Fren Cırcırı | ESC 80331 Otomatik Fren Cırcırı | MAN Otomatik Fren Cırcırı ESC 80331","https://www.frenciniz.com/urun/62/80092-man-otomatik-fren-circiri-esc-80331-ekersan","","114","1452"
"63","Fren Cırcırı","ESC 79446","5010098862-79296-72813-4W2630-KB2630","","","no","Renault Premium Magnum Kerax Midlum D Serisi Fren Cırcırı ESC 79446","5010098862 Renault Premium Magnum Kerax Midlum D Serisi Fren Cırcırı ESC 79446","5010098862 Renault Premium Magnum Kerax Midlum D Serisi... | Frenciniz","5010098862 Renault Premium Magnum Kerax Midlum D Serisi Fren Cırcırı ESC 79446 icin stok, fiyat ve uyumluluk teyidi. Uygunluk adaylari: Renault Trucks Premium...","5010098862 Renault Premium Magnum Kerax Midlum D Serisi Fren Cırcırı ESC 79446","Renault Trucks Premium Fren Cırcırı | Renault Trucks Premium 5010098862 | 5010098862 Fren Cırcırı | ESC 79446 Fren Cırcırı | Renault Premium Magnum Kerax Midlum D Serisi Fren Cırcırı ESC 79446","https://www.frenciniz.com/urun/63/5010098862-renault-premium-magnum-kerax-midlum-d-serisi-fren-circiri-esc-79446-ekersan","","43","1452"
"64","Fren Cırcırı","ESC 79447","KB2635-4W2635-72814- 79297-5010098863","","","no","Renault Premium Magnum Kerax Midlum D Serisi Fren Cırcırı ESC 79447","KB2635-4W2635-72814- 79297-5010098863 Renault Premium Magnum Kerax Midlum D Serisi Fren Cırcırı ESC 79447","KB2635-4W2635-72814- 79297-5010098863 Renault Premium... | Frenciniz","KB2635-4W2635-72814- 79297-5010098863 Renault Premium Magnum Kerax Midlum D Serisi Fren Cırcırı ESC 79447 icin stok, fiyat ve uyumluluk teyidi. Uygunluk...","KB2635-4W2635-72814- 79297-5010098863 Renault Premium Magnum Kerax Midlum D Serisi Fren Cırcırı ESC 79447","Renault Trucks Premium Fren Cırcırı | Renault Trucks Premium KB2635-4W2635-72814- 79297-5010098863 | KB2635-4W2635-72814- 79297-5010098863 Fren Cırcırı | ESC 79447 Fren Cırcırı | Renault Premium Magnum Kerax Midlum D Serisi Fren Cırcırı ESC 79447","https://www.frenciniz.com/urun/64/kb2635-4w2635-72814-79297-5010098863-renault-premium-magnum-kerax-midlum-d-serisi-fren-circiri","","51","1452"
"65","Otomatik Fren Cırcırı","ESC 79358","4731618-14702-42070-2070-60003-72968-79208-72303-79514-81506106211-81506106235-81998033225","","","no","MAN Otomatik Fren Cırcırı ESC 79358","4731618 MAN Otomatik Fren Cırcırı ESC 79358","4731618 MAN Otomatik Fren Cırcırı ESC 79358 | Frenciniz","4731618 MAN Otomatik Fren Cırcırı ESC 79358 icin stok, fiyat ve uyumluluk teyidi. Uygunluk adaylari: Ağır vasıta. OEM/SKU: 4731618. Stokta urun, hizli kargo ve...","4731618 MAN Otomatik Fren Cırcırı ESC 79358","kamyon Otomatik Fren Cırcırı | kamyon 4731618 | 4731618 Otomatik Fren Cırcırı | ESC 79358 Otomatik Fren Cırcırı | MAN Otomatik Fren Cırcırı ESC 79358","https://www.frenciniz.com/urun/65/4731618-man-otomatik-fren-circiri-esc-79358-ekersan","","85","1452"
"66","Otomatik Fren Cırcırı","ESC 79359","81998033226-81506106166-81506106234-81506106210-79515-72304-79209-72969- 60004-2075-42075-14701-4731626","","","no","MAN Otomatik Fren Cırcırı ESC 79359","81998033226 MAN Otomatik Fren Cırcırı ESC 79359","81998033226 MAN Otomatik Fren Cırcırı ESC 79359 | Frenciniz","81998033226 MAN Otomatik Fren Cırcırı ESC 79359 icin stok, fiyat ve uyumluluk teyidi. Uygunluk adaylari: Ağır vasıta. OEM/SKU: 81998033226. Stokta urun, hizli...","81998033226 MAN Otomatik Fren Cırcırı ESC 79359","kamyon Otomatik Fren Cırcırı | kamyon 81998033226 | 81998033226 Otomatik Fren Cırcırı | ESC 79359 Otomatik Fren Cırcırı | MAN Otomatik Fren Cırcırı ESC 79359","https://www.frenciniz.com/urun/66/81998033226-man-otomatik-fren-circiri-esc-79359-ekersan","","86","1452"
"67","Bijon","ESB 116 10-1","3814011471-81455010099","","","no","Mercedes Axor Actros MAN Bijon 128 mm Özel Arka","3814011471-81455010099 Mercedes Axor Actros MAN Bijon 128 mm Özel Arka","3814011471-81455010099 Mercedes Axor Actros MAN Bijon 128... | Frenciniz","3814011471-81455010099 Mercedes Axor Actros MAN Bijon 128 mm Özel Arka icin stok, fiyat ve uyumluluk teyidi. Uygunluk adaylari: Mercedes-Benz Actros...","3814011471-81455010099 Mercedes Axor Actros MAN Bijon 128 mm Özel Arka","Mercedes-Benz Actros Bijon | Mercedes-Benz Actros 3814011471-81455010099 | 3814011471-81455010099 Bijon | ESB 116 10-1 Bijon | Mercedes Axor Actros MAN Bijon 128 mm Özel Arka","https://www.frenciniz.com/urun/67/3814011471-81455010099-mercedes-axor-actros-man-bijon-128-mm-ozel-arka-ekersan","","369","193.99"
"68","Fren Kampanası","ESK 160 30","310677560-125779409","","","no","Ford Cargo BPW Dorse Krone Dorse Kögel Dorse Fren Kampanası ESK 160 30","310677560-125779409 Ford Cargo BPW Dorse Krone Dorse Kögel Dorse Fren Kampanası ESK 160 30","310677560-125779409 Ford Cargo BPW Dorse Krone Dorse Kögel... | Frenciniz","310677560-125779409 Ford Cargo BPW Dorse Krone Dorse Kögel Dorse Fren Kampanası ESK 160 30 icin stok, fiyat ve uyumluluk teyidi. Uygunluk adaylari: BPW dorse...","310677560-125779409 Ford Cargo BPW Dorse Krone Dorse Kögel Dorse Fren Kampanası ESK 160 30","BPW dorse dingili Fren Kampanası | BPW dorse dingili 310677560-125779409 | 310677560-125779409 Fren Kampanası | ESK 160 30 Fren Kampanası | Ford Cargo BPW Dorse Krone Dorse Kögel Dorse Fren Kampanası ESK 160 30","https://www.frenciniz.com/urun/68/310677560-125779409-ford-cargo-bpw-dorse-krone-dorse-kogel-dorse-fren-kampanasi-esk-160-30","","3","6295.89"
"69","Fren Kampanası","ESK 160 43","Fren Kampanası","","","no","Ford Cargo Krone Dorse Kögel Dorse Fren Kampanası 8 Delik","ESK 160 43 Ford Cargo Krone Dorse Kögel Dorse Fren Kampanası 8 Delik","ESK 160 43 Ford Cargo Krone Dorse Kögel Dorse Fren... | Frenciniz","ESK 160 43 Ford Cargo Krone Dorse Kögel Dorse Fren Kampanası 8 Delik icin stok, fiyat ve uyumluluk teyidi. Uygunluk adaylari: ROR dorse dingili, Meritor/ROR...","ESK 160 43 Ford Cargo Krone Dorse Kögel Dorse Fren Kampanası 8 Delik","ROR dorse dingili Fren Kampanası | ROR dorse dingili ESK 160 43 | ESK 160 43 Fren Kampanası | Ford Cargo Krone Dorse Kögel Dorse Fren Kampanası 8 Delik","https://www.frenciniz.com/urun/69/esk-160-43-ford-cargo-krone-dorse-kogel-dorse-fren-kampanasi-8-delik-ekersan","","8","4413.51"
"70","Fren Kampanası","ESK 160 42","Fren Kampanası","","","no","Ford Cargo Krone Dorse Kögel Dorse Fren Kampanası 360 Çap ESK 160 42","Ford Cargo Krone Dorse Kögel Dorse Fren Kampanası 360 Çap ESK 160 42","Ford Cargo Krone Dorse Kögel Dorse Fren Kampanası 360 Çap... | Frenciniz","Ford Cargo Krone Dorse Kögel Dorse Fren Kampanası 360 Çap ESK 160 42 icin stok, fiyat ve uyumluluk teyidi. Uygunluk adaylari: ROR dorse dingili, Meritor/ROR...","Ford Cargo Krone Dorse Kögel Dorse Fren Kampanası 360 Çap ESK 160 42","ROR dorse dingili Fren Kampanası | ROR dorse dingili ESK 160 42 | ESK 160 42 Fren Kampanası","https://www.frenciniz.com/urun/70/ford-cargo-krone-dorse-kogel-dorse-fren-kampanasi-360-cap-esk-160-42-ekersan","","11","4509.22"
"71","Otomatik Fren Cırcırı","ESC 80350","80200, 3777729320, 80200C","","","no","Otomatik Fren Cırcırı Otomatik Fren Cırcırı ESC 80350","80200 Otomatik Fren Cırcırı Otomatik Fren Cırcırı ESC 80350","80200 Otomatik Fren Cırcırı Otomatik Fren Cırcırı ESC 80350 | Frenciniz","80200 Otomatik Fren Cırcırı Otomatik Fren Cırcırı ESC 80350 icin stok, fiyat ve uyumluluk teyidi. Uygunluk adaylari: Ağır vasıta. OEM/SKU: 80200. Stokta urun...","80200 Otomatik Fren Cırcırı Otomatik Fren Cırcırı ESC 80350","kamyon Otomatik Fren Cırcırı | kamyon 80200 | 80200 Otomatik Fren Cırcırı | ESC 80350 Otomatik Fren Cırcırı | Otomatik Fren Cırcırı Otomatik Fren Cırcırı ESC 80350","https://www.frenciniz.com/urun/71/80200-otomatik-fren-circiri-otomatik-fren-circiri-esc-80350-ekersan","","10","1452"
"72","Fren Diski","ESD 020 12","81508030042","81508030042-man-tgl-tgm-fren-diski","12","no","81508030042 MAN TGL TGM Fren Diski ESD 020 12","81508030042 MAN TGL TGM Fren Diski ESD 020 12","81508030042 MAN TGL TGM Fren Diski ESD 020 12 | Frenciniz","81508030042 MAN TGL TGM Fren Diski ESD 020 12 icin stok, fiyat ve uyumluluk teyidi. Uygunluk adaylari: MAN TGM, MAN TGL, MAN L2000. OEM/SKU: 81508030042. Stokta...","81508030042 fren diski","man tgl fren diski | man tgm fren diski | man 81508030042 | 81508030042 MAN TGL TGM Fren Diski ESD 020 12 | 81508030053 fren diski | MAN TGM 81508030042 | ESD 020 12 Fren Diski","https://www.frenciniz.com/urun/72/81508030042-man-tgl-tgm-fren-diski-esd-020-12-ekersan","https://www.frenciniz.com/81508030042-man-tgl-tgm-fren-diski","167","2903.34"
"73","Fren Kampanası","ESK 090 15","360571 , 2378715 , 1414153","","","no","Ford Cargo Krone Dorse Kögel Dorse Fren Kampanası ESK 090 15","360571 Ford Cargo Krone Dorse Kögel Dorse Fren Kampanası ESK 090 15","360571 Ford Cargo Krone Dorse Kögel Dorse Fren Kampanası... | Frenciniz","360571 Ford Cargo Krone Dorse Kögel Dorse Fren Kampanası ESK 090 15 icin stok, fiyat ve uyumluluk teyidi. Uygunluk adaylari: Tır / çekici, Krone dorse, Kögel...","360571 Ford Cargo Krone Dorse Kögel Dorse Fren Kampanası ESK 090 15","Kamyon Fren Kampanası | Kamyon 360571 | 360571 Fren Kampanası | ESK 090 15 Fren Kampanası | Ford Cargo Krone Dorse Kögel Dorse Fren Kampanası ESK 090 15","https://www.frenciniz.com/urun/73/360571-ford-cargo-krone-dorse-kogel-dorse-fren-kampanasi-esk-090-15-ekersan","","231","6763.83"
"74","Fren Diski","ESD 120 03-1","DC462A315AA","","","no","Ford Cargo Krone Dorse Kögel Dorse Fren Diski ABS'li Arka","DC462A315AA Ford Cargo Krone Dorse Kögel Dorse Fren Diski ABS'li Arka","DC462A315AA Ford Cargo Krone Dorse Kögel Dorse Fren Diski... | Frenciniz","DC462A315AA Ford Cargo Krone Dorse Kögel Dorse Fren Diski ABS'li Arka icin stok, fiyat ve uyumluluk teyidi. Uygunluk adaylari: Ford Cargo, WABCO ABS/EBS sistemi...","DC462A315AA Ford Cargo Krone Dorse Kögel Dorse Fren Diski ABS'li Arka","Ford Cargo Fren Diski | Ford Cargo DC462A315AA | DC462A315AA Fren Diski | ESD 120 03-1 Fren Diski | Ford Cargo Krone Dorse Kögel Dorse Fren Diski ABS'li Arka","https://www.frenciniz.com/urun/74/dc462a315aa-ford-cargo-krone-dorse-kogel-dorse-fren-diski-abs-li-arka-ekersan","","223","4700.65"
"75","Otomatik Fren Cırcırı","ESC 79455","14739- 4W3490- 5010260028- 72998","","","no","Renault Premium Magnum Kerax Midlum D Serisi Otomatik Fren Cırcırı ESC 79455","14739 Renault Premium Magnum Kerax Midlum D Serisi Otomatik Fren Cırcırı ESC 79455","14739 Renault Premium Magnum Kerax Midlum D Serisi... | Frenciniz","14739 Renault Premium Magnum Kerax Midlum D Serisi Otomatik Fren Cırcırı ESC 79455 icin stok, fiyat ve uyumluluk teyidi. Uygunluk adaylari: Renault Trucks...","14739 Renault Premium Magnum Kerax Midlum D Serisi Otomatik Fren Cırcırı ESC 79455","Renault Trucks Midlum Otomatik Fren Cırcırı | Renault Trucks Midlum 14739 | 14739 Otomatik Fren Cırcırı | ESC 79455 Otomatik Fren Cırcırı | Renault Premium Magnum Kerax Midlum D Serisi Otomatik Fren Cırcırı ESC 79455","https://www.frenciniz.com/urun/75/14739-renault-premium-magnum-kerax-midlum-d-serisi-otomatik-fren-circiri-esc-79455-ekersan","","10","1452"
"76","Fren Diski","ESD 040 04","5010525326","","","no","Renault Premium Magnum Kerax Midlum D Serisi Fren Diski ESD 040 04","5010525326 Renault Premium Magnum Kerax Midlum D Serisi Fren Diski ESD 040 04","5010525326 Renault Premium Magnum Kerax Midlum D Serisi... | Frenciniz","5010525326 Renault Premium Magnum Kerax Midlum D Serisi Fren Diski ESD 040 04 icin stok, fiyat ve uyumluluk teyidi. Uygunluk adaylari: Renault Trucks Midlum...","5010525326 Renault Premium Magnum Kerax Midlum D Serisi Fren Diski ESD 040 04","Renault Trucks Midlum Fren Diski | Renault Trucks Midlum 5010525326 | 5010525326 Fren Diski | ESD 040 04 Fren Diski | Renault Premium Magnum Kerax Midlum D Serisi Fren Diski ESD 040 04","https://www.frenciniz.com/urun/76/5010525326-renault-premium-magnum-kerax-midlum-d-serisi-fren-diski-esd-040-04-ekersan","","34","6763.83"
"77","Fren Kampanası","ESK 040 16","9C46-1126-AG","","","no","Ford Cargo Fren Kampanası ESK 040 16","9C46-1126-AG Ford Cargo Fren Kampanası ESK 040 16","9C46-1126-AG Ford Cargo Fren Kampanası ESK 040 16 | Frenciniz","9C46-1126-AG Ford Cargo Fren Kampanası ESK 040 16 icin stok, fiyat ve uyumluluk teyidi. Uygunluk adaylari: Ford Cargo, Ford Cargo 1846, Ford Cargo 3230. OEM/SKU:...","9C46-1126-AG Ford Cargo Fren Kampanası ESK 040 16","Ford Cargo Fren Kampanası | Ford Cargo 9C46-1126-AG | 9C46-1126-AG Fren Kampanası | ESK 040 16 Fren Kampanası | Ford Cargo Fren Kampanası ESK 040 16","https://www.frenciniz.com/urun/77/9c46-1126-ag-ford-cargo-fren-kampanasi-esk-040-16-ekersan","","14","7274.31"
"78","Fren Kampanası","ESK 161 01","310946060-310946070","","","no","Ford Cargo BPW Dorse Krone Dorse Kögel Dorse Fren Kampanası ESK 161 01","310946060-310946070 Ford Cargo BPW Dorse Krone Dorse Kögel Dorse Fren Kampanası ESK 161 01","310946060-310946070 Ford Cargo BPW Dorse Krone Dorse Kögel... | Frenciniz","310946060-310946070 Ford Cargo BPW Dorse Krone Dorse Kögel Dorse Fren Kampanası ESK 161 01 icin stok, fiyat ve uyumluluk teyidi. Uygunluk adaylari: BPW dorse...","310946060-310946070 Ford Cargo BPW Dorse Krone Dorse Kögel Dorse Fren Kampanası ESK 161 01","BPW dorse dingili Fren Kampanası | BPW dorse dingili 310946060-310946070 | 310946060-310946070 Fren Kampanası | ESK 161 01 Fren Kampanası | Ford Cargo BPW Dorse Krone Dorse Kögel Dorse Fren Kampanası ESK 161 01","https://www.frenciniz.com/urun/78/310946060-310946070-ford-cargo-bpw-dorse-krone-dorse-kogel-dorse-fren-kampanasi-esk-161-01","","15","4413.51"
"79","Fren Kampanası","ESK 160 24","1064026001-1064026002-1064026000","","","no","Ford Cargo SAF Dorse Krone Dorse Kögel Dorse Fren Kampanası ESK 160 24","1064026001 Ford Cargo SAF Dorse Krone Dorse Kögel Dorse Fren Kampanası ESK 160 24","1064026001 Ford Cargo SAF Dorse Krone Dorse Kögel Dorse... | Frenciniz","1064026001 Ford Cargo SAF Dorse Krone Dorse Kögel Dorse Fren Kampanası ESK 160 24 icin stok, fiyat ve uyumluluk teyidi. Uygunluk adaylari: SAF dorse dingili, SAF...","1064026001 Ford Cargo SAF Dorse Krone Dorse Kögel Dorse Fren Kampanası ESK 160 24","SAF dorse dingili Fren Kampanası | SAF dorse dingili 1064026001 | 1064026001 Fren Kampanası | ESK 160 24 Fren Kampanası | Ford Cargo SAF Dorse Krone Dorse Kögel Dorse Fren Kampanası ESK 160 24","https://www.frenciniz.com/urun/79/1064026001-ford-cargo-saf-dorse-krone-dorse-kogel-dorse-fren-kampanasi-esk-160-24-ekersan","","69","5307.81"
"80","Fren Kampanası","ESK 160 10","AJB0465002-M003176-465002-449628-462869-7000085-3176","","","no","Ford Cargo Krone Dorse Kögel Dorse Fren Kampanası ESK 160 10","AJB0465002-M003176-465002-449628-462869-7000085-3176 Ford Cargo Krone Dorse Kögel Dorse Fren Kampanası ESK 160 10","AJB0465002-M003176-465002-449628-462869-7000085-3176 Ford... | Frenciniz","AJB0465002-M003176-465002-449628-462869-7000085-3176 Ford Cargo Krone Dorse Kögel Dorse Fren Kampanası ESK 160 10 icin stok, fiyat ve uyumluluk teyidi. Uygunluk...","AJB0465002-M003176-465002-449628-462869-7000085-3176 Ford Cargo Krone Dorse Kögel Dorse Fren Kampanası ESK 160 10","Dorse dingil grubu Fren Kampanası | Dorse dingil grubu AJB0465002-M003176-465002-449628-462869-7000085-3176 | AJB0465002-M003176-465002-449628-462869-7000085-3176 Fren Kampanası | ESK 160 10 Fren Kampanası | Ford Cargo Krone Dorse Kögel Dorse Fren Kampanası ESK 160 10","https://www.frenciniz.com/urun/80/ajb0465002-m003176-465002-449628-462869-7000085-3176-ford-cargo-krone-dorse-kogel-dorse-fren","","9","6147"
"81","Fren Kampanası","ESK 100 02","284620 , 1233462 , 094903 , 595225","","","no","Ford Cargo Krone Dorse Kögel Dorse Fren Kampanası ESK 100 02","284620 Ford Cargo Krone Dorse Kögel Dorse Fren Kampanası ESK 100 02","284620 Ford Cargo Krone Dorse Kögel Dorse Fren Kampanası... | Frenciniz","284620 Ford Cargo Krone Dorse Kögel Dorse Fren Kampanası ESK 100 02 icin stok, fiyat ve uyumluluk teyidi. Uygunluk adaylari: Tır / çekici, Krone dorse, Kögel...","284620 Ford Cargo Krone Dorse Kögel Dorse Fren Kampanası ESK 100 02","Kamyon Fren Kampanası | Kamyon 284620 | 284620 Fren Kampanası | ESK 100 02 Fren Kampanası | Ford Cargo Krone Dorse Kögel Dorse Fren Kampanası ESK 100 02","https://www.frenciniz.com/urun/81/284620-ford-cargo-krone-dorse-kogel-dorse-fren-kampanasi-esk-100-02-ekersan","","77","5934.31"
"82","Fren Kampanası","ESK 010 31","3054230401","","","no","Mercedes Axor Actros Fren Kampanası ESK 010 31","3054230401 Mercedes Axor Actros Fren Kampanası ESK 010 31","3054230401 Mercedes Axor Actros Fren Kampanası ESK 010 31 | Frenciniz","3054230401 Mercedes Axor Actros Fren Kampanası ESK 010 31 icin stok, fiyat ve uyumluluk teyidi. Uygunluk adaylari: Mercedes-Benz Actros, Mercedes-Benz Axor...","3054230401 Mercedes Axor Actros Fren Kampanası ESK 010 31","Mercedes-Benz Actros Fren Kampanası | Mercedes-Benz Actros 3054230401 | 3054230401 Fren Kampanası | ESK 010 31 Fren Kampanası | Mercedes Axor Actros Fren Kampanası ESK 010 31","https://www.frenciniz.com/urun/82/3054230401-mercedes-axor-actros-fren-kampanasi-esk-010-31-ekersan","","102","5530.18"
"83","Bijon","ESB 461 10","","","","no","Ford Cargo Krone Dorse Kögel Dorse Bijon DPS ESB 461 10","Ford Cargo Krone Dorse Kögel Dorse Bijon DPS ESB 461 10","Ford Cargo Krone Dorse Kögel Dorse Bijon DPS ESB 461 10 | Frenciniz","Ford Cargo Krone Dorse Kögel Dorse Bijon DPS ESB 461 10 icin stok, fiyat ve uyumluluk teyidi. Uygunluk adaylari: Tır / çekici, Krone dorse, Kögel dorse. OEM/SKU:...","Ford Cargo Krone Dorse Kögel Dorse Bijon DPS ESB 461 10","Kamyon Bijon | Kamyon ESB 461 10 | ESB 461 10 Bijon","https://www.frenciniz.com/urun/83/ford-cargo-krone-dorse-kogel-dorse-bijon-dps-esb-461-10-ekersan","","3020","199.31"
"84","Fren Diski","ESD 110 05","8551042, 3092710","","","no","Volvo FH12 FM FL Fren Diski ESD 110 05","8551042 Volvo FH12 FM FL Fren Diski ESD 110 05","8551042 Volvo FH12 FM FL Fren Diski ESD 110 05 | Frenciniz","8551042 Volvo FH12 FM FL Fren Diski ESD 110 05 icin stok, fiyat ve uyumluluk teyidi. Uygunluk adaylari: Volvo FH, Volvo FM, Volvo FL. OEM/SKU: 8551042. Stokta...","8551042 Volvo FH12 FM FL Fren Diski ESD 110 05","Volvo FH Fren Diski | Volvo FH 8551042 | 8551042 Fren Diski | ESD 110 05 Fren Diski | Volvo FH12 FM FL Fren Diski ESD 110 05","https://www.frenciniz.com/urun/84/8551042-volvo-fh12-fm-fl-fren-diski-esd-110-05-ekersan","","79","4428.01"
"85","Fren Cırcırı","ESC 80423","","","","no","Mercedes Actros Arocs Fren Cırcırı Sağ","ESC 80423 Mercedes Actros Arocs Fren Cırcırı Sağ","ESC 80423 Mercedes Actros Arocs Fren Cırcırı Sağ | Frenciniz","ESC 80423 Mercedes Actros Arocs Fren Cırcırı Sağ icin stok, fiyat ve uyumluluk teyidi. Uygunluk adaylari: Mercedes-Benz Actros, Mercedes-Benz Arocs, Actros 1840....","ESC 80423 Mercedes Actros Arocs Fren Cırcırı Sağ","Mercedes-Benz Actros Fren Cırcırı | Mercedes-Benz Actros ESC 80423 | ESC 80423 Fren Cırcırı | Mercedes Actros Arocs Fren Cırcırı Sağ","https://www.frenciniz.com/urun/85/esc-80423-mercedes-actros-arocs-fren-circiri-sag-ekersan","","41","1452"
"86","Fren Cırcırı","ESC 80422","","","","no","Mercedes Arocs Fren Cırcırı Sol","ESC 80422 Mercedes Arocs Fren Cırcırı Sol","ESC 80422 Mercedes Arocs Fren Cırcırı Sol | Frenciniz","ESC 80422 Mercedes Arocs Fren Cırcırı Sol icin stok, fiyat ve uyumluluk teyidi. Uygunluk adaylari: Mercedes-Benz Arocs, Arocs 1842, Arocs 2636. OEM/SKU: ESC...","ESC 80422 Mercedes Arocs Fren Cırcırı Sol","Mercedes-Benz Arocs Fren Cırcırı | Mercedes-Benz Arocs ESC 80422 | ESC 80422 Fren Cırcırı | Mercedes Arocs Fren Cırcırı Sol","https://www.frenciniz.com/urun/86/esc-80422-mercedes-arocs-fren-circiri-sol-ekersan","","4","1452"
"87","Fren Diski","ESD 080 02","1386686, 1402272, 1852817, K000510, K000810","1386686-scania-pgr-fren-diski","8","no","1386686 Scania P G R Fren Diski ESD 080 02","1386686 Scania P G R Fren Diski ESD 080 02","1386686 Scania P G R Fren Diski ESD 080 02 | Frenciniz","1386686 Scania P G R Fren Diski ESD 080 02 icin stok, fiyat ve uyumluluk teyidi. Uygunluk adaylari: Scania P/G/R serisi, Scania 4 serisi, Scania P serisi....","1386686 fren diski","scania 1386686 | scania pgr fren diski | 1402272 fren diski | 1386686 Scania P G R Fren Diski ESD 080 02 | 1852817 fren diski | K000510 fren diski | K000810 fren diski","https://www.frenciniz.com/urun/87/1386686-scania-p-g-r-fren-diski-esd-080-02-ekersan","https://www.frenciniz.com/1386686-scania-pgr-fren-diski","12","4732.56"
"88","Fren Diski","ESD 130 06","8971686321 - 8982488950","","","no","Isuzu NPR NQR Mitsubishi Canter Fuso Fren Diski 70/75 Ön","8971686321 Isuzu NPR NQR Mitsubishi Canter Fuso Fren Diski 70/75 Ön","8971686321 Isuzu NPR NQR Mitsubishi Canter Fuso Fren Diski... | Frenciniz","8971686321 Isuzu NPR NQR Mitsubishi Canter Fuso Fren Diski 70/75 Ön icin stok, fiyat ve uyumluluk teyidi. Uygunluk adaylari: Isuzu Novo, Isuzu NovoCiti Life...","8971686321 Isuzu NPR NQR Mitsubishi Canter Fuso Fren Diski 70/75 Ön","Isuzu Novo Fren Diski | Isuzu Novo 8971686321 | 8971686321 Fren Diski | ESD 130 06 Fren Diski | Isuzu NPR NQR Mitsubishi Canter Fuso Fren Diski 70/75 Ön","https://www.frenciniz.com/urun/88/8971686321-isuzu-npr-nqr-mitsubishi-canter-fuso-fren-diski-70-75-on-ekersan","","2","3413.82"
"89","Fren Kampanası","ESK 161 07","Fren Kampanası","","","no","Ford Cargo Krone Dorse Kögel Dorse Fren Kampanası ESK 161 07","Ford Cargo Krone Dorse Kögel Dorse Fren Kampanası ESK 161 07","Ford Cargo Krone Dorse Kögel Dorse Fren Kampanası ESK 161 07 | Frenciniz","Ford Cargo Krone Dorse Kögel Dorse Fren Kampanası ESK 161 07 icin stok, fiyat ve uyumluluk teyidi. Uygunluk adaylari: Tır / çekici, Krone dorse, Kögel dorse....","Ford Cargo Krone Dorse Kögel Dorse Fren Kampanası ESK 161 07","Kamyon Fren Kampanası | Kamyon ESK 161 07 | ESK 161 07 Fren Kampanası","https://www.frenciniz.com/urun/89/ford-cargo-krone-dorse-kogel-dorse-fren-kampanasi-esk-161-07-ekersan","","200","4934.62"
"90","Fren Kampanası","ESK 161 02","Fren Kampanası","","","no","Ford Cargo Krone Dorse Kögel Dorse Fren Kampanası ESK 161 02","Ford Cargo Krone Dorse Kögel Dorse Fren Kampanası ESK 161 02","Ford Cargo Krone Dorse Kögel Dorse Fren Kampanası ESK 161 02 | Frenciniz","Ford Cargo Krone Dorse Kögel Dorse Fren Kampanası ESK 161 02 icin stok, fiyat ve uyumluluk teyidi. Uygunluk adaylari: Dorse / treyler, Ağır vasıta dorse dingili...","Ford Cargo Krone Dorse Kögel Dorse Fren Kampanası ESK 161 02","Dorse / treyler Fren Kampanası | Dorse / treyler ESK 161 02 | ESK 161 02 Fren Kampanası","https://www.frenciniz.com/urun/90/ford-cargo-krone-dorse-kogel-dorse-fren-kampanasi-esk-161-02-ekersan","","11","4413.51"
"91","Fren Kampanası","ESK 160 87","Fren Kampanası","","","no","Ford Cargo Krone Dorse Kögel Dorse Fren Kampanası ESK 160 87","Ford Cargo Krone Dorse Kögel Dorse Fren Kampanası ESK 160 87","Ford Cargo Krone Dorse Kögel Dorse Fren Kampanası ESK 160 87 | Frenciniz","Ford Cargo Krone Dorse Kögel Dorse Fren Kampanası ESK 160 87 icin stok, fiyat ve uyumluluk teyidi. Uygunluk adaylari: Dorse / treyler, Ağır vasıta dorse dingili...","Ford Cargo Krone Dorse Kögel Dorse Fren Kampanası ESK 160 87","Dorse / treyler Fren Kampanası | Dorse / treyler ESK 160 87 | ESK 160 87 Fren Kampanası","https://www.frenciniz.com/urun/91/ford-cargo-krone-dorse-kogel-dorse-fren-kampanasi-esk-160-87-ekersan","","381","5346.48"
"92","Fren Kampanası","ESK 160 82","K01","","","no","Ford Cargo Krone Dorse Kögel Dorse Fren Kampanası 10 Delik ESK 160 82","K01 Ford Cargo Krone Dorse Kögel Dorse Fren Kampanası 10 Delik ESK 160 82","K01 Ford Cargo Krone Dorse Kögel Dorse Fren Kampanası 10... | Frenciniz","K01 Ford Cargo Krone Dorse Kögel Dorse Fren Kampanası 10 Delik ESK 160 82 icin stok, fiyat ve uyumluluk teyidi. Uygunluk adaylari: Yerel dorse dingil grubu...","K01 Ford Cargo Krone Dorse Kögel Dorse Fren Kampanası 10 Delik ESK 160 82","Yerel dorse dingil grubu Fren Kampanası | Yerel dorse dingil grubu K01 | K01 Fren Kampanası | ESK 160 82 Fren Kampanası | Ford Cargo Krone Dorse Kögel Dorse Fren Kampanası 10 Delik ESK 160 82","https://www.frenciniz.com/urun/92/k01-ford-cargo-krone-dorse-kogel-dorse-fren-kampanasi-10-delik-esk-160-82-ekersan","","122","6168.27"
"93","Fren Kampanası","ESK 160 74","310677570-310977160-310977770","","","no","Ford Cargo BPW Dorse Krone Dorse Kögel Dorse Fren Kampanası 20 cm","310677570 Ford Cargo BPW Dorse Krone Dorse Kögel Dorse Fren Kampanası 20 cm","310677570 Ford Cargo BPW Dorse Krone Dorse Kögel Dorse... | Frenciniz","310677570 Ford Cargo BPW Dorse Krone Dorse Kögel Dorse Fren Kampanası 20 cm icin stok, fiyat ve uyumluluk teyidi. Uygunluk adaylari: BPW dorse dingili, BPW...","310677570 Ford Cargo BPW Dorse Krone Dorse Kögel Dorse Fren Kampanası 20 cm","BPW dorse dingili Fren Kampanası | BPW dorse dingili 310677570 | 310677570 Fren Kampanası | ESK 160 74 Fren Kampanası | Ford Cargo BPW Dorse Krone Dorse Kögel Dorse Fren Kampanası 20 cm","https://www.frenciniz.com/urun/93/310677570-ford-cargo-bpw-dorse-krone-dorse-kogel-dorse-fren-kampanasi-20-cm-ekersan","","20","5615.26"
"94","Fren Kampanası","ESK 160 61","Fren Kampanası","","","no","Ford Cargo Krone Dorse Kögel Dorse Fren Kampanası ESK 160 61","Ford Cargo Krone Dorse Kögel Dorse Fren Kampanası ESK 160 61","Ford Cargo Krone Dorse Kögel Dorse Fren Kampanası ESK 160 61 | Frenciniz","Ford Cargo Krone Dorse Kögel Dorse Fren Kampanası ESK 160 61 icin stok, fiyat ve uyumluluk teyidi. Uygunluk adaylari: Tır / çekici, Krone dorse, Kögel dorse....","Ford Cargo Krone Dorse Kögel Dorse Fren Kampanası ESK 160 61","Kamyon Fren Kampanası | Kamyon ESK 160 61 | ESK 160 61 Fren Kampanası","https://www.frenciniz.com/urun/94/ford-cargo-krone-dorse-kogel-dorse-fren-kampanasi-esk-160-61-ekersan","","94","6083.19"
"95","Fren Kampanası","ESK 160 53","2812","","","no","Ford Cargo Krone Dorse Kögel Dorse Fren Kampanası E.M.","2812 Ford Cargo Krone Dorse Kögel Dorse Fren Kampanası E.M.","2812 Ford Cargo Krone Dorse Kögel Dorse Fren Kampanası E.M. | Frenciniz","2812 Ford Cargo Krone Dorse Kögel Dorse Fren Kampanası E.M. icin stok, fiyat ve uyumluluk teyidi. Uygunluk adaylari: Dorse / treyler, Ağır vasıta dorse dingili...","2812 Ford Cargo Krone Dorse Kögel Dorse Fren Kampanası E.M.","Dorse / treyler Fren Kampanası | Dorse / treyler 2812 | 2812 Fren Kampanası | ESK 160 53 Fren Kampanası | Ford Cargo Krone Dorse Kögel Dorse Fren Kampanası E.M.","https://www.frenciniz.com/urun/95/2812-ford-cargo-krone-dorse-kogel-dorse-fren-kampanasi-e-m-ekersan","","254","6168.27"
"96","Fren Kampanası","ESK 160 32","Fren Kampanası","","","no","Ford Cargo Krone Dorse Kögel Dorse Fren Kampanası 10 Delik ESK 160 32","Ford Cargo Krone Dorse Kögel Dorse Fren Kampanası 10 Delik ESK 160 32","Ford Cargo Krone Dorse Kögel Dorse Fren Kampanası 10 Delik... | Frenciniz","Ford Cargo Krone Dorse Kögel Dorse Fren Kampanası 10 Delik ESK 160 32 icin stok, fiyat ve uyumluluk teyidi. Uygunluk adaylari: Dorse / treyler, Ağır vasıta dorse...","Ford Cargo Krone Dorse Kögel Dorse Fren Kampanası 10 Delik ESK 160 32","Dorse / treyler Fren Kampanası | Dorse / treyler ESK 160 32 | ESK 160 32 Fren Kampanası","https://www.frenciniz.com/urun/96/ford-cargo-krone-dorse-kogel-dorse-fren-kampanasi-10-delik-esk-160-32-ekersan","","30","4083.82"
"97","Fren Kampanası","ESK 160 29-S","52809","","","no","Ford Cargo Krone Dorse Kögel Dorse Fren Kampanası ESK 160 29-S","52809 Ford Cargo Krone Dorse Kögel Dorse Fren Kampanası ESK 160 29-S","52809 Ford Cargo Krone Dorse Kögel Dorse Fren Kampanası... | Frenciniz","52809 Ford Cargo Krone Dorse Kögel Dorse Fren Kampanası ESK 160 29-S icin stok, fiyat ve uyumluluk teyidi. Uygunluk adaylari: Tır / çekici, Krone dorse, Kögel...","52809 Ford Cargo Krone Dorse Kögel Dorse Fren Kampanası ESK 160 29-S","Kamyon Fren Kampanası | Kamyon 52809 | 52809 Fren Kampanası | ESK 160 29-S Fren Kampanası | Ford Cargo Krone Dorse Kögel Dorse Fren Kampanası ESK 160 29-S","https://www.frenciniz.com/urun/97/52809-ford-cargo-krone-dorse-kogel-dorse-fren-kampanasi-esk-160-29-s-ekersan","","1278","4950.09"
"98","Fren Kampanası","ESK 160 27","OK-JK-19.5(2806)","","","no","Ford Cargo Krone Dorse Kögel Dorse Fren Kampanası ESK 160 27","OK-JK-19.5(2806) Ford Cargo Krone Dorse Kögel Dorse Fren Kampanası ESK 160 27","OK-JK-19.5(2806) Ford Cargo Krone Dorse Kögel Dorse Fren... | Frenciniz","OK-JK-19.5(2806) Ford Cargo Krone Dorse Kögel Dorse Fren Kampanası ESK 160 27 icin stok, fiyat ve uyumluluk teyidi. Uygunluk adaylari: Tır / çekici, Krone dorse...","OK-JK-19.5(2806) Ford Cargo Krone Dorse Kögel Dorse Fren Kampanası ESK 160 27","Kamyon Fren Kampanası | Kamyon OK-JK-19.5(2806) | OK-JK-19.5(2806) Fren Kampanası | ESK 160 27 Fren Kampanası | Ford Cargo Krone Dorse Kögel Dorse Fren Kampanası ESK 160 27","https://www.frenciniz.com/urun/98/ok-jk-19-5-2806-ford-cargo-krone-dorse-kogel-dorse-fren-kampanasi-esk-160-27-ekersan","","87","4083.82"
"99","Fren Kampanası","ESK 160 22","21220183-22222978-22224179","","","no","Ford Cargo Krone Dorse Kögel Dorse Fren Kampanası ESK 160 22","21220183 Ford Cargo Krone Dorse Kögel Dorse Fren Kampanası ESK 160 22","21220183 Ford Cargo Krone Dorse Kögel Dorse Fren Kampanası... | Frenciniz","21220183 Ford Cargo Krone Dorse Kögel Dorse Fren Kampanası ESK 160 22 icin stok, fiyat ve uyumluluk teyidi. Uygunluk adaylari: ROR dorse dingili, Meritor/ROR...","21220183 Ford Cargo Krone Dorse Kögel Dorse Fren Kampanası ESK 160 22","ROR dorse dingili Fren Kampanası | ROR dorse dingili 21220183 | 21220183 Fren Kampanası | ESK 160 22 Fren Kampanası | Ford Cargo Krone Dorse Kögel Dorse Fren Kampanası ESK 160 22","https://www.frenciniz.com/urun/99/21220183-ford-cargo-krone-dorse-kogel-dorse-fren-kampanasi-esk-160-22-ekersan","","8","5625.89"
"100","Fren Kampanası","ESK 160 21","Fren Kampanası","","","no","Ford Cargo Krone Dorse Kögel Dorse Fren Kampanası 360 Çap ESK 160 21","Ford Cargo Krone Dorse Kögel Dorse Fren Kampanası 360 Çap ESK 160 21","Ford Cargo Krone Dorse Kögel Dorse Fren Kampanası 360 Çap... | Frenciniz","Ford Cargo Krone Dorse Kögel Dorse Fren Kampanası 360 Çap ESK 160 21 icin stok, fiyat ve uyumluluk teyidi. Uygunluk adaylari: ROR dorse dingili, Meritor/ROR...","Ford Cargo Krone Dorse Kögel Dorse Fren Kampanası 360 Çap ESK 160 21","ROR dorse dingili Fren Kampanası | ROR dorse dingili ESK 160 21 | ESK 160 21 Fren Kampanası","https://www.frenciniz.com/urun/100/ford-cargo-krone-dorse-kogel-dorse-fren-kampanasi-360-cap-esk-160-21-ekersan","","37","4509.22"
"101","Fren Kampanası","ESK 160 18","310967820 , 310967130","","","no","Ford Cargo BPW Dorse Krone Dorse Kögel Dorse Fren Kampanası ESK 160 18","310967820 Ford Cargo BPW Dorse Krone Dorse Kögel Dorse Fren Kampanası ESK 160 18","310967820 Ford Cargo BPW Dorse Krone Dorse Kögel Dorse... | Frenciniz","310967820 Ford Cargo BPW Dorse Krone Dorse Kögel Dorse Fren Kampanası ESK 160 18 icin stok, fiyat ve uyumluluk teyidi. Uygunluk adaylari: BPW dorse dingili, BPW...","310967820 Ford Cargo BPW Dorse Krone Dorse Kögel Dorse Fren Kampanası ESK 160 18","BPW dorse dingili Fren Kampanası | BPW dorse dingili 310967820 | 310967820 Fren Kampanası | ESK 160 18 Fren Kampanası | Ford Cargo BPW Dorse Krone Dorse Kögel Dorse Fren Kampanası ESK 160 18","https://www.frenciniz.com/urun/101/310967820-ford-cargo-bpw-dorse-krone-dorse-kogel-dorse-fren-kampanasi-esk-160-18-ekersan","","41","4998.42"
"102","Fren Kampanası","ESK 160 17","310967190","","","no","Ford Cargo BPW Dorse Krone Dorse Kögel Dorse Fren Kampanası ESK 160 17","310967190 Ford Cargo BPW Dorse Krone Dorse Kögel Dorse Fren Kampanası ESK 160 17","310967190 Ford Cargo BPW Dorse Krone Dorse Kögel Dorse... | Frenciniz","310967190 Ford Cargo BPW Dorse Krone Dorse Kögel Dorse Fren Kampanası ESK 160 17 icin stok, fiyat ve uyumluluk teyidi. Uygunluk adaylari: BPW dorse dingili, BPW...","310967190 Ford Cargo BPW Dorse Krone Dorse Kögel Dorse Fren Kampanası ESK 160 17","BPW dorse dingili Fren Kampanası | BPW dorse dingili 310967190 | 310967190 Fren Kampanası | ESK 160 17 Fren Kampanası | Ford Cargo BPW Dorse Krone Dorse Kögel Dorse Fren Kampanası ESK 160 17","https://www.frenciniz.com/urun/102/310967190-ford-cargo-bpw-dorse-krone-dorse-kogel-dorse-fren-kampanasi-esk-160-17-ekersan","","123","4998.42"
"103","Fren Kampanası","ESK 160 15","Fren Kampanası","","","no","Ford Cargo BPW Dorse Krone Dorse Kögel Dorse Fren Kampanası 6 Delik","ESK 160 15 Ford Cargo BPW Dorse Krone Dorse Kögel Dorse Fren Kampanası 6 Delik","ESK 160 15 Ford Cargo BPW Dorse Krone Dorse Kögel Dorse... | Frenciniz","ESK 160 15 Ford Cargo BPW Dorse Krone Dorse Kögel Dorse Fren Kampanası 6 Delik icin stok, fiyat ve uyumluluk teyidi. Uygunluk adaylari: BPW dorse dingili, BPW...","ESK 160 15 Ford Cargo BPW Dorse Krone Dorse Kögel Dorse Fren Kampanası 6 Delik","BPW dorse dingili Fren Kampanası | BPW dorse dingili ESK 160 15 | ESK 160 15 Fren Kampanası | Ford Cargo BPW Dorse Krone Dorse Kögel Dorse Fren Kampanası 6 Delik","https://www.frenciniz.com/urun/103/esk-160-15-ford-cargo-bpw-dorse-krone-dorse-kogel-dorse-fren-kampanasi-6-delik-ekersan","","10","5296.21"
"104","Fren Kampanası","ESK 160 12","A1561800-AJA0489001-AJA0489002-1014079-1561800-3127017189-489002-489001-AJA0595001-21419","","","no","Ford Cargo Krone Dorse Kögel Dorse Fren Kampanası ESK 160 12","A1561800-AJA0489001-AJA0489002-1014079-1561800-3127017189-489002-489001-AJA0595001-21419 Ford Cargo Krone Dorse Kögel Dorse Fren...","A1561800-AJA0489001-AJA0489002-1014079-1561800-3127017189-4... | Frenciniz","A1561800-AJA0489001-AJA0489002-1014079-1561800-3127017189-489002-489001-AJA0595001-21419 Ford Cargo Krone Dorse... icin stok, fiyat ve uyumluluk teyidi. Uygunluk...","A1561800-AJA0489001-AJA0489002-1014079-1561800-3127017189-489002-489001-AJA0595001-21419 Ford Cargo Krone Dorse Kögel Dorse Fren...","Dorse dingil grubu Fren Kampanası | Dorse dingil grubu A1561800-AJA0489001-AJA0489002-1014079-1561800-3127017189-489002-489001-AJA0595001-21419 | A1561800-AJA0489001-AJA0489002-1014079-1561800-3127017189-489002-489001-AJA0595001-21419 Fren Kampanası | ESK 160 12 Fren Kampanası | Ford Cargo Krone Dorse Kögel Dorse Fren Kampanası ESK 160 12","https://www.frenciniz.com/urun/104/a1561800-aja0489001-aja0489002-1014079-1561800-3127017189-489002-489001-aja0595001-21419-ford","","47","6380.97"
"105","Fren Kampanası","ESK 150 05","13C0521 AD - 13C25 - 05109AA - 132505109","","","no","Otokar Sultan Doruk Fren Kampanası Ön E.M.","13C0521 AD Otokar Sultan Doruk Fren Kampanası Ön E.M.","13C0521 AD Otokar Sultan Doruk Fren Kampanası Ön E.M. | Frenciniz","13C0521 AD Otokar Sultan Doruk Fren Kampanası Ön E.M. icin stok, fiyat ve uyumluluk teyidi. Uygunluk adaylari: Otokar Doruk, Otokar Sultan, Karsan Atak. OEM/SKU:...","13C0521 AD Otokar Sultan Doruk Fren Kampanası Ön E.M.","Otokar Doruk Fren Kampanası | Otokar Doruk 13C0521 AD | 13C0521 AD Fren Kampanası | ESK 150 05 Fren Kampanası | Otokar Sultan Doruk Fren Kampanası Ön E.M.","https://www.frenciniz.com/urun/105/13c0521-ad-otokar-sultan-doruk-fren-kampanasi-on-e-m-ekersan","","24","4392.24"
"106","Fren Kampanası","ESK 150 04","13C00 050021 AD","","","no","Otokar Sultan Doruk Fren Kampanası Ön Arka Y.M.","13C00 050021 AD Otokar Sultan Doruk Fren Kampanası Ön Arka Y.M.","13C00 050021 AD Otokar Sultan Doruk Fren Kampanası Ön Arka... | Frenciniz","13C00 050021 AD Otokar Sultan Doruk Fren Kampanası Ön Arka Y.M. icin stok, fiyat ve uyumluluk teyidi. Uygunluk adaylari: Otokar Doruk, Otokar Sultan, Karsan...","13C00 050021 AD Otokar Sultan Doruk Fren Kampanası Ön Arka Y.M.","Otokar Doruk Fren Kampanası | Otokar Doruk 13C00 050021 AD | 13C00 050021 AD Fren Kampanası | ESK 150 04 Fren Kampanası | Otokar Sultan Doruk Fren Kampanası Ön Arka Y.M.","https://www.frenciniz.com/urun/106/13c00-050021-ad-otokar-sultan-doruk-fren-kampanasi-on-arka-y-m-ekersan","","4","4253.98"
"107","Fren Kampanası","ESK 140 03-K","5010098949","","","no","Renault Premium Magnum Kerax Midlum D Serisi Fren Kampanası ESK 140 03-K","5010098949 Renault Premium Magnum Kerax Midlum D Serisi Fren Kampanası ESK 140 03-K","5010098949 Renault Premium Magnum Kerax Midlum D Serisi... | Frenciniz","5010098949 Renault Premium Magnum Kerax Midlum D Serisi Fren Kampanası ESK 140 03-K icin stok, fiyat ve uyumluluk teyidi. Uygunluk adaylari: Renault Trucks...","5010098949 Renault Premium Magnum Kerax Midlum D Serisi Fren Kampanası ESK 140 03-K","Renault Trucks Midlum Fren Kampanası | Renault Trucks Midlum 5010098949 | 5010098949 Fren Kampanası | ESK 140 03-K Fren Kampanası | Renault Premium Magnum Kerax Midlum D Serisi Fren Kampanası ESK 140 03-K","https://www.frenciniz.com/urun/107/5010098949-renault-premium-magnum-kerax-midlum-d-serisi-fren-kampanasi-esk-140-03-k-ekersan","","24","6721.29"
"108","Fren Kampanası","ESK 140 03","5010098949","","","no","Renault Premium Magnum Kerax Midlum D Serisi Fren Kampanası ESK 140 03","5010098949 Renault Premium Magnum Kerax Midlum D Serisi Fren Kampanası ESK 140 03","5010098949 Renault Premium Magnum Kerax Midlum D Serisi... | Frenciniz","5010098949 Renault Premium Magnum Kerax Midlum D Serisi Fren Kampanası ESK 140 03 icin stok, fiyat ve uyumluluk teyidi. Uygunluk adaylari: Renault Trucks Midlum...","5010098949 Renault Premium Magnum Kerax Midlum D Serisi Fren Kampanası ESK 140 03","Renault Trucks Midlum Fren Kampanası | Renault Trucks Midlum 5010098949 | 5010098949 Fren Kampanası | ESK 140 03 Fren Kampanası | Renault Premium Magnum Kerax Midlum D Serisi Fren Kampanası ESK 140 03","https://www.frenciniz.com/urun/108/5010098949-renault-premium-magnum-kerax-midlum-d-serisi-fren-kampanasi-esk-140-03-ekersan","","250","6721.29"
"109","Fren Kampanası","ESK 140 01","194435-189937","","","no","Ford Cargo Krone Dorse Kögel Dorse Fren Kampanası ESK 140 01","194435-189937 Ford Cargo Krone Dorse Kögel Dorse Fren Kampanası ESK 140 01","194435-189937 Ford Cargo Krone Dorse Kögel Dorse Fren... | Frenciniz","194435-189937 Ford Cargo Krone Dorse Kögel Dorse Fren Kampanası ESK 140 01 icin stok, fiyat ve uyumluluk teyidi. Uygunluk adaylari: Tır / çekici, Krone dorse...","194435-189937 Ford Cargo Krone Dorse Kögel Dorse Fren Kampanası ESK 140 01","Kamyon Fren Kampanası | Kamyon 194435-189937 | 194435-189937 Fren Kampanası | ESK 140 01 Fren Kampanası | Ford Cargo Krone Dorse Kögel Dorse Fren Kampanası ESK 140 01","https://www.frenciniz.com/urun/109/194435-189937-ford-cargo-krone-dorse-kogel-dorse-fren-kampanasi-esk-140-01-ekersan","","39","6147"
"110","Fren Kampanası","ESK 110 25","1075306 , 21451966","","","no","Ford Cargo Krone Dorse Kögel Dorse Fren Kampanası ESK 110 25","1075306 Ford Cargo Krone Dorse Kögel Dorse Fren Kampanası ESK 110 25","1075306 Ford Cargo Krone Dorse Kögel Dorse Fren Kampanası... | Frenciniz","1075306 Ford Cargo Krone Dorse Kögel Dorse Fren Kampanası ESK 110 25 icin stok, fiyat ve uyumluluk teyidi. Uygunluk adaylari: Tır / çekici, Krone dorse, Kögel...","1075306 Ford Cargo Krone Dorse Kögel Dorse Fren Kampanası ESK 110 25","Kamyon Fren Kampanası | Kamyon 1075306 | 1075306 Fren Kampanası | ESK 110 25 Fren Kampanası | Ford Cargo Krone Dorse Kögel Dorse Fren Kampanası ESK 110 25","https://www.frenciniz.com/urun/110/1075306-ford-cargo-krone-dorse-kogel-dorse-fren-kampanasi-esk-110-25-ekersan","","96","6636.21"
"111","Fren Kampanası","ESK 110 23","1075310","","","no","Ford Cargo Krone Dorse Kögel Dorse Fren Kampanası ESK 110 23","1075310 Ford Cargo Krone Dorse Kögel Dorse Fren Kampanası ESK 110 23","1075310 Ford Cargo Krone Dorse Kögel Dorse Fren Kampanası... | Frenciniz","1075310 Ford Cargo Krone Dorse Kögel Dorse Fren Kampanası ESK 110 23 icin stok, fiyat ve uyumluluk teyidi. Uygunluk adaylari: Tır / çekici, Krone dorse, Kögel...","1075310 Ford Cargo Krone Dorse Kögel Dorse Fren Kampanası ESK 110 23","Kamyon Fren Kampanası | Kamyon 1075310 | 1075310 Fren Kampanası | ESK 110 23 Fren Kampanası | Ford Cargo Krone Dorse Kögel Dorse Fren Kampanası ESK 110 23","https://www.frenciniz.com/urun/111/1075310-ford-cargo-krone-dorse-kogel-dorse-fren-kampanasi-esk-110-23-ekersan","","201","7954.95"
"112","Fren Kampanası","ESK 110 22","7421451973-7420713927-20713927-21508812-21451967-21094123-3171747-1075309","","","no","BMC Fren Kampanası ESK 110 22","7421451973 BMC Fren Kampanası ESK 110 22","7421451973 BMC Fren Kampanası ESK 110 22 | Frenciniz","7421451973 BMC Fren Kampanası ESK 110 22 icin stok, fiyat ve uyumluluk teyidi. Uygunluk adaylari: BMC Probus, BMC Profesyonel, BMC Fatih. OEM/SKU: 7421451973....","7421451973 BMC Fren Kampanası ESK 110 22","BMC Probus Fren Kampanası | BMC Probus 7421451973 | 7421451973 Fren Kampanası | ESK 110 22 Fren Kampanası | BMC Fren Kampanası ESK 110 22","https://www.frenciniz.com/urun/112/7421451973-bmc-fren-kampanasi-esk-110-22-ekersan","","316","7487.01"
"113","Fren Kampanası","ESK 100 01","365579","","","no","Ford Cargo Krone Dorse Kögel Dorse Fren Kampanası ESK 100 01","365579 Ford Cargo Krone Dorse Kögel Dorse Fren Kampanası ESK 100 01","365579 Ford Cargo Krone Dorse Kögel Dorse Fren Kampanası... | Frenciniz","365579 Ford Cargo Krone Dorse Kögel Dorse Fren Kampanası ESK 100 01 icin stok, fiyat ve uyumluluk teyidi. Uygunluk adaylari: Tır / çekici, Krone dorse, Kögel...","365579 Ford Cargo Krone Dorse Kögel Dorse Fren Kampanası ESK 100 01","Kamyon Fren Kampanası | Kamyon 365579 | 365579 Fren Kampanası | ESK 100 01 Fren Kampanası | Ford Cargo Krone Dorse Kögel Dorse Fren Kampanası ESK 100 01","https://www.frenciniz.com/urun/113/365579-ford-cargo-krone-dorse-kogel-dorse-fren-kampanasi-esk-100-01-ekersan","","91","8210.19"
"114","Fren Kampanası","ESK 090 02","360573-1414435","","","no","Ford Cargo Krone Dorse Kögel Dorse Fren Kampanası ESK 090 02","360573-1414435 Ford Cargo Krone Dorse Kögel Dorse Fren Kampanası ESK 090 02","360573-1414435 Ford Cargo Krone Dorse Kögel Dorse Fren... | Frenciniz","360573-1414435 Ford Cargo Krone Dorse Kögel Dorse Fren Kampanası ESK 090 02 icin stok, fiyat ve uyumluluk teyidi. Uygunluk adaylari: Tır / çekici, Krone dorse...","360573-1414435 Ford Cargo Krone Dorse Kögel Dorse Fren Kampanası ESK 090 02","Kamyon Fren Kampanası | Kamyon 360573-1414435 | 360573-1414435 Fren Kampanası | ESK 090 02 Fren Kampanası | Ford Cargo Krone Dorse Kögel Dorse Fren Kampanası ESK 090 02","https://www.frenciniz.com/urun/114/360573-1414435-ford-cargo-krone-dorse-kogel-dorse-fren-kampanasi-esk-090-02-ekersan","","228","9060.98"
"115","Fren Kampanası","ESK 080 10","MC 838284","","","no","Isuzu NPR NQR Mitsubishi Canter Fuso Fren Kampanası Ön Arka ESK 080 10","MC 838284 Isuzu NPR NQR Mitsubishi Canter Fuso Fren Kampanası Ön Arka ESK 080 10","MC 838284 Isuzu NPR NQR Mitsubishi Canter Fuso Fren... | Frenciniz","MC 838284 Isuzu NPR NQR Mitsubishi Canter Fuso Fren Kampanası Ön Arka ESK 080 10 icin stok, fiyat ve uyumluluk teyidi. Uygunluk adaylari: Mitsubishi Canter...","MC 838284 Isuzu NPR NQR Mitsubishi Canter Fuso Fren Kampanası Ön Arka ESK 080 10","Mitsubishi Canter Fren Kampanası | Mitsubishi Canter MC 838284 | MC 838284 Fren Kampanası | ESK 080 10 Fren Kampanası | Isuzu NPR NQR Mitsubishi Canter Fuso Fren Kampanası Ön Arka ESK 080 10","https://www.frenciniz.com/urun/115/mc-838284-isuzu-npr-nqr-mitsubishi-canter-fuso-fren-kampanasi-on-arka-esk-080-10-ekersan","","24","2807.63"
"116","Fren Kampanası","ESK 080 06","MC 112024","","","no","Isuzu NPR NQR Mitsubishi Canter Fuso Fren Kampanası Ön Arka ESK 080 06","MC 112024 Isuzu NPR NQR Mitsubishi Canter Fuso Fren Kampanası Ön Arka ESK 080 06","MC 112024 Isuzu NPR NQR Mitsubishi Canter Fuso Fren... | Frenciniz","MC 112024 Isuzu NPR NQR Mitsubishi Canter Fuso Fren Kampanası Ön Arka ESK 080 06 icin stok, fiyat ve uyumluluk teyidi. Uygunluk adaylari: Mitsubishi Canter...","MC 112024 Isuzu NPR NQR Mitsubishi Canter Fuso Fren Kampanası Ön Arka ESK 080 06","Mitsubishi Canter Fren Kampanası | Mitsubishi Canter MC 112024 | MC 112024 Fren Kampanası | ESK 080 06 Fren Kampanası | Isuzu NPR NQR Mitsubishi Canter Fuso Fren Kampanası Ön Arka ESK 080 06","https://www.frenciniz.com/urun/116/mc-112024-isuzu-npr-nqr-mitsubishi-canter-fuso-fren-kampanasi-on-arka-esk-080-06-ekersan","","12","3020.33"
"117","Fren Kampanası","ESK 080 05","MK 321338","","","no","Isuzu NPR NQR Mitsubishi Canter Fuso Fren Kampanası ESK 080 05","MK 321338 Isuzu NPR NQR Mitsubishi Canter Fuso Fren Kampanası ESK 080 05","MK 321338 Isuzu NPR NQR Mitsubishi Canter Fuso Fren... | Frenciniz","MK 321338 Isuzu NPR NQR Mitsubishi Canter Fuso Fren Kampanası ESK 080 05 icin stok, fiyat ve uyumluluk teyidi. Uygunluk adaylari: Mitsubishi Canter, Mitsubishi...","MK 321338 Isuzu NPR NQR Mitsubishi Canter Fuso Fren Kampanası ESK 080 05","Mitsubishi Canter Fren Kampanası | Mitsubishi Canter MK 321338 | MK 321338 Fren Kampanası | ESK 080 05 Fren Kampanası | Isuzu NPR NQR Mitsubishi Canter Fuso Fren Kampanası ESK 080 05","https://www.frenciniz.com/urun/117/mk-321338-isuzu-npr-nqr-mitsubishi-canter-fuso-fren-kampanasi-esk-080-05-ekersan","","15","3020.33"
"118","Fren Kampanası","ESK 080 04","MC 828885","","","no","Isuzu NPR NQR Mitsubishi Canter Fuso Fren Kampanası ESK 080 04","MC 828885 Isuzu NPR NQR Mitsubishi Canter Fuso Fren Kampanası ESK 080 04","MC 828885 Isuzu NPR NQR Mitsubishi Canter Fuso Fren... | Frenciniz","MC 828885 Isuzu NPR NQR Mitsubishi Canter Fuso Fren Kampanası ESK 080 04 icin stok, fiyat ve uyumluluk teyidi. Uygunluk adaylari: Mitsubishi Canter, Mitsubishi...","MC 828885 Isuzu NPR NQR Mitsubishi Canter Fuso Fren Kampanası ESK 080 04","Mitsubishi Canter Fren Kampanası | Mitsubishi Canter MC 828885 | MC 828885 Fren Kampanası | ESK 080 04 Fren Kampanası | Isuzu NPR NQR Mitsubishi Canter Fuso Fren Kampanası ESK 080 04","https://www.frenciniz.com/urun/118/mc-828885-isuzu-npr-nqr-mitsubishi-canter-fuso-fren-kampanasi-esk-080-04-ekersan","","25","5530.18"
"119","Fren Kampanası","ESK 080 03","MC 828296","","","no","Isuzu NPR NQR Mitsubishi Canter Fuso Fren Kampanası ESK 080 03","MC 828296 Isuzu NPR NQR Mitsubishi Canter Fuso Fren Kampanası ESK 080 03","MC 828296 Isuzu NPR NQR Mitsubishi Canter Fuso Fren... | Frenciniz","MC 828296 Isuzu NPR NQR Mitsubishi Canter Fuso Fren Kampanası ESK 080 03 icin stok, fiyat ve uyumluluk teyidi. Uygunluk adaylari: Mitsubishi Canter, Mitsubishi...","MC 828296 Isuzu NPR NQR Mitsubishi Canter Fuso Fren Kampanası ESK 080 03","Mitsubishi Canter Fren Kampanası | Mitsubishi Canter MC 828296 | MC 828296 Fren Kampanası | ESK 080 03 Fren Kampanası | Isuzu NPR NQR Mitsubishi Canter Fuso Fren Kampanası ESK 080 03","https://www.frenciniz.com/urun/119/mc-828296-isuzu-npr-nqr-mitsubishi-canter-fuso-fren-kampanasi-esk-080-03-ekersan","","45","5998.12"
"120","Fren Kampanası","ESK 070 05","27777258002, 277772158001, 277.772.158.0-01","","","no","Ford Cargo Krone Dorse Kögel Dorse Fren Kampanası ESK 070 05","27777258002 Ford Cargo Krone Dorse Kögel Dorse Fren Kampanası ESK 070 05","27777258002 Ford Cargo Krone Dorse Kögel Dorse Fren... | Frenciniz","27777258002 Ford Cargo Krone Dorse Kögel Dorse Fren Kampanası ESK 070 05 icin stok, fiyat ve uyumluluk teyidi. Uygunluk adaylari: Tır / çekici, Krone dorse...","27777258002 Ford Cargo Krone Dorse Kögel Dorse Fren Kampanası ESK 070 05","Kamyon Fren Kampanası | Kamyon 27777258002 | 27777258002 Fren Kampanası | ESK 070 05 Fren Kampanası | Ford Cargo Krone Dorse Kögel Dorse Fren Kampanası ESK 070 05","https://www.frenciniz.com/urun/120/27777258002-ford-cargo-krone-dorse-kogel-dorse-fren-kampanasi-esk-070-05-ekersan","","150","3743.5"
"121","Fren Kampanası","ESK 070 03","8971020011-51","","","no","Isuzu NPR NQR Mitsubishi Canter Fuso Fren Kampanası Ön Arka E.M.","8971020011-51 Isuzu NPR NQR Mitsubishi Canter Fuso Fren Kampanası Ön Arka E.M.","8971020011-51 Isuzu NPR NQR Mitsubishi Canter Fuso Fren... | Frenciniz","8971020011-51 Isuzu NPR NQR Mitsubishi Canter Fuso Fren Kampanası Ön Arka E.M. icin stok, fiyat ve uyumluluk teyidi. Uygunluk adaylari: Isuzu Novo, Isuzu...","8971020011-51 Isuzu NPR NQR Mitsubishi Canter Fuso Fren Kampanası Ön Arka E.M.","Isuzu Novo Fren Kampanası | Isuzu Novo 8971020011-51 | 8971020011-51 Fren Kampanası | ESK 070 03 Fren Kampanası | Isuzu NPR NQR Mitsubishi Canter Fuso Fren Kampanası Ön Arka E.M.","https://www.frenciniz.com/urun/121/8971020011-51-isuzu-npr-nqr-mitsubishi-canter-fuso-fren-kampanasi-on-arka-e-m-ekersan","","267","3470.86"
"122","Fren Kampanası","ESK 070 02","894121376107","","","no","Isuzu NPR NQR Mitsubishi Canter Fuso Fren Kampanası ESK 070 02","894121376107 Isuzu NPR NQR Mitsubishi Canter Fuso Fren Kampanası ESK 070 02","894121376107 Isuzu NPR NQR Mitsubishi Canter Fuso Fren... | Frenciniz","894121376107 Isuzu NPR NQR Mitsubishi Canter Fuso Fren Kampanası ESK 070 02 icin stok, fiyat ve uyumluluk teyidi. Uygunluk adaylari: Mitsubishi Canter...","894121376107 Isuzu NPR NQR Mitsubishi Canter Fuso Fren Kampanası ESK 070 02","Mitsubishi Canter Fren Kampanası | Mitsubishi Canter 894121376107 | 894121376107 Fren Kampanası | ESK 070 02 Fren Kampanası | Isuzu NPR NQR Mitsubishi Canter Fuso Fren Kampanası ESK 070 02","https://www.frenciniz.com/urun/122/894121376107-isuzu-npr-nqr-mitsubishi-canter-fuso-fren-kampanasi-esk-070-02-ekersan","","122","3084.14"
"123","Fren Kampanası","ESK 060 32","7183050","","","no","Ford Cargo Fren Kampanası ESK 060 32","7183050 Ford Cargo Fren Kampanası ESK 060 32","7183050 Ford Cargo Fren Kampanası ESK 060 32 | Frenciniz","7183050 Ford Cargo Fren Kampanası ESK 060 32 icin stok, fiyat ve uyumluluk teyidi. Uygunluk adaylari: Iveco Eurocargo, Iveco Eurotech, Iveco Stralis. OEM/SKU:...","7183050 Ford Cargo Fren Kampanası ESK 060 32","Iveco Eurocargo Fren Kampanası | Iveco Eurocargo 7183050 | 7183050 Fren Kampanası | ESK 060 32 Fren Kampanası | Ford Cargo Fren Kampanası ESK 060 32","https://www.frenciniz.com/urun/123/7183050-ford-cargo-fren-kampanasi-esk-060-32-ekersan","","30","7487.01"
"124","Fren Kampanası","ESK 060 08","7172079","","","no","Ford Cargo Fren Kampanası ESK 060 08","7172079 Ford Cargo Fren Kampanası ESK 060 08","7172079 Ford Cargo Fren Kampanası ESK 060 08 | Frenciniz","7172079 Ford Cargo Fren Kampanası ESK 060 08 icin stok, fiyat ve uyumluluk teyidi. Uygunluk adaylari: Iveco Eurocargo, Iveco Eurotech, Iveco Stralis. OEM/SKU:...","7172079 Ford Cargo Fren Kampanası ESK 060 08","Iveco Eurocargo Fren Kampanası | Iveco Eurocargo 7172079 | 7172079 Fren Kampanası | ESK 060 08 Fren Kampanası | Ford Cargo Fren Kampanası ESK 060 08","https://www.frenciniz.com/urun/124/7172079-ford-cargo-fren-kampanasi-esk-060-08-ekersan","","2","6721.29"
"125","Fren Kampanası","ESK 060 07","7172329","","","no","Ford Cargo Fren Kampanası ESK 060 07","7172329 Ford Cargo Fren Kampanası ESK 060 07","7172329 Ford Cargo Fren Kampanası ESK 060 07 | Frenciniz","7172329 Ford Cargo Fren Kampanası ESK 060 07 icin stok, fiyat ve uyumluluk teyidi. Uygunluk adaylari: Iveco Eurocargo, Iveco Eurotech, Iveco Stralis. OEM/SKU:...","7172329 Ford Cargo Fren Kampanası ESK 060 07","Iveco Eurocargo Fren Kampanası | Iveco Eurocargo 7172329 | 7172329 Fren Kampanası | ESK 060 07 Fren Kampanası | Ford Cargo Fren Kampanası ESK 060 07","https://www.frenciniz.com/urun/125/7172329-ford-cargo-fren-kampanasi-esk-060-07-ekersan","","20","6636.21"
"126","Fren Kampanası","ESK 060 06","42118427","","","no","Ford Cargo Fren Kampanası ESK 060 06","42118427 Ford Cargo Fren Kampanası ESK 060 06","42118427 Ford Cargo Fren Kampanası ESK 060 06 | Frenciniz","42118427 Ford Cargo Fren Kampanası ESK 060 06 icin stok, fiyat ve uyumluluk teyidi. Uygunluk adaylari: Iveco Eurocargo, Iveco Eurotech, Iveco Stralis. OEM/SKU:...","42118427 Ford Cargo Fren Kampanası ESK 060 06","Iveco Eurocargo Fren Kampanası | Iveco Eurocargo 42118427 | 42118427 Fren Kampanası | ESK 060 06 Fren Kampanası | Ford Cargo Fren Kampanası ESK 060 06","https://www.frenciniz.com/urun/126/42118427-ford-cargo-fren-kampanasi-esk-060-06-ekersan","","57","6721.29"
"127","Fren Kampanası","ESK 060 02","7160035","","","no","Ford Cargo Fren Kampanası ESK 060 02","7160035 Ford Cargo Fren Kampanası ESK 060 02","7160035 Ford Cargo Fren Kampanası ESK 060 02 | Frenciniz","7160035 Ford Cargo Fren Kampanası ESK 060 02 icin stok, fiyat ve uyumluluk teyidi. Uygunluk adaylari: Iveco Eurocargo, Iveco Stralis, Iveco Trakker. OEM/SKU:...","7160035 Ford Cargo Fren Kampanası ESK 060 02","Iveco Eurocargo Fren Kampanası | Iveco Eurocargo 7160035 | 7160035 Fren Kampanası | ESK 060 02 Fren Kampanası | Ford Cargo Fren Kampanası ESK 060 02","https://www.frenciniz.com/urun/127/7160035-ford-cargo-fren-kampanasi-esk-060-02-ekersan","","2","2807.63"
"128","Fren Kampanası","ESK 060 01","4715419","","","no","Ford Cargo Fren Kampanası ESK 060 01","4715419 Ford Cargo Fren Kampanası ESK 060 01","4715419 Ford Cargo Fren Kampanası ESK 060 01 | Frenciniz","4715419 Ford Cargo Fren Kampanası ESK 060 01 icin stok, fiyat ve uyumluluk teyidi. Uygunluk adaylari: Iveco Eurocargo, Iveco Stralis, Iveco Trakker. OEM/SKU:...","4715419 Ford Cargo Fren Kampanası ESK 060 01","Iveco Eurocargo Fren Kampanası | Iveco Eurocargo 4715419 | 4715419 Fren Kampanası | ESK 060 01 Fren Kampanası | Ford Cargo Fren Kampanası ESK 060 01","https://www.frenciniz.com/urun/128/4715419-ford-cargo-fren-kampanasi-esk-060-01-ekersan","","21","2871.44"
"129","Fren Kampanası","ESK 050 07","18345T","","","no","Ford Cargo Krone Dorse Kögel Dorse Fren Kampanası ESK 050 07","18345T Ford Cargo Krone Dorse Kögel Dorse Fren Kampanası ESK 050 07","18345T Ford Cargo Krone Dorse Kögel Dorse Fren Kampanası... | Frenciniz","18345T Ford Cargo Krone Dorse Kögel Dorse Fren Kampanası ESK 050 07 icin stok, fiyat ve uyumluluk teyidi. Uygunluk adaylari: Tır / çekici, Krone dorse, Kögel...","18345T Ford Cargo Krone Dorse Kögel Dorse Fren Kampanası ESK 050 07","Kamyon Fren Kampanası | Kamyon 18345T | 18345T Fren Kampanası | ESK 050 07 Fren Kampanası | Ford Cargo Krone Dorse Kögel Dorse Fren Kampanası ESK 050 07","https://www.frenciniz.com/urun/129/18345t-ford-cargo-krone-dorse-kogel-dorse-fren-kampanasi-esk-050-07-ekersan","","21","5742.88"
"130","Fren Kampanası","ESK 050 03","23504 T","","","no","BMC Fren Kampanası Arka ESK 050 03","23504 T BMC Fren Kampanası Arka ESK 050 03","23504 T BMC Fren Kampanası Arka ESK 050 03 | Frenciniz","23504 T BMC Fren Kampanası Arka ESK 050 03 icin stok, fiyat ve uyumluluk teyidi. Uygunluk adaylari: BMC Probus, BMC Profesyonel, BMC Fatih. OEM/SKU: 23504 T....","23504 T BMC Fren Kampanası Arka ESK 050 03","BMC Probus Fren Kampanası | BMC Probus 23504 T | 23504 T Fren Kampanası | ESK 050 03 Fren Kampanası | BMC Fren Kampanası Arka ESK 050 03","https://www.frenciniz.com/urun/130/23504-t-bmc-fren-kampanasi-arka-esk-050-03-ekersan","","18","5583.35"
"131","Fren Kampanası","ESK 050 01","4833T","","","no","BMC Fren Kampanası Arka ESK 050 01","4833T BMC Fren Kampanası Arka ESK 050 01","4833T BMC Fren Kampanası Arka ESK 050 01 | Frenciniz","4833T BMC Fren Kampanası Arka ESK 050 01 icin stok, fiyat ve uyumluluk teyidi. Uygunluk adaylari: BMC Probus, BMC Profesyonel, BMC Fatih. OEM/SKU: 4833T. Stokta...","4833T BMC Fren Kampanası Arka ESK 050 01","BMC Probus Fren Kampanası | BMC Probus 4833T | 4833T Fren Kampanası | ESK 050 01 Fren Kampanası | BMC Fren Kampanası Arka ESK 050 01","https://www.frenciniz.com/urun/131/4833t-bmc-fren-kampanasi-arka-esk-050-01-ekersan","","39","5583.35"
"132","Fren Kampanası","ESK 040 13","9C461126AD","","","no","Ford Cargo Fren Kampanası Arka ESK 040 13","9C461126AD Ford Cargo Fren Kampanası Arka ESK 040 13","9C461126AD Ford Cargo Fren Kampanası Arka ESK 040 13 | Frenciniz","9C461126AD Ford Cargo Fren Kampanası Arka ESK 040 13 icin stok, fiyat ve uyumluluk teyidi. Uygunluk adaylari: Ford Cargo, Ford Cargo 1846, Ford Cargo 3230....","9C461126AD Ford Cargo Fren Kampanası Arka ESK 040 13","Ford Cargo Fren Kampanası | Ford Cargo 9C461126AD | 9C461126AD Fren Kampanası | ESK 040 13 Fren Kampanası | Ford Cargo Fren Kampanası Arka ESK 040 13","https://www.frenciniz.com/urun/132/9c461126ad-ford-cargo-fren-kampanasi-arka-esk-040-13-ekersan","","16","7423.2"
"133","Fren Kampanası","ESK 040 12","9C46-1125-AB","","","no","Ford Cargo Fren Kampanası ESK 040 12","9C46-1125-AB Ford Cargo Fren Kampanası ESK 040 12","9C46-1125-AB Ford Cargo Fren Kampanası ESK 040 12 | Frenciniz","9C46-1125-AB Ford Cargo Fren Kampanası ESK 040 12 icin stok, fiyat ve uyumluluk teyidi. Uygunluk adaylari: Ford Cargo, Ford Cargo 1846, Ford Cargo 3230. OEM/SKU:...","9C46-1125-AB Ford Cargo Fren Kampanası ESK 040 12","Ford Cargo Fren Kampanası | Ford Cargo 9C46-1125-AB | 9C46-1125-AB Fren Kampanası | ESK 040 12 Fren Kampanası | Ford Cargo Fren Kampanası ESK 040 12","https://www.frenciniz.com/urun/133/9c46-1125-ab-ford-cargo-fren-kampanasi-esk-040-12-ekersan","","1180","6678.75"
"134","Fren Kampanası","ESK 040 11","6C46 1126-AC","","","no","Ford Cargo Fren Kampanası Ön ESK 040 11","6C46 1126-AC Ford Cargo Fren Kampanası Ön ESK 040 11","6C46 1126-AC Ford Cargo Fren Kampanası Ön ESK 040 11 | Frenciniz","6C46 1126-AC Ford Cargo Fren Kampanası Ön ESK 040 11 icin stok, fiyat ve uyumluluk teyidi. Uygunluk adaylari: Ford Cargo, Ford Cargo 1846, Ford Cargo 3230....","6C46 1126-AC Ford Cargo Fren Kampanası Ön ESK 040 11","Ford Cargo Fren Kampanası | Ford Cargo 6C46 1126-AC | 6C46 1126-AC Fren Kampanası | ESK 040 11 Fren Kampanası | Ford Cargo Fren Kampanası Ön ESK 040 11","https://www.frenciniz.com/urun/134/6c46-1126-ac-ford-cargo-fren-kampanasi-on-esk-040-11-ekersan","","147","6997.8"
"135","Fren Kampanası","ESK 040 09","7C46 1125 AA","","","no","Ford Cargo Fren Kampanası Ön Arka","7C46 1125 AA Ford Cargo Fren Kampanası Ön Arka","7C46 1125 AA Ford Cargo Fren Kampanası Ön Arka | Frenciniz","7C46 1125 AA Ford Cargo Fren Kampanası Ön Arka icin stok, fiyat ve uyumluluk teyidi. Uygunluk adaylari: Ford Cargo, Ford Cargo 1846, Ford Cargo 3230. OEM/SKU:...","7C46 1125 AA Ford Cargo Fren Kampanası Ön Arka","Ford Cargo Fren Kampanası | Ford Cargo 7C46 1125 AA | 7C46 1125 AA Fren Kampanası | ESK 040 09 Fren Kampanası | Ford Cargo Fren Kampanası Ön Arka","https://www.frenciniz.com/urun/135/7c46-1125-aa-ford-cargo-fren-kampanasi-on-arka-ekersan","","363","5370.65"
"136","Fren Kampanası","ESK 040 06","85DB1125AB","","","no","Ford Cargo Fren Kampanası Ön ESK 040 06","85DB1125AB Ford Cargo Fren Kampanası Ön ESK 040 06","85DB1125AB Ford Cargo Fren Kampanası Ön ESK 040 06 | Frenciniz","85DB1125AB Ford Cargo Fren Kampanası Ön ESK 040 06 icin stok, fiyat ve uyumluluk teyidi. Uygunluk adaylari: Ford Cargo, Ford Cargo 1846, Ford Cargo 3230....","85DB1125AB Ford Cargo Fren Kampanası Ön ESK 040 06","Ford Cargo Fren Kampanası | Ford Cargo 85DB1125AB | 85DB1125AB Fren Kampanası | ESK 040 06 Fren Kampanası | Ford Cargo Fren Kampanası Ön ESK 040 06","https://www.frenciniz.com/urun/136/85db1125ab-ford-cargo-fren-kampanasi-on-esk-040-06-ekersan","","19","5370.65"
"137","Fren Kampanası","ESK 040 05","85DB1126AA","","","no","Ford Cargo Fren Kampanası Arka ESK 040 05","85DB1126AA Ford Cargo Fren Kampanası Arka ESK 040 05","85DB1126AA Ford Cargo Fren Kampanası Arka ESK 040 05 | Frenciniz","85DB1126AA Ford Cargo Fren Kampanası Arka ESK 040 05 icin stok, fiyat ve uyumluluk teyidi. Uygunluk adaylari: Ford Cargo, Ford Cargo 1846, Ford Cargo 3230....","85DB1126AA Ford Cargo Fren Kampanası Arka ESK 040 05","Ford Cargo Fren Kampanası | Ford Cargo 85DB1126AA | 85DB1126AA Fren Kampanası | ESK 040 05 Fren Kampanası | Ford Cargo Fren Kampanası Arka ESK 040 05","https://www.frenciniz.com/urun/137/85db1126aa-ford-cargo-fren-kampanasi-arka-esk-040-05-ekersan","","103","5370.65"
"138","Fren Kampanası","ESK 040 04","82DB1125AA","","","no","Ford Cargo Fren Kampanası Ön ESK 040 04","82DB1125AA Ford Cargo Fren Kampanası Ön ESK 040 04","82DB1125AA Ford Cargo Fren Kampanası Ön ESK 040 04 | Frenciniz","82DB1125AA Ford Cargo Fren Kampanası Ön ESK 040 04 icin stok, fiyat ve uyumluluk teyidi. Uygunluk adaylari: Ford Cargo, Ford Cargo 1846, Ford Cargo 3230....","82DB1125AA Ford Cargo Fren Kampanası Ön ESK 040 04","Ford Cargo Fren Kampanası | Ford Cargo 82DB1125AA | 82DB1125AA Fren Kampanası | ESK 040 04 Fren Kampanası | Ford Cargo Fren Kampanası Ön ESK 040 04","https://www.frenciniz.com/urun/138/82db1125aa-ford-cargo-fren-kampanasi-on-esk-040-04-ekersan","","10","5370.65"
"139","Fren Kampanası","ESK 040 02","6119230","","","no","Ford Cargo Fren Kampanası 18 cm Arka","6119230 Ford Cargo Fren Kampanası 18 cm Arka","6119230 Ford Cargo Fren Kampanası 18 cm Arka | Frenciniz","6119230 Ford Cargo Fren Kampanası 18 cm Arka icin stok, fiyat ve uyumluluk teyidi. Uygunluk adaylari: Ford Cargo, Ford Cargo 1846, Ford Cargo 3230. OEM/SKU:...","6119230 Ford Cargo Fren Kampanası 18 cm Arka","Ford Cargo Fren Kampanası | Ford Cargo 6119230 | 6119230 Fren Kampanası | ESK 040 02 Fren Kampanası | Ford Cargo Fren Kampanası 18 cm Arka","https://www.frenciniz.com/urun/139/6119230-ford-cargo-fren-kampanasi-18-cm-arka-ekersan","","2","4892.08"
"140","Fren Kampanası","ESK 030 16","51RS401276A","","","no","BMC Fren Kampanası ESK 030 16","51RS401276A BMC Fren Kampanası ESK 030 16","51RS401276A BMC Fren Kampanası ESK 030 16 | Frenciniz","51RS401276A BMC Fren Kampanası ESK 030 16 icin stok, fiyat ve uyumluluk teyidi. Uygunluk adaylari: BMC Probus, BMC Profesyonel, BMC Fatih. OEM/SKU: 51RS401276A....","51RS401276A BMC Fren Kampanası ESK 030 16","BMC Probus Fren Kampanası | BMC Probus 51RS401276A | 51RS401276A Fren Kampanası | ESK 030 16 Fren Kampanası | BMC Fren Kampanası ESK 030 16","https://www.frenciniz.com/urun/140/51rs401276a-bmc-fren-kampanasi-esk-030-16-ekersan","","2","3137.31"
"141","Fren Kampanası","ESK 030 15","566346","","","no","BMC Fren Kampanası Ön Arka ESK 030 15","566346 BMC Fren Kampanası Ön Arka ESK 030 15","566346 BMC Fren Kampanası Ön Arka ESK 030 15 | Frenciniz","566346 BMC Fren Kampanası Ön Arka ESK 030 15 icin stok, fiyat ve uyumluluk teyidi. Uygunluk adaylari: BMC Probus, BMC Profesyonel, BMC Fatih. OEM/SKU: 566346....","566346 BMC Fren Kampanası Ön Arka ESK 030 15","BMC Probus Fren Kampanası | BMC Probus 566346 | 566346 Fren Kampanası | ESK 030 15 Fren Kampanası | BMC Fren Kampanası Ön Arka ESK 030 15","https://www.frenciniz.com/urun/141/566346-bmc-fren-kampanasi-on-arka-esk-030-15-ekersan","","6","3030.96"
"142","Fren Kampanası","ESK 030 13","57RS302616UB","","","no","BMC Fren Kampanası ESK 030 13","57RS302616UB BMC Fren Kampanası ESK 030 13","57RS302616UB BMC Fren Kampanası ESK 030 13 | Frenciniz","57RS302616UB BMC Fren Kampanası ESK 030 13 icin stok, fiyat ve uyumluluk teyidi. Uygunluk adaylari: BMC Probus, BMC Profesyonel, BMC Fatih. OEM/SKU:...","57RS302616UB BMC Fren Kampanası ESK 030 13","BMC Probus Fren Kampanası | BMC Probus 57RS302616UB | 57RS302616UB Fren Kampanası | ESK 030 13 Fren Kampanası | BMC Fren Kampanası ESK 030 13","https://www.frenciniz.com/urun/142/57rs302616ub-bmc-fren-kampanasi-esk-030-13-ekersan","","62","5264.3"
"143","Fren Kampanası","ESK 030 12","5K 60512","","","no","BMC Fren Kampanası 22 cm","5K 60512 BMC Fren Kampanası 22 cm","5K 60512 BMC Fren Kampanası 22 cm | Frenciniz","5K 60512 BMC Fren Kampanası 22 cm icin stok, fiyat ve uyumluluk teyidi. Uygunluk adaylari: BMC Probus, BMC Profesyonel, BMC Fatih. OEM/SKU: 5K 60512. Stokta...","5K 60512 BMC Fren Kampanası 22 cm","BMC Probus Fren Kampanası | BMC Probus 5K 60512 | 5K 60512 Fren Kampanası | ESK 030 12 Fren Kampanası | BMC Fren Kampanası 22 cm","https://www.frenciniz.com/urun/143/5k-60512-bmc-fren-kampanasi-22-cm-ekersan","","23","6763.83"
"144","Fren Kampanası","ESK 030 11","5K 56770","","","no","BMC Fren Kampanası ESK 030 11","5K 56770 BMC Fren Kampanası ESK 030 11","5K 56770 BMC Fren Kampanası ESK 030 11 | Frenciniz","5K 56770 BMC Fren Kampanası ESK 030 11 icin stok, fiyat ve uyumluluk teyidi. Uygunluk adaylari: BMC Probus, BMC Profesyonel, BMC Fatih. OEM/SKU: 5K 56770. Stokta...","5K 56770 BMC Fren Kampanası ESK 030 11","BMC Probus Fren Kampanası | BMC Probus 5K 56770 | 5K 56770 Fren Kampanası | ESK 030 11 Fren Kampanası | BMC Fren Kampanası ESK 030 11","https://www.frenciniz.com/urun/144/5k-56770-bmc-fren-kampanasi-esk-030-11-ekersan","","12","6274.62"
"145","Fren Kampanası","ESK 030 08","5K 16448","","","no","BMC Fren Kampanası 20 cm","5K 16448 BMC Fren Kampanası 20 cm","5K 16448 BMC Fren Kampanası 20 cm | Frenciniz","5K 16448 BMC Fren Kampanası 20 cm icin stok, fiyat ve uyumluluk teyidi. Uygunluk adaylari: BMC Probus, BMC Profesyonel, BMC Fatih. OEM/SKU: 5K 16448. Stokta...","5K 16448 BMC Fren Kampanası 20 cm","BMC Probus Fren Kampanası | BMC Probus 5K 16448 | 5K 16448 Fren Kampanası | ESK 030 08 Fren Kampanası | BMC Fren Kampanası 20 cm","https://www.frenciniz.com/urun/145/5k-16448-bmc-fren-kampanasi-20-cm-ekersan","","537","6083.19"
"146","Fren Kampanası","ESK 030 05","518782 - 5K88962M - 5K88968 - 5K59690","","","no","BMC Fren Kampanası ESK 030 05","518782 BMC Fren Kampanası ESK 030 05","518782 BMC Fren Kampanası ESK 030 05 | Frenciniz","518782 BMC Fren Kampanası ESK 030 05 icin stok, fiyat ve uyumluluk teyidi. Uygunluk adaylari: BMC Probus, BMC Profesyonel, BMC Fatih. OEM/SKU: 518782. Stokta...","518782 BMC Fren Kampanası ESK 030 05","BMC Probus Fren Kampanası | BMC Probus 518782 | 518782 Fren Kampanası | ESK 030 05 Fren Kampanası | BMC Fren Kampanası ESK 030 05","https://www.frenciniz.com/urun/146/518782-bmc-fren-kampanasi-esk-030-05-ekersan","","74","6147"
"147","Fren Kampanası","ESK 030 04","5K 18782","","","no","BMC Fren Kampanası ESK 030 04","5K 18782 BMC Fren Kampanası ESK 030 04","5K 18782 BMC Fren Kampanası ESK 030 04 | Frenciniz","5K 18782 BMC Fren Kampanası ESK 030 04 icin stok, fiyat ve uyumluluk teyidi. Uygunluk adaylari: BMC Probus, BMC Profesyonel, BMC Fatih. OEM/SKU: 5K 18782. Stokta...","5K 18782 BMC Fren Kampanası ESK 030 04","BMC Probus Fren Kampanası | BMC Probus 5K 18782 | 5K 18782 Fren Kampanası | ESK 030 04 Fren Kampanası | BMC Fren Kampanası ESK 030 04","https://www.frenciniz.com/urun/147/5k-18782-bmc-fren-kampanasi-esk-030-04-ekersan","","14","6274.62"
"148","Fren Kampanası","ESK 030 01","K8C1008","","","no","BMC Fren Kampanası Ön Arka ESK 030 01","K8C1008 BMC Fren Kampanası Ön Arka ESK 030 01","K8C1008 BMC Fren Kampanası Ön Arka ESK 030 01 | Frenciniz","K8C1008 BMC Fren Kampanası Ön Arka ESK 030 01 icin stok, fiyat ve uyumluluk teyidi. Uygunluk adaylari: BMC Probus, BMC Profesyonel, BMC Fatih. OEM/SKU: K8C1008....","K8C1008 BMC Fren Kampanası Ön Arka ESK 030 01","BMC Probus Fren Kampanası | BMC Probus K8C1008 | K8C1008 Fren Kampanası | ESK 030 01 Fren Kampanası | BMC Fren Kampanası Ön Arka ESK 030 01","https://www.frenciniz.com/urun/148/k8c1008-bmc-fren-kampanasi-on-arka-esk-030-01-ekersan","","5","5402.56"
"149","Fren Kampanası","ESK 020 09","","","","no","MAN TGA TGS TGX TGM Fren Kampanası 12-153","ESK 020 09 MAN TGA TGS TGX TGM Fren Kampanası 12-153","ESK 020 09 MAN TGA TGS TGX TGM Fren Kampanası 12-153 | Frenciniz","ESK 020 09 MAN TGA TGS TGX TGM Fren Kampanası 12-153 icin stok, fiyat ve uyumluluk teyidi. Uygunluk adaylari: MAN ağır vasıta, MAN TGA 18.430, MAN TGA 18.460....","ESK 020 09 MAN TGA TGS TGX TGM Fren Kampanası 12-153","MAN ağır vasıta Fren Kampanası | MAN ağır vasıta ESK 020 09 | ESK 020 09 Fren Kampanası | MAN TGA TGS TGX TGM Fren Kampanası 12-153","https://www.frenciniz.com/urun/149/esk-020-09-man-tga-tgs-tgx-tgm-fren-kampanasi-12-153-ekersan","","9","4892.08"
"150","Fren Kampanası","ESK 020 07","81501100118 , 81501100213 , 81501100242","","","no","MAN Ford Cargo Krone Dorse Kögel Dorse Fren Kampanası ESK 020 07","81501100118 MAN Ford Cargo Krone Dorse Kögel Dorse Fren Kampanası ESK 020 07","81501100118 MAN Ford Cargo Krone Dorse Kögel Dorse Fren... | Frenciniz","81501100118 MAN Ford Cargo Krone Dorse Kögel Dorse Fren Kampanası ESK 020 07 icin stok, fiyat ve uyumluluk teyidi. Uygunluk adaylari: Tır / çekici, Krone dorse...","81501100118 MAN Ford Cargo Krone Dorse Kögel Dorse Fren Kampanası ESK 020 07","Kamyon Fren Kampanası | Kamyon 81501100118 | 81501100118 Fren Kampanası | ESK 020 07 Fren Kampanası | MAN Ford Cargo Krone Dorse Kögel Dorse Fren Kampanası ESK 020 07","https://www.frenciniz.com/urun/150/81501100118-man-ford-cargo-krone-dorse-kogel-dorse-fren-kampanasi-esk-020-07-ekersan","","42","6147"
"151","Fren Kampanası","ESK 020 05","81501100232","","","no","MAN Ford Cargo Krone Dorse Kögel Dorse Fren Kampanası ESK 020 05","81501100232 MAN Ford Cargo Krone Dorse Kögel Dorse Fren Kampanası ESK 020 05","81501100232 MAN Ford Cargo Krone Dorse Kögel Dorse Fren... | Frenciniz","81501100232 MAN Ford Cargo Krone Dorse Kögel Dorse Fren Kampanası ESK 020 05 icin stok, fiyat ve uyumluluk teyidi. Uygunluk adaylari: Tır / çekici, Krone dorse...","81501100232 MAN Ford Cargo Krone Dorse Kögel Dorse Fren Kampanası ESK 020 05","Kamyon Fren Kampanası | Kamyon 81501100232 | 81501100232 Fren Kampanası | ESK 020 05 Fren Kampanası | MAN Ford Cargo Krone Dorse Kögel Dorse Fren Kampanası ESK 020 05","https://www.frenciniz.com/urun/151/81501100232-man-ford-cargo-krone-dorse-kogel-dorse-fren-kampanasi-esk-020-05-ekersan","","1087","5360.02"
"152","Fren Kampanası","ESK 020 03","81501100144","","","no","MAN Ford Cargo Krone Dorse Kögel Dorse Fren Kampanası ESK 020 03","81501100144 MAN Ford Cargo Krone Dorse Kögel Dorse Fren Kampanası ESK 020 03","81501100144 MAN Ford Cargo Krone Dorse Kögel Dorse Fren... | Frenciniz","81501100144 MAN Ford Cargo Krone Dorse Kögel Dorse Fren Kampanası ESK 020 03 icin stok, fiyat ve uyumluluk teyidi. Uygunluk adaylari: Tır / çekici, Krone dorse...","81501100144 MAN Ford Cargo Krone Dorse Kögel Dorse Fren Kampanası ESK 020 03","Kamyon Fren Kampanası | Kamyon 81501100144 | 81501100144 Fren Kampanası | ESK 020 03 Fren Kampanası | MAN Ford Cargo Krone Dorse Kögel Dorse Fren Kampanası ESK 020 03","https://www.frenciniz.com/urun/152/81501100144-man-ford-cargo-krone-dorse-kogel-dorse-fren-kampanasi-esk-020-03-ekersan","","837","5508.91"
"153","Fren Kampanası","ESK 010 41","6584210001","","","no","Mercedes Axor Actros Fren Kampanası ESK 010 41","6584210001 Mercedes Axor Actros Fren Kampanası ESK 010 41","6584210001 Mercedes Axor Actros Fren Kampanası ESK 010 41 | Frenciniz","6584210001 Mercedes Axor Actros Fren Kampanası ESK 010 41 icin stok, fiyat ve uyumluluk teyidi. Uygunluk adaylari: Mercedes-Benz Actros, Mercedes-Benz Axor...","6584210001 Mercedes Axor Actros Fren Kampanası ESK 010 41","Mercedes-Benz Actros Fren Kampanası | Mercedes-Benz Actros 6584210001 | 6584210001 Fren Kampanası | ESK 010 41 Fren Kampanası | Mercedes Axor Actros Fren Kampanası ESK 010 41","https://www.frenciniz.com/urun/153/6584210001-mercedes-axor-actros-fren-kampanasi-esk-010-41-ekersan","","299","5827.96"
"154","Fren Kampanası","ESK 010 22","Fren Kampanası","","","no","Mercedes Atego Fren Kampanası","ESK 010 22 Mercedes Atego Fren Kampanası","ESK 010 22 Mercedes Atego Fren Kampanası | Frenciniz","ESK 010 22 Mercedes Atego Fren Kampanası icin stok, fiyat ve uyumluluk teyidi. Uygunluk adaylari: Mercedes-Benz Atego, Atego 815, Atego 818. OEM/SKU: ESK 010 22....","ESK 010 22 Mercedes Atego Fren Kampanası","Mercedes-Benz Atego Fren Kampanası | Mercedes-Benz Atego ESK 010 22 | ESK 010 22 Fren Kampanası | Mercedes Atego Fren Kampanası","https://www.frenciniz.com/urun/154/esk-010-22-mercedes-atego-fren-kampanasi-ekersan","","7","4892.08"
"155","Fren Kampanası","ESK 010 12","6174230201","","","no","Mercedes Axor Actros Fren Kampanası ESK 010 12","6174230201 Mercedes Axor Actros Fren Kampanası ESK 010 12","6174230201 Mercedes Axor Actros Fren Kampanası ESK 010 12 | Frenciniz","6174230201 Mercedes Axor Actros Fren Kampanası ESK 010 12 icin stok, fiyat ve uyumluluk teyidi. Uygunluk adaylari: Mercedes-Benz Actros, Mercedes-Benz Axor...","6174230201 Mercedes Axor Actros Fren Kampanası ESK 010 12","Mercedes-Benz Actros Fren Kampanası | Mercedes-Benz Actros 6174230201 | 6174230201 Fren Kampanası | ESK 010 12 Fren Kampanası | Mercedes Axor Actros Fren Kampanası ESK 010 12","https://www.frenciniz.com/urun/155/6174230201-mercedes-axor-actros-fren-kampanasi-esk-010-12-ekersan","","19","5360.02"
"156","Fren Kampanası","ESK 010 11","6244210201","","","no","Mercedes Axor Actros Fren Kampanası 18 cm Ön","6244210201 Mercedes Axor Actros Fren Kampanası 18 cm Ön","6244210201 Mercedes Axor Actros Fren Kampanası 18 cm Ön | Frenciniz","6244210201 Mercedes Axor Actros Fren Kampanası 18 cm Ön icin stok, fiyat ve uyumluluk teyidi. Uygunluk adaylari: Mercedes-Benz Actros, Mercedes-Benz Axor, Actros...","6244210201 Mercedes Axor Actros Fren Kampanası 18 cm Ön","Mercedes-Benz Actros Fren Kampanası | Mercedes-Benz Actros 6244210201 | 6244210201 Fren Kampanası | ESK 010 11 Fren Kampanası | Mercedes Axor Actros Fren Kampanası 18 cm Ön","https://www.frenciniz.com/urun/156/6244210201-mercedes-axor-actros-fren-kampanasi-18-cm-on-ekersan","","107","5360.02"
"157","Fren Kampanası","ESK 010 09","3604230101","","","no","Mercedes Axor Actros Ford Cargo Krone Dorse Fren Kampanası 22 cm Özel Arka","3604230101 Mercedes Axor Actros Ford Cargo Krone Dorse Fren Kampanası 22 cm Özel Arka","3604230101 Mercedes Axor Actros Ford Cargo Krone Dorse... | Frenciniz","3604230101 Mercedes Axor Actros Ford Cargo Krone Dorse Fren Kampanası 22 cm Özel Arka icin stok, fiyat ve uyumluluk teyidi. Uygunluk adaylari: Yerel dorse dingil...","3604230101 Mercedes Axor Actros Ford Cargo Krone Dorse Fren Kampanası 22 cm Özel Arka","Yerel dorse dingil grubu Fren Kampanası | Yerel dorse dingil grubu 3604230101 | 3604230101 Fren Kampanası | ESK 010 09 Fren Kampanası | Mercedes Axor Actros Ford Cargo Krone Dorse Fren Kampanası 22 cm Özel Arka","https://www.frenciniz.com/urun/157/3604230101-mercedes-axor-actros-ford-cargo-krone-dorse-fren-kampanasi-22-cm-ozel-arka-ekersan","","103","6295.89"
"158","Fren Kampanası","ESK 010 08","3054210401 , 3054210101","","","no","Mercedes Axor Actros Fren Kampanası Ön","3054210401 Mercedes Axor Actros Fren Kampanası Ön","3054210401 Mercedes Axor Actros Fren Kampanası Ön | Frenciniz","3054210401 Mercedes Axor Actros Fren Kampanası Ön icin stok, fiyat ve uyumluluk teyidi. Uygunluk adaylari: Mercedes-Benz Actros, Mercedes-Benz Axor, Actros 1840....","3054210401 Mercedes Axor Actros Fren Kampanası Ön","Mercedes-Benz Actros Fren Kampanası | Mercedes-Benz Actros 3054210401 | 3054210401 Fren Kampanası | ESK 010 08 Fren Kampanası | Mercedes Axor Actros Fren Kampanası Ön","https://www.frenciniz.com/urun/158/3054210401-mercedes-axor-actros-fren-kampanasi-on-ekersan","","71","4753.83"
"159","Fren Kampanası","ESK 010 05","3014230001 , 3014231201","","","no","Mercedes Axor Actros Fren Kampanası ESK 010 05","3014230001 Mercedes Axor Actros Fren Kampanası ESK 010 05","3014230001 Mercedes Axor Actros Fren Kampanası ESK 010 05 | Frenciniz","3014230001 Mercedes Axor Actros Fren Kampanası ESK 010 05 icin stok, fiyat ve uyumluluk teyidi. Uygunluk adaylari: Mercedes-Benz Actros, Mercedes-Benz Axor...","3014230001 Mercedes Axor Actros Fren Kampanası ESK 010 05","Mercedes-Benz Actros Fren Kampanası | Mercedes-Benz Actros 3014230001 | 3014230001 Fren Kampanası | ESK 010 05 Fren Kampanası | Mercedes Axor Actros Fren Kampanası ESK 010 05","https://www.frenciniz.com/urun/159/3014230001-mercedes-axor-actros-fren-kampanasi-esk-010-05-ekersan","","94","6997.8"
"160","Fren Kampanası","ESK 010 01","3464230501","","","no","Mercedes Axor Actros Fren Kampanası ESK 010 01","3464230501 Mercedes Axor Actros Fren Kampanası ESK 010 01","3464230501 Mercedes Axor Actros Fren Kampanası ESK 010 01 | Frenciniz","3464230501 Mercedes Axor Actros Fren Kampanası ESK 010 01 icin stok, fiyat ve uyumluluk teyidi. Uygunluk adaylari: Mercedes-Benz Actros, Mercedes-Benz Axor...","3464230501 Mercedes Axor Actros Fren Kampanası ESK 010 01","Mercedes-Benz Actros Fren Kampanası | Mercedes-Benz Actros 3464230501 | 3464230501 Fren Kampanası | ESK 010 01 Fren Kampanası | Mercedes Axor Actros Fren Kampanası ESK 010 01","https://www.frenciniz.com/urun/160/3464230501-mercedes-axor-actros-fren-kampanasi-esk-010-01-ekersan","","77","6136.37"
"161","Fren Diski","ESD 220 02","9267086 - 6604261","","","no","Ford Cargo Krone Dorse Kögel Dorse Fren Diski ESD 220 02","9267086 Ford Cargo Krone Dorse Kögel Dorse Fren Diski ESD 220 02","9267086 Ford Cargo Krone Dorse Kögel Dorse Fren Diski ESD... | Frenciniz","9267086 Ford Cargo Krone Dorse Kögel Dorse Fren Diski ESD 220 02 icin stok, fiyat ve uyumluluk teyidi. Uygunluk adaylari: Gigant dorse dingili, ROR dorse...","9267086 Ford Cargo Krone Dorse Kögel Dorse Fren Diski ESD 220 02","Gigant dorse dingili Fren Diski | Gigant dorse dingili 9267086 | 9267086 Fren Diski | ESD 220 02 Fren Diski | Ford Cargo Krone Dorse Kögel Dorse Fren Diski ESD 220 02","https://www.frenciniz.com/urun/161/9267086-ford-cargo-krone-dorse-kogel-dorse-fren-diski-esd-220-02-ekersan","","53","5360.02"
"162","Fren Diski","ESD 220 01","50390001","","","no","Ford Cargo Krone Dorse Kögel Dorse Fren Diski ESD 220 01","50390001 Ford Cargo Krone Dorse Kögel Dorse Fren Diski ESD 220 01","50390001 Ford Cargo Krone Dorse Kögel Dorse Fren Diski ESD... | Frenciniz","50390001 Ford Cargo Krone Dorse Kögel Dorse Fren Diski ESD 220 01 icin stok, fiyat ve uyumluluk teyidi. Uygunluk adaylari: Dorse / treyler, Ağır vasıta dorse...","50390001 Ford Cargo Krone Dorse Kögel Dorse Fren Diski ESD 220 01","Dorse / treyler Fren Diski | Dorse / treyler 50390001 | 50390001 Fren Diski | ESD 220 01 Fren Diski | Ford Cargo Krone Dorse Kögel Dorse Fren Diski ESD 220 01","https://www.frenciniz.com/urun/162/50390001-ford-cargo-krone-dorse-kogel-dorse-fren-diski-esd-220-01-ekersan","","82","5360.02"
"163","Fren Diski","ESD 170 04","MK584503Y","","","no","Isuzu NPR NQR Mitsubishi Canter Fuso Fren Diski Ön","MK584503Y Isuzu NPR NQR Mitsubishi Canter Fuso Fren Diski Ön","MK584503Y Isuzu NPR NQR Mitsubishi Canter Fuso Fren Diski Ön | Frenciniz","MK584503Y Isuzu NPR NQR Mitsubishi Canter Fuso Fren Diski Ön icin stok, fiyat ve uyumluluk teyidi. Uygunluk adaylari: Mitsubishi Canter, Mitsubishi Fuso, Isuzu...","MK584503Y Isuzu NPR NQR Mitsubishi Canter Fuso Fren Diski Ön","Mitsubishi Canter Fren Diski | Mitsubishi Canter MK584503Y | MK584503Y Fren Diski | ESD 170 04 Fren Diski | Isuzu NPR NQR Mitsubishi Canter Fuso Fren Diski Ön","https://www.frenciniz.com/urun/163/mk584503y-isuzu-npr-nqr-mitsubishi-canter-fuso-fren-diski-on-ekersan","","18","3243.66"
"164","Fren Diski","ESD 170 01","16F00-05-248AA","","","no","Ford Cargo Isuzu NPR NQR Mitsubishi Canter Fuso Fren Diski ABS'li Arka","16F00-05-248AA Ford Cargo Isuzu NPR NQR Mitsubishi Canter Fuso Fren Diski ABS'li Arka","16F00-05-248AA Ford Cargo Isuzu NPR NQR Mitsubishi Canter... | Frenciniz","16F00-05-248AA Ford Cargo Isuzu NPR NQR Mitsubishi Canter Fuso Fren Diski ABS'li Arka icin stok, fiyat ve uyumluluk teyidi. Uygunluk adaylari: Mitsubishi Canter...","16F00-05-248AA Ford Cargo Isuzu NPR NQR Mitsubishi Canter Fuso Fren Diski ABS'li Arka","Mitsubishi Canter Fren Diski | Mitsubishi Canter 16F00-05-248AA | 16F00-05-248AA Fren Diski | ESD 170 01 Fren Diski | Ford Cargo Isuzu NPR NQR Mitsubishi Canter Fuso Fren Diski ABS'li Arka","https://www.frenciniz.com/urun/164/16f00-05-248aa-ford-cargo-isuzu-npr-nqr-mitsubishi-canter-fuso-fren-diski-abs-li-arka-ekersan","","50","4519.86"
"165","Fren Diski ABS'li","ESD 160 06","","","","no","Ford Cargo BMC Krone Dorse Kögel Dorse ABS'li Fren Diski","ESD 160 06 Ford Cargo BMC Krone Dorse Kögel Dorse ABS'li Fren Diski","ESD 160 06 Ford Cargo BMC Krone Dorse Kögel Dorse ABS'li... | Frenciniz","ESD 160 06 Ford Cargo BMC Krone Dorse Kögel Dorse ABS'li Fren Diski icin stok, fiyat ve uyumluluk teyidi. Uygunluk adaylari: BMC Probus, BMC Profesyonel, BMC...","ESD 160 06 Ford Cargo BMC Krone Dorse Kögel Dorse ABS'li Fren Diski","BMC Probus Fren Diski ABS'li | BMC Probus ESD 160 06 | ESD 160 06 Fren Diski ABS'li | Ford Cargo BMC Krone Dorse Kögel Dorse ABS'li Fren Diski","https://www.frenciniz.com/urun/165/esd-160-06-ford-cargo-bmc-krone-dorse-kogel-dorse-abs-li-fren-diski-ekersan","","51","6032.92"
"166","Fren Diski","ESD 160 05","57RS307931M","","","no","BMC Fren Diski 16 Delik Ön","57RS307931M BMC Fren Diski 16 Delik Ön","57RS307931M BMC Fren Diski 16 Delik Ön | Frenciniz","57RS307931M BMC Fren Diski 16 Delik Ön icin stok, fiyat ve uyumluluk teyidi. Uygunluk adaylari: BMC Probus, BMC Profesyonel, BMC Fatih. OEM/SKU: 57RS307931M....","57RS307931M BMC Fren Diski 16 Delik Ön","BMC Probus Fren Diski | BMC Probus 57RS307931M | 57RS307931M Fren Diski | ESD 160 05 Fren Diski | BMC Fren Diski 16 Delik Ön","https://www.frenciniz.com/urun/166/57rs307931m-bmc-fren-diski-16-delik-on-ekersan","","31","5636.53"
"167","Fren Diski","ESD 160 01","57RS305716","","","no","Ford Cargo BMC Krone Dorse Kögel Dorse Fren Diski ABS'li Y.M.","57RS305716 Ford Cargo BMC Krone Dorse Kögel Dorse Fren Diski ABS'li Y.M.","57RS305716 Ford Cargo BMC Krone Dorse Kögel Dorse Fren... | Frenciniz","57RS305716 Ford Cargo BMC Krone Dorse Kögel Dorse Fren Diski ABS'li Y.M. icin stok, fiyat ve uyumluluk teyidi. Uygunluk adaylari: BMC Probus, BMC Profesyonel...","57RS305716 Ford Cargo BMC Krone Dorse Kögel Dorse Fren Diski ABS'li Y.M.","BMC Probus Fren Diski | BMC Probus 57RS305716 | 57RS305716 Fren Diski | ESD 160 01 Fren Diski | Ford Cargo BMC Krone Dorse Kögel Dorse Fren Diski ABS'li Y.M.","https://www.frenciniz.com/urun/167/57rs305716-ford-cargo-bmc-krone-dorse-kogel-dorse-fren-diski-abs-li-y-m-ekersan","","7","4551.76"
"168","Fren Diski","ESD 150 04","MBR9018 - 21227349","","","no","Ford Cargo Krone Dorse Kögel Dorse Fren Diski ESD 150 04","MBR9018 Ford Cargo Krone Dorse Kögel Dorse Fren Diski ESD 150 04","MBR9018 Ford Cargo Krone Dorse Kögel Dorse Fren Diski ESD... | Frenciniz","MBR9018 Ford Cargo Krone Dorse Kögel Dorse Fren Diski ESD 150 04 icin stok, fiyat ve uyumluluk teyidi. Uygunluk adaylari: ROR dorse dingili, Meritor/ROR treyler...","MBR9018 Ford Cargo Krone Dorse Kögel Dorse Fren Diski ESD 150 04","ROR dorse dingili Fren Diski | ROR dorse dingili MBR9018 | MBR9018 Fren Diski | ESD 150 04 Fren Diski | Ford Cargo Krone Dorse Kögel Dorse Fren Diski ESD 150 04","https://www.frenciniz.com/urun/168/mbr9018-ford-cargo-krone-dorse-kogel-dorse-fren-diski-esd-150-04-ekersan","","72","4743.19"
"169","Fren Diski","ESD 140 01","82135830 - 501315228 - 501316953 - 4200172 - 1415147 - 234110 - II371910061","","","no","Mercedes Travego Tourismo MAN Fortuna Otobüs Fren Diski ESD 140 01","82135830 Mercedes Travego Tourismo MAN Fortuna Otobüs Fren Diski ESD 140 01","82135830 Mercedes Travego Tourismo MAN Fortuna Otobüs Fren... | Frenciniz","82135830 Mercedes Travego Tourismo MAN Fortuna Otobüs Fren Diski ESD 140 01 icin stok, fiyat ve uyumluluk teyidi. Uygunluk adaylari: Otokar Doruk, Otokar Sultan...","82135830 Mercedes Travego Tourismo MAN Fortuna Otobüs Fren Diski ESD 140 01","Otokar Doruk Fren Diski | Otokar Doruk 82135830 | 82135830 Fren Diski | ESD 140 01 Fren Diski | Mercedes Travego Tourismo MAN Fortuna Otobüs Fren Diski ESD 140 01","https://www.frenciniz.com/urun/169/82135830-mercedes-travego-tourismo-man-fortuna-otobus-fren-diski-esd-140-01-ekersan","","369","4604.94"
"170","Fren Diski","ESD 130 02","377777391054","","","no","Isuzu NPR NQR Fren Diski Ön","377777391054 Isuzu NPR NQR Fren Diski Ön","377777391054 Isuzu NPR NQR Fren Diski Ön | Frenciniz","377777391054 Isuzu NPR NQR Fren Diski Ön icin stok, fiyat ve uyumluluk teyidi. Uygunluk adaylari: Isuzu Novo, Isuzu NovoCiti Life, Isuzu CitiLife. OEM/SKU:...","377777391054 Isuzu NPR NQR Fren Diski Ön","Isuzu Novo Fren Diski | Isuzu Novo 377777391054 | 377777391054 Fren Diski | ESD 130 02 Fren Diski | Isuzu NPR NQR Fren Diski Ön","https://www.frenciniz.com/urun/170/377777391054-isuzu-npr-nqr-fren-diski-on-ekersan","","140","3233.03"
"171","Fren Diski","ESD 130 01","3870143170, 13C3508390BA","","","no","Isuzu NPR NQR Fren Diski Arka","3870143170 Isuzu NPR NQR Fren Diski Arka","3870143170 Isuzu NPR NQR Fren Diski Arka | Frenciniz","3870143170 Isuzu NPR NQR Fren Diski Arka icin stok, fiyat ve uyumluluk teyidi. Uygunluk adaylari: Isuzu Novo, Isuzu NovoCiti Life, Isuzu CitiLife. OEM/SKU:...","3870143170 Isuzu NPR NQR Fren Diski Arka","Isuzu Novo Fren Diski | Isuzu Novo 3870143170 | 3870143170 Fren Diski | ESD 130 01 Fren Diski | Isuzu NPR NQR Fren Diski Arka","https://www.frenciniz.com/urun/171/3870143170-isuzu-npr-nqr-fren-diski-arka-ekersan","","99","3445.73"
"172","Fren Diski","ESD 120 03","DC462A315AA","","","no","Ford Cargo Fren Diski Ön Arka","DC462A315AA Ford Cargo Fren Diski Ön Arka","DC462A315AA Ford Cargo Fren Diski Ön Arka | Frenciniz","DC462A315AA Ford Cargo Fren Diski Ön Arka icin stok, fiyat ve uyumluluk teyidi. Uygunluk adaylari: Ford Cargo, Ford Cargo 1846, Ford Cargo 3230. OEM/SKU:...","DC462A315AA Ford Cargo Fren Diski Ön Arka","Ford Cargo Fren Diski | Ford Cargo DC462A315AA | DC462A315AA Fren Diski | ESD 120 03 Fren Diski | Ford Cargo Fren Diski Ön Arka","https://www.frenciniz.com/urun/172/dc462a315aa-ford-cargo-fren-diski-on-arka-ekersan","","4","4519.86"
"173","Fren Diski","ESD 110 03","85103804, 85110495","","","no","Volvo FH12 FM FL Fren Diski ESD 110 03","85103804 Volvo FH12 FM FL Fren Diski ESD 110 03","85103804 Volvo FH12 FM FL Fren Diski ESD 110 03 | Frenciniz","85103804 Volvo FH12 FM FL Fren Diski ESD 110 03 icin stok, fiyat ve uyumluluk teyidi. Uygunluk adaylari: Volvo FH, Volvo FM, Volvo FL. OEM/SKU: 85103804. Stokta...","85103804 Volvo FH12 FM FL Fren Diski ESD 110 03","Volvo FH Fren Diski | Volvo FH 85103804 | 85103804 Fren Diski | ESD 110 03 Fren Diski | Volvo FH12 FM FL Fren Diski ESD 110 03","https://www.frenciniz.com/urun/173/85103804-volvo-fh12-fm-fl-fren-diski-esd-110-03-ekersan","","22","3722.23"
"174","Fren Diski","ESD 110 01-2","","","","no","Ford Cargo Krone Dorse Kögel Dorse Fren Diski ESD 110 01-2","Ford Cargo Krone Dorse Kögel Dorse Fren Diski ESD 110 01-2","Ford Cargo Krone Dorse Kögel Dorse Fren Diski ESD 110 01-2 | Frenciniz","Ford Cargo Krone Dorse Kögel Dorse Fren Diski ESD 110 01-2 icin stok, fiyat ve uyumluluk teyidi. Uygunluk adaylari: Tır / çekici, Krone dorse, Kögel dorse....","Ford Cargo Krone Dorse Kögel Dorse Fren Diski ESD 110 01-2","Kamyon Fren Diski | Kamyon ESD 110 01-2 | ESD 110 01-2 Fren Diski","https://www.frenciniz.com/urun/174/ford-cargo-krone-dorse-kogel-dorse-fren-diski-esd-110-01-2-ekersan","","83","4041.28"
"175","Fren Diski","ESD 110 01","85103803, 20515093, 5001864498","","","no","Volvo FH12 FM FL Fren Diski ESD 110 01","85103803 Volvo FH12 FM FL Fren Diski ESD 110 01","85103803 Volvo FH12 FM FL Fren Diski ESD 110 01 | Frenciniz","85103803 Volvo FH12 FM FL Fren Diski ESD 110 01 icin stok, fiyat ve uyumluluk teyidi. Uygunluk adaylari: Volvo FH, Volvo FM, Volvo FL. OEM/SKU: 85103803. Stokta...","85103803 Volvo FH12 FM FL Fren Diski ESD 110 01","Volvo FH Fren Diski | Volvo FH 85103803 | 85103803 Fren Diski | ESD 110 01 Fren Diski | Volvo FH12 FM FL Fren Diski ESD 110 01","https://www.frenciniz.com/urun/175/85103803-volvo-fh12-fm-fl-fren-diski-esd-110-01-ekersan","","290","3722.23"
"176","Fren Diski","ESD 100 01","68323825 - MBR5124 - MBR9004","","","no","Ford Cargo Krone Dorse Kögel Dorse Fren Diski ESD 100 01","68323825 Ford Cargo Krone Dorse Kögel Dorse Fren Diski ESD 100 01","68323825 Ford Cargo Krone Dorse Kögel Dorse Fren Diski ESD... | Frenciniz","68323825 Ford Cargo Krone Dorse Kögel Dorse Fren Diski ESD 100 01 icin stok, fiyat ve uyumluluk teyidi. Uygunluk adaylari: ROR dorse dingili, Meritor/ROR...","68323825 Ford Cargo Krone Dorse Kögel Dorse Fren Diski ESD 100 01","ROR dorse dingili Fren Diski | ROR dorse dingili 68323825 | 68323825 Fren Diski | ESD 100 01 Fren Diski | Ford Cargo Krone Dorse Kögel Dorse Fren Diski ESD 100 01","https://www.frenciniz.com/urun/176/68323825-ford-cargo-krone-dorse-kogel-dorse-fren-diski-esd-100-01-ekersan","","66","5232.4"
"177","Fren Diski","ESD 090 08","3050037 - OK01037A - 3050037AA","","","no","Otokar Sultan Doruk Fren Diski Ön ESD 090 08","3050037 Otokar Sultan Doruk Fren Diski Ön ESD 090 08","3050037 Otokar Sultan Doruk Fren Diski Ön ESD 090 08 | Frenciniz","3050037 Otokar Sultan Doruk Fren Diski Ön ESD 090 08 icin stok, fiyat ve uyumluluk teyidi. Uygunluk adaylari: Karsan Atak, Otokar Sultan, Otokar Doruk. OEM/SKU:...","3050037 Otokar Sultan Doruk Fren Diski Ön ESD 090 08","Karsan Atak Fren Diski | Karsan Atak 3050037 | 3050037 Fren Diski | ESD 090 08 Fren Diski | Otokar Sultan Doruk Fren Diski Ön ESD 090 08","https://www.frenciniz.com/urun/177/3050037-otokar-sultan-doruk-fren-diski-on-esd-090-08-ekersan","","116","4424.14"
"178","Fren Diski","ESD 090 07","16H00-05 - 464AA","","","no","Otokar Sultan Doruk Fren Diski Ön ESD 090 07","16H00-05 Otokar Sultan Doruk Fren Diski Ön ESD 090 07","16H00-05 Otokar Sultan Doruk Fren Diski Ön ESD 090 07 | Frenciniz","16H00-05 Otokar Sultan Doruk Fren Diski Ön ESD 090 07 icin stok, fiyat ve uyumluluk teyidi. Uygunluk adaylari: Otokar Doruk, Otokar Sultan, Karsan Atak. OEM/SKU:...","16H00-05 Otokar Sultan Doruk Fren Diski Ön ESD 090 07","Otokar Doruk Fren Diski | Otokar Doruk 16H00-05 | 16H00-05 Fren Diski | ESD 090 07 Fren Diski | Otokar Sultan Doruk Fren Diski Ön ESD 090 07","https://www.frenciniz.com/urun/178/16h00-05-otokar-sultan-doruk-fren-diski-on-esd-090-07-ekersan","","55","4424.14"
"179","Fren Diski","ESD 090 05","13C33 - 0557","","","no","Ford Cargo Fren Diski ESD 090 05","13C33 Ford Cargo Fren Diski ESD 090 05","13C33 Ford Cargo Fren Diski ESD 090 05 | Frenciniz","13C33 Ford Cargo Fren Diski ESD 090 05 icin stok, fiyat ve uyumluluk teyidi. Uygunluk adaylari: Ford Cargo, Ford Cargo 1846, Ford Cargo 3230. OEM/SKU: 13C33....","13C33 Ford Cargo Fren Diski ESD 090 05","Ford Cargo Fren Diski | Ford Cargo 13C33 | 13C33 Fren Diski | ESD 090 05 Fren Diski | Ford Cargo Fren Diski ESD 090 05","https://www.frenciniz.com/urun/179/13c33-ford-cargo-fren-diski-esd-090-05-ekersan","","49","3743.5"
"180","Fren Diski","ESD 090 04","","","","no","Otokar Sultan Doruk Fren Diski Ön ESD 090 04","Otokar Sultan Doruk Fren Diski Ön ESD 090 04","Otokar Sultan Doruk Fren Diski Ön ESD 090 04 | Frenciniz","Otokar Sultan Doruk Fren Diski Ön ESD 090 04 icin stok, fiyat ve uyumluluk teyidi. Uygunluk adaylari: Otokar Doruk, Otokar Sultan, Karsan Atak. OEM/SKU: ESD 090...","Otokar Sultan Doruk Fren Diski Ön ESD 090 04","Otokar Doruk Fren Diski | Otokar Doruk ESD 090 04 | ESD 090 04 Fren Diski","https://www.frenciniz.com/urun/180/otokar-sultan-doruk-fren-diski-on-esd-090-04-ekersan","","157","4636.84"
"181","Fren Diski","ESD 090 02","13C2505572BA","","","no","Otokar Sultan Doruk Fren Diski Ön ESD 090 02","13C2505572BA Otokar Sultan Doruk Fren Diski Ön ESD 090 02","13C2505572BA Otokar Sultan Doruk Fren Diski Ön ESD 090 02 | Frenciniz","13C2505572BA Otokar Sultan Doruk Fren Diski Ön ESD 090 02 icin stok, fiyat ve uyumluluk teyidi. Uygunluk adaylari: Otokar Doruk, Otokar Sultan, Karsan Atak....","13C2505572BA Otokar Sultan Doruk Fren Diski Ön ESD 090 02","Otokar Doruk Fren Diski | Otokar Doruk 13C2505572BA | 13C2505572BA Fren Diski | ESD 090 02 Fren Diski | Otokar Sultan Doruk Fren Diski Ön ESD 090 02","https://www.frenciniz.com/urun/181/13c2505572ba-otokar-sultan-doruk-fren-diski-on-esd-090-02-ekersan","","157","3445.73"
"182","Fren Diski","ESD 080 01","1386686, 1402272, 1852817, K000510, K000810","1386686-scania-pgr-fren-diski","8","no","1386686 Scania P G R Fren Diski ESD 080 01","1386686 Scania P G R Fren Diski ESD 080 01","1386686 Scania P G R Fren Diski ESD 080 01 | Frenciniz","1386686 Scania P G R Fren Diski ESD 080 01 icin stok, fiyat ve uyumluluk teyidi. Uygunluk adaylari: Scania 4 serisi, Scania P/G/R serisi, Scania P serisi....","1386686 fren diski","scania 1386686 | scania pgr fren diski | 1402272 fren diski | 1386686 Scania P G R Fren Diski ESD 080 01 | 1852817 fren diski | K000510 fren diski | K000810 fren diski","https://www.frenciniz.com/urun/182/1386686-scania-p-g-r-fren-diski-esd-080-01-ekersan","https://www.frenciniz.com/1386686-scania-pgr-fren-diski","301","3817.95"
"183","Fren Diski","ESD 070 27","6754210012","","","no","Mercedes Atego Fren Diski","6754210012 Mercedes Atego Fren Diski","6754210012 Mercedes Atego Fren Diski | Frenciniz","6754210012 Mercedes Atego Fren Diski icin stok, fiyat ve uyumluluk teyidi. Uygunluk adaylari: Mercedes-Benz Atego, Atego 815, Atego 818. OEM/SKU: 6754210012....","6754210012 Mercedes Atego Fren Diski","Mercedes-Benz Atego Fren Diski | Mercedes-Benz Atego 6754210012 | 6754210012 Fren Diski | ESD 070 27 Fren Diski | Mercedes Atego Fren Diski","https://www.frenciniz.com/urun/183/6754210012-mercedes-atego-fren-diski-ekersan","","13","4636.84"
"184","Fren Diski","ESD 070 25","1176816 - 17870 - MBR5143","","","no","Ford Cargo Krone Dorse Kögel Dorse Fren Diski ESD 070 25","1176816 Ford Cargo Krone Dorse Kögel Dorse Fren Diski ESD 070 25","1176816 Ford Cargo Krone Dorse Kögel Dorse Fren Diski ESD... | Frenciniz","1176816 Ford Cargo Krone Dorse Kögel Dorse Fren Diski ESD 070 25 icin stok, fiyat ve uyumluluk teyidi. Uygunluk adaylari: ROR dorse dingili, Meritor/ROR treyler...","1176816 Ford Cargo Krone Dorse Kögel Dorse Fren Diski ESD 070 25","ROR dorse dingili Fren Diski | ROR dorse dingili 1176816 | 1176816 Fren Diski | ESD 070 25 Fren Diski | Ford Cargo Krone Dorse Kögel Dorse Fren Diski ESD 070 25","https://www.frenciniz.com/urun/184/1176816-ford-cargo-krone-dorse-kogel-dorse-fren-diski-esd-070-25-ekersan","","103","5062.24"
"185","Fren Diski","ESD 070 24","1088133","","","no","Ford Cargo Krone Dorse Kögel Dorse Fren Diski ESD 070 24","1088133 Ford Cargo Krone Dorse Kögel Dorse Fren Diski ESD 070 24","1088133 Ford Cargo Krone Dorse Kögel Dorse Fren Diski ESD... | Frenciniz","1088133 Ford Cargo Krone Dorse Kögel Dorse Fren Diski ESD 070 24 icin stok, fiyat ve uyumluluk teyidi. Uygunluk adaylari: ROR dorse dingili, Meritor/ROR treyler...","1088133 Ford Cargo Krone Dorse Kögel Dorse Fren Diski ESD 070 24","ROR dorse dingili Fren Diski | ROR dorse dingili 1088133 | 1088133 Fren Diski | ESD 070 24 Fren Diski | Ford Cargo Krone Dorse Kögel Dorse Fren Diski ESD 070 24","https://www.frenciniz.com/urun/185/1088133-ford-cargo-krone-dorse-kogel-dorse-fren-diski-esd-070-24-ekersan","","97","4950.09"
"186","Fren Diski","ESD 070 23","0308835050, 0308835057","0308835057-bpw-kogel-krone-dorse-fren-diski","7","no","0308835057 BPW Kogel Krone Dorse Fren Diski ESD 070 23","0308835057 BPW Kogel Krone Dorse Fren Diski ESD 070 23","0308835057 BPW Kogel Krone Dorse Fren Diski ESD 070 23 | Frenciniz","0308835057 BPW Kogel Krone Dorse Fren Diski ESD 070 23 icin stok, fiyat ve uyumluluk teyidi. Uygunluk adaylari: BPW dorse dingili, BPW ECOPlus dingil, BPW...","0308835057 fren diski","bpw 0308835057 | bpw dorse fren diski | kogel dorse fren diski | 0308835057 BPW Kogel Krone Dorse Fren Diski ESD 070 23 | 0308835050 fren diski | 0308835127 fren diski | 0308835120 fren diski","https://www.frenciniz.com/urun/186/0308835057-bpw-kogel-krone-dorse-fren-diski-esd-070-23-ekersan","https://www.frenciniz.com/0308835057-bpw-kogel-krone-dorse-fren-diski","1244","4126.36"
"187","Fren Diski","ESD 070 22","4079001700, 4079001701","","","no","Ford Cargo SAF Dorse Krone Dorse Kögel Dorse Fren Diski ESD 070 22","4079001700 Ford Cargo SAF Dorse Krone Dorse Kögel Dorse Fren Diski ESD 070 22","4079001700 Ford Cargo SAF Dorse Krone Dorse Kögel Dorse... | Frenciniz","4079001700 Ford Cargo SAF Dorse Krone Dorse Kögel Dorse Fren Diski ESD 070 22 icin stok, fiyat ve uyumluluk teyidi. Uygunluk adaylari: SAF dorse dingili, SAF...","4079001700 Ford Cargo SAF Dorse Krone Dorse Kögel Dorse Fren Diski ESD 070 22","SAF dorse dingili Fren Diski | SAF dorse dingili 4079001700 | 4079001700 Fren Diski | ESD 070 22 Fren Diski | Ford Cargo SAF Dorse Krone Dorse Kögel Dorse Fren Diski ESD 070 22","https://www.frenciniz.com/urun/187/4079001700-ford-cargo-saf-dorse-krone-dorse-kogel-dorse-fren-diski-esd-070-22-ekersan","","100","4849.54"
"188","Fren Diski","ESD 070 20","0308835030, 0308835037","","","no","Ford Cargo BPW Dorse Krone Dorse Kögel Dorse Fren Diski ESD 070 20","0308835030 Ford Cargo BPW Dorse Krone Dorse Kögel Dorse Fren Diski ESD 070 20","0308835030 Ford Cargo BPW Dorse Krone Dorse Kögel Dorse... | Frenciniz","0308835030 Ford Cargo BPW Dorse Krone Dorse Kögel Dorse Fren Diski ESD 070 20 icin stok, fiyat ve uyumluluk teyidi. Uygunluk adaylari: BPW dorse dingili, BPW...","0308835030 Ford Cargo BPW Dorse Krone Dorse Kögel Dorse Fren Diski ESD 070 20","BPW dorse dingili Fren Diski | BPW dorse dingili 0308835030 | 0308835030 Fren Diski | ESD 070 20 Fren Diski | Ford Cargo BPW Dorse Krone Dorse Kögel Dorse Fren Diski ESD 070 20","https://www.frenciniz.com/urun/188/0308835030-ford-cargo-bpw-dorse-krone-dorse-kogel-dorse-fren-diski-esd-070-20-ekersan","","310","4126.36"
"189","Fren Diski","ESD 070 18","407001800, 4079001801","","","no","Ford Cargo SAF Dorse Krone Dorse Kögel Dorse Fren Diski ESD 070 18","407001800 Ford Cargo SAF Dorse Krone Dorse Kögel Dorse Fren Diski ESD 070 18","407001800 Ford Cargo SAF Dorse Krone Dorse Kögel Dorse... | Frenciniz","407001800 Ford Cargo SAF Dorse Krone Dorse Kögel Dorse Fren Diski ESD 070 18 icin stok, fiyat ve uyumluluk teyidi. Uygunluk adaylari: SAF dorse dingili, SAF...","407001800 Ford Cargo SAF Dorse Krone Dorse Kögel Dorse Fren Diski ESD 070 18","SAF dorse dingili Fren Diski | SAF dorse dingili 407001800 | 407001800 Fren Diski | ESD 070 18 Fren Diski | Ford Cargo SAF Dorse Krone Dorse Kögel Dorse Fren Diski ESD 070 18","https://www.frenciniz.com/urun/189/407001800-ford-cargo-saf-dorse-krone-dorse-kogel-dorse-fren-diski-esd-070-18-ekersan","","15","4636.84"
"190","Fren Diski","ESD 070 15","4079001300, 4079001301","","","no","Ford Cargo SAF Dorse Krone Dorse Kögel Dorse Fren Diski ESD 070 15","4079001300 Ford Cargo SAF Dorse Krone Dorse Kögel Dorse Fren Diski ESD 070 15","4079001300 Ford Cargo SAF Dorse Krone Dorse Kögel Dorse... | Frenciniz","4079001300 Ford Cargo SAF Dorse Krone Dorse Kögel Dorse Fren Diski ESD 070 15 icin stok, fiyat ve uyumluluk teyidi. Uygunluk adaylari: SAF dorse dingili, SAF...","4079001300 Ford Cargo SAF Dorse Krone Dorse Kögel Dorse Fren Diski ESD 070 15","SAF dorse dingili Fren Diski | SAF dorse dingili 4079001300 | 4079001300 Fren Diski | ESD 070 15 Fren Diski | Ford Cargo SAF Dorse Krone Dorse Kögel Dorse Fren Diski ESD 070 15","https://www.frenciniz.com/urun/190/4079001300-ford-cargo-saf-dorse-krone-dorse-kogel-dorse-fren-diski-esd-070-15-ekersan","","271","3509.54"
"191","Fren Diski","ESD 070 14","4079001001, 4079001000, 4079001002","","","no","Ford Cargo SAF Dorse Krone Dorse Kögel Dorse Fren Diski ESD 070 14","4079001001 Ford Cargo SAF Dorse Krone Dorse Kögel Dorse Fren Diski ESD 070 14","4079001001 Ford Cargo SAF Dorse Krone Dorse Kögel Dorse... | Frenciniz","4079001001 Ford Cargo SAF Dorse Krone Dorse Kögel Dorse Fren Diski ESD 070 14 icin stok, fiyat ve uyumluluk teyidi. Uygunluk adaylari: SAF dorse dingili, SAF...","4079001001 Ford Cargo SAF Dorse Krone Dorse Kögel Dorse Fren Diski ESD 070 14","SAF dorse dingili Fren Diski | SAF dorse dingili 4079001001 | 4079001001 Fren Diski | ESD 070 14 Fren Diski | Ford Cargo SAF Dorse Krone Dorse Kögel Dorse Fren Diski ESD 070 14","https://www.frenciniz.com/urun/191/4079001001-ford-cargo-saf-dorse-krone-dorse-kogel-dorse-fren-diski-esd-070-14-ekersan","","72","3700.96"
"192","Fren Diski","ESD 070 13","4079000400","","","no","Ford Cargo SAF Dorse Krone Dorse Kögel Dorse Fren Diski 8 Delik","4079000400 Ford Cargo SAF Dorse Krone Dorse Kögel Dorse Fren Diski 8 Delik","4079000400 Ford Cargo SAF Dorse Krone Dorse Kögel Dorse... | Frenciniz","4079000400 Ford Cargo SAF Dorse Krone Dorse Kögel Dorse Fren Diski 8 Delik icin stok, fiyat ve uyumluluk teyidi. Uygunluk adaylari: SAF dorse dingili, SAF...","4079000400 Ford Cargo SAF Dorse Krone Dorse Kögel Dorse Fren Diski 8 Delik","SAF dorse dingili Fren Diski | SAF dorse dingili 4079000400 | 4079000400 Fren Diski | ESD 070 13 Fren Diski | Ford Cargo SAF Dorse Krone Dorse Kögel Dorse Fren Diski 8 Delik","https://www.frenciniz.com/urun/192/4079000400-ford-cargo-saf-dorse-krone-dorse-kogel-dorse-fren-diski-8-delik-ekersan","","3","4934.62"
"193","Fren Diski","ESD 070 12","407000500, 407000501, 4079000502","","","no","Ford Cargo SAF Dorse Krone Dorse Kögel Dorse Fren Diski ESD 070 12","407000500 Ford Cargo SAF Dorse Krone Dorse Kögel Dorse Fren Diski ESD 070 12","407000500 Ford Cargo SAF Dorse Krone Dorse Kögel Dorse... | Frenciniz","407000500 Ford Cargo SAF Dorse Krone Dorse Kögel Dorse Fren Diski ESD 070 12 icin stok, fiyat ve uyumluluk teyidi. Uygunluk adaylari: SAF dorse dingili, SAF...","407000500 Ford Cargo SAF Dorse Krone Dorse Kögel Dorse Fren Diski ESD 070 12","SAF dorse dingili Fren Diski | SAF dorse dingili 407000500 | 407000500 Fren Diski | ESD 070 12 Fren Diski | Ford Cargo SAF Dorse Krone Dorse Kögel Dorse Fren Diski ESD 070 12","https://www.frenciniz.com/urun/193/407000500-ford-cargo-saf-dorse-krone-dorse-kogel-dorse-fren-diski-esd-070-12-ekersan","","334","3962"
"194","Fren Diski","ESD 070 10-1","0308834010, 0308834017, 0308834030","","","no","Ford Cargo BPW Dorse Krone Dorse Kögel Dorse Fren Diski 8 Delik ABS'li","0308834010 Ford Cargo BPW Dorse Krone Dorse Kögel Dorse Fren Diski 8 Delik ABS'li","0308834010 Ford Cargo BPW Dorse Krone Dorse Kögel Dorse... | Frenciniz","0308834010 Ford Cargo BPW Dorse Krone Dorse Kögel Dorse Fren Diski 8 Delik ABS'li icin stok, fiyat ve uyumluluk teyidi. Uygunluk adaylari: BPW dorse dingili, BPW...","0308834010 Ford Cargo BPW Dorse Krone Dorse Kögel Dorse Fren Diski 8 Delik ABS'li","BPW dorse dingili Fren Diski | BPW dorse dingili 0308834010 | 0308834010 Fren Diski | ESD 070 10-1 Fren Diski | Ford Cargo BPW Dorse Krone Dorse Kögel Dorse Fren Diski 8 Delik ABS'li","https://www.frenciniz.com/urun/194/0308834010-ford-cargo-bpw-dorse-krone-dorse-kogel-dorse-fren-diski-8-delik-abs-li-ekersan","","87","4636.84"
"195","Fren Diski","ESD 070 10","0308834010, 0308834017, 0308834030","","","no","Ford Cargo BPW Dorse Krone Dorse Kögel Dorse Fren Diski ESD 070 10","0308834010 Ford Cargo BPW Dorse Krone Dorse Kögel Dorse Fren Diski ESD 070 10","0308834010 Ford Cargo BPW Dorse Krone Dorse Kögel Dorse... | Frenciniz","0308834010 Ford Cargo BPW Dorse Krone Dorse Kögel Dorse Fren Diski ESD 070 10 icin stok, fiyat ve uyumluluk teyidi. Uygunluk adaylari: BPW dorse dingili, BPW...","0308834010 Ford Cargo BPW Dorse Krone Dorse Kögel Dorse Fren Diski ESD 070 10","BPW dorse dingili Fren Diski | BPW dorse dingili 0308834010 | 0308834010 Fren Diski | ESD 070 10 Fren Diski | Ford Cargo BPW Dorse Krone Dorse Kögel Dorse Fren Diski ESD 070 10","https://www.frenciniz.com/urun/195/0308834010-ford-cargo-bpw-dorse-krone-dorse-kogel-dorse-fren-diski-esd-070-10-ekersan","","109","4551.76"
"196","Fren Diski","ESD 070 07","0308834100, 0308834107","","","no","Ford Cargo BPW Dorse Krone Dorse Kögel Dorse Fren Diski ESD 070 07","0308834100 Ford Cargo BPW Dorse Krone Dorse Kögel Dorse Fren Diski ESD 070 07","0308834100 Ford Cargo BPW Dorse Krone Dorse Kögel Dorse... | Frenciniz","0308834100 Ford Cargo BPW Dorse Krone Dorse Kögel Dorse Fren Diski ESD 070 07 icin stok, fiyat ve uyumluluk teyidi. Uygunluk adaylari: BPW dorse dingili, BPW...","0308834100 Ford Cargo BPW Dorse Krone Dorse Kögel Dorse Fren Diski ESD 070 07","BPW dorse dingili Fren Diski | BPW dorse dingili 0308834100 | 0308834100 Fren Diski | ESD 070 07 Fren Diski | Ford Cargo BPW Dorse Krone Dorse Kögel Dorse Fren Diski ESD 070 07","https://www.frenciniz.com/urun/196/0308834100-ford-cargo-bpw-dorse-krone-dorse-kogel-dorse-fren-diski-esd-070-07-ekersan","","118","4573.03"
"197","Fren Diski","ESD 070 06","0308834080, 0308834087","","","no","Ford Cargo BPW Dorse Krone Dorse Kögel Dorse Fren Diski ESD 070 06","0308834080 Ford Cargo BPW Dorse Krone Dorse Kögel Dorse Fren Diski ESD 070 06","0308834080 Ford Cargo BPW Dorse Krone Dorse Kögel Dorse... | Frenciniz","0308834080 Ford Cargo BPW Dorse Krone Dorse Kögel Dorse Fren Diski ESD 070 06 icin stok, fiyat ve uyumluluk teyidi. Uygunluk adaylari: BPW dorse dingili, BPW...","0308834080 Ford Cargo BPW Dorse Krone Dorse Kögel Dorse Fren Diski ESD 070 06","BPW dorse dingili Fren Diski | BPW dorse dingili 0308834080 | 0308834080 Fren Diski | ESD 070 06 Fren Diski | Ford Cargo BPW Dorse Krone Dorse Kögel Dorse Fren Diski ESD 070 06","https://www.frenciniz.com/urun/197/0308834080-ford-cargo-bpw-dorse-krone-dorse-kogel-dorse-fren-diski-esd-070-06-ekersan","","61","4573.03"
"198","Fren Diski","ESD 070 05","0308834040, 0308834047, 0300224093","","","no","Ford Cargo BPW Dorse Krone Dorse Kögel Dorse Fren Diski ESD 070 05","0308834040 Ford Cargo BPW Dorse Krone Dorse Kögel Dorse Fren Diski ESD 070 05","0308834040 Ford Cargo BPW Dorse Krone Dorse Kögel Dorse... | Frenciniz","0308834040 Ford Cargo BPW Dorse Krone Dorse Kögel Dorse Fren Diski ESD 070 05 icin stok, fiyat ve uyumluluk teyidi. Uygunluk adaylari: BPW dorse dingili, BPW...","0308834040 Ford Cargo BPW Dorse Krone Dorse Kögel Dorse Fren Diski ESD 070 05","BPW dorse dingili Fren Diski | BPW dorse dingili 0308834040 | 0308834040 Fren Diski | ESD 070 05 Fren Diski | Ford Cargo BPW Dorse Krone Dorse Kögel Dorse Fren Diski ESD 070 05","https://www.frenciniz.com/urun/198/0308834040-ford-cargo-bpw-dorse-krone-dorse-kogel-dorse-fren-diski-esd-070-05-ekersan","","119","4573.03"
"199","Fren Diski","ESD 070 04","M069018, 13162025, 103696449445, CF103696, M200135, MBR9007, M069018","","","no","Ford Cargo Krone Dorse Kögel Dorse Fren Diski ESD 070 04","M069018 Ford Cargo Krone Dorse Kögel Dorse Fren Diski ESD 070 04","M069018 Ford Cargo Krone Dorse Kögel Dorse Fren Diski ESD... | Frenciniz","M069018 Ford Cargo Krone Dorse Kögel Dorse Fren Diski ESD 070 04 icin stok, fiyat ve uyumluluk teyidi. Uygunluk adaylari: ROR dorse dingili, Meritor/ROR treyler...","M069018 Ford Cargo Krone Dorse Kögel Dorse Fren Diski ESD 070 04","ROR dorse dingili Fren Diski | ROR dorse dingili M069018 | M069018 Fren Diski | ESD 070 04 Fren Diski | Ford Cargo Krone Dorse Kögel Dorse Fren Diski ESD 070 04","https://www.frenciniz.com/urun/199/m069018-ford-cargo-krone-dorse-kogel-dorse-fren-diski-esd-070-04-ekersan","","12","5211.13"
"200","Fren Diski","ESD 070 03","4079000410, 4079000700, 4079000701","","","no","Ford Cargo SAF Dorse Krone Dorse Kögel Dorse Fren Diski ESD 070 03","4079000410 Ford Cargo SAF Dorse Krone Dorse Kögel Dorse Fren Diski ESD 070 03","4079000410 Ford Cargo SAF Dorse Krone Dorse Kögel Dorse... | Frenciniz","4079000410 Ford Cargo SAF Dorse Krone Dorse Kögel Dorse Fren Diski ESD 070 03 icin stok, fiyat ve uyumluluk teyidi. Uygunluk adaylari: SAF dorse dingili, SAF...","4079000410 Ford Cargo SAF Dorse Krone Dorse Kögel Dorse Fren Diski ESD 070 03","SAF dorse dingili Fren Diski | SAF dorse dingili 4079000410 | 4079000410 Fren Diski | ESD 070 03 Fren Diski | Ford Cargo SAF Dorse Krone Dorse Kögel Dorse Fren Diski ESD 070 03","https://www.frenciniz.com/urun/200/4079000410-ford-cargo-saf-dorse-krone-dorse-kogel-dorse-fren-diski-esd-070-03-ekersan","","170","4168.9"
"201","Fren Diski","ESD 070 02","308834020, 308834060, 0308834067, 103784, 104085","","","no","Ford Cargo BPW Dorse Krone Dorse Kögel Dorse Fren Diski ESD 070 02","308834020 Ford Cargo BPW Dorse Krone Dorse Kögel Dorse Fren Diski ESD 070 02","308834020 Ford Cargo BPW Dorse Krone Dorse Kögel Dorse... | Frenciniz","308834020 Ford Cargo BPW Dorse Krone Dorse Kögel Dorse Fren Diski ESD 070 02 icin stok, fiyat ve uyumluluk teyidi. Uygunluk adaylari: BPW dorse dingili, BPW...","308834020 Ford Cargo BPW Dorse Krone Dorse Kögel Dorse Fren Diski ESD 070 02","BPW dorse dingili Fren Diski | BPW dorse dingili 308834020 | 308834020 Fren Diski | ESD 070 02 Fren Diski | Ford Cargo BPW Dorse Krone Dorse Kögel Dorse Fren Diski ESD 070 02","https://www.frenciniz.com/urun/201/308834020-ford-cargo-bpw-dorse-krone-dorse-kogel-dorse-fren-diski-esd-070-02-ekersan","","241","4636.84"
"202","Fren Diski","ESD 070 01","0308835010","","","no","Ford Cargo BPW Dorse Krone Dorse Kögel Dorse Fren Diski ESD 070 01","0308835010 Ford Cargo BPW Dorse Krone Dorse Kögel Dorse Fren Diski ESD 070 01","0308835010 Ford Cargo BPW Dorse Krone Dorse Kögel Dorse... | Frenciniz","0308835010 Ford Cargo BPW Dorse Krone Dorse Kögel Dorse Fren Diski ESD 070 01 icin stok, fiyat ve uyumluluk teyidi. Uygunluk adaylari: BPW dorse dingili, BPW...","0308835010 Ford Cargo BPW Dorse Krone Dorse Kögel Dorse Fren Diski ESD 070 01","BPW dorse dingili Fren Diski | BPW dorse dingili 0308835010 | 0308835010 Fren Diski | ESD 070 01 Fren Diski | Ford Cargo BPW Dorse Krone Dorse Kögel Dorse Fren Diski ESD 070 01","https://www.frenciniz.com/urun/202/0308835010-ford-cargo-bpw-dorse-krone-dorse-kogel-dorse-fren-diski-esd-070-01-ekersan","","6","4892.08"
"203","Fren Diski","ESD 060 02","1387439, 1640561, 1726138, II39112F, II39541F, II39112F, IL39541F, K004322, Z0009911","","","no","Scania P G R Fren Diski","1387439 Scania P G R Fren Diski","1387439 Scania P G R Fren Diski | Frenciniz","1387439 Scania P G R Fren Diski icin stok, fiyat ve uyumluluk teyidi. Uygunluk adaylari: Scania 4 serisi, Scania P/G/R serisi, Scania P serisi. OEM/SKU: 1387439....","1387439 Scania P G R Fren Diski","Scania 4 serisi Fren Diski | Scania 4 serisi 1387439 | 1387439 Fren Diski | ESD 060 02 Fren Diski | Scania P G R Fren Diski","https://www.frenciniz.com/urun/203/1387439-scania-p-g-r-fren-diski-ekersan","","357","3594.62"
"204","Fren Diski","ESD 040 21","5010598305","","","no","Renault Premium Magnum Kerax Midlum D Serisi Fren Diski ESD 040 21","5010598305 Renault Premium Magnum Kerax Midlum D Serisi Fren Diski ESD 040 21","5010598305 Renault Premium Magnum Kerax Midlum D Serisi... | Frenciniz","5010598305 Renault Premium Magnum Kerax Midlum D Serisi Fren Diski ESD 040 21 icin stok, fiyat ve uyumluluk teyidi. Uygunluk adaylari: Renault Trucks Midlum...","5010598305 Renault Premium Magnum Kerax Midlum D Serisi Fren Diski ESD 040 21","Renault Trucks Midlum Fren Diski | Renault Trucks Midlum 5010598305 | 5010598305 Fren Diski | ESD 040 21 Fren Diski | Renault Premium Magnum Kerax Midlum D Serisi Fren Diski ESD 040 21","https://www.frenciniz.com/urun/204/5010598305-renault-premium-magnum-kerax-midlum-d-serisi-fren-diski-esd-040-21-ekersan","","11","4636.84"
"205","Fren Diski","ESD 040 07","5010422262, 5010525308, 5010598303","","","no","Renault Premium Magnum Kerax Midlum D Serisi Fren Diski Ön","5010422262 Renault Premium Magnum Kerax Midlum D Serisi Fren Diski Ön","5010422262 Renault Premium Magnum Kerax Midlum D Serisi... | Frenciniz","5010422262 Renault Premium Magnum Kerax Midlum D Serisi Fren Diski Ön icin stok, fiyat ve uyumluluk teyidi. Uygunluk adaylari: Renault Trucks Premium, Renault...","5010422262 Renault Premium Magnum Kerax Midlum D Serisi Fren Diski Ön","Renault Trucks Premium Fren Diski | Renault Trucks Premium 5010422262 | 5010422262 Fren Diski | ESD 040 07 Fren Diski | Renault Premium Magnum Kerax Midlum D Serisi Fren Diski Ön","https://www.frenciniz.com/urun/205/5010422262-renault-premium-magnum-kerax-midlum-d-serisi-fren-diski-on-ekersan","","18","4211.44"
"206","Fren Diski","ESD 040 06","5010525362, 5010525015","","","no","Renault Premium Magnum Kerax Midlum D Serisi Fren Diski ESD 040 06","5010525362 Renault Premium Magnum Kerax Midlum D Serisi Fren Diski ESD 040 06","5010525362 Renault Premium Magnum Kerax Midlum D Serisi... | Frenciniz","5010525362 Renault Premium Magnum Kerax Midlum D Serisi Fren Diski ESD 040 06 icin stok, fiyat ve uyumluluk teyidi. Uygunluk adaylari: Renault Trucks Midlum...","5010525362 Renault Premium Magnum Kerax Midlum D Serisi Fren Diski ESD 040 06","Renault Trucks Midlum Fren Diski | Renault Trucks Midlum 5010525362 | 5010525362 Fren Diski | ESD 040 06 Fren Diski | Renault Premium Magnum Kerax Midlum D Serisi Fren Diski ESD 040 06","https://www.frenciniz.com/urun/206/5010525362-renault-premium-magnum-kerax-midlum-d-serisi-fren-diski-esd-040-06-ekersan","","46","4211.44"
"207","Fren Diski","ESD 040 05","5010525014","","","no","Renault Premium Magnum Kerax Midlum D Serisi Fren Diski 10 Delik Kısa Ön","5010525014 Renault Premium Magnum Kerax Midlum D Serisi Fren Diski 10 Delik Kısa Ön","5010525014 Renault Premium Magnum Kerax Midlum D Serisi... | Frenciniz","5010525014 Renault Premium Magnum Kerax Midlum D Serisi Fren Diski 10 Delik Kısa Ön icin stok, fiyat ve uyumluluk teyidi. Uygunluk adaylari: Renault Trucks...","5010525014 Renault Premium Magnum Kerax Midlum D Serisi Fren Diski 10 Delik Kısa Ön","Renault Trucks Premium Fren Diski | Renault Trucks Premium 5010525014 | 5010525014 Fren Diski | ESD 040 05 Fren Diski | Renault Premium Magnum Kerax Midlum D Serisi Fren Diski 10 Delik Kısa Ön","https://www.frenciniz.com/urun/207/5010525014-renault-premium-magnum-kerax-midlum-d-serisi-fren-diski-10-delik-kisa-on-ekersan","","29","4211.44"
"208","Fren Diski","ESD 040 03","5010422593, 5010216437, 5010422363, 5006172150, 504134958","","","no","Renault Premium Magnum Kerax Midlum D Serisi Fren Diski ESD 040 03","5010422593 Renault Premium Magnum Kerax Midlum D Serisi Fren Diski ESD 040 03","5010422593 Renault Premium Magnum Kerax Midlum D Serisi... | Frenciniz","5010422593 Renault Premium Magnum Kerax Midlum D Serisi Fren Diski ESD 040 03 icin stok, fiyat ve uyumluluk teyidi. Uygunluk adaylari: Renault Trucks Midlum...","5010422593 Renault Premium Magnum Kerax Midlum D Serisi Fren Diski ESD 040 03","Renault Trucks Midlum Fren Diski | Renault Trucks Midlum 5010422593 | 5010422593 Fren Diski | ESD 040 03 Fren Diski | Renault Premium Magnum Kerax Midlum D Serisi Fren Diski ESD 040 03","https://www.frenciniz.com/urun/208/5010422593-renault-premium-magnum-kerax-midlum-d-serisi-fren-diski-esd-040-03-ekersan","","32","4594.3"
"209","Fren Diski","ESD 040 02","5010260218","","","no","Renault Premium Magnum Kerax Midlum D Serisi Fren Diski ESD 040 02","5010260218 Renault Premium Magnum Kerax Midlum D Serisi Fren Diski ESD 040 02","5010260218 Renault Premium Magnum Kerax Midlum D Serisi... | Frenciniz","5010260218 Renault Premium Magnum Kerax Midlum D Serisi Fren Diski ESD 040 02 icin stok, fiyat ve uyumluluk teyidi. Uygunluk adaylari: Renault Trucks Midlum...","5010260218 Renault Premium Magnum Kerax Midlum D Serisi Fren Diski ESD 040 02","Renault Trucks Midlum Fren Diski | Renault Trucks Midlum 5010260218 | 5010260218 Fren Diski | ESD 040 02 Fren Diski | Renault Premium Magnum Kerax Midlum D Serisi Fren Diski ESD 040 02","https://www.frenciniz.com/urun/209/5010260218-renault-premium-magnum-kerax-midlum-d-serisi-fren-diski-esd-040-02-ekersan","","64","4211.44"
"210","Fren Diski","ESD 030 20","7189456","","","no","Ford Cargo Fren Diski ABS'li Arka ESD 030 20","7189456 Ford Cargo Fren Diski ABS'li Arka ESD 030 20","7189456 Ford Cargo Fren Diski ABS'li Arka ESD 030 20 | Frenciniz","7189456 Ford Cargo Fren Diski ABS'li Arka ESD 030 20 icin stok, fiyat ve uyumluluk teyidi. Uygunluk adaylari: Iveco Eurocargo, Iveco Stralis, Iveco Trakker....","7189456 Ford Cargo Fren Diski ABS'li Arka ESD 030 20","Iveco Eurocargo Fren Diski | Iveco Eurocargo 7189456 | 7189456 Fren Diski | ESD 030 20 Fren Diski | Ford Cargo Fren Diski ABS'li Arka ESD 030 20","https://www.frenciniz.com/urun/210/7189456-ford-cargo-fren-diski-abs-li-arka-esd-030-20-ekersan","","86","4094.46"
"211","Fren Diski","ESD 030 19","7189265, 2996418, 2996419","","","no","Ford Cargo Fren Diski Ön ESD 030 19","7189265 Ford Cargo Fren Diski Ön ESD 030 19","7189265 Ford Cargo Fren Diski Ön ESD 030 19 | Frenciniz","7189265 Ford Cargo Fren Diski Ön ESD 030 19 icin stok, fiyat ve uyumluluk teyidi. Uygunluk adaylari: Iveco Eurocargo, Iveco Stralis, Iveco Trakker. OEM/SKU:...","7189265 Ford Cargo Fren Diski Ön ESD 030 19","Iveco Eurocargo Fren Diski | Iveco Eurocargo 7189265 | 7189265 Fren Diski | ESD 030 19 Fren Diski | Ford Cargo Fren Diski Ön ESD 030 19","https://www.frenciniz.com/urun/211/7189265-ford-cargo-fren-diski-on-esd-030-19-ekersan","","21","4094.46"
"212","Fren Diski","ESD 030 17","2992636, 7184078, 7189863,","","","no","Ford Cargo Fren Diski ABS'li Arka ESD 030 17","2992636 Ford Cargo Fren Diski ABS'li Arka ESD 030 17","2992636 Ford Cargo Fren Diski ABS'li Arka ESD 030 17 | Frenciniz","2992636 Ford Cargo Fren Diski ABS'li Arka ESD 030 17 icin stok, fiyat ve uyumluluk teyidi. Uygunluk adaylari: Iveco Eurocargo, Iveco Stralis, Iveco Trakker....","2992636 Ford Cargo Fren Diski ABS'li Arka ESD 030 17","Iveco Eurocargo Fren Diski | Iveco Eurocargo 2992636 | 2992636 Fren Diski | ESD 030 17 Fren Diski | Ford Cargo Fren Diski ABS'li Arka ESD 030 17","https://www.frenciniz.com/urun/212/2992636-ford-cargo-fren-diski-abs-li-arka-esd-030-17-ekersan","","59","4849.54"
"213","Fren Diski","ESD 030 15","1906466, 7183632, 2997450, 01906466","","","no","Ford Cargo Fren Diski ABS'li","1906466 Ford Cargo Fren Diski ABS'li","1906466 Ford Cargo Fren Diski ABS'li | Frenciniz","1906466 Ford Cargo Fren Diski ABS'li icin stok, fiyat ve uyumluluk teyidi. Uygunluk adaylari: Ford Cargo, Iveco Eurocargo, Iveco Stralis. OEM/SKU: 1906466....","1906466 Ford Cargo Fren Diski ABS'li","Ford Cargo Fren Diski | Ford Cargo 1906466 | 1906466 Fren Diski | ESD 030 15 Fren Diski | Ford Cargo Fren Diski ABS'li","https://www.frenciniz.com/urun/213/1906466-ford-cargo-fren-diski-abs-li-ekersan","","5","4594.3"
"214","Fren Diski","ESD 030 13","60260","","","no","Ford Cargo Fren Diski ESD 030 13","60260 Ford Cargo Fren Diski ESD 030 13","60260 Ford Cargo Fren Diski ESD 030 13 | Frenciniz","60260 Ford Cargo Fren Diski ESD 030 13 icin stok, fiyat ve uyumluluk teyidi. Uygunluk adaylari: Ford Cargo, Ford Cargo 1846, Ford Cargo 3230. OEM/SKU: 60260....","60260 Ford Cargo Fren Diski ESD 030 13","Ford Cargo Fren Diski | Ford Cargo 60260 | 60260 Fren Diski | ESD 030 13 Fren Diski | Ford Cargo Fren Diski ESD 030 13","https://www.frenciniz.com/urun/214/60260-ford-cargo-fren-diski-esd-030-13-ekersan","","15","3807.31"
"215","Fren Diski","ESD 030 10","7187541, 2995894, 2995702","","","no","Ford Cargo Fren Diski 6CM 14 Delik Ön","7187541 Ford Cargo Fren Diski 6CM 14 Delik Ön","7187541 Ford Cargo Fren Diski 6CM 14 Delik Ön | Frenciniz","7187541 Ford Cargo Fren Diski 6CM 14 Delik Ön icin stok, fiyat ve uyumluluk teyidi. Uygunluk adaylari: Iveco Eurocargo, Iveco Stralis, Iveco Trakker. OEM/SKU:...","7187541 Ford Cargo Fren Diski 6CM 14 Delik Ön","Iveco Eurocargo Fren Diski | Iveco Eurocargo 7187541 | 7187541 Fren Diski | ESD 030 10 Fren Diski | Ford Cargo Fren Diski 6CM 14 Delik Ön","https://www.frenciniz.com/urun/215/7187541-ford-cargo-fren-diski-6cm-14-delik-on-ekersan","","206","3924.3"
"216","Fren Diski","ESD 030 09","2995812, 2996328, 7189476, 7185503","","","no","Ford Cargo Fren Diski ESD 030 09","2995812 Ford Cargo Fren Diski ESD 030 09","2995812 Ford Cargo Fren Diski ESD 030 09 | Frenciniz","2995812 Ford Cargo Fren Diski ESD 030 09 icin stok, fiyat ve uyumluluk teyidi. Uygunluk adaylari: Iveco Eurocargo, Iveco Eurotech, Iveco Stralis. OEM/SKU:...","2995812 Ford Cargo Fren Diski ESD 030 09","Iveco Eurocargo Fren Diski | Iveco Eurocargo 2995812 | 2995812 Fren Diski | ESD 030 09 Fren Diski | Ford Cargo Fren Diski ESD 030 09","https://www.frenciniz.com/urun/216/2995812-ford-cargo-fren-diski-esd-030-09-ekersan","","534","4849.54"
"217","Fren Diski","ESD 030 05","52226, 1907726, 1907526, 1907527, 1907530, 7172018, 7182770-Y","","","no","Ford Cargo Fren Diski 8 Delik Arka","52226 Ford Cargo Fren Diski 8 Delik Arka","52226 Ford Cargo Fren Diski 8 Delik Arka | Frenciniz","52226 Ford Cargo Fren Diski 8 Delik Arka icin stok, fiyat ve uyumluluk teyidi. Uygunluk adaylari: Iveco Eurocargo, Iveco Stralis, Iveco Trakker. OEM/SKU: 52226....","52226 Ford Cargo Fren Diski 8 Delik Arka","Iveco Eurocargo Fren Diski | Iveco Eurocargo 52226 | 52226 Fren Diski | ESD 030 05 Fren Diski | Ford Cargo Fren Diski 8 Delik Arka","https://www.frenciniz.com/urun/217/52226-ford-cargo-fren-diski-8-delik-arka-ekersan","","59","4211.44"
"218","Fren Diski","ESD 030 04","7182682, 7182772-Y","","","no","Ford Cargo Fren Diski ESD 030 04","7182682 Ford Cargo Fren Diski ESD 030 04","7182682 Ford Cargo Fren Diski ESD 030 04 | Frenciniz","7182682 Ford Cargo Fren Diski ESD 030 04 icin stok, fiyat ve uyumluluk teyidi. Uygunluk adaylari: Iveco Eurocargo, Iveco Stralis, Iveco Trakker. OEM/SKU:...","7182682 Ford Cargo Fren Diski ESD 030 04","Iveco Eurocargo Fren Diski | Iveco Eurocargo 7182682 | 7182682 Fren Diski | ESD 030 04 Fren Diski | Ford Cargo Fren Diski ESD 030 04","https://www.frenciniz.com/urun/218/7182682-ford-cargo-fren-diski-esd-030-04-ekersan","","7","4211.44"
"219","Fren Diski","ESD 030 03","7182305, 7179778, 7171274, 1904532, 7168368, 01904532","","","no","Ford Cargo Fren Diski ESD 030 03","7182305 Ford Cargo Fren Diski ESD 030 03","7182305 Ford Cargo Fren Diski ESD 030 03 | Frenciniz","7182305 Ford Cargo Fren Diski ESD 030 03 icin stok, fiyat ve uyumluluk teyidi. Uygunluk adaylari: Iveco Eurocargo, Iveco Stralis, Iveco Trakker. OEM/SKU:...","7182305 Ford Cargo Fren Diski ESD 030 03","Iveco Eurocargo Fren Diski | Iveco Eurocargo 7182305 | 7182305 Fren Diski | ESD 030 03 Fren Diski | Ford Cargo Fren Diski ESD 030 03","https://www.frenciniz.com/urun/219/7182305-ford-cargo-fren-diski-esd-030-03-ekersan","","13","3807.31"
"220","Fren Diski","ESD 030 02","1906461, 1906438, 7182305, 7179778, 2992470, 2996329, 7192305","","","no","Ford Cargo Fren Diski ESD 030 02","1906461 Ford Cargo Fren Diski ESD 030 02","1906461 Ford Cargo Fren Diski ESD 030 02 | Frenciniz","1906461 Ford Cargo Fren Diski ESD 030 02 icin stok, fiyat ve uyumluluk teyidi. Uygunluk adaylari: Iveco Eurocargo, Iveco Eurotech, Iveco Stralis. OEM/SKU:...","1906461 Ford Cargo Fren Diski ESD 030 02","Iveco Eurocargo Fren Diski | Iveco Eurocargo 1906461 | 1906461 Fren Diski | ESD 030 02 Fren Diski | Ford Cargo Fren Diski ESD 030 02","https://www.frenciniz.com/urun/220/1906461-ford-cargo-fren-diski-esd-030-02-ekersan","","241","4604.94"
"221","Fren Diski","ESD 030 01","1907631, 1908614, 1908729, 7173317, 718111, 2991979","","","no","Ford Cargo Fren Diski ESD 030 01","1907631 Ford Cargo Fren Diski ESD 030 01","1907631 Ford Cargo Fren Diski ESD 030 01 | Frenciniz","1907631 Ford Cargo Fren Diski ESD 030 01 icin stok, fiyat ve uyumluluk teyidi. Uygunluk adaylari: Iveco Eurocargo, Iveco Eurotech, Iveco Stralis. OEM/SKU:...","1907631 Ford Cargo Fren Diski ESD 030 01","Iveco Eurocargo Fren Diski | Iveco Eurocargo 1907631 | 1907631 Fren Diski | ESD 030 01 Fren Diski | Ford Cargo Fren Diski ESD 030 01","https://www.frenciniz.com/urun/221/1907631-ford-cargo-fren-diski-esd-030-01-ekersan","","5","4636.84"
"222","Fren Diski","ESD 020 13","81508030063, 81508030054","","","no","MAN TGA TGS TGX TGM TGL Fren Diski","81508030063 MAN TGA TGS TGX TGM TGL Fren Diski","81508030063 MAN TGA TGS TGX TGM TGL Fren Diski | Frenciniz","81508030063 MAN TGA TGS TGX TGM TGL Fren Diski icin stok, fiyat ve uyumluluk teyidi. Uygunluk adaylari: MAN TGL, MAN TGA 18.430, MAN TGA 18.460. OEM/SKU:...","81508030063 MAN TGA TGS TGX TGM TGL Fren Diski","MAN TGL Fren Diski | MAN TGL 81508030063 | 81508030063 Fren Diski | ESD 020 13 Fren Diski | MAN TGA TGS TGX TGM TGL Fren Diski","https://www.frenciniz.com/urun/222/81508030063-man-tga-tgs-tgx-tgm-tgl-fren-diski-ekersan","","110","2903.34"
"223","Fren Diski","ESD 020 10","81508030041, 81508030021","","","no","MAN Fortuna Otobüs Fren Diski ESD 020 10","81508030041 MAN Fortuna Otobüs Fren Diski ESD 020 10","81508030041 MAN Fortuna Otobüs Fren Diski ESD 020 10 | Frenciniz","81508030041 MAN Fortuna Otobüs Fren Diski ESD 020 10 icin stok, fiyat ve uyumluluk teyidi. Uygunluk adaylari: MAN TGA, MAN TGS, MAN TGX. OEM/SKU: 81508030041....","81508030041 MAN Fortuna Otobüs Fren Diski ESD 020 10","MAN TGA Fren Diski | MAN TGA 81508030041 | 81508030041 Fren Diski | ESD 020 10 Fren Diski | MAN Fortuna Otobüs Fren Diski ESD 020 10","https://www.frenciniz.com/urun/223/81508030041-man-fortuna-otobus-fren-diski-esd-020-10-ekersan","","364","4137.96"
"224","Fren Diski","ESD 020 09","81508030040, 81508030031","","","no","MAN Fortuna Otobüs Fren Diski ESD 020 09","81508030040 MAN Fortuna Otobüs Fren Diski ESD 020 09","81508030040 MAN Fortuna Otobüs Fren Diski ESD 020 09 | Frenciniz","81508030040 MAN Fortuna Otobüs Fren Diski ESD 020 09 icin stok, fiyat ve uyumluluk teyidi. Uygunluk adaylari: MAN TGA, MAN TGS, MAN TGX. OEM/SKU: 81508030040....","81508030040 MAN Fortuna Otobüs Fren Diski ESD 020 09","MAN TGA Fren Diski | MAN TGA 81508030040 | 81508030040 Fren Diski | ESD 020 09 Fren Diski | MAN Fortuna Otobüs Fren Diski ESD 020 09","https://www.frenciniz.com/urun/224/81508030040-man-fortuna-otobus-fren-diski-esd-020-09-ekersan","","437","4137.96"
"225","Fren Diski","ESD 020 05","81508030024, 81508030022","","","no","MAN TGA TGS TGX TGM Fren Diski ESD 020 05","81508030024 MAN TGA TGS TGX TGM Fren Diski ESD 020 05","81508030024 MAN TGA TGS TGX TGM Fren Diski ESD 020 05 | Frenciniz","81508030024 MAN TGA TGS TGX TGM Fren Diski ESD 020 05 icin stok, fiyat ve uyumluluk teyidi. Uygunluk adaylari: MAN L2000, MAN M2000, MAN TGA 18.430. OEM/SKU:...","81508030024 MAN TGA TGS TGX TGM Fren Diski ESD 020 05","MAN L2000 Fren Diski | MAN L2000 81508030024 | 81508030024 Fren Diski | ESD 020 05 Fren Diski | MAN TGA TGS TGX TGM Fren Diski ESD 020 05","https://www.frenciniz.com/urun/225/81508030024-man-tga-tgs-tgx-tgm-fren-diski-esd-020-05-ekersan","","196","2807.63"
"226","Fren Diski","ESD 020 04","81508030026, 81508030024","","","no","MAN TGA TGS TGX TGM Fren Diski ESD 020 04","81508030026 MAN TGA TGS TGX TGM Fren Diski ESD 020 04","81508030026 MAN TGA TGS TGX TGM Fren Diski ESD 020 04 | Frenciniz","81508030026 MAN TGA TGS TGX TGM Fren Diski ESD 020 04 icin stok, fiyat ve uyumluluk teyidi. Uygunluk adaylari: MAN L2000, MAN M2000, MAN TGA 18.430. OEM/SKU:...","81508030026 MAN TGA TGS TGX TGM Fren Diski ESD 020 04","MAN L2000 Fren Diski | MAN L2000 81508030026 | 81508030026 Fren Diski | ESD 020 04 Fren Diski | MAN TGA TGS TGX TGM Fren Diski ESD 020 04","https://www.frenciniz.com/urun/226/81508030026-man-tga-tgs-tgx-tgm-fren-diski-esd-020-04-ekersan","","207","2680.01"
"227","Fren Diski","ESD 010 27","9604210412, 9604210312, 9604210512","","","no","Mercedes Axor Actros Arocs Fren Diski","9604210412 Mercedes Axor Actros Arocs Fren Diski","9604210412 Mercedes Axor Actros Arocs Fren Diski | Frenciniz","9604210412 Mercedes Axor Actros Arocs Fren Diski icin stok, fiyat ve uyumluluk teyidi. Uygunluk adaylari: Mercedes-Benz Actros, Mercedes-Benz Axor, Mercedes-Benz...","9604210412 Mercedes Axor Actros Arocs Fren Diski","Mercedes-Benz Actros Fren Diski | Mercedes-Benz Actros 9604210412 | 9604210412 Fren Diski | ESD 010 27 Fren Diski | Mercedes Axor Actros Arocs Fren Diski","https://www.frenciniz.com/urun/227/9604210412-mercedes-axor-actros-arocs-fren-diski-ekersan","","442","4273.32"
"228","Fren Diski","ESD 010 22","9704210112","","","no","Mercedes Axor Actros Fren Diski ESD 010 22","9704210112 Mercedes Axor Actros Fren Diski ESD 010 22","9704210112 Mercedes Axor Actros Fren Diski ESD 010 22 | Frenciniz","9704210112 Mercedes Axor Actros Fren Diski ESD 010 22 icin stok, fiyat ve uyumluluk teyidi. Uygunluk adaylari: Mercedes-Benz Actros, Mercedes-Benz Axor, Actros...","9704210112 Mercedes Axor Actros Fren Diski ESD 010 22","Mercedes-Benz Actros Fren Diski | Mercedes-Benz Actros 9704210112 | 9704210112 Fren Diski | ESD 010 22 Fren Diski | Mercedes Axor Actros Fren Diski ESD 010 22","https://www.frenciniz.com/urun/228/9704210112-mercedes-axor-actros-fren-diski-esd-010-22-ekersan","","62","4126.36"
"229","Fren Diski","ESD 010 19","9704230412","","","no","Mercedes Axor Actros Fren Diski ESD 010 19","9704230412 Mercedes Axor Actros Fren Diski ESD 010 19","9704230412 Mercedes Axor Actros Fren Diski ESD 010 19 | Frenciniz","9704230412 Mercedes Axor Actros Fren Diski ESD 010 19 icin stok, fiyat ve uyumluluk teyidi. Uygunluk adaylari: Mercedes-Benz Actros, Mercedes-Benz Axor, Actros...","9704230412 Mercedes Axor Actros Fren Diski ESD 010 19","Mercedes-Benz Actros Fren Diski | Mercedes-Benz Actros 9704230412 | 9704230412 Fren Diski | ESD 010 19 Fren Diski | Mercedes Axor Actros Fren Diski ESD 010 19","https://www.frenciniz.com/urun/229/9704230412-mercedes-axor-actros-fren-diski-esd-010-19-ekersan","","9","4604.94"
"230","Fren Diski","ESD 010 18","204566","","","no","Mercedes Axor Fren Diski Maçasız Dolu E.M.","204566 Mercedes Axor Fren Diski Maçasız Dolu E.M.","204566 Mercedes Axor Fren Diski Maçasız Dolu E.M. | Frenciniz","204566 Mercedes Axor Fren Diski Maçasız Dolu E.M. icin stok, fiyat ve uyumluluk teyidi. Uygunluk adaylari: Mercedes-Benz Axor, Axor 1840, Axor 1843. OEM/SKU:...","204566 Mercedes Axor Fren Diski Maçasız Dolu E.M.","Mercedes-Benz Axor Fren Diski | Mercedes-Benz Axor 204566 | 204566 Fren Diski | ESD 010 18 Fren Diski | Mercedes Axor Fren Diski Maçasız Dolu E.M.","https://www.frenciniz.com/urun/230/204566-mercedes-axor-fren-diski-macasiz-dolu-e-m-ekersan","","74","4870.81"
"231","Fren Diski","ESD 010 12","9434210312","","","no","Mercedes Axor Actros Fren Diski ESD 010 12","9434210312 Mercedes Axor Actros Fren Diski ESD 010 12","9434210312 Mercedes Axor Actros Fren Diski ESD 010 12 | Frenciniz","9434210312 Mercedes Axor Actros Fren Diski ESD 010 12 icin stok, fiyat ve uyumluluk teyidi. Uygunluk adaylari: Mercedes-Benz Actros, Mercedes-Benz Axor, Actros...","9434210312 Mercedes Axor Actros Fren Diski ESD 010 12","Mercedes-Benz Actros Fren Diski | Mercedes-Benz Actros 9434210312 | 9434210312 Fren Diski | ESD 010 12 Fren Diski | Mercedes Axor Actros Fren Diski ESD 010 12","https://www.frenciniz.com/urun/231/9434210312-mercedes-axor-actros-fren-diski-esd-010-12-ekersan","","1291","3857.59"
"232","Fren Diski","ESD 010 04","9754210212, 9754210012, 9754210112","","","no","Mercedes Travego Tourismo MAN Fortuna Otobüs Fren Diski ESD 010 04","9754210212 Mercedes Travego Tourismo MAN Fortuna Otobüs Fren Diski ESD 010 04","9754210212 Mercedes Travego Tourismo MAN Fortuna Otobüs... | Frenciniz","9754210212 Mercedes Travego Tourismo MAN Fortuna Otobüs Fren Diski ESD 010 04 icin stok, fiyat ve uyumluluk teyidi. Uygunluk adaylari: Mercedes-Benz Atego...","9754210212 Mercedes Travego Tourismo MAN Fortuna Otobüs Fren Diski ESD 010 04","Mercedes-Benz Atego Fren Diski | Mercedes-Benz Atego 9754210212 | 9754210212 Fren Diski | ESD 010 04 Fren Diski | Mercedes Travego Tourismo MAN Fortuna Otobüs Fren Diski ESD 010 04","https://www.frenciniz.com/urun/232/9754210212-mercedes-travego-tourismo-man-fortuna-otobus-fren-diski-esd-010-04-ekersan","","94","3789.91"
"233","Fren Diski","ESD 010 03","9754230612, 9754230012, 9754230312","","","no","Mercedes Axor Actros Fren Diski ESD 010 03","9754230612 Mercedes Axor Actros Fren Diski ESD 010 03","9754230612 Mercedes Axor Actros Fren Diski ESD 010 03 | Frenciniz","9754230612 Mercedes Axor Actros Fren Diski ESD 010 03 icin stok, fiyat ve uyumluluk teyidi. Uygunluk adaylari: Mercedes-Benz Actros, Mercedes-Benz Axor, Actros...","9754230612 Mercedes Axor Actros Fren Diski ESD 010 03","Mercedes-Benz Actros Fren Diski | Mercedes-Benz Actros 9754230612 | 9754230612 Fren Diski | ESD 010 03 Fren Diski | Mercedes Axor Actros Fren Diski ESD 010 03","https://www.frenciniz.com/urun/233/9754230612-mercedes-axor-actros-fren-diski-esd-010-03-ekersan","","129","3789.91"
"234","Fren Diski","ESD 010 02","9424211212, 9424212112, 9424210912, 9424211012, 9424211112, 9424200212","9424212112-mercedes-axor-actros-fren-diski","6","no","9424212112 Mercedes Axor Actros Fren Diski ESD 010 02","9424212112 Mercedes Axor Actros Fren Diski ESD 010 02","9424212112 Mercedes Axor Actros Fren Diski ESD 010 02 | Frenciniz","9424212112 Mercedes Axor Actros Fren Diski ESD 010 02 icin stok, fiyat ve uyumluluk teyidi. Uygunluk adaylari: Mercedes-Benz Actros, Mercedes-Benz Axor, Actros...","9424212112 fren diski","mercedes axor 9424212112 | actros fren diski 9424212112 | 9424211212 fren diski | 9424212112 Mercedes Axor Actros Fren Diski ESD 010 02 | 9424210912 fren diski | 9424211012 fren diski | 9424211112 fren diski","https://www.frenciniz.com/urun/234/9424212112-mercedes-axor-actros-fren-diski-esd-010-02-ekersan","https://www.frenciniz.com/9424212112-mercedes-axor-actros-fren-diski","1286","3857.59"
"235","Fren Diski","ESD 010 01","3564211012, 3564210312, 3564211212, 3054210312","","","no","Mercedes Axor Actros Fren Diski ESD 010 01","3564211012 Mercedes Axor Actros Fren Diski ESD 010 01","3564211012 Mercedes Axor Actros Fren Diski ESD 010 01 | Frenciniz","3564211012 Mercedes Axor Actros Fren Diski ESD 010 01 icin stok, fiyat ve uyumluluk teyidi. Uygunluk adaylari: Mercedes-Benz Actros, Mercedes-Benz Axor, Actros...","3564211012 Mercedes Axor Actros Fren Diski ESD 010 01","Mercedes-Benz Actros Fren Diski | Mercedes-Benz Actros 3564211012 | 3564211012 Fren Diski | ESD 010 01 Fren Diski | Mercedes Axor Actros Fren Diski ESD 010 01","https://www.frenciniz.com/urun/235/3564211012-mercedes-axor-actros-fren-diski-esd-010-01-ekersan","","108","4604.94"
"236","Bijon","ESB 231 10","81455010123","","","no","MAN TGA TGS TGX TGM Bijon 73 mm 12-153 Arka","81455010123 MAN TGA TGS TGX TGM Bijon 73 mm 12-153 Arka","81455010123 MAN TGA TGS TGX TGM Bijon 73 mm 12-153 Arka | Frenciniz","81455010123 MAN TGA TGS TGX TGM Bijon 73 mm 12-153 Arka icin stok, fiyat ve uyumluluk teyidi. Uygunluk adaylari: MAN ağır vasıta, MAN TGA 18.430, MAN TGA 18.460....","81455010123 MAN TGA TGS TGX TGM Bijon 73 mm 12-153 Arka","MAN ağır vasıta Bijon | MAN ağır vasıta 81455010123 | 81455010123 Bijon | ESB 231 10 Bijon | MAN TGA TGS TGX TGM Bijon 73 mm 12-153 Arka","https://www.frenciniz.com/urun/236/81455010123-man-tga-tgs-tgx-tgm-bijon-73-mm-12-153-arka-ekersan","","3205","163.57"
"237","Bijon","ESB 230 10","","","","no","MAN TGA TGS TGX TGM Bijon 90 mm 12.153","ESB 230 10 MAN TGA TGS TGX TGM Bijon 90 mm 12.153","ESB 230 10 MAN TGA TGS TGX TGM Bijon 90 mm 12.153 | Frenciniz","ESB 230 10 MAN TGA TGS TGX TGM Bijon 90 mm 12.153 icin stok, fiyat ve uyumluluk teyidi. Uygunluk adaylari: MAN ağır vasıta, MAN TGA 18.430, MAN TGA 18.460....","ESB 230 10 MAN TGA TGS TGX TGM Bijon 90 mm 12.153","MAN ağır vasıta Bijon | MAN ağır vasıta ESB 230 10 | ESB 230 10 Bijon | MAN TGA TGS TGX TGM Bijon 90 mm 12.153","https://www.frenciniz.com/urun/237/esb-230-10-man-tga-tgs-tgx-tgm-bijon-90-mm-12-153-ekersan","","334","178.69"
"238","Bijon","ESB 192 10-1","3814011471","","","no","Mercedes Axor Actros Bijon 128MM DPS Arka","3814011471 Mercedes Axor Actros Bijon 128MM DPS Arka","3814011471 Mercedes Axor Actros Bijon 128MM DPS Arka | Frenciniz","3814011471 Mercedes Axor Actros Bijon 128MM DPS Arka icin stok, fiyat ve uyumluluk teyidi. Uygunluk adaylari: Mercedes-Benz Actros, Mercedes-Benz Axor, Actros...","3814011471 Mercedes Axor Actros Bijon 128MM DPS Arka","Mercedes-Benz Actros Bijon | Mercedes-Benz Actros 3814011471 | 3814011471 Bijon | ESB 192 10-1 Bijon | Mercedes Axor Actros Bijon 128MM DPS Arka","https://www.frenciniz.com/urun/238/3814011471-mercedes-axor-actros-bijon-128mm-dps-arka-ekersan","","198","198.65"
"239","Bijon","ESB 187 10","4014171","","","no","Mercedes Axor Actros Bijon 92 mm Arka","4014171 Mercedes Axor Actros Bijon 92 mm Arka","4014171 Mercedes Axor Actros Bijon 92 mm Arka | Frenciniz","4014171 Mercedes Axor Actros Bijon 92 mm Arka icin stok, fiyat ve uyumluluk teyidi. Uygunluk adaylari: Mercedes-Benz Axor, Mercedes-Benz Actros, Actros 1840....","4014171 Mercedes Axor Actros Bijon 92 mm Arka","Mercedes-Benz Axor Bijon | Mercedes-Benz Axor 4014171 | 4014171 Bijon | ESB 187 10 Bijon | Mercedes Axor Actros Bijon 92 mm Arka","https://www.frenciniz.com/urun/239/4014171-mercedes-axor-actros-bijon-92-mm-arka-ekersan","","3290","183.64"
"240","Bijon","ESB 184 20","","","","no","Mercedes Axor Actros Bijon ESB 184 20","Mercedes Axor Actros Bijon ESB 184 20","Mercedes Axor Actros Bijon ESB 184 20 | Frenciniz","Mercedes Axor Actros Bijon ESB 184 20 icin stok, fiyat ve uyumluluk teyidi. Uygunluk adaylari: Mercedes-Benz Axor, Mercedes-Benz Actros, Actros 1840. OEM/SKU:...","Mercedes Axor Actros Bijon ESB 184 20","Mercedes-Benz Axor Bijon | Mercedes-Benz Axor ESB 184 20 | ESB 184 20 Bijon","https://www.frenciniz.com/urun/240/mercedes-axor-actros-bijon-esb-184-20-ekersan","","6749","183.64"
"241","Bijon","ESB 184 10","Axor-Actoros Yeni Model Arka 86 mm","","","no","Mercedes Axor Actros Bijon 86 mm Arka ESB 184 10","Axor-Actoros Yeni Model Arka 86 mm Mercedes Axor Actros Bijon 86 mm Arka ESB 184 10","Axor-Actoros Yeni Model Arka 86 mm Mercedes Axor Actros... | Frenciniz","Axor-Actoros Yeni Model Arka 86 mm Mercedes Axor Actros Bijon 86 mm Arka ESB 184 10 icin stok, fiyat ve uyumluluk teyidi. Uygunluk adaylari: Mercedes-Benz Axor...","Axor-Actoros Yeni Model Arka 86 mm Mercedes Axor Actros Bijon 86 mm Arka ESB 184 10","Mercedes-Benz Axor Bijon | Mercedes-Benz Axor Axor-Actoros Yeni Model Arka 86 mm | Axor-Actoros Yeni Model Arka 86 mm Bijon | ESB 184 10 Bijon | Mercedes Axor Actros Bijon 86 mm Arka ESB 184 10","https://www.frenciniz.com/urun/241/axor-actoros-yeni-model-arka-86-mm-mercedes-axor-actros-bijon-86-mm-arka-esb-184-10-ekersan","","2504","183.64"
"242","Bijon","ESB 182 10","3814010771-3464010071","","","no","Mercedes Axor Actros Bijon ESB 182 10","3814010771-3464010071 Mercedes Axor Actros Bijon ESB 182 10","3814010771-3464010071 Mercedes Axor Actros Bijon ESB 182 10 | Frenciniz","3814010771-3464010071 Mercedes Axor Actros Bijon ESB 182 10 icin stok, fiyat ve uyumluluk teyidi. Uygunluk adaylari: Mercedes-Benz Actros, Mercedes-Benz Axor...","3814010771-3464010071 Mercedes Axor Actros Bijon ESB 182 10","Mercedes-Benz Actros Bijon | Mercedes-Benz Actros 3814010771-3464010071 | 3814010771-3464010071 Bijon | ESB 182 10 Bijon | Mercedes Axor Actros Bijon ESB 182 10","https://www.frenciniz.com/urun/242/3814010771-3464010071-mercedes-axor-actros-bijon-esb-182-10-ekersan","","6916","186.39"
"243","Bijon","ESB 170 20","3714017071","","","no","Mercedes Axor Actros Bijon 73 mm","3714017071 Mercedes Axor Actros Bijon 73 mm","3714017071 Mercedes Axor Actros Bijon 73 mm | Frenciniz","3714017071 Mercedes Axor Actros Bijon 73 mm icin stok, fiyat ve uyumluluk teyidi. Uygunluk adaylari: Mercedes-Benz Actros, Mercedes-Benz Axor, Actros 1840....","3714017071 Mercedes Axor Actros Bijon 73 mm","Mercedes-Benz Actros Bijon | Mercedes-Benz Actros 3714017071 | 3714017071 Bijon | ESB 170 20 Bijon | Mercedes Axor Actros Bijon 73 mm","https://www.frenciniz.com/urun/243/3714017071-mercedes-axor-actros-bijon-73-mm-ekersan","","180","163.57"
"244","Bijon","ESB 170 10","3714027071","","","no","Mercedes Axor Actros Bijon 86 mm Arka ESB 170 10","3714027071 Mercedes Axor Actros Bijon 86 mm Arka ESB 170 10","3714027071 Mercedes Axor Actros Bijon 86 mm Arka ESB 170 10 | Frenciniz","3714027071 Mercedes Axor Actros Bijon 86 mm Arka ESB 170 10 icin stok, fiyat ve uyumluluk teyidi. Uygunluk adaylari: Mercedes-Benz Actros, Mercedes-Benz Axor...","3714027071 Mercedes Axor Actros Bijon 86 mm Arka ESB 170 10","Mercedes-Benz Actros Bijon | Mercedes-Benz Actros 3714027071 | 3714027071 Bijon | ESB 170 10 Bijon | Mercedes Axor Actros Bijon 86 mm Arka ESB 170 10","https://www.frenciniz.com/urun/244/3714027071-mercedes-axor-actros-bijon-86-mm-arka-esb-170-10-ekersan","","710","163.57"
"245","Bijon","ESB 142 10","3524020071","","","no","Mercedes Atego Bijon Arka","3524020071 Mercedes Atego Bijon Arka","3524020071 Mercedes Atego Bijon Arka | Frenciniz","3524020071 Mercedes Atego Bijon Arka icin stok, fiyat ve uyumluluk teyidi. Uygunluk adaylari: Mercedes-Benz Atego, Atego 815, Atego 818. OEM/SKU: 3524020071....","3524020071 Mercedes Atego Bijon Arka","Mercedes-Benz Atego Bijon | Mercedes-Benz Atego 3524020071 | 3524020071 Bijon | ESB 142 10 Bijon | Mercedes Atego Bijon Arka","https://www.frenciniz.com/urun/245/3524020071-mercedes-atego-bijon-arka-ekersan","","1967","170.44"
"246","Bijon","ESB 140 20","3184020271-3274010071-3124011171","","","no","Mercedes Atego Bijon 66 mm","3184020271 Mercedes Atego Bijon 66 mm","3184020271 Mercedes Atego Bijon 66 mm | Frenciniz","3184020271 Mercedes Atego Bijon 66 mm icin stok, fiyat ve uyumluluk teyidi. Uygunluk adaylari: Mercedes-Benz Atego, Atego 815, Atego 818. OEM/SKU: 3184020271....","3184020271 Mercedes Atego Bijon 66 mm","Mercedes-Benz Atego Bijon | Mercedes-Benz Atego 3184020271 | 3184020271 Bijon | ESB 140 20 Bijon | Mercedes Atego Bijon 66 mm","https://www.frenciniz.com/urun/246/3184020271-mercedes-atego-bijon-66-mm-ekersan","","1430","163.57"
"247","Bijon","ESB 140 10","","","","no","Mercedes Atego Bijon","ESB 140 10 Mercedes Atego Bijon","ESB 140 10 Mercedes Atego Bijon | Frenciniz","ESB 140 10 Mercedes Atego Bijon icin stok, fiyat ve uyumluluk teyidi. Uygunluk adaylari: Mercedes-Benz Atego, Atego 815, Atego 818. OEM/SKU: ESB 140 10. Stokta...","ESB 140 10 Mercedes Atego Bijon","Mercedes-Benz Atego Bijon | Mercedes-Benz Atego ESB 140 10 | ESB 140 10 Bijon | Mercedes Atego Bijon","https://www.frenciniz.com/urun/247/esb-140-10-mercedes-atego-bijon-ekersan","","152","182.81"
"248","Bijon","ESB 131 10-1","","","","no","Mercedes Axor Bijon 92 mm Arka","ESB 131 10-1 Mercedes Axor Bijon 92 mm Arka","ESB 131 10-1 Mercedes Axor Bijon 92 mm Arka | Frenciniz","ESB 131 10-1 Mercedes Axor Bijon 92 mm Arka icin stok, fiyat ve uyumluluk teyidi. Uygunluk adaylari: Mercedes-Benz Axor, Axor 1840, Axor 1843. OEM/SKU: ESB 131...","ESB 131 10-1 Mercedes Axor Bijon 92 mm Arka","Mercedes-Benz Axor Bijon | Mercedes-Benz Axor ESB 131 10-1 | ESB 131 10-1 Bijon | Mercedes Axor Bijon 92 mm Arka","https://www.frenciniz.com/urun/248/esb-131-10-1-mercedes-axor-bijon-92-mm-arka-ekersan","","2060","178.69"
"249","Bijon","ESB 115 10-1","3814011171-3814010571-3814010471","","","no","Mercedes Axor Actros Bijon 100 mm ESB 115 10-1","3814011171 Mercedes Axor Actros Bijon 100 mm ESB 115 10-1","3814011171 Mercedes Axor Actros Bijon 100 mm ESB 115 10-1 | Frenciniz","3814011171 Mercedes Axor Actros Bijon 100 mm ESB 115 10-1 icin stok, fiyat ve uyumluluk teyidi. Uygunluk adaylari: Mercedes-Benz Actros, Mercedes-Benz Axor...","3814011171 Mercedes Axor Actros Bijon 100 mm ESB 115 10-1","Mercedes-Benz Actros Bijon | Mercedes-Benz Actros 3814011171 | 3814011171 Bijon | ESB 115 10-1 Bijon | Mercedes Axor Actros Bijon 100 mm ESB 115 10-1","https://www.frenciniz.com/urun/249/3814011171-mercedes-axor-actros-bijon-100-mm-esb-115-10-1-ekersan","","2082","178.69"
"250","Bijon","ESB 114 10-1","4013971-3814010471-3814010571","","","no","Mercedes Axor Actros Bijon 100 mm ESB 114 10-1","4013971 Mercedes Axor Actros Bijon 100 mm ESB 114 10-1","4013971 Mercedes Axor Actros Bijon 100 mm ESB 114 10-1 | Frenciniz","4013971 Mercedes Axor Actros Bijon 100 mm ESB 114 10-1 icin stok, fiyat ve uyumluluk teyidi. Uygunluk adaylari: Mercedes-Benz Actros, Mercedes-Benz Axor, Actros...","4013971 Mercedes Axor Actros Bijon 100 mm ESB 114 10-1","Mercedes-Benz Actros Bijon | Mercedes-Benz Actros 4013971 | 4013971 Bijon | ESB 114 10-1 Bijon | Mercedes Axor Actros Bijon 100 mm ESB 114 10-1","https://www.frenciniz.com/urun/250/4013971-mercedes-axor-actros-bijon-100-mm-esb-114-10-1-ekersan","","3471","178.69"
"251","Bijon","ESB 113 20-1","3814011271","","","no","Mercedes Axor Actros Bijon 84 mm ESB 113 20-1","3814011271 Mercedes Axor Actros Bijon 84 mm ESB 113 20-1","3814011271 Mercedes Axor Actros Bijon 84 mm ESB 113 20-1 | Frenciniz","3814011271 Mercedes Axor Actros Bijon 84 mm ESB 113 20-1 icin stok, fiyat ve uyumluluk teyidi. Uygunluk adaylari: Mercedes-Benz Actros, Mercedes-Benz Axor...","3814011271 Mercedes Axor Actros Bijon 84 mm ESB 113 20-1","Mercedes-Benz Actros Bijon | Mercedes-Benz Actros 3814011271 | 3814011271 Bijon | ESB 113 20-1 Bijon | Mercedes Axor Actros Bijon 84 mm ESB 113 20-1","https://www.frenciniz.com/urun/251/3814011271-mercedes-axor-actros-bijon-84-mm-esb-113-20-1-ekersan","","690","178.69"
"252","Bijon","ESB 112 20-1","3814011271-3814010071","","","no","Mercedes Axor Actros Bijon 84 mm ESB 112 20-1","3814011271-3814010071 Mercedes Axor Actros Bijon 84 mm ESB 112 20-1","3814011271-3814010071 Mercedes Axor Actros Bijon 84 mm ESB... | Frenciniz","3814011271-3814010071 Mercedes Axor Actros Bijon 84 mm ESB 112 20-1 icin stok, fiyat ve uyumluluk teyidi. Uygunluk adaylari: Mercedes-Benz Actros, Mercedes-Benz...","3814011271-3814010071 Mercedes Axor Actros Bijon 84 mm ESB 112 20-1","Mercedes-Benz Actros Bijon | Mercedes-Benz Actros 3814011271-3814010071 | 3814011271-3814010071 Bijon | ESB 112 20-1 Bijon | Mercedes Axor Actros Bijon 84 mm ESB 112 20-1","https://www.frenciniz.com/urun/252/3814011271-3814010071-mercedes-axor-actros-bijon-84-mm-esb-112-20-1-ekersan","","2298","178.69"
"253","Bijon","ESB 111 10-1","3274020471","","","no","Mercedes Axor Actros Bijon 110 mm Arka","3274020471 Mercedes Axor Actros Bijon 110 mm Arka","3274020471 Mercedes Axor Actros Bijon 110 mm Arka | Frenciniz","3274020471 Mercedes Axor Actros Bijon 110 mm Arka icin stok, fiyat ve uyumluluk teyidi. Uygunluk adaylari: Mercedes-Benz Actros, Mercedes-Benz Axor, Actros 1840....","3274020471 Mercedes Axor Actros Bijon 110 mm Arka","Mercedes-Benz Actros Bijon | Mercedes-Benz Actros 3274020471 | 3274020471 Bijon | ESB 111 10-1 Bijon | Mercedes Axor Actros Bijon 110 mm Arka","https://www.frenciniz.com/urun/253/3274020471-mercedes-axor-actros-bijon-110-mm-arka-ekersan","","5175","181.73"
"254","Bijon","ESB 110 20-1","3274010471-3174010371-3054010071-3814010171","","","no","Mercedes Axor Actros Bijon 77 mm DPS","3274010471 Mercedes Axor Actros Bijon 77 mm DPS","3274010471 Mercedes Axor Actros Bijon 77 mm DPS | Frenciniz","3274010471 Mercedes Axor Actros Bijon 77 mm DPS icin stok, fiyat ve uyumluluk teyidi. Uygunluk adaylari: Mercedes-Benz Actros, Mercedes-Benz Axor, Actros 1840....","3274010471 Mercedes Axor Actros Bijon 77 mm DPS","Mercedes-Benz Actros Bijon | Mercedes-Benz Actros 3274010471 | 3274010471 Bijon | ESB 110 20-1 Bijon | Mercedes Axor Actros Bijon 77 mm DPS","https://www.frenciniz.com/urun/254/3274010471-mercedes-axor-actros-bijon-77-mm-dps-ekersan","","2142","178.03"
"255","Bijon","ESB 110 10-1","3464010071-3814010771-4013771","","","no","Mercedes Axor Actros Bijon 110 mm DPS Arka","3464010071 Mercedes Axor Actros Bijon 110 mm DPS Arka","3464010071 Mercedes Axor Actros Bijon 110 mm DPS Arka | Frenciniz","3464010071 Mercedes Axor Actros Bijon 110 mm DPS Arka icin stok, fiyat ve uyumluluk teyidi. Uygunluk adaylari: Mercedes-Benz Actros, Mercedes-Benz Axor, Actros...","3464010071 Mercedes Axor Actros Bijon 110 mm DPS Arka","Mercedes-Benz Actros Bijon | Mercedes-Benz Actros 3464010071 | 3464010071 Bijon | ESB 110 10-1 Bijon | Mercedes Axor Actros Bijon 110 mm DPS Arka","https://www.frenciniz.com/urun/255/3464010071-mercedes-axor-actros-bijon-110-mm-dps-arka-ekersan","","4439","175.94"
"256","Fren Kampanası","ESK 290 15","1064027300-1064027310-322052J","","","no","Ford Cargo SAF Dorse Krone Dorse Kögel Dorse Fren Kampanası ESK 290 15","1064027300 Ford Cargo SAF Dorse Krone Dorse Kögel Dorse Fren Kampanası ESK 290 15","1064027300 Ford Cargo SAF Dorse Krone Dorse Kögel Dorse... | Frenciniz","1064027300 Ford Cargo SAF Dorse Krone Dorse Kögel Dorse Fren Kampanası ESK 290 15 icin stok, fiyat ve uyumluluk teyidi. Uygunluk adaylari: SAF dorse dingili, SAF...","1064027300 Ford Cargo SAF Dorse Krone Dorse Kögel Dorse Fren Kampanası ESK 290 15","SAF dorse dingili Fren Kampanası | SAF dorse dingili 1064027300 | 1064027300 Fren Kampanası | ESK 290 15 Fren Kampanası | Ford Cargo SAF Dorse Krone Dorse Kögel Dorse Fren Kampanası ESK 290 15","https://www.frenciniz.com/urun/256/1064027300-ford-cargo-saf-dorse-krone-dorse-kogel-dorse-fren-kampanasi-esk-290-15-ekersan","","68","4571.58"
"257","Fren Kampanası","ESK 290 10","1064027000-1064027001-1064027010","","","no","Ford Cargo SAF Dorse Krone Dorse Kögel Dorse Fren Kampanası ESK 290 10","1064027000 Ford Cargo SAF Dorse Krone Dorse Kögel Dorse Fren Kampanası ESK 290 10","1064027000 Ford Cargo SAF Dorse Krone Dorse Kögel Dorse... | Frenciniz","1064027000 Ford Cargo SAF Dorse Krone Dorse Kögel Dorse Fren Kampanası ESK 290 10 icin stok, fiyat ve uyumluluk teyidi. Uygunluk adaylari: SAF dorse dingili, SAF...","1064027000 Ford Cargo SAF Dorse Krone Dorse Kögel Dorse Fren Kampanası ESK 290 10","SAF dorse dingili Fren Kampanası | SAF dorse dingili 1064027000 | 1064027000 Fren Kampanası | ESK 290 10 Fren Kampanası | Ford Cargo SAF Dorse Krone Dorse Kögel Dorse Fren Kampanası ESK 290 10","https://www.frenciniz.com/urun/257/1064027000-ford-cargo-saf-dorse-krone-dorse-kogel-dorse-fren-kampanasi-esk-290-10-ekersan","","7","4724.32"
"258","Fren Kampanası","ESK 290 04","1064019700","","","no","Ford Cargo SAF Dorse Krone Dorse Kögel Dorse Fren Kampanası ESK 290 04","1064019700 Ford Cargo SAF Dorse Krone Dorse Kögel Dorse Fren Kampanası ESK 290 04","1064019700 Ford Cargo SAF Dorse Krone Dorse Kögel Dorse... | Frenciniz","1064019700 Ford Cargo SAF Dorse Krone Dorse Kögel Dorse Fren Kampanası ESK 290 04 icin stok, fiyat ve uyumluluk teyidi. Uygunluk adaylari: SAF dorse dingili, SAF...","1064019700 Ford Cargo SAF Dorse Krone Dorse Kögel Dorse Fren Kampanası ESK 290 04","SAF dorse dingili Fren Kampanası | SAF dorse dingili 1064019700 | 1064019700 Fren Kampanası | ESK 290 04 Fren Kampanası | Ford Cargo SAF Dorse Krone Dorse Kögel Dorse Fren Kampanası ESK 290 04","https://www.frenciniz.com/urun/258/1064019700-ford-cargo-saf-dorse-krone-dorse-kogel-dorse-fren-kampanasi-esk-290-04-ekersan","","6","3717.16"
"259","Fren Kampanası","ESK 280 10","21021114A-21021114AV-320654J-21021164-21021114","","","no","Ford Cargo Krone Dorse Kögel Dorse Fren Kampanası ESK 280 10","21021114A-21021114AV-320654J-21021164-21021114 Ford Cargo Krone Dorse Kögel Dorse Fren Kampanası ESK 280 10","21021114A-21021114AV-320654J-21021164-21021114 Ford Cargo... | Frenciniz","21021114A-21021114AV-320654J-21021164-21021114 Ford Cargo Krone Dorse Kögel Dorse Fren Kampanası ESK 280 10 icin stok, fiyat ve uyumluluk teyidi. Uygunluk...","21021114A-21021114AV-320654J-21021164-21021114 Ford Cargo Krone Dorse Kögel Dorse Fren Kampanası ESK 280 10","ROR dorse dingili Fren Kampanası | ROR dorse dingili 21021114A-21021114AV-320654J-21021164-21021114 | 21021114A-21021114AV-320654J-21021164-21021114 Fren Kampanası | ESK 280 10 Fren Kampanası | Ford Cargo Krone Dorse Kögel Dorse Fren Kampanası ESK 280 10","https://www.frenciniz.com/urun/259/21021114a-21021114av-320654j-21021164-21021114-ford-cargo-krone-dorse-kogel-dorse-fren","","112","4724.32"
"260","Fren Kampanası","ESK 280 08","21209701-21211030-21211030S","","","no","Ford Cargo Krone Dorse Kögel Dorse Fren Kampanası ESK 280 08","21209701 Ford Cargo Krone Dorse Kögel Dorse Fren Kampanası ESK 280 08","21209701 Ford Cargo Krone Dorse Kögel Dorse Fren Kampanası... | Frenciniz","21209701 Ford Cargo Krone Dorse Kögel Dorse Fren Kampanası ESK 280 08 icin stok, fiyat ve uyumluluk teyidi. Uygunluk adaylari: ROR dorse dingili, Meritor/ROR...","21209701 Ford Cargo Krone Dorse Kögel Dorse Fren Kampanası ESK 280 08","ROR dorse dingili Fren Kampanası | ROR dorse dingili 21209701 | 21209701 Fren Kampanası | ESK 280 08 Fren Kampanası | Ford Cargo Krone Dorse Kögel Dorse Fren Kampanası ESK 280 08","https://www.frenciniz.com/urun/260/21209701-ford-cargo-krone-dorse-kogel-dorse-fren-kampanasi-esk-280-08-ekersan","","23","3782.78"
"261","Fren Kampanası","ESK 280 03","21023036 - 21018963 - 21209723","","","no","Ford Cargo Krone Dorse Kögel Dorse Fren Kampanası ESK 280 03","21023036 Ford Cargo Krone Dorse Kögel Dorse Fren Kampanası ESK 280 03","21023036 Ford Cargo Krone Dorse Kögel Dorse Fren Kampanası... | Frenciniz","21023036 Ford Cargo Krone Dorse Kögel Dorse Fren Kampanası ESK 280 03 icin stok, fiyat ve uyumluluk teyidi. Uygunluk adaylari: ROR dorse dingili, Meritor/ROR...","21023036 Ford Cargo Krone Dorse Kögel Dorse Fren Kampanası ESK 280 03","ROR dorse dingili Fren Kampanası | ROR dorse dingili 21023036 | 21023036 Fren Kampanası | ESK 280 03 Fren Kampanası | Ford Cargo Krone Dorse Kögel Dorse Fren Kampanası ESK 280 03","https://www.frenciniz.com/urun/261/21023036-ford-cargo-krone-dorse-kogel-dorse-fren-kampanasi-esk-280-03-ekersan","","34","4571.58"
"262","Fren Kampanası","ESK 250 04","6166-465001-449555-M006166-AJB0465001-A5121-A1216C-A15597-MO06166-MO68445","","","no","Ford Cargo Krone Dorse Kögel Dorse Fren Kampanası ESK 250 04","6166-465001-449555-M006166-AJB0465001-A5121-A1216C-A15597-MO06166-MO68445 Ford Cargo Krone Dorse Kögel Dorse Fren Kampanası ESK 250 04","6166-465001-449555-M006166-AJB0465001-A5121-A1216C-A15597-M... | Frenciniz","6166-465001-449555-M006166-AJB0465001-A5121-A1216C-A15597-MO06166-MO68445 Ford Cargo Krone Dorse Kögel Dorse Fren... icin stok, fiyat ve uyumluluk teyidi....","6166-465001-449555-M006166-AJB0465001-A5121-A1216C-A15597-MO06166-MO68445 Ford Cargo Krone Dorse Kögel Dorse Fren Kampanası ESK 250 04","Dorse / treyler Fren Kampanası | Dorse / treyler 6166-465001-449555-M006166-AJB0465001-A5121-A1216C-A15597-MO06166-MO68445 | 6166-465001-449555-M006166-AJB0465001-A5121-A1216C-A15597-MO06166-MO68445 Fren Kampanası | ESK 250 04 Fren Kampanası | Ford Cargo Krone Dorse Kögel Dorse Fren Kampanası ESK 250 04","https://www.frenciniz.com/urun/262/6166-465001-449555-m006166-ajb0465001-a5121-a1216c-a15597-mo06166-mo68445-ford-cargo-krone","","9","5009.4"
"263","Fren Kampanası","ESK 230 26","310977180-310977230","","","no","Ford Cargo BPW Dorse Krone Dorse Kögel Dorse Fren Kampanası ESK 230 26","310977180-310977230 Ford Cargo BPW Dorse Krone Dorse Kögel Dorse Fren Kampanası ESK 230 26","310977180-310977230 Ford Cargo BPW Dorse Krone Dorse Kögel... | Frenciniz","310977180-310977230 Ford Cargo BPW Dorse Krone Dorse Kögel Dorse Fren Kampanası ESK 230 26 icin stok, fiyat ve uyumluluk teyidi. Uygunluk adaylari: BPW dorse...","310977180-310977230 Ford Cargo BPW Dorse Krone Dorse Kögel Dorse Fren Kampanası ESK 230 26","BPW dorse dingili Fren Kampanası | BPW dorse dingili 310977180-310977230 | 310977180-310977230 Fren Kampanası | ESK 230 26 Fren Kampanası | Ford Cargo BPW Dorse Krone Dorse Kögel Dorse Fren Kampanası ESK 230 26","https://www.frenciniz.com/urun/263/310977180-310977230-ford-cargo-bpw-dorse-krone-dorse-kogel-dorse-fren-kampanasi-esk-230-26","","3","6056.36"
"264","Fren Kampanası","ESK 230 05","310677530-2821","","","no","Ford Cargo BPW Dorse Krone Dorse Kögel Dorse Fren Kampanası ESK 230 05","310677530-2821 Ford Cargo BPW Dorse Krone Dorse Kögel Dorse Fren Kampanası ESK 230 05","310677530-2821 Ford Cargo BPW Dorse Krone Dorse Kögel... | Frenciniz","310677530-2821 Ford Cargo BPW Dorse Krone Dorse Kögel Dorse Fren Kampanası ESK 230 05 icin stok, fiyat ve uyumluluk teyidi. Uygunluk adaylari: BPW dorse dingili...","310677530-2821 Ford Cargo BPW Dorse Krone Dorse Kögel Dorse Fren Kampanası ESK 230 05","BPW dorse dingili Fren Kampanası | BPW dorse dingili 310677530-2821 | 310677530-2821 Fren Kampanası | ESK 230 05 Fren Kampanası | Ford Cargo BPW Dorse Krone Dorse Kögel Dorse Fren Kampanası ESK 230 05","https://www.frenciniz.com/urun/264/310677530-2821-ford-cargo-bpw-dorse-krone-dorse-kogel-dorse-fren-kampanasi-esk-230-05-ekersan","","180","6092.64"
"265","Fren Kampanası","ESK 161 16","3020-1713-9380037-Y00006429","","","no","Ford Cargo Krone Dorse Kögel Dorse Fren Kampanası ESK 161 16","3020-1713-9380037-Y00006429 Ford Cargo Krone Dorse Kögel Dorse Fren Kampanası ESK 161 16","3020-1713-9380037-Y00006429 Ford Cargo Krone Dorse Kögel... | Frenciniz","3020-1713-9380037-Y00006429 Ford Cargo Krone Dorse Kögel Dorse Fren Kampanası ESK 161 16 icin stok, fiyat ve uyumluluk teyidi. Uygunluk adaylari: Tır / çekici...","3020-1713-9380037-Y00006429 Ford Cargo Krone Dorse Kögel Dorse Fren Kampanası ESK 161 16","Kamyon Fren Kampanası | Kamyon 3020-1713-9380037-Y00006429 | 3020-1713-9380037-Y00006429 Fren Kampanası | ESK 161 16 Fren Kampanası | Ford Cargo Krone Dorse Kögel Dorse Fren Kampanası ESK 161 16","https://www.frenciniz.com/urun/265/3020-1713-9380037-y00006429-ford-cargo-krone-dorse-kogel-dorse-fren-kampanasi-esk-161-16-ekersan","","44","5114.45"
"266","Fren Kampanası","ESK 161 15","301010414","","","no","Ford Cargo Krone Dorse Kögel Dorse Fren Kampanası ESK 161 15","301010414 Ford Cargo Krone Dorse Kögel Dorse Fren Kampanası ESK 161 15","301010414 Ford Cargo Krone Dorse Kögel Dorse Fren... | Frenciniz","301010414 Ford Cargo Krone Dorse Kögel Dorse Fren Kampanası ESK 161 15 icin stok, fiyat ve uyumluluk teyidi. Uygunluk adaylari: Tır / çekici, Krone dorse, Kögel...","301010414 Ford Cargo Krone Dorse Kögel Dorse Fren Kampanası ESK 161 15","Kamyon Fren Kampanası | Kamyon 301010414 | 301010414 Fren Kampanası | ESK 161 15 Fren Kampanası | Ford Cargo Krone Dorse Kögel Dorse Fren Kampanası ESK 161 15","https://www.frenciniz.com/urun/266/301010414-ford-cargo-krone-dorse-kogel-dorse-fren-kampanasi-esk-161-15-ekersan","","1","5848.85"
"267","Fren Kampanası","ESK 161 08","310677630-310977460","","","no","Ford Cargo BPW Dorse Krone Dorse Kögel Dorse Fren Kampanası ESK 161 08","310677630-310977460 Ford Cargo BPW Dorse Krone Dorse Kögel Dorse Fren Kampanası ESK 161 08","310677630-310977460 Ford Cargo BPW Dorse Krone Dorse Kögel... | Frenciniz","310677630-310977460 Ford Cargo BPW Dorse Krone Dorse Kögel Dorse Fren Kampanası ESK 161 08 icin stok, fiyat ve uyumluluk teyidi. Uygunluk adaylari: BPW dorse...","310677630-310977460 Ford Cargo BPW Dorse Krone Dorse Kögel Dorse Fren Kampanası ESK 161 08","BPW dorse dingili Fren Kampanası | BPW dorse dingili 310677630-310977460 | 310677630-310977460 Fren Kampanası | ESK 161 08 Fren Kampanası | Ford Cargo BPW Dorse Krone Dorse Kögel Dorse Fren Kampanası ESK 161 08","https://www.frenciniz.com/urun/267/310677630-310977460-ford-cargo-bpw-dorse-krone-dorse-kogel-dorse-fren-kampanasi-esk-161-08","","6","6092.64"
"268","Fren Kampanası","ESK 160 73","310677590","","","no","Ford Cargo BPW Dorse Krone Dorse Kögel Dorse Fren Kampanası ESK 160 73","310677590 Ford Cargo BPW Dorse Krone Dorse Kögel Dorse Fren Kampanası ESK 160 73","310677590 Ford Cargo BPW Dorse Krone Dorse Kögel Dorse... | Frenciniz","310677590 Ford Cargo BPW Dorse Krone Dorse Kögel Dorse Fren Kampanası ESK 160 73 icin stok, fiyat ve uyumluluk teyidi. Uygunluk adaylari: BPW dorse dingili, BPW...","310677590 Ford Cargo BPW Dorse Krone Dorse Kögel Dorse Fren Kampanası ESK 160 73","BPW dorse dingili Fren Kampanası | BPW dorse dingili 310677590 | 310677590 Fren Kampanası | ESK 160 73 Fren Kampanası | Ford Cargo BPW Dorse Krone Dorse Kögel Dorse Fren Kampanası ESK 160 73","https://www.frenciniz.com/urun/268/310677590-ford-cargo-bpw-dorse-krone-dorse-kogel-dorse-fren-kampanasi-esk-160-73-ekersan","","3","6295.15"
"269","Fren Kampanası","ESK 160 29","","","","no","Ford Cargo Krone Dorse Kögel Dorse Fren Kampanası ABS'li ESK 160 29","Ford Cargo Krone Dorse Kögel Dorse Fren Kampanası ABS'li ESK 160 29","Ford Cargo Krone Dorse Kögel Dorse Fren Kampanası ABS'li... | Frenciniz","Ford Cargo Krone Dorse Kögel Dorse Fren Kampanası ABS'li ESK 160 29 icin stok, fiyat ve uyumluluk teyidi. Uygunluk adaylari: WABCO ABS/EBS sistemi, Dorse EBS...","Ford Cargo Krone Dorse Kögel Dorse Fren Kampanası ABS'li ESK 160 29","WABCO ABS/EBS sistemi Fren Kampanası | WABCO ABS/EBS sistemi ESK 160 29 | ESK 160 29 Fren Kampanası","https://www.frenciniz.com/urun/269/ford-cargo-krone-dorse-kogel-dorse-fren-kampanasi-abs-li-esk-160-29-ekersan","","324","4950.09"
"270","Fren Kampanası","ESK 140 07","5000737342-5000737768-194456-192371","","","no","Ford Cargo Krone Dorse Kögel Dorse Fren Kampanası ESK 140 07","5000737342 Ford Cargo Krone Dorse Kögel Dorse Fren Kampanası ESK 140 07","5000737342 Ford Cargo Krone Dorse Kögel Dorse Fren... | Frenciniz","5000737342 Ford Cargo Krone Dorse Kögel Dorse Fren Kampanası ESK 140 07 icin stok, fiyat ve uyumluluk teyidi. Uygunluk adaylari: Tır / çekici, Krone dorse, Kögel...","5000737342 Ford Cargo Krone Dorse Kögel Dorse Fren Kampanası ESK 140 07","Kamyon Fren Kampanası | Kamyon 5000737342 | 5000737342 Fren Kampanası | ESK 140 07 Fren Kampanası | Ford Cargo Krone Dorse Kögel Dorse Fren Kampanası ESK 140 07","https://www.frenciniz.com/urun/270/5000737342-ford-cargo-krone-dorse-kogel-dorse-fren-kampanasi-esk-140-07-ekersan","","34","4453.02"
"271","Fren Kampanası","ESK 070 12","478","","","no","Ford Cargo Krone Dorse Kögel Dorse Fren Kampanası ESK 070 12","478 Ford Cargo Krone Dorse Kögel Dorse Fren Kampanası ESK 070 12","478 Ford Cargo Krone Dorse Kögel Dorse Fren Kampanası ESK... | Frenciniz","478 Ford Cargo Krone Dorse Kögel Dorse Fren Kampanası ESK 070 12 icin stok, fiyat ve uyumluluk teyidi. Uygunluk adaylari: Tır / çekici, Krone dorse, Kögel dorse....","478 Ford Cargo Krone Dorse Kögel Dorse Fren Kampanası ESK 070 12","Kamyon Fren Kampanası | Kamyon 478 | 478 Fren Kampanası | ESK 070 12 Fren Kampanası | Ford Cargo Krone Dorse Kögel Dorse Fren Kampanası ESK 070 12","https://www.frenciniz.com/urun/271/478-ford-cargo-krone-dorse-kogel-dorse-fren-kampanasi-esk-070-12-ekersan","","269","3278.88"
"272","Fren Kampanası","ESK 070 11","477","","","no","Ford Cargo Krone Dorse Kögel Dorse Fren Kampanası ESK 070 11","477 Ford Cargo Krone Dorse Kögel Dorse Fren Kampanası ESK 070 11","477 Ford Cargo Krone Dorse Kögel Dorse Fren Kampanası ESK... | Frenciniz","477 Ford Cargo Krone Dorse Kögel Dorse Fren Kampanası ESK 070 11 icin stok, fiyat ve uyumluluk teyidi. Uygunluk adaylari: Tır / çekici, Krone dorse, Kögel dorse....","477 Ford Cargo Krone Dorse Kögel Dorse Fren Kampanası ESK 070 11","Kamyon Fren Kampanası | Kamyon 477 | 477 Fren Kampanası | ESK 070 11 Fren Kampanası | Ford Cargo Krone Dorse Kögel Dorse Fren Kampanası ESK 070 11","https://www.frenciniz.com/urun/272/477-ford-cargo-krone-dorse-kogel-dorse-fren-kampanasi-esk-070-11-ekersan","","213","2736.08"
"273","Fren Kampanası","ESK 060 52","7183048","","","no","Ford Cargo Krone Dorse Kögel Dorse Fren Kampanası ESK 060 52","7183048 Ford Cargo Krone Dorse Kögel Dorse Fren Kampanası ESK 060 52","7183048 Ford Cargo Krone Dorse Kögel Dorse Fren Kampanası... | Frenciniz","7183048 Ford Cargo Krone Dorse Kögel Dorse Fren Kampanası ESK 060 52 icin stok, fiyat ve uyumluluk teyidi. Uygunluk adaylari: Tır / çekici, Krone dorse, Kögel...","7183048 Ford Cargo Krone Dorse Kögel Dorse Fren Kampanası ESK 060 52","Kamyon Fren Kampanası | Kamyon 7183048 | 7183048 Fren Kampanası | ESK 060 52 Fren Kampanası | Ford Cargo Krone Dorse Kögel Dorse Fren Kampanası ESK 060 52","https://www.frenciniz.com/urun/273/7183048-ford-cargo-krone-dorse-kogel-dorse-fren-kampanasi-esk-060-52-ekersan","","15","8063.23"
"274","Fren Kampanası","ESK 060 14","2479852-2479853-597516","","","no","Ford Cargo Krone Dorse Kögel Dorse Fren Kampanası ESK 060 14","2479852 Ford Cargo Krone Dorse Kögel Dorse Fren Kampanası ESK 060 14","2479852 Ford Cargo Krone Dorse Kögel Dorse Fren Kampanası... | Frenciniz","2479852 Ford Cargo Krone Dorse Kögel Dorse Fren Kampanası ESK 060 14 icin stok, fiyat ve uyumluluk teyidi. Uygunluk adaylari: Tır / çekici, Krone dorse, Kögel...","2479852 Ford Cargo Krone Dorse Kögel Dorse Fren Kampanası ESK 060 14","Kamyon Fren Kampanası | Kamyon 2479852 | 2479852 Fren Kampanası | ESK 060 14 Fren Kampanası | Ford Cargo Krone Dorse Kögel Dorse Fren Kampanası ESK 060 14","https://www.frenciniz.com/urun/274/2479852-ford-cargo-krone-dorse-kogel-dorse-fren-kampanasi-esk-060-14-ekersan","","16","5434.2"
"275","Fren Kampanası","ESK 030 17","Fren Kampanası","","","no","BMC Fren Kampanası ESK 030 17","BMC Fren Kampanası ESK 030 17","BMC Fren Kampanası ESK 030 17 | Frenciniz","BMC Fren Kampanası ESK 030 17 icin stok, fiyat ve uyumluluk teyidi. Uygunluk adaylari: BMC Probus, BMC Profesyonel, BMC Fatih. OEM/SKU: ESK 030 17. Stokta urun...","BMC Fren Kampanası ESK 030 17","BMC Probus Fren Kampanası | BMC Probus ESK 030 17 | ESK 030 17 Fren Kampanası","https://www.frenciniz.com/urun/275/bmc-fren-kampanasi-esk-030-17-ekersan","","2","6763.83"
"276","Fren Kampanası","ESK 010 71","6584210301","","","no","Mercedes Axor Actros Atego Fren Kampanası","6584210301 Mercedes Axor Actros Atego Fren Kampanası","6584210301 Mercedes Axor Actros Atego Fren Kampanası | Frenciniz","6584210301 Mercedes Axor Actros Atego Fren Kampanası icin stok, fiyat ve uyumluluk teyidi. Uygunluk adaylari: Mercedes-Benz Axor, Mercedes-Benz Actros...","6584210301 Mercedes Axor Actros Atego Fren Kampanası","Mercedes-Benz Axor Fren Kampanası | Mercedes-Benz Axor 6584210301 | 6584210301 Fren Kampanası | ESK 010 71 Fren Kampanası | Mercedes Axor Actros Atego Fren Kampanası","https://www.frenciniz.com/urun/276/6584210301-mercedes-axor-actros-atego-fren-kampanasi-ekersan","","23","6284.29"
"277","Fren Kampanası","ESK 010 61","3874210201 - A3874210201 - A6584210301","","","no","Mercedes Axor Actros Fren Kampanası ESK 010 61","3874210201 Mercedes Axor Actros Fren Kampanası ESK 010 61","3874210201 Mercedes Axor Actros Fren Kampanası ESK 010 61 | Frenciniz","3874210201 Mercedes Axor Actros Fren Kampanası ESK 010 61 icin stok, fiyat ve uyumluluk teyidi. Uygunluk adaylari: Mercedes-Benz Actros, Mercedes-Benz Axor...","3874210201 Mercedes Axor Actros Fren Kampanası ESK 010 61","Mercedes-Benz Actros Fren Kampanası | Mercedes-Benz Actros 3874210201 | 3874210201 Fren Kampanası | ESK 010 61 Fren Kampanası | Mercedes Axor Actros Fren Kampanası ESK 010 61","https://www.frenciniz.com/urun/277/3874210201-mercedes-axor-actros-fren-kampanasi-esk-010-61-ekersan","","22","6284.29"
"278","Fren Diski","ESD 210 01","93221314005","","","no","Ford Cargo Krone Dorse Kögel Dorse Fren Diski ESD 210 01","93221314005 Ford Cargo Krone Dorse Kögel Dorse Fren Diski ESD 210 01","93221314005 Ford Cargo Krone Dorse Kögel Dorse Fren Diski... | Frenciniz","93221314005 Ford Cargo Krone Dorse Kögel Dorse Fren Diski ESD 210 01 icin stok, fiyat ve uyumluluk teyidi. Uygunluk adaylari: Tır / çekici, Krone dorse, Kögel...","93221314005 Ford Cargo Krone Dorse Kögel Dorse Fren Diski ESD 210 01","Kamyon Fren Diski | Kamyon 93221314005 | 93221314005 Fren Diski | ESD 210 01 Fren Diski | Ford Cargo Krone Dorse Kögel Dorse Fren Diski ESD 210 01","https://www.frenciniz.com/urun/278/93221314005-ford-cargo-krone-dorse-kogel-dorse-fren-diski-esd-210-01-ekersan","","16","2950.38"
"279","Fren Diski","ESD 110 01-3","85103803 - 85110496 - 7421575117 - 21575071 - 20515093","","","no","Volvo FH12 FM FL Fren Diski ESD 110 01-3","85103803 Volvo FH12 FM FL Fren Diski ESD 110 01-3","85103803 Volvo FH12 FM FL Fren Diski ESD 110 01-3 | Frenciniz","85103803 Volvo FH12 FM FL Fren Diski ESD 110 01-3 icin stok, fiyat ve uyumluluk teyidi. Uygunluk adaylari: Volvo FH, Volvo FM, Volvo FL. OEM/SKU: 85103803....","85103803 Volvo FH12 FM FL Fren Diski ESD 110 01-3","Volvo FH Fren Diski | Volvo FH 85103803 | 85103803 Fren Diski | ESD 110 01-3 Fren Diski | Volvo FH12 FM FL Fren Diski ESD 110 01-3","https://www.frenciniz.com/urun/279/85103803-volvo-fh12-fm-fl-fren-diski-esd-110-01-3-ekersan","","90","3840.54"
"280","Fren Diski","ESD 110 01-1","85103803","","","no","Volvo FH12 FM FL Fren Diski ESD 110 01-1","85103803 Volvo FH12 FM FL Fren Diski ESD 110 01-1","85103803 Volvo FH12 FM FL Fren Diski ESD 110 01-1 | Frenciniz","85103803 Volvo FH12 FM FL Fren Diski ESD 110 01-1 icin stok, fiyat ve uyumluluk teyidi. Uygunluk adaylari: Volvo FH, Volvo FM, Volvo FL. OEM/SKU: 85103803....","85103803 Volvo FH12 FM FL Fren Diski ESD 110 01-1","Volvo FH Fren Diski | Volvo FH 85103803 | 85103803 Fren Diski | ESD 110 01-1 Fren Diski | Volvo FH12 FM FL Fren Diski ESD 110 01-1","https://www.frenciniz.com/urun/280/85103803-volvo-fh12-fm-fl-fren-diski-esd-110-01-1-ekersan","","96","3722.24"
"281","Fren Diski","ESD 090 09","3010097AA","","","no","Ford Cargo Otokar Sultan Doruk Krone Dorse Fren Diski ABS'li Arka","3010097AA Ford Cargo Otokar Sultan Doruk Krone Dorse Fren Diski ABS'li Arka","3010097AA Ford Cargo Otokar Sultan Doruk Krone Dorse Fren... | Frenciniz","3010097AA Ford Cargo Otokar Sultan Doruk Krone Dorse Fren Diski ABS'li Arka icin stok, fiyat ve uyumluluk teyidi. Uygunluk adaylari: Karsan Atak, WABCO ABS/EBS...","3010097AA Ford Cargo Otokar Sultan Doruk Krone Dorse Fren Diski ABS'li Arka","Karsan Atak Fren Diski | Karsan Atak 3010097AA | 3010097AA Fren Diski | ESD 090 09 Fren Diski | Ford Cargo Otokar Sultan Doruk Krone Dorse Fren Diski ABS'li Arka","https://www.frenciniz.com/urun/281/3010097aa-ford-cargo-otokar-sultan-doruk-krone-dorse-fren-diski-abs-li-arka-ekersan","","10","3934.93"
"282","Fren Diski","ESD 030 25","5802234113","","","no","Ford Cargo Fren Diski Ön ESD 030 25","5802234113 Ford Cargo Fren Diski Ön ESD 030 25","5802234113 Ford Cargo Fren Diski Ön ESD 030 25 | Frenciniz","5802234113 Ford Cargo Fren Diski Ön ESD 030 25 icin stok, fiyat ve uyumluluk teyidi. Uygunluk adaylari: Iveco Eurocargo, Iveco Stralis, Iveco Trakker. OEM/SKU:...","5802234113 Ford Cargo Fren Diski Ön ESD 030 25","Iveco Eurocargo Fren Diski | Iveco Eurocargo 5802234113 | 5802234113 Fren Diski | ESD 030 25 Fren Diski | Ford Cargo Fren Diski Ön ESD 030 25","https://www.frenciniz.com/urun/282/5802234113-ford-cargo-fren-diski-on-esd-030-25-ekersan","","54","4945.25"
"283","Mekanik Fren Cırcırı","ESC 102","(A) A3","","","no","Mekanik Fren Cırcırı 3 Delik 10 Kanal","(A) A3 Mekanik Fren Cırcırı 3 Delik 10 Kanal","(A) A3 Mekanik Fren Cırcırı 3 Delik 10 Kanal | Frenciniz","(A) A3 Mekanik Fren Cırcırı 3 Delik 10 Kanal icin stok, fiyat ve uyumluluk teyidi. Uygunluk adaylari: Ağır vasıta. OEM/SKU: (A) A3. Stokta urun, hizli kargo ve...","(A) A3 Mekanik Fren Cırcırı 3 Delik 10 Kanal","kamyon Mekanik Fren Cırcırı | kamyon (A) A3 | (A) A3 Mekanik Fren Cırcırı | ESC 102 Mekanik Fren Cırcırı | Mekanik Fren Cırcırı 3 Delik 10 Kanal","https://www.frenciniz.com/urun/283/a-a3-mekanik-fren-circiri-3-delik-10-kanal-ekersan","","60","1082.4"
"284","Disk Bijonu/Civatası","ESB 918 10-R","","","","no","Scania P G R Disk Bijonu 96 mm Arka Y.M.","ESB 918 10-R Scania P G R Disk Bijonu 96 mm Arka Y.M.","ESB 918 10-R Scania P G R Disk Bijonu 96 mm Arka Y.M. | Frenciniz","ESB 918 10-R Scania P G R Disk Bijonu 96 mm Arka Y.M. icin stok, fiyat ve uyumluluk teyidi. Uygunluk adaylari: Scania P/G/R serisi, Scania P serisi, Scania G420....","ESB 918 10-R Scania P G R Disk Bijonu 96 mm Arka Y.M.","Scania P/G/R serisi Disk Bijonu/Civatası | Scania P/G/R serisi ESB 918 10-R | ESB 918 10-R Disk Bijonu/Civatası | Scania P G R Disk Bijonu 96 mm Arka Y.M.","https://www.frenciniz.com/urun/284/esb-918-10-r-scania-p-g-r-disk-bijonu-96-mm-arka-y-m-ekersan","","250","218.55"
"285","Bijon","ESB 914 10-R","1868668","","","no","Scania P G R Bijon 96 mm","1868668 Scania P G R Bijon 96 mm","1868668 Scania P G R Bijon 96 mm | Frenciniz","1868668 Scania P G R Bijon 96 mm icin stok, fiyat ve uyumluluk teyidi. Uygunluk adaylari: Scania P/G/R serisi, Scania P serisi, Scania G420. OEM/SKU: 1868668....","1868668 Scania P G R Bijon 96 mm","Scania P/G/R serisi Bijon | Scania P/G/R serisi 1868668 | 1868668 Bijon | ESB 914 10-R Bijon | Scania P G R Bijon 96 mm","https://www.frenciniz.com/urun/285/1868668-scania-p-g-r-bijon-96-mm-ekersan","","480","210.3"
"286","Bijon","ESB 912 20-R","2285275-1868665","","","no","Volvo FH12 FM FL Scania P G R Bijon DPS ESB 912 20-R","2285275-1868665 Volvo FH12 FM FL Scania P G R Bijon DPS ESB 912 20-R","2285275-1868665 Volvo FH12 FM FL Scania P G R Bijon DPS... | Frenciniz","2285275-1868665 Volvo FH12 FM FL Scania P G R Bijon DPS ESB 912 20-R icin stok, fiyat ve uyumluluk teyidi. Uygunluk adaylari: Scania P/G/R serisi, Volvo FH/FM...","2285275-1868665 Volvo FH12 FM FL Scania P G R Bijon DPS ESB 912 20-R","Scania P/G/R serisi Bijon | Scania P/G/R serisi 2285275-1868665 | 2285275-1868665 Bijon | ESB 912 20-R Bijon | Volvo FH12 FM FL Scania P G R Bijon DPS ESB 912 20-R","https://www.frenciniz.com/urun/286/2285275-1868665-volvo-fh12-fm-fl-scania-p-g-r-bijon-dps-esb-912-20-r-ekersan","","3781","210.3"
"287","Bijon","ESB 912 10-R","1528712","","","no","Scania P G R Bijon DPS ESB 912 10-R","1528712 Scania P G R Bijon DPS ESB 912 10-R","1528712 Scania P G R Bijon DPS ESB 912 10-R | Frenciniz","1528712 Scania P G R Bijon DPS ESB 912 10-R icin stok, fiyat ve uyumluluk teyidi. Uygunluk adaylari: Scania 4 serisi, Scania P/G/R serisi, Scania P serisi....","1528712 Scania P G R Bijon DPS ESB 912 10-R","Scania 4 serisi Bijon | Scania 4 serisi 1528712 | 1528712 Bijon | ESB 912 10-R Bijon | Scania P G R Bijon DPS ESB 912 10-R","https://www.frenciniz.com/urun/287/1528712-scania-p-g-r-bijon-dps-esb-912-10-r-ekersan","","3637","210.3"
"288","Bijon","ESB 911 20-R","1368690-397266-290062","","","no","Scania P G R Bijon DPS ESB 911 20-R","1368690 Scania P G R Bijon DPS ESB 911 20-R","1368690 Scania P G R Bijon DPS ESB 911 20-R | Frenciniz","1368690 Scania P G R Bijon DPS ESB 911 20-R icin stok, fiyat ve uyumluluk teyidi. Uygunluk adaylari: Scania 4 serisi, Scania P/G/R serisi, Scania P serisi....","1368690 Scania P G R Bijon DPS ESB 911 20-R","Scania 4 serisi Bijon | Scania 4 serisi 1368690 | 1368690 Bijon | ESB 911 20-R Bijon | Scania P G R Bijon DPS ESB 911 20-R","https://www.frenciniz.com/urun/288/1368690-scania-p-g-r-bijon-dps-esb-911-20-r-ekersan","","4278","215.69"
"289","Bijon","ESB 911 10-R","1368693","","","no","Scania P G R Bijon DPS ESB 911 10-R","1368693 Scania P G R Bijon DPS ESB 911 10-R","1368693 Scania P G R Bijon DPS ESB 911 10-R | Frenciniz","1368693 Scania P G R Bijon DPS ESB 911 10-R icin stok, fiyat ve uyumluluk teyidi. Uygunluk adaylari: Scania 4 serisi, Scania P/G/R serisi, Scania P serisi....","1368693 Scania P G R Bijon DPS ESB 911 10-R","Scania 4 serisi Bijon | Scania 4 serisi 1368693 | 1368693 Bijon | ESB 911 10-R Bijon | Scania P G R Bijon DPS ESB 911 10-R","https://www.frenciniz.com/urun/289/1368693-scania-p-g-r-bijon-dps-esb-911-10-r-ekersan","","2595","210.3"
"290","Bijon","ESB 910 20-R","1368692-1411980-337559","","","no","Scania P G R Bijon DPS ESB 910 20-R","1368692 Scania P G R Bijon DPS ESB 910 20-R","1368692 Scania P G R Bijon DPS ESB 910 20-R | Frenciniz","1368692 Scania P G R Bijon DPS ESB 910 20-R icin stok, fiyat ve uyumluluk teyidi. Uygunluk adaylari: Scania 4 serisi, Scania P/G/R serisi, Scania P serisi....","1368692 Scania P G R Bijon DPS ESB 910 20-R","Scania 4 serisi Bijon | Scania 4 serisi 1368692 | 1368692 Bijon | ESB 910 20-R Bijon | Scania P G R Bijon DPS ESB 910 20-R","https://www.frenciniz.com/urun/290/1368692-scania-p-g-r-bijon-dps-esb-910-20-r-ekersan","","1022","210.31"
"291","Bijon","ESB 910 10-R","272853 - 1368694-SCWB0001-295953-210295953","","","no","Scania P G R Bijon 100 mm Arka","272853 Scania P G R Bijon 100 mm Arka","272853 Scania P G R Bijon 100 mm Arka | Frenciniz","272853 Scania P G R Bijon 100 mm Arka icin stok, fiyat ve uyumluluk teyidi. Uygunluk adaylari: Scania P/G/R serisi, Scania P serisi, Scania G420. OEM/SKU:...","272853 Scania P G R Bijon 100 mm Arka","Scania P/G/R serisi Bijon | Scania P/G/R serisi 272853 | 272853 Bijon | ESB 910 10-R Bijon | Scania P G R Bijon 100 mm Arka","https://www.frenciniz.com/urun/291/272853-scania-p-g-r-bijon-100-mm-arka-ekersan","","1574","210.3"
"292","Bijon","ESB 830 21-L","","","","no","Isuzu NPR NQR Mitsubishi Canter Fuso Bijon 66 mm Sol","ESB 830 21-L Isuzu NPR NQR Mitsubishi Canter Fuso Bijon 66 mm Sol","ESB 830 21-L Isuzu NPR NQR Mitsubishi Canter Fuso Bijon 66... | Frenciniz","ESB 830 21-L Isuzu NPR NQR Mitsubishi Canter Fuso Bijon 66 mm Sol icin stok, fiyat ve uyumluluk teyidi. Uygunluk adaylari: Mitsubishi Canter, Mitsubishi Fuso...","ESB 830 21-L Isuzu NPR NQR Mitsubishi Canter Fuso Bijon 66 mm Sol","Mitsubishi Canter Bijon | Mitsubishi Canter ESB 830 21-L | ESB 830 21-L Bijon | Isuzu NPR NQR Mitsubishi Canter Fuso Bijon 66 mm Sol","https://www.frenciniz.com/urun/292/esb-830-21-l-isuzu-npr-nqr-mitsubishi-canter-fuso-bijon-66-mm-sol-ekersan","","898","208.93"
"293","Bijon","ESB 830 20-R","","","","no","Isuzu NPR NQR Mitsubishi Canter Fuso Bijon 66 mm Sağ","ESB 830 20-R Isuzu NPR NQR Mitsubishi Canter Fuso Bijon 66 mm Sağ","ESB 830 20-R Isuzu NPR NQR Mitsubishi Canter Fuso Bijon 66... | Frenciniz","ESB 830 20-R Isuzu NPR NQR Mitsubishi Canter Fuso Bijon 66 mm Sağ icin stok, fiyat ve uyumluluk teyidi. Uygunluk adaylari: Mitsubishi Canter, Mitsubishi Fuso...","ESB 830 20-R Isuzu NPR NQR Mitsubishi Canter Fuso Bijon 66 mm Sağ","Mitsubishi Canter Bijon | Mitsubishi Canter ESB 830 20-R | ESB 830 20-R Bijon | Isuzu NPR NQR Mitsubishi Canter Fuso Bijon 66 mm Sağ","https://www.frenciniz.com/urun/293/esb-830-20-r-isuzu-npr-nqr-mitsubishi-canter-fuso-bijon-66-mm-sag-ekersan","","968","208.93"
"294","Bijon","ESB 830 11-L","","","","no","Isuzu NPR NQR Mitsubishi Canter Fuso Bijon ESB 830 11-L","Isuzu NPR NQR Mitsubishi Canter Fuso Bijon ESB 830 11-L","Isuzu NPR NQR Mitsubishi Canter Fuso Bijon ESB 830 11-L | Frenciniz","Isuzu NPR NQR Mitsubishi Canter Fuso Bijon ESB 830 11-L icin stok, fiyat ve uyumluluk teyidi. Uygunluk adaylari: Mitsubishi Canter, Mitsubishi Fuso, Isuzu...","Isuzu NPR NQR Mitsubishi Canter Fuso Bijon ESB 830 11-L","Mitsubishi Canter Bijon | Mitsubishi Canter ESB 830 11-L | ESB 830 11-L Bijon","https://www.frenciniz.com/urun/294/isuzu-npr-nqr-mitsubishi-canter-fuso-bijon-esb-830-11-l-ekersan","","998","316.14"
"295","Bijon","ESB 830 10-R","","","","no","Isuzu NPR NQR Mitsubishi Canter Fuso Bijon ESB 830 10-R","Isuzu NPR NQR Mitsubishi Canter Fuso Bijon ESB 830 10-R","Isuzu NPR NQR Mitsubishi Canter Fuso Bijon ESB 830 10-R | Frenciniz","Isuzu NPR NQR Mitsubishi Canter Fuso Bijon ESB 830 10-R icin stok, fiyat ve uyumluluk teyidi. Uygunluk adaylari: Mitsubishi Canter, Mitsubishi Fuso, Isuzu...","Isuzu NPR NQR Mitsubishi Canter Fuso Bijon ESB 830 10-R","Mitsubishi Canter Bijon | Mitsubishi Canter ESB 830 10-R | ESB 830 10-R Bijon","https://www.frenciniz.com/urun/295/isuzu-npr-nqr-mitsubishi-canter-fuso-bijon-esb-830-10-r-ekersan","","1010","316.14"
"296","Bijon","ESB 810 20","MC808846","","","no","Isuzu NPR NQR Mitsubishi Canter Fuso Bijon 97 mm","MC808846 Isuzu NPR NQR Mitsubishi Canter Fuso Bijon 97 mm","MC808846 Isuzu NPR NQR Mitsubishi Canter Fuso Bijon 97 mm | Frenciniz","MC808846 Isuzu NPR NQR Mitsubishi Canter Fuso Bijon 97 mm icin stok, fiyat ve uyumluluk teyidi. Uygunluk adaylari: BMC Probus, BMC Profesyonel, BMC Fatih....","MC808846 Isuzu NPR NQR Mitsubishi Canter Fuso Bijon 97 mm","BMC Probus Bijon | BMC Probus MC808846 | MC808846 Bijon | ESB 810 20 Bijon | Isuzu NPR NQR Mitsubishi Canter Fuso Bijon 97 mm","https://www.frenciniz.com/urun/296/mc808846-isuzu-npr-nqr-mitsubishi-canter-fuso-bijon-97-mm-ekersan","","420","214.43"
"297","Bijon","ESB 787 11-L","ISUZU NOVA ARKA 92,5 MM M20*1,5 DİŞ","","","no","Isuzu NPR NQR Bijon M20*1,5 92,5 mm Arka ESB 787 11-L","ISUZU NOVA ARKA 92 Isuzu NPR NQR Bijon M20*1,5 92,5 mm Arka ESB 787 11-L","ISUZU NOVA ARKA 92 Isuzu NPR NQR Bijon M20*1,5 92,5 mm... | Frenciniz","ISUZU NOVA ARKA 92 Isuzu NPR NQR Bijon M20*1,5 92,5 mm Arka ESB 787 11-L icin stok, fiyat ve uyumluluk teyidi. Uygunluk adaylari: Isuzu Novo, Isuzu NovoCiti...","ISUZU NOVA ARKA 92 Isuzu NPR NQR Bijon M20*1,5 92,5 mm Arka ESB 787 11-L","Isuzu Novo Bijon | Isuzu Novo ISUZU NOVA ARKA 92 | ISUZU NOVA ARKA 92 Bijon | ESB 787 11-L Bijon | Isuzu NPR NQR Bijon M20*1,5 92,5 mm Arka ESB 787 11-L","https://www.frenciniz.com/urun/297/isuzu-nova-arka-92-isuzu-npr-nqr-bijon-m20-1-5-92-5-mm-arka-esb-787-11-l-ekersan","","894","288.65"
"298","Bijon","ESB 787 10-R","ISUZU NOVA ARKA 92,5 MM M20*1,5 DİŞ","","","no","Isuzu NPR NQR Bijon M20*1,5 92,5 mm Arka ESB 787 10-R","ISUZU NOVA ARKA 92 Isuzu NPR NQR Bijon M20*1,5 92,5 mm Arka ESB 787 10-R","ISUZU NOVA ARKA 92 Isuzu NPR NQR Bijon M20*1,5 92,5 mm... | Frenciniz","ISUZU NOVA ARKA 92 Isuzu NPR NQR Bijon M20*1,5 92,5 mm Arka ESB 787 10-R icin stok, fiyat ve uyumluluk teyidi. Uygunluk adaylari: Isuzu Novo, Isuzu NovoCiti...","ISUZU NOVA ARKA 92 Isuzu NPR NQR Bijon M20*1,5 92,5 mm Arka ESB 787 10-R","Isuzu Novo Bijon | Isuzu Novo ISUZU NOVA ARKA 92 | ISUZU NOVA ARKA 92 Bijon | ESB 787 10-R Bijon | Isuzu NPR NQR Bijon M20*1,5 92,5 mm Arka ESB 787 10-R","https://www.frenciniz.com/urun/298/isuzu-nova-arka-92-isuzu-npr-nqr-bijon-m20-1-5-92-5-mm-arka-esb-787-10-r-ekersan","","896","288.65"
"299","Bijon","ESB 786 11-L","ISUZU CITIBUS ARKA SOL","","","no","Isuzu NPR NQR Bijon Sol Arka","ESB 786 11-L Isuzu NPR NQR Bijon Sol Arka","ESB 786 11-L Isuzu NPR NQR Bijon Sol Arka | Frenciniz","ESB 786 11-L Isuzu NPR NQR Bijon Sol Arka icin stok, fiyat ve uyumluluk teyidi. Uygunluk adaylari: Isuzu Novo, Isuzu NovoCiti Life, Isuzu CitiLife. OEM/SKU: ESB...","ESB 786 11-L Isuzu NPR NQR Bijon Sol Arka","Isuzu Novo Bijon | Isuzu Novo ESB 786 11-L | ESB 786 11-L Bijon | Isuzu NPR NQR Bijon Sol Arka","https://www.frenciniz.com/urun/299/esb-786-11-l-isuzu-npr-nqr-bijon-sol-arka-ekersan","","1408","288.65"
"300","Bijon","ESB 786 10-R","ISUZU CITIBUS ARKA SAĞ","","","no","Isuzu NPR NQR Bijon Sağ Arka","ESB 786 10-R Isuzu NPR NQR Bijon Sağ Arka","ESB 786 10-R Isuzu NPR NQR Bijon Sağ Arka | Frenciniz","ESB 786 10-R Isuzu NPR NQR Bijon Sağ Arka icin stok, fiyat ve uyumluluk teyidi. Uygunluk adaylari: Isuzu Novo, Isuzu NovoCiti Life, Isuzu CitiLife. OEM/SKU: ESB...","ESB 786 10-R Isuzu NPR NQR Bijon Sağ Arka","Isuzu Novo Bijon | Isuzu Novo ESB 786 10-R | ESB 786 10-R Bijon | Isuzu NPR NQR Bijon Sağ Arka","https://www.frenciniz.com/urun/300/esb-786-10-r-isuzu-npr-nqr-bijon-sag-arka-ekersan","","1465","288.65"
"301","Bijon","ESB 783 11-L","","","","no","Isuzu NPR NQR Mitsubishi Canter Fuso Bijon Sol Arka ESB 783 11-L","Isuzu NPR NQR Mitsubishi Canter Fuso Bijon Sol Arka ESB 783 11-L","Isuzu NPR NQR Mitsubishi Canter Fuso Bijon Sol Arka ESB... | Frenciniz","Isuzu NPR NQR Mitsubishi Canter Fuso Bijon Sol Arka ESB 783 11-L icin stok, fiyat ve uyumluluk teyidi. Uygunluk adaylari: Mitsubishi Canter, Mitsubishi Fuso...","Isuzu NPR NQR Mitsubishi Canter Fuso Bijon Sol Arka ESB 783 11-L","Mitsubishi Canter Bijon | Mitsubishi Canter ESB 783 11-L | ESB 783 11-L Bijon","https://www.frenciniz.com/urun/301/isuzu-npr-nqr-mitsubishi-canter-fuso-bijon-sol-arka-esb-783-11-l-ekersan","","12","240.54"
"302","Bijon","ESB 783 10-R","MITSUBİSHİ 444 ARKA SAĞ/ TEK PARÇA","","","no","Isuzu NPR NQR Mitsubishi Canter Fuso Bijon Sağ Arka ESB 783 10-R","MITSUBİSHİ 444 ARKA SAĞ Isuzu NPR NQR Mitsubishi Canter Fuso Bijon Sağ Arka ESB 783 10-R","MITSUBİSHİ 444 ARKA SAĞ Isuzu NPR NQR Mitsubishi Canter... | Frenciniz","MITSUBİSHİ 444 ARKA SAĞ Isuzu NPR NQR Mitsubishi Canter Fuso Bijon Sağ Arka ESB 783 10-R icin stok, fiyat ve uyumluluk teyidi. Uygunluk adaylari: Mitsubishi...","MITSUBİSHİ 444 ARKA SAĞ Isuzu NPR NQR Mitsubishi Canter Fuso Bijon Sağ Arka ESB 783 10-R","Mitsubishi Canter Bijon | Mitsubishi Canter MITSUBİSHİ 444 ARKA SAĞ | MITSUBİSHİ 444 ARKA SAĞ Bijon | ESB 783 10-R Bijon | Isuzu NPR NQR Mitsubishi Canter Fuso Bijon Sağ Arka ESB 783 10-R","https://www.frenciniz.com/urun/302/mitsubishi-444-arka-sag-isuzu-npr-nqr-mitsubishi-canter-fuso-bijon-sag-arka-esb-783-10-r-ekersan","","6","240.54"
"303","Bijon","ESB 730 10-R","","","","no","Isuzu NPR NQR Mitsubishi Canter Fuso Bijon 96 mm Sağ Arka","ESB 730 10-R Isuzu NPR NQR Mitsubishi Canter Fuso Bijon 96 mm Sağ Arka","ESB 730 10-R Isuzu NPR NQR Mitsubishi Canter Fuso Bijon 96... | Frenciniz","ESB 730 10-R Isuzu NPR NQR Mitsubishi Canter Fuso Bijon 96 mm Sağ Arka icin stok, fiyat ve uyumluluk teyidi. Uygunluk adaylari: Isuzu Novo, Isuzu NovoCiti Life...","ESB 730 10-R Isuzu NPR NQR Mitsubishi Canter Fuso Bijon 96 mm Sağ Arka","Isuzu Novo Bijon | Isuzu Novo ESB 730 10-R | ESB 730 10-R Bijon | Isuzu NPR NQR Mitsubishi Canter Fuso Bijon 96 mm Sağ Arka","https://www.frenciniz.com/urun/303/esb-730-10-r-isuzu-npr-nqr-mitsubishi-canter-fuso-bijon-96-mm-sag-arka-ekersan","","10","208.93"
"304","Bijon","ESB 693 10","42117447","","","no","Ford Cargo Bijon DPS ESB 693 10","42117447 Ford Cargo Bijon DPS ESB 693 10","42117447 Ford Cargo Bijon DPS ESB 693 10 | Frenciniz","42117447 Ford Cargo Bijon DPS ESB 693 10 icin stok, fiyat ve uyumluluk teyidi. Uygunluk adaylari: Iveco Eurocargo, Iveco Eurotech, Iveco Stralis. OEM/SKU:...","42117447 Ford Cargo Bijon DPS ESB 693 10","Iveco Eurocargo Bijon | Iveco Eurocargo 42117447 | 42117447 Bijon | ESB 693 10 Bijon | Ford Cargo Bijon DPS ESB 693 10","https://www.frenciniz.com/urun/304/42117447-ford-cargo-bijon-dps-esb-693-10-ekersan","","1570","199.31"
"305","Disk Bijonu/Civatası","ESB 691 10","42117445","","","no","Ford Cargo Disk Bijonu 65 mm","42117445 Ford Cargo Disk Bijonu 65 mm","42117445 Ford Cargo Disk Bijonu 65 mm | Frenciniz","42117445 Ford Cargo Disk Bijonu 65 mm icin stok, fiyat ve uyumluluk teyidi. Uygunluk adaylari: Iveco Eurocargo, Iveco Eurotech, Iveco Stralis. OEM/SKU: 42117445....","42117445 Ford Cargo Disk Bijonu 65 mm","Iveco Eurocargo Disk Bijonu/Civatası | Iveco Eurocargo 42117445 | 42117445 Disk Bijonu/Civatası | ESB 691 10 Disk Bijonu/Civatası | Ford Cargo Disk Bijonu 65 mm","https://www.frenciniz.com/urun/305/42117445-ford-cargo-disk-bijonu-65-mm-ekersan","","1629","186.94"
"306","Disk Bijonu/Civatası","ESB 650 10","","","","no","Ford Cargo Disk Bijonu ESB 650 10","Ford Cargo Disk Bijonu ESB 650 10","Ford Cargo Disk Bijonu ESB 650 10 | Frenciniz","Ford Cargo Disk Bijonu ESB 650 10 icin stok, fiyat ve uyumluluk teyidi. Uygunluk adaylari: Iveco Eurocargo, Iveco Stralis, Iveco Trakker. OEM/SKU: ESB 650 10....","Ford Cargo Disk Bijonu ESB 650 10","Iveco Eurocargo Disk Bijonu/Civatası | Iveco Eurocargo ESB 650 10 | ESB 650 10 Disk Bijonu/Civatası","https://www.frenciniz.com/urun/306/ford-cargo-disk-bijonu-esb-650-10-ekersan","","66","122.33"
"307","Disk Bijonu/Civatası","ESB 640 20","42117433-7168838","","","no","Ford Cargo Disk Bijonu ESB 640 20","42117433-7168838 Ford Cargo Disk Bijonu ESB 640 20","42117433-7168838 Ford Cargo Disk Bijonu ESB 640 20 | Frenciniz","42117433-7168838 Ford Cargo Disk Bijonu ESB 640 20 icin stok, fiyat ve uyumluluk teyidi. Uygunluk adaylari: Iveco Eurocargo, Iveco Eurotech, Iveco Stralis....","42117433-7168838 Ford Cargo Disk Bijonu ESB 640 20","Iveco Eurocargo Disk Bijonu/Civatası | Iveco Eurocargo 42117433-7168838 | 42117433-7168838 Disk Bijonu/Civatası | ESB 640 20 Disk Bijonu/Civatası | Ford Cargo Disk Bijonu ESB 640 20","https://www.frenciniz.com/urun/307/42117433-7168838-ford-cargo-disk-bijonu-esb-640-20-ekersan","","450","164.94"
"308","Disk Bijonu/Civatası","ESB 640 10","42117435 , 42064829","","","no","Ford Cargo Disk Bijonu Arka","42117435 Ford Cargo Disk Bijonu Arka","42117435 Ford Cargo Disk Bijonu Arka | Frenciniz","42117435 Ford Cargo Disk Bijonu Arka icin stok, fiyat ve uyumluluk teyidi. Uygunluk adaylari: Iveco Eurocargo, Iveco Eurotech, Iveco Stralis. OEM/SKU: 42117435....","42117435 Ford Cargo Disk Bijonu Arka","Iveco Eurocargo Disk Bijonu/Civatası | Iveco Eurocargo 42117435 | 42117435 Disk Bijonu/Civatası | ESB 640 10 Disk Bijonu/Civatası | Ford Cargo Disk Bijonu Arka","https://www.frenciniz.com/urun/308/42117435-ford-cargo-disk-bijonu-arka-ekersan","","168","164.94"
"309","Bijon","ESB 621 20","2476077-7168580-42117449-42101338","","","no","Ford Cargo Bijon DPS ESB 621 20","2476077 Ford Cargo Bijon DPS ESB 621 20","2476077 Ford Cargo Bijon DPS ESB 621 20 | Frenciniz","2476077 Ford Cargo Bijon DPS ESB 621 20 icin stok, fiyat ve uyumluluk teyidi. Uygunluk adaylari: Iveco Eurocargo, Iveco Eurotech, Iveco Stralis. OEM/SKU:...","2476077 Ford Cargo Bijon DPS ESB 621 20","Iveco Eurocargo Bijon | Iveco Eurocargo 2476077 | 2476077 Bijon | ESB 621 20 Bijon | Ford Cargo Bijon DPS ESB 621 20","https://www.frenciniz.com/urun/309/2476077-ford-cargo-bijon-dps-esb-621-20-ekersan","","2301","186.94"
"310","Bijon","ESB 621 10","42117455-42064826","","","no","Ford Cargo Bijon DPS ESB 621 10","42117455-42064826 Ford Cargo Bijon DPS ESB 621 10","42117455-42064826 Ford Cargo Bijon DPS ESB 621 10 | Frenciniz","42117455-42064826 Ford Cargo Bijon DPS ESB 621 10 icin stok, fiyat ve uyumluluk teyidi. Uygunluk adaylari: Iveco Eurocargo, Iveco Eurotech, Iveco Stralis....","42117455-42064826 Ford Cargo Bijon DPS ESB 621 10","Iveco Eurocargo Bijon | Iveco Eurocargo 42117455-42064826 | 42117455-42064826 Bijon | ESB 621 10 Bijon | Ford Cargo Bijon DPS ESB 621 10","https://www.frenciniz.com/urun/310/42117455-42064826-ford-cargo-bijon-dps-esb-621-10-ekersan","","4092","199.31"
"311","Bijon","ESB 620 20","42117452-2475870","","","no","Ford Cargo Bijon DPS ESB 620 20","42117452-2475870 Ford Cargo Bijon DPS ESB 620 20","42117452-2475870 Ford Cargo Bijon DPS ESB 620 20 | Frenciniz","42117452-2475870 Ford Cargo Bijon DPS ESB 620 20 icin stok, fiyat ve uyumluluk teyidi. Uygunluk adaylari: Iveco Eurocargo, Iveco Eurotech, Iveco Stralis....","42117452-2475870 Ford Cargo Bijon DPS ESB 620 20","Iveco Eurocargo Bijon | Iveco Eurocargo 42117452-2475870 | 42117452-2475870 Bijon | ESB 620 20 Bijon | Ford Cargo Bijon DPS ESB 620 20","https://www.frenciniz.com/urun/311/42117452-2475870-ford-cargo-bijon-dps-esb-620-20-ekersan","","1821","186.94"
"312","Bijon","ESB 620 10","42117457","","","no","Ford Cargo Bijon DPS ESB 620 10","42117457 Ford Cargo Bijon DPS ESB 620 10","42117457 Ford Cargo Bijon DPS ESB 620 10 | Frenciniz","42117457 Ford Cargo Bijon DPS ESB 620 10 icin stok, fiyat ve uyumluluk teyidi. Uygunluk adaylari: Iveco Eurocargo, Iveco Eurotech, Iveco Stralis. OEM/SKU:...","42117457 Ford Cargo Bijon DPS ESB 620 10","Iveco Eurocargo Bijon | Iveco Eurocargo 42117457 | 42117457 Bijon | ESB 620 10 Bijon | Ford Cargo Bijon DPS ESB 620 10","https://www.frenciniz.com/urun/312/42117457-ford-cargo-bijon-dps-esb-620-10-ekersan","","2987","199.31"
"313","Bijon","ESB 611 10","7168257","","","no","Ford Cargo Bijon 64 mm Arka","7168257 Ford Cargo Bijon 64 mm Arka","7168257 Ford Cargo Bijon 64 mm Arka | Frenciniz","7168257 Ford Cargo Bijon 64 mm Arka icin stok, fiyat ve uyumluluk teyidi. Uygunluk adaylari: Iveco Eurocargo, Iveco Eurotech, Iveco Stralis. OEM/SKU: 7168257....","7168257 Ford Cargo Bijon 64 mm Arka","Iveco Eurocargo Bijon | Iveco Eurocargo 7168257 | 7168257 Bijon | ESB 611 10 Bijon | Ford Cargo Bijon 64 mm Arka","https://www.frenciniz.com/urun/313/7168257-ford-cargo-bijon-64-mm-arka-ekersan","","166","134.7"
"314","Bijon","ESB 610 20","7168346 - 7161201","","","no","Ford Cargo Bijon","7168346 Ford Cargo Bijon","7168346 Ford Cargo Bijon | Frenciniz","7168346 Ford Cargo Bijon icin stok, fiyat ve uyumluluk teyidi. Uygunluk adaylari: Iveco Eurocargo, Iveco Eurotech, Iveco Stralis. OEM/SKU: 7168346. Stokta urun...","7168346 Ford Cargo Bijon","Iveco Eurocargo Bijon | Iveco Eurocargo 7168346 | 7168346 Bijon | ESB 610 20 Bijon | Ford Cargo Bijon","https://www.frenciniz.com/urun/314/7168346-ford-cargo-bijon-ekersan","","34","120.96"
"315","Bijon","ESB 610 10","46390478-42117463-7168257","","","no","Ford Cargo Bijon DPS ESB 610 10","46390478 Ford Cargo Bijon DPS ESB 610 10","46390478 Ford Cargo Bijon DPS ESB 610 10 | Frenciniz","46390478 Ford Cargo Bijon DPS ESB 610 10 icin stok, fiyat ve uyumluluk teyidi. Uygunluk adaylari: Iveco Eurocargo, Iveco Eurotech, Iveco Stralis. OEM/SKU:...","46390478 Ford Cargo Bijon DPS ESB 610 10","Iveco Eurocargo Bijon | Iveco Eurocargo 46390478 | 46390478 Bijon | ESB 610 10 Bijon | Ford Cargo Bijon DPS ESB 610 10","https://www.frenciniz.com/urun/315/46390478-ford-cargo-bijon-dps-esb-610-10-ekersan","","1026","120.96"
"316","Bijon","ESB 532 10","21022167","21022167-ror-meritor-bijon","14","yes","21022167 ROR Meritor Dorse Bijon ESB 532 10","21022167 ROR Meritor Dorse Bijon ESB 532 10","21022167 ROR Meritor Dorse Bijon ESB 532 10 | Frenciniz","21022167 ROR Meritor Dorse Bijon ESB 532 10 icin stok, fiyat ve uyumluluk teyidi. Uygunluk adaylari: BMC Probus, BMC Profesyonel, BMC Fatih. OEM/SKU: 21022167....","21022167 bijon","ror meritor bijon | dorse bijon 21022167 | 21022167 ROR Meritor Dorse Bijon ESB 532 10 | BMC Probus Bijon | BMC Probus 21022167 | ESB 532 10 Bijon","https://www.frenciniz.com/urun/316/21022167-ror-meritor-dorse-bijon-esb-532-10-ekersan","","280","199.31"
"317","Bijon","ESB 530 20","15033-T","","","no","BMC Bijon ESB 530 20","15033-T BMC Bijon ESB 530 20","15033-T BMC Bijon ESB 530 20 | Frenciniz","15033-T BMC Bijon ESB 530 20 icin stok, fiyat ve uyumluluk teyidi. Uygunluk adaylari: BMC Probus, BMC Profesyonel, BMC Fatih. OEM/SKU: 15033-T. Stokta urun...","15033-T BMC Bijon ESB 530 20","BMC Probus Bijon | BMC Probus 15033-T | 15033-T Bijon | ESB 530 20 Bijon | BMC Bijon ESB 530 20","https://www.frenciniz.com/urun/317/15033-t-bmc-bijon-esb-530-20-ekersan","","1720","199.31"
"318","Bijon","ESB 530 10","15034","","","no","BMC Bijon Arka","15034 BMC Bijon Arka","15034 BMC Bijon Arka | Frenciniz","15034 BMC Bijon Arka icin stok, fiyat ve uyumluluk teyidi. Uygunluk adaylari: BMC Probus, BMC Profesyonel, BMC Fatih. OEM/SKU: 15034. Stokta urun, hizli kargo ve...","15034 BMC Bijon Arka","BMC Probus Bijon | BMC Probus 15034 | 15034 Bijon | ESB 530 10 Bijon | BMC Bijon Arka","https://www.frenciniz.com/urun/318/15034-bmc-bijon-arka-ekersan","","2455","199.31"
"319","Bijon","ESB 461 20","","","","no","Ford Cargo Krone Dorse Kögel Dorse Bijon DPS ESB 461 20","Ford Cargo Krone Dorse Kögel Dorse Bijon DPS ESB 461 20","Ford Cargo Krone Dorse Kögel Dorse Bijon DPS ESB 461 20 | Frenciniz","Ford Cargo Krone Dorse Kögel Dorse Bijon DPS ESB 461 20 icin stok, fiyat ve uyumluluk teyidi. Uygunluk adaylari: Tır / çekici, Krone dorse, Kögel dorse. OEM/SKU:...","Ford Cargo Krone Dorse Kögel Dorse Bijon DPS ESB 461 20","Kamyon Bijon | Kamyon ESB 461 20 | ESB 461 20 Bijon","https://www.frenciniz.com/urun/319/ford-cargo-krone-dorse-kogel-dorse-bijon-dps-esb-461-20-ekersan","","2392","199.31"
"320","Bijon","ESB 460 10","20515519","","","no","Volvo FH12 FM FL Scania P G R Bijon DPS ESB 460 10","20515519 Volvo FH12 FM FL Scania P G R Bijon DPS ESB 460 10","20515519 Volvo FH12 FM FL Scania P G R Bijon DPS ESB 460 10 | Frenciniz","20515519 Volvo FH12 FM FL Scania P G R Bijon DPS ESB 460 10 icin stok, fiyat ve uyumluluk teyidi. Uygunluk adaylari: Scania P/G/R serisi, Volvo FH/FM, Ağır...","20515519 Volvo FH12 FM FL Scania P G R Bijon DPS ESB 460 10","Scania P/G/R serisi Bijon | Scania P/G/R serisi 20515519 | 20515519 Bijon | ESB 460 10 Bijon | Volvo FH12 FM FL Scania P G R Bijon DPS ESB 460 10","https://www.frenciniz.com/urun/320/20515519-volvo-fh12-fm-fl-scania-p-g-r-bijon-dps-esb-460-10-ekersan","","510","199.31"
"321","Bijon","ESB 440 10","","","","no","Ford Cargo Krone Dorse Kögel Dorse Bijon DPS ESB 440 10","Ford Cargo Krone Dorse Kögel Dorse Bijon DPS ESB 440 10","Ford Cargo Krone Dorse Kögel Dorse Bijon DPS ESB 440 10 | Frenciniz","Ford Cargo Krone Dorse Kögel Dorse Bijon DPS ESB 440 10 icin stok, fiyat ve uyumluluk teyidi. Uygunluk adaylari: Tır / çekici, Krone dorse, Kögel dorse. OEM/SKU:...","Ford Cargo Krone Dorse Kögel Dorse Bijon DPS ESB 440 10","Kamyon Bijon | Kamyon ESB 440 10 | ESB 440 10 Bijon","https://www.frenciniz.com/urun/321/ford-cargo-krone-dorse-kogel-dorse-bijon-dps-esb-440-10-ekersan","","3382","199.31"
"322","Bijon","ESB 422 10","FC461118CA","","","no","Ford Cargo Bijon DPS ESB 422 10","FC461118CA Ford Cargo Bijon DPS ESB 422 10","FC461118CA Ford Cargo Bijon DPS ESB 422 10 | Frenciniz","FC461118CA Ford Cargo Bijon DPS ESB 422 10 icin stok, fiyat ve uyumluluk teyidi. Uygunluk adaylari: Ford Cargo, Ford Cargo 1846, Ford Cargo 3230. OEM/SKU:...","FC461118CA Ford Cargo Bijon DPS ESB 422 10","Ford Cargo Bijon | Ford Cargo FC461118CA | FC461118CA Bijon | ESB 422 10 Bijon | Ford Cargo Bijon DPS ESB 422 10","https://www.frenciniz.com/urun/322/fc461118ca-ford-cargo-bijon-dps-esb-422-10-ekersan","","3250","213.05"
"323","Bijon","ESB 421 20","20515515","","","no","Volvo FH12 FM FL Scania P G R Bijon DPS ESB 421 20","20515515 Volvo FH12 FM FL Scania P G R Bijon DPS ESB 421 20","20515515 Volvo FH12 FM FL Scania P G R Bijon DPS ESB 421 20 | Frenciniz","20515515 Volvo FH12 FM FL Scania P G R Bijon DPS ESB 421 20 icin stok, fiyat ve uyumluluk teyidi. Uygunluk adaylari: Scania P/G/R serisi, Volvo FH/FM, Ağır...","20515515 Volvo FH12 FM FL Scania P G R Bijon DPS ESB 421 20","Scania P/G/R serisi Bijon | Scania P/G/R serisi 20515515 | 20515515 Bijon | ESB 421 20 Bijon | Volvo FH12 FM FL Scania P G R Bijon DPS ESB 421 20","https://www.frenciniz.com/urun/323/20515515-volvo-fh12-fm-fl-scania-p-g-r-bijon-dps-esb-421-20-ekersan","","2607","199.31"
"324","Bijon","ESB 420 20","","","","no","Ford Cargo Krone Dorse Kögel Dorse Bijon DPS ESB 420 20","Ford Cargo Krone Dorse Kögel Dorse Bijon DPS ESB 420 20","Ford Cargo Krone Dorse Kögel Dorse Bijon DPS ESB 420 20 | Frenciniz","Ford Cargo Krone Dorse Kögel Dorse Bijon DPS ESB 420 20 icin stok, fiyat ve uyumluluk teyidi. Uygunluk adaylari: Tır / çekici, Krone dorse, Kögel dorse. OEM/SKU:...","Ford Cargo Krone Dorse Kögel Dorse Bijon DPS ESB 420 20","Kamyon Bijon | Kamyon ESB 420 20 | ESB 420 20 Bijon","https://www.frenciniz.com/urun/324/ford-cargo-krone-dorse-kogel-dorse-bijon-dps-esb-420-20-ekersan","","1540","199.31"
"325","Bijon","ESB 420 10","81DB118CA","","","no","Ford Cargo Krone Dorse Kögel Dorse Bijon DPS ESB 420 10","81DB118CA Ford Cargo Krone Dorse Kögel Dorse Bijon DPS ESB 420 10","81DB118CA Ford Cargo Krone Dorse Kögel Dorse Bijon DPS ESB... | Frenciniz","81DB118CA Ford Cargo Krone Dorse Kögel Dorse Bijon DPS ESB 420 10 icin stok, fiyat ve uyumluluk teyidi. Uygunluk adaylari: Tır / çekici, Krone dorse, Kögel...","81DB118CA Ford Cargo Krone Dorse Kögel Dorse Bijon DPS ESB 420 10","Kamyon Bijon | Kamyon 81DB118CA | 81DB118CA Bijon | ESB 420 10 Bijon | Ford Cargo Krone Dorse Kögel Dorse Bijon DPS ESB 420 10","https://www.frenciniz.com/urun/325/81db118ca-ford-cargo-krone-dorse-kogel-dorse-bijon-dps-esb-420-10-ekersan","","4023","199.31"
"326","Disk Bijonu/Civatası","ESB 4000 25","","","","no","Mercedes Axor Disk Bijonu Y.M.","ESB 4000 25 Mercedes Axor Disk Bijonu Y.M.","ESB 4000 25 Mercedes Axor Disk Bijonu Y.M. | Frenciniz","ESB 4000 25 Mercedes Axor Disk Bijonu Y.M. icin stok, fiyat ve uyumluluk teyidi. Uygunluk adaylari: Mercedes-Benz Axor, Axor 1840, Axor 1843. OEM/SKU: ESB 4000...","ESB 4000 25 Mercedes Axor Disk Bijonu Y.M.","Mercedes-Benz Axor Disk Bijonu/Civatası | Mercedes-Benz Axor ESB 4000 25 | ESB 4000 25 Disk Bijonu/Civatası | Mercedes Axor Disk Bijonu Y.M.","https://www.frenciniz.com/urun/326/esb-4000-25-mercedes-axor-disk-bijonu-y-m-ekersan","","2885","91.74"
"327","Disk Bijonu/Civatası","ESB 4000 14","9429900004-9429902804","","","no","Mercedes Axor Actros Disk Bijonu","9429900004-9429902804 Mercedes Axor Actros Disk Bijonu","9429900004-9429902804 Mercedes Axor Actros Disk Bijonu | Frenciniz","9429900004-9429902804 Mercedes Axor Actros Disk Bijonu icin stok, fiyat ve uyumluluk teyidi. Uygunluk adaylari: Mercedes-Benz Actros, Mercedes-Benz Axor, Actros...","9429900004-9429902804 Mercedes Axor Actros Disk Bijonu","Mercedes-Benz Actros Disk Bijonu/Civatası | Mercedes-Benz Actros 9429900004-9429902804 | 9429900004-9429902804 Disk Bijonu/Civatası | ESB 4000 14 Disk Bijonu/Civatası | Mercedes Axor Actros Disk Bijonu","https://www.frenciniz.com/urun/327/9429900004-9429902804-mercedes-axor-actros-disk-bijonu-ekersan","","5692","73.46"
"328","Disk Bijonu/Civatası","ESB 4000 11","SFAX0049-4375100410","","","no","Ford Cargo SAF Dorse Krone Dorse Kögel Dorse Disk Bijonu","SFAX0049-4375100410 Ford Cargo SAF Dorse Krone Dorse Kögel Dorse Disk Bijonu","SFAX0049-4375100410 Ford Cargo SAF Dorse Krone Dorse Kögel... | Frenciniz","SFAX0049-4375100410 Ford Cargo SAF Dorse Krone Dorse Kögel Dorse Disk Bijonu icin stok, fiyat ve uyumluluk teyidi. Uygunluk adaylari: SAF dorse dingili, SAF...","SFAX0049-4375100410 Ford Cargo SAF Dorse Krone Dorse Kögel Dorse Disk Bijonu","SAF dorse dingili Disk Bijonu/Civatası | SAF dorse dingili SFAX0049-4375100410 | SFAX0049-4375100410 Disk Bijonu/Civatası | ESB 4000 11 Disk Bijonu/Civatası | Ford Cargo SAF Dorse Krone Dorse Kögel Dorse Disk Bijonu","https://www.frenciniz.com/urun/328/sfax0049-4375100410-ford-cargo-saf-dorse-krone-dorse-kogel-dorse-disk-bijonu-ekersan","","2001","73.46"
"329","Disk Bijonu/Civatası","ESB 4000 10","4343291410 - SFAX0050","","","no","Mercedes Axor Ford Cargo SAF Dorse Disk Bijonu","4343291410 Mercedes Axor Ford Cargo SAF Dorse Disk Bijonu","4343291410 Mercedes Axor Ford Cargo SAF Dorse Disk Bijonu | Frenciniz","4343291410 Mercedes Axor Ford Cargo SAF Dorse Disk Bijonu icin stok, fiyat ve uyumluluk teyidi. Uygunluk adaylari: Mercedes-Benz Axor, SAF dorse dingili, SAF...","4343291410 Mercedes Axor Ford Cargo SAF Dorse Disk Bijonu","Mercedes-Benz Axor Disk Bijonu/Civatası | Mercedes-Benz Axor 4343291410 | 4343291410 Disk Bijonu/Civatası | ESB 4000 10 Disk Bijonu/Civatası | Mercedes Axor Ford Cargo SAF Dorse Disk Bijonu","https://www.frenciniz.com/urun/329/4343291410-mercedes-axor-ford-cargo-saf-dorse-disk-bijonu-ekersan","","5200","73.46"
"330","Bijon","ESB 3912 20","","","","no","Otokar Sultan Doruk Bijon ESB 3912 20","Otokar Sultan Doruk Bijon ESB 3912 20","Otokar Sultan Doruk Bijon ESB 3912 20 | Frenciniz","Otokar Sultan Doruk Bijon ESB 3912 20 icin stok, fiyat ve uyumluluk teyidi. Uygunluk adaylari: Otokar Doruk, Otokar Sultan, Karsan Atak. OEM/SKU: ESB 3912 20....","Otokar Sultan Doruk Bijon ESB 3912 20","Otokar Doruk Bijon | Otokar Doruk ESB 3912 20 | ESB 3912 20 Bijon","https://www.frenciniz.com/urun/330/otokar-sultan-doruk-bijon-esb-3912-20-ekersan","","410","189.43"
"331","Bijon","ESB 351 10-R","","","","no","BMC Bijon 24 mm 110 mm Sağ","ESB 351 10-R BMC Bijon 24 mm 110 mm Sağ","ESB 351 10-R BMC Bijon 24 mm 110 mm Sağ | Frenciniz","ESB 351 10-R BMC Bijon 24 mm 110 mm Sağ icin stok, fiyat ve uyumluluk teyidi. Uygunluk adaylari: BMC Probus, BMC Profesyonel, BMC Fatih. OEM/SKU: ESB 351 10-R....","ESB 351 10-R BMC Bijon 24 mm 110 mm Sağ","BMC Probus Bijon | BMC Probus ESB 351 10-R | ESB 351 10-R Bijon | BMC Bijon 24 mm 110 mm Sağ","https://www.frenciniz.com/urun/331/esb-351-10-r-bmc-bijon-24-mm-110-mm-sag-ekersan","","350","199.31"
"332","Bijon","ESB 345 10","","","","no","BMC Bijon 145 mm Arka","ESB 345 10 BMC Bijon 145 mm Arka","ESB 345 10 BMC Bijon 145 mm Arka | Frenciniz","ESB 345 10 BMC Bijon 145 mm Arka icin stok, fiyat ve uyumluluk teyidi. Uygunluk adaylari: BMC Probus, BMC Profesyonel, BMC Fatih. OEM/SKU: ESB 345 10. Stokta...","ESB 345 10 BMC Bijon 145 mm Arka","BMC Probus Bijon | BMC Probus ESB 345 10 | ESB 345 10 Bijon | BMC Bijon 145 mm Arka","https://www.frenciniz.com/urun/332/esb-345-10-bmc-bijon-145-mm-arka-ekersan","","390","236.42"
"333","Bijon","ESB 344 10","","","","no","BMC Bijon 132 mm Arka","ESB 344 10 BMC Bijon 132 mm Arka","ESB 344 10 BMC Bijon 132 mm Arka | Frenciniz","ESB 344 10 BMC Bijon 132 mm Arka icin stok, fiyat ve uyumluluk teyidi. Uygunluk adaylari: BMC Probus, BMC Profesyonel, BMC Fatih. OEM/SKU: ESB 344 10. Stokta...","ESB 344 10 BMC Bijon 132 mm Arka","BMC Probus Bijon | BMC Probus ESB 344 10 | ESB 344 10 Bijon | BMC Bijon 132 mm Arka","https://www.frenciniz.com/urun/333/esb-344-10-bmc-bijon-132-mm-arka-ekersan","","440","236.42"
"334","Bijon","ESB 342 10","","","","no","BMC Bijon 117 mm Arka ESB 342 10","BMC Bijon 117 mm Arka ESB 342 10","BMC Bijon 117 mm Arka ESB 342 10 | Frenciniz","BMC Bijon 117 mm Arka ESB 342 10 icin stok, fiyat ve uyumluluk teyidi. Uygunluk adaylari: BMC Probus, BMC Profesyonel, BMC Fatih. OEM/SKU: ESB 342 10. Stokta...","BMC Bijon 117 mm Arka ESB 342 10","BMC Probus Bijon | BMC Probus ESB 342 10 | ESB 342 10 Bijon","https://www.frenciniz.com/urun/334/bmc-bijon-117-mm-arka-esb-342-10-ekersan","","9686","199.31"
"335","Bijon","ESB 340 20","7K60192","","","no","BMC Bijon ESB 340 20","7K60192 BMC Bijon ESB 340 20","7K60192 BMC Bijon ESB 340 20 | Frenciniz","7K60192 BMC Bijon ESB 340 20 icin stok, fiyat ve uyumluluk teyidi. Uygunluk adaylari: BMC Probus, BMC Profesyonel, BMC Fatih. OEM/SKU: 7K60192. Stokta urun...","7K60192 BMC Bijon ESB 340 20","BMC Probus Bijon | BMC Probus 7K60192 | 7K60192 Bijon | ESB 340 20 Bijon | BMC Bijon ESB 340 20","https://www.frenciniz.com/urun/335/7k60192-bmc-bijon-esb-340-20-ekersan","","4506","199.31"
"336","Bijon","ESB 340 10","7K60177KOM-760177","","","no","BMC Bijon 117 mm Arka ESB 340 10","7K60177KOM-760177 BMC Bijon 117 mm Arka ESB 340 10","7K60177KOM-760177 BMC Bijon 117 mm Arka ESB 340 10 | Frenciniz","7K60177KOM-760177 BMC Bijon 117 mm Arka ESB 340 10 icin stok, fiyat ve uyumluluk teyidi. Uygunluk adaylari: BMC Probus, BMC Profesyonel, BMC Fatih. OEM/SKU:...","7K60177KOM-760177 BMC Bijon 117 mm Arka ESB 340 10","BMC Probus Bijon | BMC Probus 7K60177KOM-760177 | 7K60177KOM-760177 Bijon | ESB 340 10 Bijon | BMC Bijon 117 mm Arka ESB 340 10","https://www.frenciniz.com/urun/336/7k60177kom-760177-bmc-bijon-117-mm-arka-esb-340-10-ekersan","","5379","199.31"
"337","Bijon","ESB 330 20","7K13123","","","no","BMC Bijon 82 mm E.M.","7K13123 BMC Bijon 82 mm E.M.","7K13123 BMC Bijon 82 mm E.M. | Frenciniz","7K13123 BMC Bijon 82 mm E.M. icin stok, fiyat ve uyumluluk teyidi. Uygunluk adaylari: BMC Probus, BMC Profesyonel, BMC Fatih. OEM/SKU: 7K13123. Stokta urun...","7K13123 BMC Bijon 82 mm E.M.","BMC Probus Bijon | BMC Probus 7K13123 | 7K13123 Bijon | ESB 330 20 Bijon | BMC Bijon 82 mm E.M.","https://www.frenciniz.com/urun/337/7k13123-bmc-bijon-82-mm-e-m-ekersan","","100","199.31"
"338","Bijon","ESB 310 21-L","K5C1051","","","no","BMC Bijon 77 mm Sol","K5C1051 BMC Bijon 77 mm Sol","K5C1051 BMC Bijon 77 mm Sol | Frenciniz","K5C1051 BMC Bijon 77 mm Sol icin stok, fiyat ve uyumluluk teyidi. Uygunluk adaylari: BMC Probus, BMC Profesyonel, BMC Fatih. OEM/SKU: K5C1051. Stokta urun, hizli...","K5C1051 BMC Bijon 77 mm Sol","BMC Probus Bijon | BMC Probus K5C1051 | K5C1051 Bijon | ESB 310 21-L Bijon | BMC Bijon 77 mm Sol","https://www.frenciniz.com/urun/338/k5c1051-bmc-bijon-77-mm-sol-ekersan","","10","186.94"
"339","Bijon","ESB 310 10-R","K5C2150","","","no","BMC Bijon 110 mm Sağ Arka","K5C2150 BMC Bijon 110 mm Sağ Arka","K5C2150 BMC Bijon 110 mm Sağ Arka | Frenciniz","K5C2150 BMC Bijon 110 mm Sağ Arka icin stok, fiyat ve uyumluluk teyidi. Uygunluk adaylari: BMC Probus, BMC Profesyonel, BMC Fatih. OEM/SKU: K5C2150. Stokta urun...","K5C2150 BMC Bijon 110 mm Sağ Arka","BMC Probus Bijon | BMC Probus K5C2150 | K5C2150 Bijon | ESB 310 10-R Bijon | BMC Bijon 110 mm Sağ Arka","https://www.frenciniz.com/urun/339/k5c2150-bmc-bijon-110-mm-sag-arka-ekersan","","10","186.94"
"340","Bijon","ESB 273 10","","","","no","MAN TGA TGS TGX TGM Bijon Arka ESB 273 10","MAN TGA TGS TGX TGM Bijon Arka ESB 273 10","MAN TGA TGS TGX TGM Bijon Arka ESB 273 10 | Frenciniz","MAN TGA TGS TGX TGM Bijon Arka ESB 273 10 icin stok, fiyat ve uyumluluk teyidi. Uygunluk adaylari: MAN TGA, MAN TGA 18.430, MAN TGA 18.460. OEM/SKU: ESB 273 10....","MAN TGA TGS TGX TGM Bijon Arka ESB 273 10","MAN TGA Bijon | MAN TGA ESB 273 10 | ESB 273 10 Bijon","https://www.frenciniz.com/urun/340/man-tga-tgs-tgx-tgm-bijon-arka-esb-273-10-ekersan","","8","199.31"
"341","Bijon","ESB 272 10","81455010174","","","no","MAN Ford Cargo Krone Dorse Kögel Dorse Bijon DPS ESB 272 10","81455010174 MAN Ford Cargo Krone Dorse Kögel Dorse Bijon DPS ESB 272 10","81455010174 MAN Ford Cargo Krone Dorse Kögel Dorse Bijon... | Frenciniz","81455010174 MAN Ford Cargo Krone Dorse Kögel Dorse Bijon DPS ESB 272 10 icin stok, fiyat ve uyumluluk teyidi. Uygunluk adaylari: Tır / çekici, Krone dorse, Kögel...","81455010174 MAN Ford Cargo Krone Dorse Kögel Dorse Bijon DPS ESB 272 10","Kamyon Bijon | Kamyon 81455010174 | 81455010174 Bijon | ESB 272 10 Bijon | MAN Ford Cargo Krone Dorse Kögel Dorse Bijon DPS ESB 272 10","https://www.frenciniz.com/urun/341/81455010174-man-ford-cargo-krone-dorse-kogel-dorse-bijon-dps-esb-272-10-ekersan","","1969","186.94"
"342","Bijon","ESB 261 10","TGA Man Arka Frezeli","","","no","MAN TGA TGS TGX TGM Bijon Arka ESB 261 10","MAN TGA TGS TGX TGM Bijon Arka ESB 261 10","MAN TGA TGS TGX TGM Bijon Arka ESB 261 10 | Frenciniz","MAN TGA TGS TGX TGM Bijon Arka ESB 261 10 icin stok, fiyat ve uyumluluk teyidi. Uygunluk adaylari: MAN TGA, MAN TGA 18.430, MAN TGA 18.460. OEM/SKU: ESB 261 10....","MAN TGA TGS TGX TGM Bijon Arka ESB 261 10","MAN TGA Bijon | MAN TGA ESB 261 10 | ESB 261 10 Bijon","https://www.frenciniz.com/urun/342/man-tga-tgs-tgx-tgm-bijon-arka-esb-261-10-ekersan","","210","186.94"
"343","Bijon","ESB 260 20","81455010133 - 81455010129","","","no","MAN TGA TGS TGX TGM Bijon","81455010133 MAN TGA TGS TGX TGM Bijon","81455010133 MAN TGA TGS TGX TGM Bijon | Frenciniz","81455010133 MAN TGA TGS TGX TGM Bijon icin stok, fiyat ve uyumluluk teyidi. Uygunluk adaylari: MAN TGA, MAN TGA 18.430, MAN TGA 18.460. OEM/SKU: 81455010133....","81455010133 MAN TGA TGS TGX TGM Bijon","MAN TGA Bijon | MAN TGA 81455010133 | 81455010133 Bijon | ESB 260 20 Bijon | MAN TGA TGS TGX TGM Bijon","https://www.frenciniz.com/urun/343/81455010133-man-tga-tgs-tgx-tgm-bijon-ekersan","","1404","186.94"
"344","Bijon","ESB 260 10","81455010131-81455010176","","","no","MAN Ford Cargo Krone Dorse Kögel Dorse Bijon DPS ESB 260 10","81455010131-81455010176 MAN Ford Cargo Krone Dorse Kögel Dorse Bijon DPS ESB 260 10","81455010131-81455010176 MAN Ford Cargo Krone Dorse Kögel... | Frenciniz","81455010131-81455010176 MAN Ford Cargo Krone Dorse Kögel Dorse Bijon DPS ESB 260 10 icin stok, fiyat ve uyumluluk teyidi. Uygunluk adaylari: Tır / çekici, Krone...","81455010131-81455010176 MAN Ford Cargo Krone Dorse Kögel Dorse Bijon DPS ESB 260 10","Kamyon Bijon | Kamyon 81455010131-81455010176 | 81455010131-81455010176 Bijon | ESB 260 10 Bijon | MAN Ford Cargo Krone Dorse Kögel Dorse Bijon DPS ESB 260 10","https://www.frenciniz.com/urun/344/81455010131-81455010176-man-ford-cargo-krone-dorse-kogel-dorse-bijon-dps-esb-260-10-ekersan","","2813","186.94"
"345","Bijon","ESB 2413 10","9713579","","","no","Ford Cargo Krone Dorse Kögel Dorse Bijon 95 mm","9713579 Ford Cargo Krone Dorse Kögel Dorse Bijon 95 mm","9713579 Ford Cargo Krone Dorse Kögel Dorse Bijon 95 mm | Frenciniz","9713579 Ford Cargo Krone Dorse Kögel Dorse Bijon 95 mm icin stok, fiyat ve uyumluluk teyidi. Uygunluk adaylari: ROR dorse dingili, Meritor/ROR treyler, ROR...","9713579 Ford Cargo Krone Dorse Kögel Dorse Bijon 95 mm","ROR dorse dingili Bijon | ROR dorse dingili 9713579 | 9713579 Bijon | ESB 2413 10 Bijon | Ford Cargo Krone Dorse Kögel Dorse Bijon 95 mm","https://www.frenciniz.com/urun/345/9713579-ford-cargo-krone-dorse-kogel-dorse-bijon-95-mm-ekersan","","160","215.8"
"346","Bijon","ESB 2412 20","","","","no","Otokar Sultan Doruk Bijon ESB 2412 20","Otokar Sultan Doruk Bijon ESB 2412 20","Otokar Sultan Doruk Bijon ESB 2412 20 | Frenciniz","Otokar Sultan Doruk Bijon ESB 2412 20 icin stok, fiyat ve uyumluluk teyidi. Uygunluk adaylari: Otokar Doruk, Otokar Sultan, Karsan Atak. OEM/SKU: ESB 2412 20....","Otokar Sultan Doruk Bijon ESB 2412 20","Otokar Doruk Bijon | Otokar Doruk ESB 2412 20 | ESB 2412 20 Bijon","https://www.frenciniz.com/urun/346/otokar-sultan-doruk-bijon-esb-2412-20-ekersan","","20","156.7"
"347","Bijon","ESB 2412 10","","","","no","Otokar Sultan Doruk Bijon Arka","ESB 2412 10 Otokar Sultan Doruk Bijon Arka","ESB 2412 10 Otokar Sultan Doruk Bijon Arka | Frenciniz","ESB 2412 10 Otokar Sultan Doruk Bijon Arka icin stok, fiyat ve uyumluluk teyidi. Uygunluk adaylari: Otokar Doruk, Otokar Sultan, Karsan Atak. OEM/SKU: ESB 2412...","ESB 2412 10 Otokar Sultan Doruk Bijon Arka","Otokar Doruk Bijon | Otokar Doruk ESB 2412 10 | ESB 2412 10 Bijon | Otokar Sultan Doruk Bijon Arka","https://www.frenciniz.com/urun/347/esb-2412-10-otokar-sultan-doruk-bijon-arka-ekersan","","10","156.7"
"348","Disk Bijonu/Civatası","ESB 2321 10","","","","no","Renault Premium Magnum Kerax Midlum D Serisi Disk Bijonu","ESB 2321 10 Renault Premium Magnum Kerax Midlum D Serisi Disk Bijonu","ESB 2321 10 Renault Premium Magnum Kerax Midlum D Serisi... | Frenciniz","ESB 2321 10 Renault Premium Magnum Kerax Midlum D Serisi Disk Bijonu icin stok, fiyat ve uyumluluk teyidi. Uygunluk adaylari: Renault Trucks Premium, Renault...","ESB 2321 10 Renault Premium Magnum Kerax Midlum D Serisi Disk Bijonu","Renault Trucks Premium Disk Bijonu/Civatası | Renault Trucks Premium ESB 2321 10 | ESB 2321 10 Disk Bijonu/Civatası | Renault Premium Magnum Kerax Midlum D Serisi Disk Bijonu","https://www.frenciniz.com/urun/348/esb-2321-10-renault-premium-magnum-kerax-midlum-d-serisi-disk-bijonu-ekersan","","1090","175.94"
"349","Bijon","ESB 2318 10","5010241892","","","no","Renault Premium Magnum Kerax Midlum D Serisi Bijon 114 mm","5010241892 Renault Premium Magnum Kerax Midlum D Serisi Bijon 114 mm","5010241892 Renault Premium Magnum Kerax Midlum D Serisi... | Frenciniz","5010241892 Renault Premium Magnum Kerax Midlum D Serisi Bijon 114 mm icin stok, fiyat ve uyumluluk teyidi. Uygunluk adaylari: Renault Trucks Premium, Renault...","5010241892 Renault Premium Magnum Kerax Midlum D Serisi Bijon 114 mm","Renault Trucks Premium Bijon | Renault Trucks Premium 5010241892 | 5010241892 Bijon | ESB 2318 10 Bijon | Renault Premium Magnum Kerax Midlum D Serisi Bijon 114 mm","https://www.frenciniz.com/urun/349/5010241892-renault-premium-magnum-kerax-midlum-d-serisi-bijon-114-mm-ekersan","","220","199.31"
"350","Bijon","ESB 2317 20","20515514-7420515514","","","no","Renault Premium Magnum Kerax Midlum D Serisi Bijon 79,50 mm 25MM","20515514-7420515514 Renault Premium Magnum Kerax Midlum D Serisi Bijon 79,50 mm 25MM","20515514-7420515514 Renault Premium Magnum Kerax Midlum D... | Frenciniz","20515514-7420515514 Renault Premium Magnum Kerax Midlum D Serisi Bijon 79,50 mm 25MM icin stok, fiyat ve uyumluluk teyidi. Uygunluk adaylari: Renault Trucks...","20515514-7420515514 Renault Premium Magnum Kerax Midlum D Serisi Bijon 79,50 mm 25MM","Renault Trucks Premium Bijon | Renault Trucks Premium 20515514-7420515514 | 20515514-7420515514 Bijon | ESB 2317 20 Bijon | Renault Premium Magnum Kerax Midlum D Serisi Bijon 79,50 mm 25MM","https://www.frenciniz.com/urun/350/20515514-7420515514-renault-premium-magnum-kerax-midlum-d-serisi-bijon-79-50-mm-25mm-ekersan","","2452","199.31"
"351","Bijon","ESB 2316 20","20515517-7420515517","","","no","Renault Premium Magnum Kerax Midlum D Serisi Bijon DPS Arka","20515517-7420515517 Renault Premium Magnum Kerax Midlum D Serisi Bijon DPS Arka","20515517-7420515517 Renault Premium Magnum Kerax Midlum D... | Frenciniz","20515517-7420515517 Renault Premium Magnum Kerax Midlum D Serisi Bijon DPS Arka icin stok, fiyat ve uyumluluk teyidi. Uygunluk adaylari: Renault Trucks Premium...","20515517-7420515517 Renault Premium Magnum Kerax Midlum D Serisi Bijon DPS Arka","Renault Trucks Premium Bijon | Renault Trucks Premium 20515517-7420515517 | 20515517-7420515517 Bijon | ESB 2316 20 Bijon | Renault Premium Magnum Kerax Midlum D Serisi Bijon DPS Arka","https://www.frenciniz.com/urun/351/20515517-7420515517-renault-premium-magnum-kerax-midlum-d-serisi-bijon-dps-arka-ekersan","","7017","199.31"
"352","Bijon","ESB 2316 10","20524942-21147687-7421147687","","","no","Renault Premium Magnum Kerax Midlum D Serisi Bijon 114 mm Arka","20524942 Renault Premium Magnum Kerax Midlum D Serisi Bijon 114 mm Arka","20524942 Renault Premium Magnum Kerax Midlum D Serisi... | Frenciniz","20524942 Renault Premium Magnum Kerax Midlum D Serisi Bijon 114 mm Arka icin stok, fiyat ve uyumluluk teyidi. Uygunluk adaylari: Renault Trucks Premium, Renault...","20524942 Renault Premium Magnum Kerax Midlum D Serisi Bijon 114 mm Arka","Renault Trucks Premium Bijon | Renault Trucks Premium 20524942 | 20524942 Bijon | ESB 2316 10 Bijon | Renault Premium Magnum Kerax Midlum D Serisi Bijon 114 mm Arka","https://www.frenciniz.com/urun/352/20524942-renault-premium-magnum-kerax-midlum-d-serisi-bijon-114-mm-arka-ekersan","","730","199.31"
"353","Bijon","ESB 2313 10","5000737601","","","no","Renault Premium Magnum Kerax Midlum D Serisi Bijon 70 mm","5000737601 Renault Premium Magnum Kerax Midlum D Serisi Bijon 70 mm","5000737601 Renault Premium Magnum Kerax Midlum D Serisi... | Frenciniz","5000737601 Renault Premium Magnum Kerax Midlum D Serisi Bijon 70 mm icin stok, fiyat ve uyumluluk teyidi. Uygunluk adaylari: Renault Trucks Premium, Renault...","5000737601 Renault Premium Magnum Kerax Midlum D Serisi Bijon 70 mm","Renault Trucks Premium Bijon | Renault Trucks Premium 5000737601 | 5000737601 Bijon | ESB 2313 10 Bijon | Renault Premium Magnum Kerax Midlum D Serisi Bijon 70 mm","https://www.frenciniz.com/urun/353/5000737601-renault-premium-magnum-kerax-midlum-d-serisi-bijon-70-mm-ekersan","","619","199.31"
"354","Bijon","ESB 2312 10","5010566244","","","no","Renault Premium Magnum Kerax Midlum D Serisi Bijon 95 mm Arka","5010566244 Renault Premium Magnum Kerax Midlum D Serisi Bijon 95 mm Arka","5010566244 Renault Premium Magnum Kerax Midlum D Serisi... | Frenciniz","5010566244 Renault Premium Magnum Kerax Midlum D Serisi Bijon 95 mm Arka icin stok, fiyat ve uyumluluk teyidi. Uygunluk adaylari: Renault Trucks Premium, Renault...","5010566244 Renault Premium Magnum Kerax Midlum D Serisi Bijon 95 mm Arka","Renault Trucks Premium Bijon | Renault Trucks Premium 5010566244 | 5010566244 Bijon | ESB 2312 10 Bijon | Renault Premium Magnum Kerax Midlum D Serisi Bijon 95 mm Arka","https://www.frenciniz.com/urun/354/5010566244-renault-premium-magnum-kerax-midlum-d-serisi-bijon-95-mm-arka-ekersan","","1765","215.8"
"355","Bijon","ESB 2311 20","5010319141-190221","","","no","Renault Premium Magnum Kerax Midlum D Serisi Bijon 79 mm","5010319141-190221 Renault Premium Magnum Kerax Midlum D Serisi Bijon 79 mm","5010319141-190221 Renault Premium Magnum Kerax Midlum D... | Frenciniz","5010319141-190221 Renault Premium Magnum Kerax Midlum D Serisi Bijon 79 mm icin stok, fiyat ve uyumluluk teyidi. Uygunluk adaylari: Renault Trucks Premium...","5010319141-190221 Renault Premium Magnum Kerax Midlum D Serisi Bijon 79 mm","Renault Trucks Premium Bijon | Renault Trucks Premium 5010319141-190221 | 5010319141-190221 Bijon | ESB 2311 20 Bijon | Renault Premium Magnum Kerax Midlum D Serisi Bijon 79 mm","https://www.frenciniz.com/urun/355/5010319141-190221-renault-premium-magnum-kerax-midlum-d-serisi-bijon-79-mm-ekersan","","250","199.31"
"356","Bijon","ESB 2311 10","5010439317-5010439406","","","no","Renault Premium Magnum Kerax Midlum D Serisi Bijon DPS","5010439317-5010439406 Renault Premium Magnum Kerax Midlum D Serisi Bijon DPS","5010439317-5010439406 Renault Premium Magnum Kerax Midlum... | Frenciniz","5010439317-5010439406 Renault Premium Magnum Kerax Midlum D Serisi Bijon DPS icin stok, fiyat ve uyumluluk teyidi. Uygunluk adaylari: Renault Trucks Premium...","5010439317-5010439406 Renault Premium Magnum Kerax Midlum D Serisi Bijon DPS","Renault Trucks Premium Bijon | Renault Trucks Premium 5010439317-5010439406 | 5010439317-5010439406 Bijon | ESB 2311 10 Bijon | Renault Premium Magnum Kerax Midlum D Serisi Bijon DPS","https://www.frenciniz.com/urun/356/5010439317-5010439406-renault-premium-magnum-kerax-midlum-d-serisi-bijon-dps-ekersan","","470","215.8"
"357","Bijon","ESB 2310 10","0000190220-190513","","","no","Renault Premium Magnum Kerax Midlum D Serisi Bijon 103 mm Arka","0000190220-190513 Renault Premium Magnum Kerax Midlum D Serisi Bijon 103 mm Arka","0000190220-190513 Renault Premium Magnum Kerax Midlum D... | Frenciniz","0000190220-190513 Renault Premium Magnum Kerax Midlum D Serisi Bijon 103 mm Arka icin stok, fiyat ve uyumluluk teyidi. Uygunluk adaylari: Renault Trucks Premium...","0000190220-190513 Renault Premium Magnum Kerax Midlum D Serisi Bijon 103 mm Arka","Renault Trucks Premium Bijon | Renault Trucks Premium 0000190220-190513 | 0000190220-190513 Bijon | ESB 2310 10 Bijon | Renault Premium Magnum Kerax Midlum D Serisi Bijon 103 mm Arka","https://www.frenciniz.com/urun/357/0000190220-190513-renault-premium-magnum-kerax-midlum-d-serisi-bijon-103-mm-arka-ekersan","","927","199.31"
"358","Bijon","ESB 2240 10","Efe Dorse Dipten Frezeli Bijon (100 mm)","","","no","Ford Cargo Krone Dorse Kögel Dorse Bijon 100 mm ESB 2240 10","Efe Dorse Dipten Frezeli Bijon (100 mm) Ford Cargo Krone Dorse Kögel Dorse Bijon 100 mm ESB 2240 10","Efe Dorse Dipten Frezeli Bijon (100 mm) Ford Cargo Krone... | Frenciniz","Efe Dorse Dipten Frezeli Bijon (100 mm) Ford Cargo Krone Dorse Kögel Dorse Bijon 100 mm ESB 2240 10 icin stok, fiyat ve uyumluluk teyidi. Uygunluk adaylari:...","Efe Dorse Dipten Frezeli Bijon (100 mm) Ford Cargo Krone Dorse Kögel Dorse Bijon 100 mm ESB 2240 10","Dorse / treyler Bijon | Dorse / treyler Efe Dorse Dipten Frezeli Bijon (100 mm) | Efe Dorse Dipten Frezeli Bijon (100 mm) Bijon | ESB 2240 10 Bijon | Ford Cargo Krone Dorse Kögel Dorse Bijon 100 mm ESB 2240 10","https://www.frenciniz.com/urun/358/efe-dorse-dipten-frezeli-bijon-100-mm-ford-cargo-krone-dorse-kogel-dorse-bijon-100-mm-esb-2240","","160","255.66"
"359","Bijon","ESB 2117 10","M069131-M200048-M69131-M069123","","","no","Ford Cargo Krone Dorse Kögel Dorse Bijon DPS ESB 2117 10","M069131-M200048-M69131-M069123 Ford Cargo Krone Dorse Kögel Dorse Bijon DPS ESB 2117 10","M069131-M200048-M69131-M069123 Ford Cargo Krone Dorse... | Frenciniz","M069131-M200048-M69131-M069123 Ford Cargo Krone Dorse Kögel Dorse Bijon DPS ESB 2117 10 icin stok, fiyat ve uyumluluk teyidi. Uygunluk adaylari: Dorse / treyler...","M069131-M200048-M69131-M069123 Ford Cargo Krone Dorse Kögel Dorse Bijon DPS ESB 2117 10","Dorse / treyler Bijon | Dorse / treyler M069131-M200048-M69131-M069123 | M069131-M200048-M69131-M069123 Bijon | ESB 2117 10 Bijon | Ford Cargo Krone Dorse Kögel Dorse Bijon DPS ESB 2117 10","https://www.frenciniz.com/urun/359/m069131-m200048-m69131-m069123-ford-cargo-krone-dorse-kogel-dorse-bijon-dps-esb-2117-10-ekersan","","480","211.69"
"360","Bijon","ESB 2112 10","A-FA0230","","","no","Ford Cargo Krone Dorse Kögel Dorse Bijon 106 mm","A-FA0230 Ford Cargo Krone Dorse Kögel Dorse Bijon 106 mm","A-FA0230 Ford Cargo Krone Dorse Kögel Dorse Bijon 106 mm | Frenciniz","A-FA0230 Ford Cargo Krone Dorse Kögel Dorse Bijon 106 mm icin stok, fiyat ve uyumluluk teyidi. Uygunluk adaylari: Dorse / treyler, Ağır vasıta dorse dingili...","A-FA0230 Ford Cargo Krone Dorse Kögel Dorse Bijon 106 mm","Dorse / treyler Bijon | Dorse / treyler A-FA0230 | A-FA0230 Bijon | ESB 2112 10 Bijon | Ford Cargo Krone Dorse Kögel Dorse Bijon 106 mm","https://www.frenciniz.com/urun/360/a-fa0230-ford-cargo-krone-dorse-kogel-dorse-bijon-106-mm-ekersan","","570","211.68"
"361","Bijon","ESB 2111 10","AJA0491001-AJB11623A-M006891-15613-11623- 6891","","","no","Ford Cargo Krone Dorse Kögel Dorse Bijon DPS ESB 2111 10","AJA0491001-AJB11623A-M006891-15613-11623- 6891 Ford Cargo Krone Dorse Kögel Dorse Bijon DPS ESB 2111 10","AJA0491001-AJB11623A-M006891-15613-11623- 6891 Ford Cargo... | Frenciniz","AJA0491001-AJB11623A-M006891-15613-11623- 6891 Ford Cargo Krone Dorse Kögel Dorse Bijon DPS ESB 2111 10 icin stok, fiyat ve uyumluluk teyidi. Uygunluk adaylari:...","AJA0491001-AJB11623A-M006891-15613-11623- 6891 Ford Cargo Krone Dorse Kögel Dorse Bijon DPS ESB 2111 10","Dorse dingil grubu Bijon | Dorse dingil grubu AJA0491001-AJB11623A-M006891-15613-11623- 6891 | AJA0491001-AJB11623A-M006891-15613-11623- 6891 Bijon | ESB 2111 10 Bijon | Ford Cargo Krone Dorse Kögel Dorse Bijon DPS ESB 2111 10","https://www.frenciniz.com/urun/361/aja0491001-ajb11623a-m006891-15613-11623-6891-ford-cargo-krone-dorse-kogel-dorse-bijon-dps-esb","","400","211.68"
"362","Bijon","ESB 2110 10","20630-AJA491002-AJA0491002-M003133-17328- 3133-491002","","","no","Ford Cargo Krone Dorse Kögel Dorse Bijon DPS ESB 2110 10","20630 Ford Cargo Krone Dorse Kögel Dorse Bijon DPS ESB 2110 10","20630 Ford Cargo Krone Dorse Kögel Dorse Bijon DPS ESB 2110 10 | Frenciniz","20630 Ford Cargo Krone Dorse Kögel Dorse Bijon DPS ESB 2110 10 icin stok, fiyat ve uyumluluk teyidi. Uygunluk adaylari: Dorse dingil grubu, Treyler fren...","20630 Ford Cargo Krone Dorse Kögel Dorse Bijon DPS ESB 2110 10","Dorse dingil grubu Bijon | Dorse dingil grubu 20630 | 20630 Bijon | ESB 2110 10 Bijon | Ford Cargo Krone Dorse Kögel Dorse Bijon DPS ESB 2110 10","https://www.frenciniz.com/urun/362/20630-ford-cargo-krone-dorse-kogel-dorse-bijon-dps-esb-2110-10-ekersan","","450","211.68"
"363","Bijon","ESB 2033 10","","","","no","Ford Cargo Krone Dorse Kögel Dorse Bijon 100 mm ESB 2033 10","Ford Cargo Krone Dorse Kögel Dorse Bijon 100 mm ESB 2033 10","Ford Cargo Krone Dorse Kögel Dorse Bijon 100 mm ESB 2033 10 | Frenciniz","Ford Cargo Krone Dorse Kögel Dorse Bijon 100 mm ESB 2033 10 icin stok, fiyat ve uyumluluk teyidi. Uygunluk adaylari: Dorse / treyler, Ağır vasıta dorse dingili...","Ford Cargo Krone Dorse Kögel Dorse Bijon 100 mm ESB 2033 10","Dorse / treyler Bijon | Dorse / treyler ESB 2033 10 | ESB 2033 10 Bijon","https://www.frenciniz.com/urun/363/ford-cargo-krone-dorse-kogel-dorse-bijon-100-mm-esb-2033-10-ekersan","","1159","199.31"
"364","Bijon","ESB 2032 10","","","","no","Ford Cargo Krone Dorse Kögel Dorse Bijon DPS ESB 2032 10","Ford Cargo Krone Dorse Kögel Dorse Bijon DPS ESB 2032 10","Ford Cargo Krone Dorse Kögel Dorse Bijon DPS ESB 2032 10 | Frenciniz","Ford Cargo Krone Dorse Kögel Dorse Bijon DPS ESB 2032 10 icin stok, fiyat ve uyumluluk teyidi. Uygunluk adaylari: Tır / çekici, Krone dorse, Kögel dorse....","Ford Cargo Krone Dorse Kögel Dorse Bijon DPS ESB 2032 10","Kamyon Bijon | Kamyon ESB 2032 10 | ESB 2032 10 Bijon","https://www.frenciniz.com/urun/364/ford-cargo-krone-dorse-kogel-dorse-bijon-dps-esb-2032-10-ekersan","","30700","199.31"
"365","Bijon","ESB 2030 10","","","","no","Ford Cargo Krone Dorse Kögel Dorse Bijon DPS ESB 2030 10","Ford Cargo Krone Dorse Kögel Dorse Bijon DPS ESB 2030 10","Ford Cargo Krone Dorse Kögel Dorse Bijon DPS ESB 2030 10 | Frenciniz","Ford Cargo Krone Dorse Kögel Dorse Bijon DPS ESB 2030 10 icin stok, fiyat ve uyumluluk teyidi. Uygunluk adaylari: Tır / çekici, Krone dorse, Kögel dorse....","Ford Cargo Krone Dorse Kögel Dorse Bijon DPS ESB 2030 10","Kamyon Bijon | Kamyon ESB 2030 10 | ESB 2030 10 Bijon","https://www.frenciniz.com/urun/365/ford-cargo-krone-dorse-kogel-dorse-bijon-dps-esb-2030-10-ekersan","","4431","199.31"
"366","Bijon","ESB 2010 10","","","","no","Ford Cargo Krone Dorse Kögel Dorse Bijon ESB 2010 10","Ford Cargo Krone Dorse Kögel Dorse Bijon ESB 2010 10","Ford Cargo Krone Dorse Kögel Dorse Bijon ESB 2010 10 | Frenciniz","Ford Cargo Krone Dorse Kögel Dorse Bijon ESB 2010 10 icin stok, fiyat ve uyumluluk teyidi. Uygunluk adaylari: Dorse / treyler, Ağır vasıta dorse dingili, Yerel...","Ford Cargo Krone Dorse Kögel Dorse Bijon ESB 2010 10","Dorse / treyler Bijon | Dorse / treyler ESB 2010 10 | ESB 2010 10 Bijon","https://www.frenciniz.com/urun/366/ford-cargo-krone-dorse-kogel-dorse-bijon-esb-2010-10-ekersan","","3800","199.31"
"367","Bijon","ESB 1915 10","","","","no","Ford Cargo Krone Dorse Kögel Dorse Bijon DPS ESB 1915 10","Ford Cargo Krone Dorse Kögel Dorse Bijon DPS ESB 1915 10","Ford Cargo Krone Dorse Kögel Dorse Bijon DPS ESB 1915 10 | Frenciniz","Ford Cargo Krone Dorse Kögel Dorse Bijon DPS ESB 1915 10 icin stok, fiyat ve uyumluluk teyidi. Uygunluk adaylari: Tır / çekici, Krone dorse, Kögel dorse....","Ford Cargo Krone Dorse Kögel Dorse Bijon DPS ESB 1915 10","Kamyon Bijon | Kamyon ESB 1915 10 | ESB 1915 10 Bijon","https://www.frenciniz.com/urun/367/ford-cargo-krone-dorse-kogel-dorse-bijon-dps-esb-1915-10-ekersan","","1871","211.68"
"368","Bijon","ESB 1914 10","","","","no","Ford Cargo Krone Dorse Kögel Dorse Bijon 22x1","ESB 1914 10 Ford Cargo Krone Dorse Kögel Dorse Bijon 22x1","ESB 1914 10 Ford Cargo Krone Dorse Kögel Dorse Bijon 22x1 | Frenciniz","ESB 1914 10 Ford Cargo Krone Dorse Kögel Dorse Bijon 22x1 icin stok, fiyat ve uyumluluk teyidi. Uygunluk adaylari: Dorse / treyler, Ağır vasıta dorse dingili...","ESB 1914 10 Ford Cargo Krone Dorse Kögel Dorse Bijon 22x1","Dorse / treyler Bijon | Dorse / treyler ESB 1914 10 | ESB 1914 10 Bijon | Ford Cargo Krone Dorse Kögel Dorse Bijon 22x1","https://www.frenciniz.com/urun/368/esb-1914-10-ford-cargo-krone-dorse-kogel-dorse-bijon-22x1-ekersan","","2143","211.68"
"369","Bijon","ESB 1818 10","1303111811-3302115600","","","no","Ford Cargo SAF Dorse Krone Dorse Kögel Dorse Bijon DPS ESB 1818 10","1303111811-3302115600 Ford Cargo SAF Dorse Krone Dorse Kögel Dorse Bijon DPS ESB 1818 10","1303111811-3302115600 Ford Cargo SAF Dorse Krone Dorse... | Frenciniz","1303111811-3302115600 Ford Cargo SAF Dorse Krone Dorse Kögel Dorse Bijon DPS ESB 1818 10 icin stok, fiyat ve uyumluluk teyidi. Uygunluk adaylari: SAF dorse...","1303111811-3302115600 Ford Cargo SAF Dorse Krone Dorse Kögel Dorse Bijon DPS ESB 1818 10","SAF dorse dingili Bijon | SAF dorse dingili 1303111811-3302115600 | 1303111811-3302115600 Bijon | ESB 1818 10 Bijon | Ford Cargo SAF Dorse Krone Dorse Kögel Dorse Bijon DPS ESB 1818 10","https://www.frenciniz.com/urun/369/1303111811-3302115600-ford-cargo-saf-dorse-krone-dorse-kogel-dorse-bijon-dps-esb-1818-10-ekersan","","695","199.31"
"370","Bijon","ESB 1817 20","","","","no","Ford Cargo SAF Dorse Krone Dorse Kögel Dorse Bijon 65,50 mm","ESB 1817 20 Ford Cargo SAF Dorse Krone Dorse Kögel Dorse Bijon 65,50 mm","ESB 1817 20 Ford Cargo SAF Dorse Krone Dorse Kögel Dorse... | Frenciniz","ESB 1817 20 Ford Cargo SAF Dorse Krone Dorse Kögel Dorse Bijon 65,50 mm icin stok, fiyat ve uyumluluk teyidi. Uygunluk adaylari: SAF dorse dingili, SAF Holland...","ESB 1817 20 Ford Cargo SAF Dorse Krone Dorse Kögel Dorse Bijon 65,50 mm","SAF dorse dingili Bijon | SAF dorse dingili ESB 1817 20 | ESB 1817 20 Bijon | Ford Cargo SAF Dorse Krone Dorse Kögel Dorse Bijon 65,50 mm","https://www.frenciniz.com/urun/370/esb-1817-20-ford-cargo-saf-dorse-krone-dorse-kogel-dorse-bijon-65-50-mm-ekersan","","4539","199.31"
"371","Bijon","ESB 1816 10","1303112010-3302115700","","","no","Ford Cargo SAF Dorse Krone Dorse Kögel Dorse Bijon DPS ESB 1816 10","1303112010-3302115700 Ford Cargo SAF Dorse Krone Dorse Kögel Dorse Bijon DPS ESB 1816 10","1303112010-3302115700 Ford Cargo SAF Dorse Krone Dorse... | Frenciniz","1303112010-3302115700 Ford Cargo SAF Dorse Krone Dorse Kögel Dorse Bijon DPS ESB 1816 10 icin stok, fiyat ve uyumluluk teyidi. Uygunluk adaylari: SAF dorse...","1303112010-3302115700 Ford Cargo SAF Dorse Krone Dorse Kögel Dorse Bijon DPS ESB 1816 10","SAF dorse dingili Bijon | SAF dorse dingili 1303112010-3302115700 | 1303112010-3302115700 Bijon | ESB 1816 10 Bijon | Ford Cargo SAF Dorse Krone Dorse Kögel Dorse Bijon DPS ESB 1816 10","https://www.frenciniz.com/urun/371/1303112010-3302115700-ford-cargo-saf-dorse-krone-dorse-kogel-dorse-bijon-dps-esb-1816-10-ekersan","","4398","199.31"
"372","Bijon","ESB 1815 10","1303107511-1303107510-3302107600-A5446","","","no","Ford Cargo SAF Dorse Krone Dorse Kögel Dorse Bijon DPS ESB 1815 10","1303107511 Ford Cargo SAF Dorse Krone Dorse Kögel Dorse Bijon DPS ESB 1815 10","1303107511 Ford Cargo SAF Dorse Krone Dorse Kögel Dorse... | Frenciniz","1303107511 Ford Cargo SAF Dorse Krone Dorse Kögel Dorse Bijon DPS ESB 1815 10 icin stok, fiyat ve uyumluluk teyidi. Uygunluk adaylari: SAF dorse dingili, SAF...","1303107511 Ford Cargo SAF Dorse Krone Dorse Kögel Dorse Bijon DPS ESB 1815 10","SAF dorse dingili Bijon | SAF dorse dingili 1303107511 | 1303107511 Bijon | ESB 1815 10 Bijon | Ford Cargo SAF Dorse Krone Dorse Kögel Dorse Bijon DPS ESB 1815 10","https://www.frenciniz.com/urun/372/1303107511-ford-cargo-saf-dorse-krone-dorse-kogel-dorse-bijon-dps-esb-1815-10-ekersan","","3692","199.31"
"373","Bijon","ESB 1813 10","1303111810 - 13031117410","","","no","Ford Cargo Bijon 73 mm","1303111810 Ford Cargo Bijon 73 mm","1303111810 Ford Cargo Bijon 73 mm | Frenciniz","1303111810 Ford Cargo Bijon 73 mm icin stok, fiyat ve uyumluluk teyidi. Uygunluk adaylari: Iveco Eurocargo, Iveco Stralis, Iveco Trakker. OEM/SKU: 1303111810....","1303111810 Ford Cargo Bijon 73 mm","Iveco Eurocargo Bijon | Iveco Eurocargo 1303111810 | 1303111810 Bijon | ESB 1813 10 Bijon | Ford Cargo Bijon 73 mm","https://www.frenciniz.com/urun/373/1303111810-ford-cargo-bijon-73-mm-ekersan","","7553","199.31"
"374","Bijon","ESB 1811 10","1303107412-3302107800-1303107413-1303107411-1303107410","","","no","Ford Cargo SAF Dorse Krone Dorse Kögel Dorse Bijon 83 mm Y.M.","1303107412 Ford Cargo SAF Dorse Krone Dorse Kögel Dorse Bijon 83 mm Y.M.","1303107412 Ford Cargo SAF Dorse Krone Dorse Kögel Dorse... | Frenciniz","1303107412 Ford Cargo SAF Dorse Krone Dorse Kögel Dorse Bijon 83 mm Y.M. icin stok, fiyat ve uyumluluk teyidi. Uygunluk adaylari: SAF dorse dingili, SAF Holland...","1303107412 Ford Cargo SAF Dorse Krone Dorse Kögel Dorse Bijon 83 mm Y.M.","SAF dorse dingili Bijon | SAF dorse dingili 1303107412 | 1303107412 Bijon | ESB 1811 10 Bijon | Ford Cargo SAF Dorse Krone Dorse Kögel Dorse Bijon 83 mm Y.M.","https://www.frenciniz.com/urun/374/1303107412-ford-cargo-saf-dorse-krone-dorse-kogel-dorse-bijon-83-mm-y-m-ekersan","","2454","199.31"
"375","Bijon","ESB 1725 10","329633120- 329633121","","","no","Ford Cargo BPW Dorse Krone Dorse Kögel Dorse Bijon DPS ESB 1725 10","329633120- 329633121 Ford Cargo BPW Dorse Krone Dorse Kögel Dorse Bijon DPS ESB 1725 10","329633120- 329633121 Ford Cargo BPW Dorse Krone Dorse... | Frenciniz","329633120- 329633121 Ford Cargo BPW Dorse Krone Dorse Kögel Dorse Bijon DPS ESB 1725 10 icin stok, fiyat ve uyumluluk teyidi. Uygunluk adaylari: BPW dorse...","329633120- 329633121 Ford Cargo BPW Dorse Krone Dorse Kögel Dorse Bijon DPS ESB 1725 10","BPW dorse dingili Bijon | BPW dorse dingili 329633120- 329633121 | 329633120- 329633121 Bijon | ESB 1725 10 Bijon | Ford Cargo BPW Dorse Krone Dorse Kögel Dorse Bijon DPS ESB 1725 10","https://www.frenciniz.com/urun/375/329633120-329633121-ford-cargo-bpw-dorse-krone-dorse-kogel-dorse-bijon-dps-esb-1725-10-ekersan","","3790","199.31"
"376","Bijon","ESB 1723 10","0329633141","","","no","Ford Cargo BPW Dorse Krone Dorse Kögel Dorse Bijon DPS ESB 1723 10","0329633141 Ford Cargo BPW Dorse Krone Dorse Kögel Dorse Bijon DPS ESB 1723 10","0329633141 Ford Cargo BPW Dorse Krone Dorse Kögel Dorse... | Frenciniz","0329633141 Ford Cargo BPW Dorse Krone Dorse Kögel Dorse Bijon DPS ESB 1723 10 icin stok, fiyat ve uyumluluk teyidi. Uygunluk adaylari: BPW dorse dingili, BPW...","0329633141 Ford Cargo BPW Dorse Krone Dorse Kögel Dorse Bijon DPS ESB 1723 10","BPW dorse dingili Bijon | BPW dorse dingili 0329633141 | 0329633141 Bijon | ESB 1723 10 Bijon | Ford Cargo BPW Dorse Krone Dorse Kögel Dorse Bijon DPS ESB 1723 10","https://www.frenciniz.com/urun/376/0329633141-ford-cargo-bpw-dorse-krone-dorse-kogel-dorse-bijon-dps-esb-1723-10-ekersan","","1971","199.31"
"377","Bijon","ESB 1722 10","329633110","","","no","Ford Cargo BPW Dorse Krone Dorse Kögel Dorse Bijon DPS ESB 1722 10","329633110 Ford Cargo BPW Dorse Krone Dorse Kögel Dorse Bijon DPS ESB 1722 10","329633110 Ford Cargo BPW Dorse Krone Dorse Kögel Dorse... | Frenciniz","329633110 Ford Cargo BPW Dorse Krone Dorse Kögel Dorse Bijon DPS ESB 1722 10 icin stok, fiyat ve uyumluluk teyidi. Uygunluk adaylari: BPW dorse dingili, BPW...","329633110 Ford Cargo BPW Dorse Krone Dorse Kögel Dorse Bijon DPS ESB 1722 10","BPW dorse dingili Bijon | BPW dorse dingili 329633110 | 329633110 Bijon | ESB 1722 10 Bijon | Ford Cargo BPW Dorse Krone Dorse Kögel Dorse Bijon DPS ESB 1722 10","https://www.frenciniz.com/urun/377/329633110-ford-cargo-bpw-dorse-krone-dorse-kogel-dorse-bijon-dps-esb-1722-10-ekersan","","6593","199.31"
"378","Bijon","ESB 1719 10","329623150-980623270","","","no","Ford Cargo BPW Dorse Krone Dorse Kögel Dorse Bijon DPS ESB 1719 10","329623150-980623270 Ford Cargo BPW Dorse Krone Dorse Kögel Dorse Bijon DPS ESB 1719 10","329623150-980623270 Ford Cargo BPW Dorse Krone Dorse Kögel... | Frenciniz","329623150-980623270 Ford Cargo BPW Dorse Krone Dorse Kögel Dorse Bijon DPS ESB 1719 10 icin stok, fiyat ve uyumluluk teyidi. Uygunluk adaylari: BPW dorse...","329623150-980623270 Ford Cargo BPW Dorse Krone Dorse Kögel Dorse Bijon DPS ESB 1719 10","BPW dorse dingili Bijon | BPW dorse dingili 329623150-980623270 | 329623150-980623270 Bijon | ESB 1719 10 Bijon | Ford Cargo BPW Dorse Krone Dorse Kögel Dorse Bijon DPS ESB 1719 10","https://www.frenciniz.com/urun/378/329623150-980623270-ford-cargo-bpw-dorse-krone-dorse-kogel-dorse-bijon-dps-esb-1719-10-ekersan","","1710","218.55"
"379","Bijon","ESB 1714 10","329623170-980623220-8241000989","","","no","Ford Cargo BPW Dorse Krone Dorse Kögel Dorse Bijon DPS ESB 1714 10","329623170 Ford Cargo BPW Dorse Krone Dorse Kögel Dorse Bijon DPS ESB 1714 10","329623170 Ford Cargo BPW Dorse Krone Dorse Kögel Dorse... | Frenciniz","329623170 Ford Cargo BPW Dorse Krone Dorse Kögel Dorse Bijon DPS ESB 1714 10 icin stok, fiyat ve uyumluluk teyidi. Uygunluk adaylari: BPW dorse dingili, BPW...","329623170 Ford Cargo BPW Dorse Krone Dorse Kögel Dorse Bijon DPS ESB 1714 10","BPW dorse dingili Bijon | BPW dorse dingili 329623170 | 329623170 Bijon | ESB 1714 10 Bijon | Ford Cargo BPW Dorse Krone Dorse Kögel Dorse Bijon DPS ESB 1714 10","https://www.frenciniz.com/urun/379/329623170-ford-cargo-bpw-dorse-krone-dorse-kogel-dorse-bijon-dps-esb-1714-10-ekersan","","2318","218.55"
"380","Bijon","ESB 1711 10","329613170","","","no","Ford Cargo BPW Dorse Krone Dorse Kögel Dorse Bijon","329613170 Ford Cargo BPW Dorse Krone Dorse Kögel Dorse Bijon","329613170 Ford Cargo BPW Dorse Krone Dorse Kögel Dorse Bijon | Frenciniz","329613170 Ford Cargo BPW Dorse Krone Dorse Kögel Dorse Bijon icin stok, fiyat ve uyumluluk teyidi. Uygunluk adaylari: BPW dorse dingili, BPW ECOPlus dingil, BPW...","329613170 Ford Cargo BPW Dorse Krone Dorse Kögel Dorse Bijon","BPW dorse dingili Bijon | BPW dorse dingili 329613170 | 329613170 Bijon | ESB 1711 10 Bijon | Ford Cargo BPW Dorse Krone Dorse Kögel Dorse Bijon","https://www.frenciniz.com/urun/380/329613170-ford-cargo-bpw-dorse-krone-dorse-kogel-dorse-bijon-ekersan","","1079","218.55"
"381","Bijon","ESB 160 20-1","3384015071","","","no","Mercedes Axor Actros Bijon DPS ESB 160 20-1","3384015071 Mercedes Axor Actros Bijon DPS ESB 160 20-1","3384015071 Mercedes Axor Actros Bijon DPS ESB 160 20-1 | Frenciniz","3384015071 Mercedes Axor Actros Bijon DPS ESB 160 20-1 icin stok, fiyat ve uyumluluk teyidi. Uygunluk adaylari: Mercedes-Benz Actros, Mercedes-Benz Axor, Actros...","3384015071 Mercedes Axor Actros Bijon DPS ESB 160 20-1","Mercedes-Benz Actros Bijon | Mercedes-Benz Actros 3384015071 | 3384015071 Bijon | ESB 160 20-1 Bijon | Mercedes Axor Actros Bijon DPS ESB 160 20-1","https://www.frenciniz.com/urun/381/3384015071-mercedes-axor-actros-bijon-dps-esb-160-20-1-ekersan","","240","178.06"
"382","Bijon","ESB 1511 10","272740-288799-250708600-659112611","","","no","Volvo FH12 FM FL Bijon 100 mm Arka","272740 Volvo FH12 FM FL Bijon 100 mm Arka","272740 Volvo FH12 FM FL Bijon 100 mm Arka | Frenciniz","272740 Volvo FH12 FM FL Bijon 100 mm Arka icin stok, fiyat ve uyumluluk teyidi. Uygunluk adaylari: Volvo FH, Volvo FH12, Volvo FM. OEM/SKU: 272740. Stokta urun...","272740 Volvo FH12 FM FL Bijon 100 mm Arka","Volvo FH Bijon | Volvo FH 272740 | 272740 Bijon | ESB 1511 10 Bijon | Volvo FH12 FM FL Bijon 100 mm Arka","https://www.frenciniz.com/urun/382/272740-volvo-fh12-fm-fl-bijon-100-mm-arka-ekersan","","60","178.69"
"383","Bijon","ESB 1426 20","7420515515-20515515","","","no","Volvo FH12 FM FL Scania P G R Bijon DPS ESB 1426 20","7420515515-20515515 Volvo FH12 FM FL Scania P G R Bijon DPS ESB 1426 20","7420515515-20515515 Volvo FH12 FM FL Scania P G R Bijon... | Frenciniz","7420515515-20515515 Volvo FH12 FM FL Scania P G R Bijon DPS ESB 1426 20 icin stok, fiyat ve uyumluluk teyidi. Uygunluk adaylari: Scania P/G/R serisi, Volvo...","7420515515-20515515 Volvo FH12 FM FL Scania P G R Bijon DPS ESB 1426 20","Scania P/G/R serisi Bijon | Scania P/G/R serisi 7420515515-20515515 | 7420515515-20515515 Bijon | ESB 1426 20 Bijon | Volvo FH12 FM FL Scania P G R Bijon DPS ESB 1426 20","https://www.frenciniz.com/urun/383/7420515515-20515515-volvo-fh12-fm-fl-scania-p-g-r-bijon-dps-esb-1426-20-ekersan","","2765","199.31"
"384","Bijon","ESB 1426 10","20515519-7420515519","","","no","Volvo FH12 FM FL Scania P G R Bijon DPS ESB 1426 10","20515519-7420515519 Volvo FH12 FM FL Scania P G R Bijon DPS ESB 1426 10","20515519-7420515519 Volvo FH12 FM FL Scania P G R Bijon... | Frenciniz","20515519-7420515519 Volvo FH12 FM FL Scania P G R Bijon DPS ESB 1426 10 icin stok, fiyat ve uyumluluk teyidi. Uygunluk adaylari: Scania P/G/R serisi, Volvo...","20515519-7420515519 Volvo FH12 FM FL Scania P G R Bijon DPS ESB 1426 10","Scania P/G/R serisi Bijon | Scania P/G/R serisi 20515519-7420515519 | 20515519-7420515519 Bijon | ESB 1426 10 Bijon | Volvo FH12 FM FL Scania P G R Bijon DPS ESB 1426 10","https://www.frenciniz.com/urun/384/20515519-7420515519-volvo-fh12-fm-fl-scania-p-g-r-bijon-dps-esb-1426-10-ekersan","","6086","210.3"
"385","Bijon","ESB 1414 10","20524942-7421147687","","","no","Volvo FH12 FM FL Bijon DPS ESB 1414 10","20524942-7421147687 Volvo FH12 FM FL Bijon DPS ESB 1414 10","20524942-7421147687 Volvo FH12 FM FL Bijon DPS ESB 1414 10 | Frenciniz","20524942-7421147687 Volvo FH12 FM FL Bijon DPS ESB 1414 10 icin stok, fiyat ve uyumluluk teyidi. Uygunluk adaylari: Volvo FH, Volvo FM, Volvo FL. OEM/SKU:...","20524942-7421147687 Volvo FH12 FM FL Bijon DPS ESB 1414 10","Volvo FH Bijon | Volvo FH 20524942-7421147687 | 20524942-7421147687 Bijon | ESB 1414 10 Bijon | Volvo FH12 FM FL Bijon DPS ESB 1414 10","https://www.frenciniz.com/urun/385/20524942-7421147687-volvo-fh12-fm-fl-bijon-dps-esb-1414-10-ekersan","","2944","199.31"
"386","Bijon","ESB 1413 10","1573083-1589010-1589009","","","no","Volvo FH12 FM FL Bijon 110 mm Arka","1573083 Volvo FH12 FM FL Bijon 110 mm Arka","1573083 Volvo FH12 FM FL Bijon 110 mm Arka | Frenciniz","1573083 Volvo FH12 FM FL Bijon 110 mm Arka icin stok, fiyat ve uyumluluk teyidi. Uygunluk adaylari: Volvo FH, Volvo FH12, Volvo FM. OEM/SKU: 1573083. Stokta...","1573083 Volvo FH12 FM FL Bijon 110 mm Arka","Volvo FH Bijon | Volvo FH 1573083 | 1573083 Bijon | ESB 1413 10 Bijon | Volvo FH12 FM FL Bijon 110 mm Arka","https://www.frenciniz.com/urun/386/1573083-volvo-fh12-fm-fl-bijon-110-mm-arka-ekersan","","80","199.31"
"387","Bijon","ESB 1412 10","3963997","","","no","Volvo FH12 FM FL Bijon DPS ESB 1412 10","3963997 Volvo FH12 FM FL Bijon DPS ESB 1412 10","3963997 Volvo FH12 FM FL Bijon DPS ESB 1412 10 | Frenciniz","3963997 Volvo FH12 FM FL Bijon DPS ESB 1412 10 icin stok, fiyat ve uyumluluk teyidi. Uygunluk adaylari: Volvo FH, Volvo FM, Volvo FL. OEM/SKU: 3963997. Stokta...","3963997 Volvo FH12 FM FL Bijon DPS ESB 1412 10","Volvo FH Bijon | Volvo FH 3963997 | 3963997 Bijon | ESB 1412 10 Bijon | Volvo FH12 FM FL Bijon DPS ESB 1412 10","https://www.frenciniz.com/urun/387/3963997-volvo-fh12-fm-fl-bijon-dps-esb-1412-10-ekersan","","830","210.3"
"388","Bijon","ESB 1411 10","20428545-15890088","","","no","Volvo FH12 FM FL Bijon 117 mm 27 mm Uzun","20428545-15890088 Volvo FH12 FM FL Bijon 117 mm 27 mm Uzun","20428545-15890088 Volvo FH12 FM FL Bijon 117 mm 27 mm Uzun | Frenciniz","20428545-15890088 Volvo FH12 FM FL Bijon 117 mm 27 mm Uzun icin stok, fiyat ve uyumluluk teyidi. Uygunluk adaylari: Volvo FH, Volvo FH12, Volvo FM. OEM/SKU:...","20428545-15890088 Volvo FH12 FM FL Bijon 117 mm 27 mm Uzun","Volvo FH Bijon | Volvo FH 20428545-15890088 | 20428545-15890088 Bijon | ESB 1411 10 Bijon | Volvo FH12 FM FL Bijon 117 mm 27 mm Uzun","https://www.frenciniz.com/urun/388/20428545-15890088-volvo-fh12-fm-fl-bijon-117-mm-27-mm-uzun-ekersan","","1512","218.55"
"389","Bijon","ESB 1410 20","1573081","","","no","Volvo FH12 FM FL Bijon DPS ESB 1410 20","1573081 Volvo FH12 FM FL Bijon DPS ESB 1410 20","1573081 Volvo FH12 FM FL Bijon DPS ESB 1410 20 | Frenciniz","1573081 Volvo FH12 FM FL Bijon DPS ESB 1410 20 icin stok, fiyat ve uyumluluk teyidi. Uygunluk adaylari: Volvo FH, Volvo FM, Volvo FL. OEM/SKU: 1573081. Stokta...","1573081 Volvo FH12 FM FL Bijon DPS ESB 1410 20","Volvo FH Bijon | Volvo FH 1573081 | 1573081 Bijon | ESB 1410 20 Bijon | Volvo FH12 FM FL Bijon DPS ESB 1410 20","https://www.frenciniz.com/urun/389/1573081-volvo-fh12-fm-fl-bijon-dps-esb-1410-20-ekersan","","2097","199.31"
"390","Bijon","ESB 1410 10","1573082","","","no","Volvo FH12 FM FL Bijon DPS ESB 1410 10","1573082 Volvo FH12 FM FL Bijon DPS ESB 1410 10","1573082 Volvo FH12 FM FL Bijon DPS ESB 1410 10 | Frenciniz","1573082 Volvo FH12 FM FL Bijon DPS ESB 1410 10 icin stok, fiyat ve uyumluluk teyidi. Uygunluk adaylari: Volvo FH, Volvo FM, Volvo FL. OEM/SKU: 1573082. Stokta...","1573082 Volvo FH12 FM FL Bijon DPS ESB 1410 10","Volvo FH Bijon | Volvo FH 1573082 | 1573082 Bijon | ESB 1410 10 Bijon | Volvo FH12 FM FL Bijon DPS ESB 1410 10","https://www.frenciniz.com/urun/390/1573082-volvo-fh12-fm-fl-bijon-dps-esb-1410-10-ekersan","","1594","199.31"
"391","Bijon","ESB 1313 10","21022167","21022167-ror-meritor-bijon","14","yes","21022167 ROR Meritor Dorse Bijon ESB 1313 10","21022167 ROR Meritor Dorse Bijon ESB 1313 10","21022167 ROR Meritor Dorse Bijon ESB 1313 10 | Frenciniz","21022167 ROR Meritor Dorse Bijon ESB 1313 10 icin stok, fiyat ve uyumluluk teyidi. Uygunluk adaylari: ROR dorse dingili, Meritor/ROR treyler, Dorse / treyler....","21022167 bijon","ror meritor bijon | dorse bijon 21022167 | 21022167 ROR Meritor Dorse Bijon ESB 1313 10 | ROR dorse dingili Bijon | ROR dorse dingili 21022167 | ESB 1313 10 Bijon","https://www.frenciniz.com/urun/391/21022167-ror-meritor-dorse-bijon-esb-1313-10-ekersan","","280","218.55"
"392","Bijon","ESB 1312 10","21020977-21020997","","","no","Ford Cargo Krone Dorse Kögel Dorse Bijon DPS ESB 1312 10","21020977-21020997 Ford Cargo Krone Dorse Kögel Dorse Bijon DPS ESB 1312 10","21020977-21020997 Ford Cargo Krone Dorse Kögel Dorse Bijon... | Frenciniz","21020977-21020997 Ford Cargo Krone Dorse Kögel Dorse Bijon DPS ESB 1312 10 icin stok, fiyat ve uyumluluk teyidi. Uygunluk adaylari: ROR dorse dingili...","21020977-21020997 Ford Cargo Krone Dorse Kögel Dorse Bijon DPS ESB 1312 10","ROR dorse dingili Bijon | ROR dorse dingili 21020977-21020997 | 21020977-21020997 Bijon | ESB 1312 10 Bijon | Ford Cargo Krone Dorse Kögel Dorse Bijon DPS ESB 1312 10","https://www.frenciniz.com/urun/392/21020977-21020997-ford-cargo-krone-dorse-kogel-dorse-bijon-dps-esb-1312-10-ekersan","","150","218.55"
"393","Bijon","ESB 111 20-1","3814010171-3174010371-3274010471-3054010071","","","no","Mercedes Axor Actros Bijon DPS ESB 111 20-1","3814010171 Mercedes Axor Actros Bijon DPS ESB 111 20-1","3814010171 Mercedes Axor Actros Bijon DPS ESB 111 20-1 | Frenciniz","3814010171 Mercedes Axor Actros Bijon DPS ESB 111 20-1 icin stok, fiyat ve uyumluluk teyidi. Uygunluk adaylari: Mercedes-Benz Actros, Mercedes-Benz Axor, Actros...","3814010171 Mercedes Axor Actros Bijon DPS ESB 111 20-1","Mercedes-Benz Actros Bijon | Mercedes-Benz Actros 3814010171 | 3814010171 Bijon | ESB 111 20-1 Bijon | Mercedes Axor Actros Bijon DPS ESB 111 20-1","https://www.frenciniz.com/urun/393/3814010171-mercedes-axor-actros-bijon-dps-esb-111-20-1-ekersan","","140","180.79"
"394","Bijon","ESB 1014 10","620646 - 1309191 - 99730","","","no","DAF Cf Xf Bijon DPS ESB 1014 10","620646 DAF Cf Xf Bijon DPS ESB 1014 10","620646 DAF Cf Xf Bijon DPS ESB 1014 10 | Frenciniz","620646 DAF Cf Xf Bijon DPS ESB 1014 10 icin stok, fiyat ve uyumluluk teyidi. Uygunluk adaylari: DAF CF/XF, DAF ağır vasıta bijon grubu, DAF CF85. OEM/SKU:...","620646 DAF Cf Xf Bijon DPS ESB 1014 10","DAF CF/XF Bijon | DAF CF/XF 620646 | 620646 Bijon | ESB 1014 10 Bijon | DAF Cf Xf Bijon DPS ESB 1014 10","https://www.frenciniz.com/urun/394/620646-daf-cf-xf-bijon-dps-esb-1014-10-ekersan","","1335","199.31"
"395","Bijon","ESB 1013 10","99720-1337020","","","no","DAF Cf Xf Bijon DPS ESB 1013 10","99720-1337020 DAF Cf Xf Bijon DPS ESB 1013 10","99720-1337020 DAF Cf Xf Bijon DPS ESB 1013 10 | Frenciniz","99720-1337020 DAF Cf Xf Bijon DPS ESB 1013 10 icin stok, fiyat ve uyumluluk teyidi. Uygunluk adaylari: DAF CF/XF, DAF ağır vasıta bijon grubu, DAF CF85. OEM/SKU:...","99720-1337020 DAF Cf Xf Bijon DPS ESB 1013 10","DAF CF/XF Bijon | DAF CF/XF 99720-1337020 | 99720-1337020 Bijon | ESB 1013 10 Bijon | DAF Cf Xf Bijon DPS ESB 1013 10","https://www.frenciniz.com/urun/395/99720-1337020-daf-cf-xf-bijon-dps-esb-1013-10-ekersan","","1556","199.31"
"396","Bijon","ESB 1012 10","99731-1309190-1356736-890763","","","no","DAF Cf Xf Bijon DPS ESB 1012 10","99731 DAF Cf Xf Bijon DPS ESB 1012 10","99731 DAF Cf Xf Bijon DPS ESB 1012 10 | Frenciniz","99731 DAF Cf Xf Bijon DPS ESB 1012 10 icin stok, fiyat ve uyumluluk teyidi. Uygunluk adaylari: DAF CF/XF, DAF ağır vasıta bijon grubu, DAF CF85. OEM/SKU: 99731....","99731 DAF Cf Xf Bijon DPS ESB 1012 10","DAF CF/XF Bijon | DAF CF/XF 99731 | 99731 Bijon | ESB 1012 10 Bijon | DAF Cf Xf Bijon DPS ESB 1012 10","https://www.frenciniz.com/urun/396/99731-daf-cf-xf-bijon-dps-esb-1012-10-ekersan","","1085","199.31"
"397","Bijon","ESB 1010 20","99730-1309191-620646","","","no","DAF Cf Xf Bijon DPS ESB 1010 20","99730 DAF Cf Xf Bijon DPS ESB 1010 20","99730 DAF Cf Xf Bijon DPS ESB 1010 20 | Frenciniz","99730 DAF Cf Xf Bijon DPS ESB 1010 20 icin stok, fiyat ve uyumluluk teyidi. Uygunluk adaylari: DAF CF/XF, DAF ağır vasıta bijon grubu, DAF CF85. OEM/SKU: 99730....","99730 DAF Cf Xf Bijon DPS ESB 1010 20","DAF CF/XF Bijon | DAF CF/XF 99730 | 99730 Bijon | ESB 1010 20 Bijon | DAF Cf Xf Bijon DPS ESB 1010 20","https://www.frenciniz.com/urun/397/99730-daf-cf-xf-bijon-dps-esb-1010-20-ekersan","","1077","199.31"
"398","Bijon","ESB 1010 10","99717-1373007-1308038-620649","","","no","DAF Cf Xf Bijon DPS ESB 1010 10","99717 DAF Cf Xf Bijon DPS ESB 1010 10","99717 DAF Cf Xf Bijon DPS ESB 1010 10 | Frenciniz","99717 DAF Cf Xf Bijon DPS ESB 1010 10 icin stok, fiyat ve uyumluluk teyidi. Uygunluk adaylari: DAF CF/XF, DAF ağır vasıta bijon grubu, DAF CF85. OEM/SKU: 99717....","99717 DAF Cf Xf Bijon DPS ESB 1010 10","DAF CF/XF Bijon | DAF CF/XF 99717 | 99717 Bijon | ESB 1010 10 Bijon | DAF Cf Xf Bijon DPS ESB 1010 10","https://www.frenciniz.com/urun/398/99717-daf-cf-xf-bijon-dps-esb-1010-10-ekersan","","1462","210.3"
"399","Otomatik Fren Cırcırı","ESC 80328","81506106255-81506106259-80087","","","no","MAN Otomatik Fren Cırcırı ESC 80328","81506106255 MAN Otomatik Fren Cırcırı ESC 80328","81506106255 MAN Otomatik Fren Cırcırı ESC 80328 | Frenciniz","81506106255 MAN Otomatik Fren Cırcırı ESC 80328 icin stok, fiyat ve uyumluluk teyidi. Uygunluk adaylari: Ağır vasıta. OEM/SKU: 81506106255. Stokta urun, hizli...","81506106255 MAN Otomatik Fren Cırcırı ESC 80328","kamyon Otomatik Fren Cırcırı | kamyon 81506106255 | 81506106255 Otomatik Fren Cırcırı | ESC 80328 Otomatik Fren Cırcırı | MAN Otomatik Fren Cırcırı ESC 80328","https://www.frenciniz.com/urun/399/81506106255-man-otomatik-fren-circiri-esc-80328-ekersan","","3","1452"
"400","Otomatik Fren Cırcırı","ESC 79460","5010260117-79077","","","no","Renault Premium Magnum Kerax Midlum D Serisi Otomatik Fren Cırcırı ESC 79460","5010260117-79077 Renault Premium Magnum Kerax Midlum D Serisi Otomatik Fren Cırcırı ESC 79460","5010260117-79077 Renault Premium Magnum Kerax Midlum D... | Frenciniz","5010260117-79077 Renault Premium Magnum Kerax Midlum D Serisi Otomatik Fren Cırcırı ESC 79460 icin stok, fiyat ve uyumluluk teyidi. Uygunluk adaylari: Renault...","5010260117-79077 Renault Premium Magnum Kerax Midlum D Serisi Otomatik Fren Cırcırı ESC 79460","Renault Trucks Midlum Otomatik Fren Cırcırı | Renault Trucks Midlum 5010260117-79077 | 5010260117-79077 Otomatik Fren Cırcırı | ESC 79460 Otomatik Fren Cırcırı | Renault Premium Magnum Kerax Midlum D Serisi Otomatik Fren Cırcırı ESC 79460","https://www.frenciniz.com/urun/400/5010260117-79077-renault-premium-magnum-kerax-midlum-d-serisi-otomatik-fren-circiri-esc-79460","","14","1452"
"401","Fren Cırcırı","ESC 79374","81506106077-81506106129-81506106187-81506106221-815061033187-4731733-70731-60501-70965-72986-72509-2625- 42625","","","no","MAN TGA TGS TGX TGM Fren Cırcırı Sol","81506106077 MAN TGA TGS TGX TGM Fren Cırcırı Sol","81506106077 MAN TGA TGS TGX TGM Fren Cırcırı Sol | Frenciniz","81506106077 MAN TGA TGS TGX TGM Fren Cırcırı Sol icin stok, fiyat ve uyumluluk teyidi. Uygunluk adaylari: MAN ağır vasıta, MAN TGA 18.430, MAN TGA 18.460....","81506106077 MAN TGA TGS TGX TGM Fren Cırcırı Sol","MAN ağır vasıta Fren Cırcırı | MAN ağır vasıta 81506106077 | 81506106077 Fren Cırcırı | ESC 79374 Fren Cırcırı | MAN TGA TGS TGX TGM Fren Cırcırı Sol","https://www.frenciniz.com/urun/401/81506106077-man-tga-tgs-tgx-tgm-fren-circiri-sol-ekersan","","42","1452"
"402","Fren Cırcırı","ESC 79373","42620-2620-6001-72508-72985-70964-70730-60001-4731725-1004000-815061032188-81506106220-81506106188-81506106128-81506106078","","","no","MAN TGA TGS TGX TGM Fren Cırcırı Sağ","42620 MAN TGA TGS TGX TGM Fren Cırcırı Sağ","42620 MAN TGA TGS TGX TGM Fren Cırcırı Sağ | Frenciniz","42620 MAN TGA TGS TGX TGM Fren Cırcırı Sağ icin stok, fiyat ve uyumluluk teyidi. Uygunluk adaylari: MAN ağır vasıta, MAN TGA 18.430, MAN TGA 18.460. OEM/SKU:...","42620 MAN TGA TGS TGX TGM Fren Cırcırı Sağ","MAN ağır vasıta Fren Cırcırı | MAN ağır vasıta 42620 | 42620 Fren Cırcırı | ESC 79373 Fren Cırcırı | MAN TGA TGS TGX TGM Fren Cırcırı Sağ","https://www.frenciniz.com/urun/402/42620-man-tga-tgs-tgx-tgm-fren-circiri-sag-ekersan","","51","1452"
"403","Otomatik Fren Cırcırı","ESC 79361","81506106084-81506106154-81506106212-81506107154-79211-72971-72321-70723-2090-42090-14722-4731642","","","no","MAN TGA TGS TGX TGM Otomatik Fren Cırcırı Sağ Ön","81506106084 MAN TGA TGS TGX TGM Otomatik Fren Cırcırı Sağ Ön","81506106084 MAN TGA TGS TGX TGM Otomatik Fren Cırcırı Sağ Ön | Frenciniz","81506106084 MAN TGA TGS TGX TGM Otomatik Fren Cırcırı Sağ Ön icin stok, fiyat ve uyumluluk teyidi. Uygunluk adaylari: MAN ağır vasıta, MAN TGA 18.430, MAN TGA...","81506106084 MAN TGA TGS TGX TGM Otomatik Fren Cırcırı Sağ Ön","MAN ağır vasıta Otomatik Fren Cırcırı | MAN ağır vasıta 81506106084 | 81506106084 Otomatik Fren Cırcırı | ESC 79361 Otomatik Fren Cırcırı | MAN TGA TGS TGX TGM Otomatik Fren Cırcırı Sağ Ön","https://www.frenciniz.com/urun/403/81506106084-man-tga-tgs-tgx-tgm-otomatik-fren-circiri-sag-on-ekersan","","74","1452"
"404","Otomatik Fren Cırcırı","ESC 79335","43365-3714200038","","","no","Otomatik Fren Cırcırı Otomatik Fren Cırcırı ESC 79335","43365-3714200038 Otomatik Fren Cırcırı Otomatik Fren Cırcırı ESC 79335","43365-3714200038 Otomatik Fren Cırcırı Otomatik Fren... | Frenciniz","43365-3714200038 Otomatik Fren Cırcırı Otomatik Fren Cırcırı ESC 79335 icin stok, fiyat ve uyumluluk teyidi. Uygunluk adaylari: Ağır vasıta. OEM/SKU:...","43365-3714200038 Otomatik Fren Cırcırı Otomatik Fren Cırcırı ESC 79335","kamyon Otomatik Fren Cırcırı | kamyon 43365-3714200038 | 43365-3714200038 Otomatik Fren Cırcırı | ESC 79335 Otomatik Fren Cırcırı | Otomatik Fren Cırcırı Otomatik Fren Cırcırı ESC 79335","https://www.frenciniz.com/urun/404/43365-3714200038-otomatik-fren-circiri-otomatik-fren-circiri-esc-79335-ekersan","","62","1452"
"405","Fren Cırcırı","ESC 78198","","","","no","Scania P G R Fren Cırcırı Sağ","ESC 78198 Scania P G R Fren Cırcırı Sağ","ESC 78198 Scania P G R Fren Cırcırı Sağ | Frenciniz","ESC 78198 Scania P G R Fren Cırcırı Sağ icin stok, fiyat ve uyumluluk teyidi. Uygunluk adaylari: Scania P/G/R serisi, Scania P serisi, Scania G420. OEM/SKU: ESC...","ESC 78198 Scania P G R Fren Cırcırı Sağ","Scania P/G/R serisi Fren Cırcırı | Scania P/G/R serisi ESC 78198 | ESC 78198 Fren Cırcırı | Scania P G R Fren Cırcırı Sağ","https://www.frenciniz.com/urun/405/esc-78198-scania-p-g-r-fren-circiri-sag-ekersan","","25","1452"
"406","Fren Cırcırı","ESC 78197","","","","no","Scania P G R Fren Cırcırı Sol","ESC 78197 Scania P G R Fren Cırcırı Sol","ESC 78197 Scania P G R Fren Cırcırı Sol | Frenciniz","ESC 78197 Scania P G R Fren Cırcırı Sol icin stok, fiyat ve uyumluluk teyidi. Uygunluk adaylari: Scania P/G/R serisi, Scania P serisi, Scania G420. OEM/SKU: ESC...","ESC 78197 Scania P G R Fren Cırcırı Sol","Scania P/G/R serisi Fren Cırcırı | Scania P/G/R serisi ESC 78197 | ESC 78197 Fren Cırcırı | Scania P G R Fren Cırcırı Sol","https://www.frenciniz.com/urun/406/esc-78197-scania-p-g-r-fren-circiri-sol-ekersan","","25","1452"
"407","Fren Cırcırı","ESC 72878","72728","","","no","Scania P G R Fren Cırcırı ESC 72878","72728 Scania P G R Fren Cırcırı ESC 72878","72728 Scania P G R Fren Cırcırı ESC 72878 | Frenciniz","72728 Scania P G R Fren Cırcırı ESC 72878 icin stok, fiyat ve uyumluluk teyidi. Uygunluk adaylari: Scania P/G/R serisi, Scania P serisi, Scania G420. OEM/SKU:...","72728 Scania P G R Fren Cırcırı ESC 72878","Scania P/G/R serisi Fren Cırcırı | Scania P/G/R serisi 72728 | 72728 Fren Cırcırı | ESC 72878 Fren Cırcırı | Scania P G R Fren Cırcırı ESC 72878","https://www.frenciniz.com/urun/407/72728-scania-p-g-r-fren-circiri-esc-72878-ekersan","","44","1452"
"408","Fren Cırcırı","ESC 72877","72727","","","no","Scania P G R Fren Cırcırı ESC 72877","72727 Scania P G R Fren Cırcırı ESC 72877","72727 Scania P G R Fren Cırcırı ESC 72877 | Frenciniz","72727 Scania P G R Fren Cırcırı ESC 72877 icin stok, fiyat ve uyumluluk teyidi. Uygunluk adaylari: Scania P/G/R serisi, Scania P serisi, Scania G420. OEM/SKU:...","72727 Scania P G R Fren Cırcırı ESC 72877","Scania P/G/R serisi Fren Cırcırı | Scania P/G/R serisi 72727 | 72727 Fren Cırcırı | ESC 72877 Fren Cırcırı | Scania P G R Fren Cırcırı ESC 72877","https://www.frenciniz.com/urun/408/72727-scania-p-g-r-fren-circiri-esc-72877-ekersan","","50","1452"
"409","Fren Cırcırı","ESC 72855","755617","","","no","DAF Cf Xf Fren Cırcırı ESC 72855","755617 DAF Cf Xf Fren Cırcırı ESC 72855","755617 DAF Cf Xf Fren Cırcırı ESC 72855 | Frenciniz","755617 DAF Cf Xf Fren Cırcırı ESC 72855 icin stok, fiyat ve uyumluluk teyidi. Uygunluk adaylari: DAF XF, DAF CF, DAF CF85. OEM/SKU: 755617. Stokta urun, hizli...","755617 DAF Cf Xf Fren Cırcırı ESC 72855","DAF XF Fren Cırcırı | DAF XF 755617 | 755617 Fren Cırcırı | ESC 72855 Fren Cırcırı | DAF Cf Xf Fren Cırcırı ESC 72855","https://www.frenciniz.com/urun/409/755617-daf-cf-xf-fren-circiri-esc-72855-ekersan","","16","1452"
"410","Fren Cırcırı","ESC 72854","755616","","","no","DAF Cf Xf Fren Cırcırı ESC 72854","755616 DAF Cf Xf Fren Cırcırı ESC 72854","755616 DAF Cf Xf Fren Cırcırı ESC 72854 | Frenciniz","755616 DAF Cf Xf Fren Cırcırı ESC 72854 icin stok, fiyat ve uyumluluk teyidi. Uygunluk adaylari: DAF XF, DAF CF, DAF CF85. OEM/SKU: 755616. Stokta urun, hizli...","755616 DAF Cf Xf Fren Cırcırı ESC 72854","DAF XF Fren Cırcırı | DAF XF 755616 | 755616 Fren Cırcırı | ESC 72854 Fren Cırcırı | DAF Cf Xf Fren Cırcırı ESC 72854","https://www.frenciniz.com/urun/410/755616-daf-cf-xf-fren-circiri-esc-72854-ekersan","","16","1452"
"411","Fren Cırcırı","ESC 72735","807632","","","no","BMC Fren Cırcırı Arka","807632 BMC Fren Cırcırı Arka","807632 BMC Fren Cırcırı Arka | Frenciniz","807632 BMC Fren Cırcırı Arka icin stok, fiyat ve uyumluluk teyidi. Uygunluk adaylari: BMC Probus, BMC Profesyonel, BMC Fatih. OEM/SKU: 807632. Stokta urun, hizli...","807632 BMC Fren Cırcırı Arka","BMC Probus Fren Cırcırı | BMC Probus 807632 | 807632 Fren Cırcırı | ESC 72735 Fren Cırcırı | BMC Fren Cırcırı Arka","https://www.frenciniz.com/urun/411/807632-bmc-fren-circiri-arka-ekersan","","30","1452"
"412","Fren Cırcırı","ESC 72695","43660-72313-297172-159564","","","no","DAF Cf Xf Fren Cırcırı ESC 72695","43660 DAF Cf Xf Fren Cırcırı ESC 72695","43660 DAF Cf Xf Fren Cırcırı ESC 72695 | Frenciniz","43660 DAF Cf Xf Fren Cırcırı ESC 72695 icin stok, fiyat ve uyumluluk teyidi. Uygunluk adaylari: DAF XF, DAF CF, DAF CF85. OEM/SKU: 43660. Stokta urun, hizli...","43660 DAF Cf Xf Fren Cırcırı ESC 72695","DAF XF Fren Cırcırı | DAF XF 43660 | 43660 Fren Cırcırı | ESC 72695 Fren Cırcırı | DAF Cf Xf Fren Cırcırı ESC 72695","https://www.frenciniz.com/urun/412/43660-daf-cf-xf-fren-circiri-esc-72695-ekersan","","4","1452"
"413","Fren Cırcırı","ESC 72694","159563-297173-72312-43655","","","no","DAF Cf Xf Fren Cırcırı ESC 72694","159563 DAF Cf Xf Fren Cırcırı ESC 72694","159563 DAF Cf Xf Fren Cırcırı ESC 72694 | Frenciniz","159563 DAF Cf Xf Fren Cırcırı ESC 72694 icin stok, fiyat ve uyumluluk teyidi. Uygunluk adaylari: DAF XF, DAF CF, DAF CF85. OEM/SKU: 159563. Stokta urun, hizli...","159563 DAF Cf Xf Fren Cırcırı ESC 72694","DAF XF Fren Cırcırı | DAF XF 159563 | 159563 Fren Cırcırı | ESC 72694 Fren Cırcırı | DAF Cf Xf Fren Cırcırı ESC 72694","https://www.frenciniz.com/urun/413/159563-daf-cf-xf-fren-circiri-esc-72694-ekersan","","4","1452"
"414","Otomatik Fren Cırcırı","ESC 72689","105016001-12103631-361543-2025- 42025-72301-46036-159590","","","no","Otomatik Fren Cırcırı Otomatik Fren Cırcırı ESC 72689","105016001 Otomatik Fren Cırcırı Otomatik Fren Cırcırı ESC 72689","105016001 Otomatik Fren Cırcırı Otomatik Fren Cırcırı ESC... | Frenciniz","105016001 Otomatik Fren Cırcırı Otomatik Fren Cırcırı ESC 72689 icin stok, fiyat ve uyumluluk teyidi. Uygunluk adaylari: Ağır vasıta. OEM/SKU: 105016001. Stokta...","105016001 Otomatik Fren Cırcırı Otomatik Fren Cırcırı ESC 72689","kamyon Otomatik Fren Cırcırı | kamyon 105016001 | 105016001 Otomatik Fren Cırcırı | ESC 72689 Otomatik Fren Cırcırı | Otomatik Fren Cırcırı Otomatik Fren Cırcırı ESC 72689","https://www.frenciniz.com/urun/414/105016001-otomatik-fren-circiri-otomatik-fren-circiri-esc-72689-ekersan","","2","1452"
"415","Otomatik Fren Cırcırı","ESC 72688","159589-46035-72302-42020-2020-361544-12103554-105015001","","","no","Otomatik Fren Cırcırı Otomatik Fren Cırcırı ESC 72688","159589 Otomatik Fren Cırcırı Otomatik Fren Cırcırı ESC 72688","159589 Otomatik Fren Cırcırı Otomatik Fren Cırcırı ESC 72688 | Frenciniz","159589 Otomatik Fren Cırcırı Otomatik Fren Cırcırı ESC 72688 icin stok, fiyat ve uyumluluk teyidi. Uygunluk adaylari: Ağır vasıta. OEM/SKU: 159589. Stokta urun...","159589 Otomatik Fren Cırcırı Otomatik Fren Cırcırı ESC 72688","kamyon Otomatik Fren Cırcırı | kamyon 159589 | 159589 Otomatik Fren Cırcırı | ESC 72688 Otomatik Fren Cırcırı | Otomatik Fren Cırcırı Otomatik Fren Cırcırı ESC 72688","https://www.frenciniz.com/urun/415/159589-otomatik-fren-circiri-otomatik-fren-circiri-esc-72688-ekersan","","11","1452"
"416","Fren Cırcırı","ESC 72363","72213-42130-14693-14694-2130-4731287-3014201138","","","no","Mercedes Travego Tourismo Fren Cırcırı Arka R-l","72213 Mercedes Travego Tourismo Fren Cırcırı Arka R-l","72213 Mercedes Travego Tourismo Fren Cırcırı Arka R-l | Frenciniz","72213 Mercedes Travego Tourismo Fren Cırcırı Arka R-l icin stok, fiyat ve uyumluluk teyidi. Uygunluk adaylari: Mercedes-Benz Travego, Mercedes-Benz Tourismo...","72213 Mercedes Travego Tourismo Fren Cırcırı Arka R-l","Mercedes-Benz Travego Fren Cırcırı | Mercedes-Benz Travego 72213 | 72213 Fren Cırcırı | ESC 72363 Fren Cırcırı | Mercedes Travego Tourismo Fren Cırcırı Arka R-l","https://www.frenciniz.com/urun/416/72213-mercedes-travego-tourismo-fren-circiri-arka-r-l-ekersan","","1","1452"
"417","Mekanik Fren Cırcırı","ESC 507401","517454700-2100212902-3464201838-3484201838-5021172204","","","no","Mercedes Axor Actros Mekanik Fren Cırcırı Sol","517454700 Mercedes Axor Actros Mekanik Fren Cırcırı Sol","517454700 Mercedes Axor Actros Mekanik Fren Cırcırı Sol | Frenciniz","517454700 Mercedes Axor Actros Mekanik Fren Cırcırı Sol icin stok, fiyat ve uyumluluk teyidi. Uygunluk adaylari: Mercedes-Benz Actros, Mercedes-Benz Axor...","517454700 Mercedes Axor Actros Mekanik Fren Cırcırı Sol","Mercedes-Benz Actros Mekanik Fren Cırcırı | Mercedes-Benz Actros 517454700 | 517454700 Mekanik Fren Cırcırı | ESC 507401 Mekanik Fren Cırcırı | Mercedes Axor Actros Mekanik Fren Cırcırı Sol","https://www.frenciniz.com/urun/417/517454700-mercedes-axor-actros-mekanik-fren-circiri-sol-ekersan","","28","1082.4"
"418","Mekanik Fren Cırcırı","ESC 407401","517454690-2100212903-3464201738-5021172197-878712","","","no","Mercedes Axor Actros Mekanik Fren Cırcırı Sağ","517454690 Mercedes Axor Actros Mekanik Fren Cırcırı Sağ","517454690 Mercedes Axor Actros Mekanik Fren Cırcırı Sağ | Frenciniz","517454690 Mercedes Axor Actros Mekanik Fren Cırcırı Sağ icin stok, fiyat ve uyumluluk teyidi. Uygunluk adaylari: Mercedes-Benz Actros, Mercedes-Benz Axor...","517454690 Mercedes Axor Actros Mekanik Fren Cırcırı Sağ","Mercedes-Benz Actros Mekanik Fren Cırcırı | Mercedes-Benz Actros 517454690 | 517454690 Mekanik Fren Cırcırı | ESC 407401 Mekanik Fren Cırcırı | Mercedes Axor Actros Mekanik Fren Cırcırı Sağ","https://www.frenciniz.com/urun/418/517454690-mercedes-axor-actros-mekanik-fren-circiri-sag-ekersan","","32","1082.4"
"419","Fren Cırcırı","ESC 1815","","","","no","Fren Cırcırı Cırcır Tamir Takım","ESC 1815 Fren Cırcırı Cırcır Tamir Takım","ESC 1815 Fren Cırcırı Cırcır Tamir Takım | Frenciniz","ESC 1815 Fren Cırcırı Cırcır Tamir Takım icin stok, fiyat ve uyumluluk teyidi. Uygunluk adaylari: Ağır vasıta. OEM/SKU: ESC 1815. Stokta urun, hizli kargo ve...","ESC 1815 Fren Cırcırı Cırcır Tamir Takım","kamyon Fren Cırcırı | kamyon ESC 1815 | ESC 1815 Fren Cırcırı | Fren Cırcırı Cırcır Tamir Takım","https://www.frenciniz.com/urun/419/esc-1815-fren-circiri-circir-tamir-takim-ekersan","","95","759"
"420","Mekanik Fren Cırcırı","ESC 1760","517465130-517465130-517465220-100001760-24490-A3450","","","no","Mekanik Fren Cırcırı 7 Delik 10 Kanal ESC 1760","517465130 Mekanik Fren Cırcırı 7 Delik 10 Kanal ESC 1760","517465130 Mekanik Fren Cırcırı 7 Delik 10 Kanal ESC 1760 | Frenciniz","517465130 Mekanik Fren Cırcırı 7 Delik 10 Kanal ESC 1760 icin stok, fiyat ve uyumluluk teyidi. Uygunluk adaylari: Ağır vasıta. OEM/SKU: 517465130. Stokta urun...","517465130 Mekanik Fren Cırcırı 7 Delik 10 Kanal ESC 1760","kamyon Mekanik Fren Cırcırı | kamyon 517465130 | 517465130 Mekanik Fren Cırcırı | ESC 1760 Mekanik Fren Cırcırı | Mekanik Fren Cırcırı 7 Delik 10 Kanal ESC 1760","https://www.frenciniz.com/urun/420/517465130-mekanik-fren-circiri-7-delik-10-kanal-esc-1760-ekersan","","113","1082.4"
"421","Porya","EYD 700 14-1","","","","no","Ford Cargo BPW Dorse Krone Dorse Kögel Dorse Porya Kapağı EYD 700 14-1","Ford Cargo BPW Dorse Krone Dorse Kögel Dorse Porya Kapağı EYD 700 14-1","Ford Cargo BPW Dorse Krone Dorse Kögel Dorse Porya Kapağı... | Frenciniz","Ford Cargo BPW Dorse Krone Dorse Kögel Dorse Porya Kapağı EYD 700 14-1 icin stok, fiyat ve uyumluluk teyidi. Uygunluk adaylari: BPW dorse dingili, BPW ECOPlus...","Ford Cargo BPW Dorse Krone Dorse Kögel Dorse Porya Kapağı EYD 700 14-1","BPW dorse dingili Porya | BPW dorse dingili EYD 700 14-1 | EYD 700 14-1 Porya","https://www.frenciniz.com/urun/421/ford-cargo-bpw-dorse-krone-dorse-kogel-dorse-porya-kapagi-eyd-700-14-1-ekersan","","6","699.6"
"422","Süspansiyon Körüğü","FT 34810-K04F","","","","no","Ford Cargo Krone Dorse Kögel Dorse Süspansiyon Körüğü FT 34810-K04F","Ford Cargo Krone Dorse Kögel Dorse Süspansiyon Körüğü FT 34810-K04F","Ford Cargo Krone Dorse Kögel Dorse Süspansiyon Körüğü FT... | Frenciniz","Ford Cargo Krone Dorse Kögel Dorse Süspansiyon Körüğü FT 34810-K04F icin stok, fiyat ve uyumluluk teyidi. Uygunluk adaylari: Dorse / treyler, Ağır vasıta dorse...","Ford Cargo Krone Dorse Kögel Dorse Süspansiyon Körüğü FT 34810-K04F","Dorse / treyler Süspansiyon Körüğü | Dorse / treyler FT 34810-K04F | FT 34810-K04F Süspansiyon Körüğü","https://www.frenciniz.com/urun/422/ford-cargo-krone-dorse-kogel-dorse-suspansiyon-korugu-ft-34810-k04f-ekersan","","22","3300"
"423","Kaliper Ayar Mekanizması","421128-1","","","","no","ROR Meritor Knorr WABCO Kaliper Ayar Mekanizması 421128-1","ROR Meritor Knorr WABCO Kaliper Ayar Mekanizması 421128-1","ROR Meritor Knorr WABCO Kaliper Ayar Mekanizması 421128-1 | Frenciniz","ROR Meritor Knorr WABCO Kaliper Ayar Mekanizması 421128-1 icin stok, fiyat ve uyumluluk teyidi. Uygunluk adaylari: Ağır vasıta kaliper sistemi, Knorr / WABCO /...","ROR Meritor Knorr WABCO Kaliper Ayar Mekanizması 421128-1","Ağır vasıta kaliper sistemi Kaliper Ayar Mekanizması | Ağır vasıta kaliper sistemi 421128-1 | 421128-1 Kaliper Ayar Mekanizması","https://www.frenciniz.com/urun/423/ror-meritor-knorr-wabco-kaliper-ayar-mekanizmasi-421128-1-ekersan","","250","726"
"424","Somun / Cıvata","EYD 92 30","","","","no","Ford Cargo Krone Dorse Kögel Dorse Bijon Somunu EYD 92 30","Ford Cargo Krone Dorse Kögel Dorse Bijon Somunu EYD 92 30","Ford Cargo Krone Dorse Kögel Dorse Bijon Somunu EYD 92 30 | Frenciniz","Ford Cargo Krone Dorse Kögel Dorse Bijon Somunu EYD 92 30 icin stok, fiyat ve uyumluluk teyidi. Uygunluk adaylari: Tır / çekici, Krone dorse, Kögel dorse....","Ford Cargo Krone Dorse Kögel Dorse Bijon Somunu EYD 92 30","Kamyon Somun / Cıvata | Kamyon EYD 92 30 | EYD 92 30 Somun / Cıvata","https://www.frenciniz.com/urun/424/ford-cargo-krone-dorse-kogel-dorse-bijon-somunu-eyd-92-30-ekersan","","186","1056"
"425","Yay","EYD 70 67","","","","no","Ford Cargo Krone Dorse Kögel Dorse Fren Yayı EYD 70 67","Ford Cargo Krone Dorse Kögel Dorse Fren Yayı EYD 70 67","Ford Cargo Krone Dorse Kögel Dorse Fren Yayı EYD 70 67 | Frenciniz","Ford Cargo Krone Dorse Kögel Dorse Fren Yayı EYD 70 67 icin stok, fiyat ve uyumluluk teyidi. Uygunluk adaylari: Dorse / treyler, Ağır vasıta dorse dingili, York...","Ford Cargo Krone Dorse Kögel Dorse Fren Yayı EYD 70 67","Dorse / treyler Yay | Dorse / treyler EYD 70 67 | EYD 70 67 Yay","https://www.frenciniz.com/urun/425/ford-cargo-krone-dorse-kogel-dorse-fren-yayi-eyd-70-67-ekersan","","76","66"
"426","Perno","EYD 301 46","","","","no","Mercedes Axor Actros Perno EYD 301 46","Mercedes Axor Actros Perno EYD 301 46","Mercedes Axor Actros Perno EYD 301 46 | Frenciniz","Mercedes Axor Actros Perno EYD 301 46 icin stok, fiyat ve uyumluluk teyidi. Uygunluk adaylari: Mercedes-Benz Actros, Mercedes-Benz Axor, Actros 1840. OEM/SKU:...","Mercedes Axor Actros Perno EYD 301 46","Mercedes-Benz Actros Perno | Mercedes-Benz Actros EYD 301 46 | EYD 301 46 Perno","https://www.frenciniz.com/urun/426/mercedes-axor-actros-perno-eyd-301-46-ekersan","","80","330"
"427","Porya","EYD 700 06-1","","","","no","Ford Cargo Krone Dorse Kögel Dorse Porya Kapağı EYD 700 06-1","Ford Cargo Krone Dorse Kögel Dorse Porya Kapağı EYD 700 06-1","Ford Cargo Krone Dorse Kögel Dorse Porya Kapağı EYD 700 06-1 | Frenciniz","Ford Cargo Krone Dorse Kögel Dorse Porya Kapağı EYD 700 06-1 icin stok, fiyat ve uyumluluk teyidi. Uygunluk adaylari: Dorse / treyler, Ağır vasıta dorse dingili...","Ford Cargo Krone Dorse Kögel Dorse Porya Kapağı EYD 700 06-1","Dorse / treyler Porya | Dorse / treyler EYD 700 06-1 | EYD 700 06-1 Porya","https://www.frenciniz.com/urun/427/ford-cargo-krone-dorse-kogel-dorse-porya-kapagi-eyd-700-06-1-ekersan","","2","462"
"428","Süspansiyon Körüğü","FT 34644","0003270101 , 0003270201 , 3073270101 ,1134445","","","no","Mercedes Travego Tourismo Süspansiyon Körüğü","0003270101 Mercedes Travego Tourismo Süspansiyon Körüğü","0003270101 Mercedes Travego Tourismo Süspansiyon Körüğü | Frenciniz","0003270101 Mercedes Travego Tourismo Süspansiyon Körüğü icin stok, fiyat ve uyumluluk teyidi. Uygunluk adaylari: Mercedes-Benz Travego, Mercedes-Benz Tourismo...","0003270101 Mercedes Travego Tourismo Süspansiyon Körüğü","Mercedes-Benz Travego Süspansiyon Körüğü | Mercedes-Benz Travego 0003270101 | 0003270101 Süspansiyon Körüğü | FT 34644 Süspansiyon Körüğü | Mercedes Travego Tourismo Süspansiyon Körüğü","https://www.frenciniz.com/urun/428/0003270101-mercedes-travego-tourismo-suspansiyon-korugu-ekersan","","22","1320"
"429","Süspansiyon Körüğü","FT 3498608-KP","","","","no","Ford Cargo Krone Dorse Kögel Dorse Süspansiyon Körüğü FT 3498608-KP","Ford Cargo Krone Dorse Kögel Dorse Süspansiyon Körüğü FT 3498608-KP","Ford Cargo Krone Dorse Kögel Dorse Süspansiyon Körüğü FT... | Frenciniz","Ford Cargo Krone Dorse Kögel Dorse Süspansiyon Körüğü FT 3498608-KP icin stok, fiyat ve uyumluluk teyidi. Uygunluk adaylari: Tır / çekici, Krone dorse, Kögel...","Ford Cargo Krone Dorse Kögel Dorse Süspansiyon Körüğü FT 3498608-KP","Dorse Süspansiyon Körüğü | Dorse FT 3498608-KP | FT 3498608-KP Süspansiyon Körüğü","https://www.frenciniz.com/urun/429/ford-cargo-krone-dorse-kogel-dorse-suspansiyon-korugu-ft-3498608-kp-ekersan","","13","2970"
"430","Süspansiyon Körüğü","FT 34720","3873280101 , 81436010033 , 1629193 , 0220024100","","","no","Mercedes Travego Tourismo MAN Fortuna Otobüs Süspansiyon Körüğü FT 34720","3873280101 Mercedes Travego Tourismo MAN Fortuna Otobüs Süspansiyon Körüğü FT 34720","3873280101 Mercedes Travego Tourismo MAN Fortuna Otobüs... | Frenciniz","3873280101 Mercedes Travego Tourismo MAN Fortuna Otobüs Süspansiyon Körüğü FT 34720 icin stok, fiyat ve uyumluluk teyidi. Uygunluk adaylari: MAN Fortuna otobüs...","3873280101 Mercedes Travego Tourismo MAN Fortuna Otobüs Süspansiyon Körüğü FT 34720","MAN Fortuna otobüs Süspansiyon Körüğü | MAN Fortuna otobüs 3873280101 | 3873280101 Süspansiyon Körüğü | FT 34720 Süspansiyon Körüğü | Mercedes Travego Tourismo MAN Fortuna Otobüs Süspansiyon Körüğü FT 34720","https://www.frenciniz.com/urun/430/3873280101-mercedes-travego-tourismo-man-fortuna-otobus-suspansiyon-korugu-ft-34720-ekersan","","74","1320"
"431","Somun / Cıvata","EYD 92 28","","","","no","Ford Cargo BPW Dorse Krone Dorse Kögel Dorse Bijon Somunu E.M.","EYD 92 28 Ford Cargo BPW Dorse Krone Dorse Kögel Dorse Bijon Somunu E.M.","EYD 92 28 Ford Cargo BPW Dorse Krone Dorse Kögel Dorse... | Frenciniz","EYD 92 28 Ford Cargo BPW Dorse Krone Dorse Kögel Dorse Bijon Somunu E.M. icin stok, fiyat ve uyumluluk teyidi. Uygunluk adaylari: BPW dorse dingili, BPW ECOPlus...","EYD 92 28 Ford Cargo BPW Dorse Krone Dorse Kögel Dorse Bijon Somunu E.M.","BPW dorse dingili Somun / Cıvata | BPW dorse dingili EYD 92 28 | EYD 92 28 Somun / Cıvata | Ford Cargo BPW Dorse Krone Dorse Kögel Dorse Bijon Somunu E.M.","https://www.frenciniz.com/urun/431/eyd-92-28-ford-cargo-bpw-dorse-krone-dorse-kogel-dorse-bijon-somunu-e-m-ekersan","","169","1056"
"432","Yay","EYD 70 04-3","(A) B4","","","no","Ford Cargo Krone Dorse Kögel Dorse Fren Yayı 24 cm Kısa","(A) B4 Ford Cargo Krone Dorse Kögel Dorse Fren Yayı 24 cm Kısa","(A) B4 Ford Cargo Krone Dorse Kögel Dorse Fren Yayı 24 cm Kısa | Frenciniz","(A) B4 Ford Cargo Krone Dorse Kögel Dorse Fren Yayı 24 cm Kısa icin stok, fiyat ve uyumluluk teyidi. Uygunluk adaylari: Tırsan dorse, Tırsan treyler, Dorse /...","(A) B4 Ford Cargo Krone Dorse Kögel Dorse Fren Yayı 24 cm Kısa","Tırsan dorse Yay | Tırsan dorse (A) B4 | (A) B4 Yay | EYD 70 04-3 Yay | Ford Cargo Krone Dorse Kögel Dorse Fren Yayı 24 cm Kısa","https://www.frenciniz.com/urun/432/a-b4-ford-cargo-krone-dorse-kogel-dorse-fren-yayi-24-cm-kisa-ekersan","","300","72.6"
"433","ABS Sensörü/Modülü/Kablo","EF-4410329880","","","","no","MAN TGA TGS TGX TGM Ford Cargo Krone Dorse ABS Sensörü ABS'li Sağ EF-4410329880","MAN TGA TGS TGX TGM Ford Cargo Krone Dorse ABS Sensörü ABS'li Sağ EF-4410329880","MAN TGA TGS TGX TGM Ford Cargo Krone Dorse ABS Sensörü... | Frenciniz","MAN TGA TGS TGX TGM Ford Cargo Krone Dorse ABS Sensörü ABS'li Sağ EF-4410329880 icin stok, fiyat ve uyumluluk teyidi. Uygunluk adaylari: MAN ağır vasıta, WABCO...","MAN TGA TGS TGX TGM Ford Cargo Krone Dorse ABS Sensörü ABS'li Sağ EF-4410329880","MAN ağır vasıta ABS Sensörü/Modülü/Kablo | MAN ağır vasıta EF-4410329880 | EF-4410329880 ABS Sensörü/Modülü/Kablo","https://www.frenciniz.com/urun/433/man-tga-tgs-tgx-tgm-ford-cargo-krone-dorse-abs-sensoru-abs-li-sag-ef-4410329880-ekersan","","20","831.6"
"434","ABS Sensörü/Modülü/Kablo","EF-4410329870","","","","no","MAN TGA TGS TGX TGM Ford Cargo Krone Dorse ABS Sensörü ABS'li Sol EF-4410329870","MAN TGA TGS TGX TGM Ford Cargo Krone Dorse ABS Sensörü ABS'li Sol EF-4410329870","MAN TGA TGS TGX TGM Ford Cargo Krone Dorse ABS Sensörü... | Frenciniz","MAN TGA TGS TGX TGM Ford Cargo Krone Dorse ABS Sensörü ABS'li Sol EF-4410329870 icin stok, fiyat ve uyumluluk teyidi. Uygunluk adaylari: MAN ağır vasıta, WABCO...","MAN TGA TGS TGX TGM Ford Cargo Krone Dorse ABS Sensörü ABS'li Sol EF-4410329870","MAN ağır vasıta ABS Sensörü/Modülü/Kablo | MAN ağır vasıta EF-4410329870 | EF-4410329870 ABS Sensörü/Modülü/Kablo","https://www.frenciniz.com/urun/434/man-tga-tgs-tgx-tgm-ford-cargo-krone-dorse-abs-sensoru-abs-li-sol-ef-4410329870-ekersan","","20","831.6"
"435","Yay","EYD 70 66","","","","no","Ford Cargo BPW Dorse Krone Dorse Kögel Dorse Fren Yayı","EYD 70 66 Ford Cargo BPW Dorse Krone Dorse Kögel Dorse Fren Yayı","EYD 70 66 Ford Cargo BPW Dorse Krone Dorse Kögel Dorse... | Frenciniz","EYD 70 66 Ford Cargo BPW Dorse Krone Dorse Kögel Dorse Fren Yayı icin stok, fiyat ve uyumluluk teyidi. Uygunluk adaylari: BPW dorse dingili, BPW ECOPlus dingil...","EYD 70 66 Ford Cargo BPW Dorse Krone Dorse Kögel Dorse Fren Yayı","BPW dorse dingili Yay | BPW dorse dingili EYD 70 66 | EYD 70 66 Yay | Ford Cargo BPW Dorse Krone Dorse Kögel Dorse Fren Yayı","https://www.frenciniz.com/urun/435/eyd-70-66-ford-cargo-bpw-dorse-krone-dorse-kogel-dorse-fren-yayi-ekersan","","30","66"
"436","Fren Körüğü","8106-2","","","","no","Ford Cargo Krone Dorse Kögel Dorse 24/24 D/P İmdatlı Fren Körüğü M22 57 mm Disk Tipi","8106-2 Ford Cargo Krone Dorse Kögel Dorse 24/24 D/P İmdatlı Fren Körüğü M22 57 mm Disk Tipi","8106-2 Ford Cargo Krone Dorse Kögel Dorse 24/24 D/P... | Frenciniz","8106-2 Ford Cargo Krone Dorse Kögel Dorse 24/24 D/P İmdatlı Fren Körüğü M22 57 mm Disk Tipi icin stok, fiyat ve uyumluluk teyidi. Uygunluk adaylari: Disk fren...","8106-2 Ford Cargo Krone Dorse Kögel Dorse 24/24 D/P İmdatlı Fren Körüğü M22 57 mm Disk Tipi","Disk fren imdatlı fren körüğü Fren Körüğü | Disk fren imdatlı fren körüğü 8106-2 | 8106-2 Fren Körüğü | Ford Cargo Krone Dorse Kögel Dorse 24/24 D/P İmdatlı Fren Körüğü M22 57 mm Disk Tipi","https://www.frenciniz.com/urun/436/8106-2-ford-cargo-krone-dorse-kogel-dorse-24-24-d-p-imdatli-fren-korugu-m22-57-mm-disk-tipi","","120","3168"
"437","Fren Körüğü","EYD 100 67-K","","","","no","Ford Cargo Krone Dorse Kögel Dorse İmdatlı Fren Körüğü EYD 100 67-K","Ford Cargo Krone Dorse Kögel Dorse İmdatlı Fren Körüğü EYD 100 67-K","Ford Cargo Krone Dorse Kögel Dorse İmdatlı Fren Körüğü EYD... | Frenciniz","Ford Cargo Krone Dorse Kögel Dorse İmdatlı Fren Körüğü EYD 100 67-K icin stok, fiyat ve uyumluluk teyidi. Uygunluk adaylari: Disk fren imdatlı fren körüğü...","Ford Cargo Krone Dorse Kögel Dorse İmdatlı Fren Körüğü EYD 100 67-K","Disk fren imdatlı fren körüğü Fren Körüğü | Disk fren imdatlı fren körüğü EYD 100 67-K | EYD 100 67-K Fren Körüğü","https://www.frenciniz.com/urun/437/ford-cargo-krone-dorse-kogel-dorse-imdatli-fren-korugu-eyd-100-67-k-ekersan","","50","188.76"
"438","Fren Körüğü","EYD 100 66-K","","","","no","Ford Cargo Krone Dorse Kögel Dorse İmdatlı Fren Körüğü EYD 100 66-K","Ford Cargo Krone Dorse Kögel Dorse İmdatlı Fren Körüğü EYD 100 66-K","Ford Cargo Krone Dorse Kögel Dorse İmdatlı Fren Körüğü EYD... | Frenciniz","Ford Cargo Krone Dorse Kögel Dorse İmdatlı Fren Körüğü EYD 100 66-K icin stok, fiyat ve uyumluluk teyidi. Uygunluk adaylari: Disk fren imdatlı fren körüğü...","Ford Cargo Krone Dorse Kögel Dorse İmdatlı Fren Körüğü EYD 100 66-K","Disk fren imdatlı fren körüğü Fren Körüğü | Disk fren imdatlı fren körüğü EYD 100 66-K | EYD 100 66-K Fren Körüğü","https://www.frenciniz.com/urun/438/ford-cargo-krone-dorse-kogel-dorse-imdatli-fren-korugu-eyd-100-66-k-ekersan","","52","181.5"
"439","Fren Körüğü","EYD 100 65-K","","","","no","Ford Cargo Krone Dorse Kögel Dorse İmdatlı Fren Körüğü EYD 100 65-K","Ford Cargo Krone Dorse Kögel Dorse İmdatlı Fren Körüğü EYD 100 65-K","Ford Cargo Krone Dorse Kögel Dorse İmdatlı Fren Körüğü EYD... | Frenciniz","Ford Cargo Krone Dorse Kögel Dorse İmdatlı Fren Körüğü EYD 100 65-K icin stok, fiyat ve uyumluluk teyidi. Uygunluk adaylari: Disk fren imdatlı fren körüğü...","Ford Cargo Krone Dorse Kögel Dorse İmdatlı Fren Körüğü EYD 100 65-K","Disk fren imdatlı fren körüğü Fren Körüğü | Disk fren imdatlı fren körüğü EYD 100 65-K | EYD 100 65-K Fren Körüğü","https://www.frenciniz.com/urun/439/ford-cargo-krone-dorse-kogel-dorse-imdatli-fren-korugu-eyd-100-65-k-ekersan","","10","236.28"
"440","Fren Körüğü","EYD 100 51-K","","","","no","Ford Cargo Krone Dorse Kögel Dorse İmdatlı Fren Körüğü EYD 100 51-K","Ford Cargo Krone Dorse Kögel Dorse İmdatlı Fren Körüğü EYD 100 51-K","Ford Cargo Krone Dorse Kögel Dorse İmdatlı Fren Körüğü EYD... | Frenciniz","Ford Cargo Krone Dorse Kögel Dorse İmdatlı Fren Körüğü EYD 100 51-K icin stok, fiyat ve uyumluluk teyidi. Uygunluk adaylari: Disk fren imdatlı fren körüğü...","Ford Cargo Krone Dorse Kögel Dorse İmdatlı Fren Körüğü EYD 100 51-K","Disk fren imdatlı fren körüğü Fren Körüğü | Disk fren imdatlı fren körüğü EYD 100 51-K | EYD 100 51-K Fren Körüğü","https://www.frenciniz.com/urun/440/ford-cargo-krone-dorse-kogel-dorse-imdatli-fren-korugu-eyd-100-51-k-ekersan","","15","166.98"
"441","Fren Körüğü","EYD 100 63-K","","","","no","Ford Cargo Krone Dorse Kögel Dorse İmdatlı Fren Körüğü EYD 100 63-K","Ford Cargo Krone Dorse Kögel Dorse İmdatlı Fren Körüğü EYD 100 63-K","Ford Cargo Krone Dorse Kögel Dorse İmdatlı Fren Körüğü EYD... | Frenciniz","Ford Cargo Krone Dorse Kögel Dorse İmdatlı Fren Körüğü EYD 100 63-K icin stok, fiyat ve uyumluluk teyidi. Uygunluk adaylari: Disk fren imdatlı fren körüğü...","Ford Cargo Krone Dorse Kögel Dorse İmdatlı Fren Körüğü EYD 100 63-K","Disk fren imdatlı fren körüğü Fren Körüğü | Disk fren imdatlı fren körüğü EYD 100 63-K | EYD 100 63-K Fren Körüğü","https://www.frenciniz.com/urun/441/ford-cargo-krone-dorse-kogel-dorse-imdatli-fren-korugu-eyd-100-63-k-ekersan","","30","216.48"
"442","Fren Körüğü","EYD 100 62-K","","","","no","Ford Cargo Krone Dorse Kögel Dorse İmdatlı Fren Körüğü EYD 100 62-K","Ford Cargo Krone Dorse Kögel Dorse İmdatlı Fren Körüğü EYD 100 62-K","Ford Cargo Krone Dorse Kögel Dorse İmdatlı Fren Körüğü EYD... | Frenciniz","Ford Cargo Krone Dorse Kögel Dorse İmdatlı Fren Körüğü EYD 100 62-K icin stok, fiyat ve uyumluluk teyidi. Uygunluk adaylari: Disk fren imdatlı fren körüğü...","Ford Cargo Krone Dorse Kögel Dorse İmdatlı Fren Körüğü EYD 100 62-K","Disk fren imdatlı fren körüğü Fren Körüğü | Disk fren imdatlı fren körüğü EYD 100 62-K | EYD 100 62-K Fren Körüğü","https://www.frenciniz.com/urun/442/ford-cargo-krone-dorse-kogel-dorse-imdatli-fren-korugu-eyd-100-62-k-ekersan","","20","204.6"
"443","Fren Körüğü","EYD 100 61-K","","","","no","Ford Cargo Krone Dorse Kögel Dorse İmdatlı Fren Körüğü EYD 100 61-K","Ford Cargo Krone Dorse Kögel Dorse İmdatlı Fren Körüğü EYD 100 61-K","Ford Cargo Krone Dorse Kögel Dorse İmdatlı Fren Körüğü EYD... | Frenciniz","Ford Cargo Krone Dorse Kögel Dorse İmdatlı Fren Körüğü EYD 100 61-K icin stok, fiyat ve uyumluluk teyidi. Uygunluk adaylari: Disk fren imdatlı fren körüğü...","Ford Cargo Krone Dorse Kögel Dorse İmdatlı Fren Körüğü EYD 100 61-K","Disk fren imdatlı fren körüğü Fren Körüğü | Disk fren imdatlı fren körüğü EYD 100 61-K | EYD 100 61-K Fren Körüğü","https://www.frenciniz.com/urun/443/ford-cargo-krone-dorse-kogel-dorse-imdatli-fren-korugu-eyd-100-61-k-ekersan","","15","181.5"
"444","Fren Körüğü","EYD 100 60-K","","","","no","Ford Cargo Krone Dorse Kögel Dorse İmdatlı Fren Körüğü EYD 100 60-K","Ford Cargo Krone Dorse Kögel Dorse İmdatlı Fren Körüğü EYD 100 60-K","Ford Cargo Krone Dorse Kögel Dorse İmdatlı Fren Körüğü EYD... | Frenciniz","Ford Cargo Krone Dorse Kögel Dorse İmdatlı Fren Körüğü EYD 100 60-K icin stok, fiyat ve uyumluluk teyidi. Uygunluk adaylari: Disk fren imdatlı fren körüğü...","Ford Cargo Krone Dorse Kögel Dorse İmdatlı Fren Körüğü EYD 100 60-K","Disk fren imdatlı fren körüğü Fren Körüğü | Disk fren imdatlı fren körüğü EYD 100 60-K | EYD 100 60-K Fren Körüğü","https://www.frenciniz.com/urun/444/ford-cargo-krone-dorse-kogel-dorse-imdatli-fren-korugu-eyd-100-60-k-ekersan","","10","174.24"
"445","Fren Körüğü","EYD 100 40-K","","","","no","Ford Cargo Krone Dorse Kögel Dorse İmdatlı Fren Körüğü EYD 100 40-K","Ford Cargo Krone Dorse Kögel Dorse İmdatlı Fren Körüğü EYD 100 40-K","Ford Cargo Krone Dorse Kögel Dorse İmdatlı Fren Körüğü EYD... | Frenciniz","Ford Cargo Krone Dorse Kögel Dorse İmdatlı Fren Körüğü EYD 100 40-K icin stok, fiyat ve uyumluluk teyidi. Uygunluk adaylari: Disk fren imdatlı fren körüğü...","Ford Cargo Krone Dorse Kögel Dorse İmdatlı Fren Körüğü EYD 100 40-K","Disk fren imdatlı fren körüğü Fren Körüğü | Disk fren imdatlı fren körüğü EYD 100 40-K | EYD 100 40-K Fren Körüğü","https://www.frenciniz.com/urun/445/ford-cargo-krone-dorse-kogel-dorse-imdatli-fren-korugu-eyd-100-40-k-ekersan","","15","211.2"
"446","Süspansiyon Körüğü","FT 34220-2P01","","","","no","Ford Cargo Krone Dorse Kögel Dorse Süspansiyon Körüğü FT 34220-2P01","Ford Cargo Krone Dorse Kögel Dorse Süspansiyon Körüğü FT 34220-2P01","Ford Cargo Krone Dorse Kögel Dorse Süspansiyon Körüğü FT... | Frenciniz","Ford Cargo Krone Dorse Kögel Dorse Süspansiyon Körüğü FT 34220-2P01 icin stok, fiyat ve uyumluluk teyidi. Uygunluk adaylari: Tır / çekici, Krone dorse, Kögel...","Ford Cargo Krone Dorse Kögel Dorse Süspansiyon Körüğü FT 34220-2P01","Dorse Süspansiyon Körüğü | Dorse FT 34220-2P01 | FT 34220-2P01 Süspansiyon Körüğü","https://www.frenciniz.com/urun/446/ford-cargo-krone-dorse-kogel-dorse-suspansiyon-korugu-ft-34220-2p01-ekersan","","221","726"
"447","Süspansiyon Körüğü","FT 341888","81436010163 - 81436010163 - 81436010162","","","no","MAN TGA TGS TGX TGM Süspansiyon Körüğü FT 341888","81436010163 MAN TGA TGS TGX TGM Süspansiyon Körüğü FT 341888","81436010163 MAN TGA TGS TGX TGM Süspansiyon Körüğü FT 341888 | Frenciniz","81436010163 MAN TGA TGS TGX TGM Süspansiyon Körüğü FT 341888 icin stok, fiyat ve uyumluluk teyidi. Uygunluk adaylari: MAN TGA, MAN TGS, MAN TGX. OEM/SKU:...","81436010163 MAN TGA TGS TGX TGM Süspansiyon Körüğü FT 341888","MAN TGA Süspansiyon Körüğü | MAN TGA 81436010163 | 81436010163 Süspansiyon Körüğü | FT 341888 Süspansiyon Körüğü | MAN TGA TGS TGX TGM Süspansiyon Körüğü FT 341888","https://www.frenciniz.com/urun/447/81436010163-man-tga-tgs-tgx-tgm-suspansiyon-korugu-ft-341888-ekersan","","20","990"
"448","Süspansiyon Körüğü","424705.S01","81436010155","","","no","MAN Ford Cargo Krone Dorse Kögel Dorse Süspansiyon Körüğü 424705.S01","81436010155 MAN Ford Cargo Krone Dorse Kögel Dorse Süspansiyon Körüğü 424705.S01","81436010155 MAN Ford Cargo Krone Dorse Kögel Dorse... | Frenciniz","81436010155 MAN Ford Cargo Krone Dorse Kögel Dorse Süspansiyon Körüğü 424705.S01 icin stok, fiyat ve uyumluluk teyidi. Uygunluk adaylari: Tır / çekici, Krone...","81436010155 MAN Ford Cargo Krone Dorse Kögel Dorse Süspansiyon Körüğü 424705.S01","Dorse Süspansiyon Körüğü | Dorse 81436010155 | 81436010155 Süspansiyon Körüğü | 424705.S01 Süspansiyon Körüğü | MAN Ford Cargo Krone Dorse Kögel Dorse Süspansiyon Körüğü 424705.S01","https://www.frenciniz.com/urun/448/81436010155-man-ford-cargo-krone-dorse-kogel-dorse-suspansiyon-korugu-424705-s01-ekersan","","19","2277"
"449","Fren Körüğü","ARF 16/24 D/D - L","03.130.00.40 - 03.130.00.41","","","no","Ford Cargo Krone Dorse Kögel Dorse 16/24 D/D İmdatlı Fren Körüğü Disk Tipi Sol","03.130.00.40 Ford Cargo Krone Dorse Kögel Dorse 16/24 D/D İmdatlı Fren Körüğü Disk Tipi Sol","03.130.00.40 Ford Cargo Krone Dorse Kögel Dorse 16/24 D/D... | Frenciniz","03.130.00.40 Ford Cargo Krone Dorse Kögel Dorse 16/24 D/D İmdatlı Fren Körüğü Disk Tipi Sol icin stok, fiyat ve uyumluluk teyidi. Uygunluk adaylari: Dorse /...","03.130.00.40 Ford Cargo Krone Dorse Kögel Dorse 16/24 D/D İmdatlı Fren Körüğü Disk Tipi Sol","Dorse / treyler Fren Körüğü | Dorse / treyler 03.130.00.40 | 03.130.00.40 Fren Körüğü | ARF 16/24 D/D - L Fren Körüğü | Ford Cargo Krone Dorse Kögel Dorse 16/24 D/D İmdatlı Fren Körüğü Disk Tipi Sol","https://www.frenciniz.com/urun/449/03-130-00-40-ford-cargo-krone-dorse-kogel-dorse-16-24-d-d-imdatli-fren-korugu-disk-tipi-sol","","173","2970"
"450","Fren Körüğü","ARF 16/24 D/D - R","03.130.00.40 - 03.130.00.41","","","no","Ford Cargo Krone Dorse Kögel Dorse 16/24 D/D İmdatlı Fren Körüğü Disk Tipi Sağ","03.130.00.40 Ford Cargo Krone Dorse Kögel Dorse 16/24 D/D İmdatlı Fren Körüğü Disk Tipi Sağ","03.130.00.40 Ford Cargo Krone Dorse Kögel Dorse 16/24 D/D... | Frenciniz","03.130.00.40 Ford Cargo Krone Dorse Kögel Dorse 16/24 D/D İmdatlı Fren Körüğü Disk Tipi Sağ icin stok, fiyat ve uyumluluk teyidi. Uygunluk adaylari: Dorse /...","03.130.00.40 Ford Cargo Krone Dorse Kögel Dorse 16/24 D/D İmdatlı Fren Körüğü Disk Tipi Sağ","Dorse / treyler Fren Körüğü | Dorse / treyler 03.130.00.40 | 03.130.00.40 Fren Körüğü | ARF 16/24 D/D - R Fren Körüğü | Ford Cargo Krone Dorse Kögel Dorse 16/24 D/D İmdatlı Fren Körüğü Disk Tipi Sağ","https://www.frenciniz.com/urun/450/03-130-00-40-ford-cargo-krone-dorse-kogel-dorse-16-24-d-d-imdatli-fren-korugu-disk-tipi-sag","","173","2970"
"451","Süspansiyon Körüğü","FT 344022","","","","no","Ford Cargo SAF Dorse Krone Dorse Kögel Dorse Süspansiyon Körüğü FT 344022","Ford Cargo SAF Dorse Krone Dorse Kögel Dorse Süspansiyon Körüğü FT 344022","Ford Cargo SAF Dorse Krone Dorse Kögel Dorse Süspansiyon... | Frenciniz","Ford Cargo SAF Dorse Krone Dorse Kögel Dorse Süspansiyon Körüğü FT 344022 icin stok, fiyat ve uyumluluk teyidi. Uygunluk adaylari: SAF dorse dingili, SAF Holland...","Ford Cargo SAF Dorse Krone Dorse Kögel Dorse Süspansiyon Körüğü FT 344022","SAF dorse dingili Süspansiyon Körüğü | SAF dorse dingili FT 344022 | FT 344022 Süspansiyon Körüğü","https://www.frenciniz.com/urun/451/ford-cargo-saf-dorse-krone-dorse-kogel-dorse-suspansiyon-korugu-ft-344022-ekersan","","20","1518"
"452","Süspansiyon Körüğü","FT 344183","","","","no","Ford Cargo Krone Dorse Kögel Dorse Süspansiyon Körüğü FT 344183","Ford Cargo Krone Dorse Kögel Dorse Süspansiyon Körüğü FT 344183","Ford Cargo Krone Dorse Kögel Dorse Süspansiyon Körüğü FT... | Frenciniz","Ford Cargo Krone Dorse Kögel Dorse Süspansiyon Körüğü FT 344183 icin stok, fiyat ve uyumluluk teyidi. Uygunluk adaylari: Tır / çekici, Krone dorse, Kögel dorse....","Ford Cargo Krone Dorse Kögel Dorse Süspansiyon Körüğü FT 344183","Dorse Süspansiyon Körüğü | Dorse FT 344183 | FT 344183 Süspansiyon Körüğü","https://www.frenciniz.com/urun/452/ford-cargo-krone-dorse-kogel-dorse-suspansiyon-korugu-ft-344183-ekersan","","25","1518"
"453","Kaliper Tamir Takımı","FX-3180","","","","no","ROR Meritor Knorr WABCO Kaliper Tamir Takımı Sol","FX-3180 ROR Meritor Knorr WABCO Kaliper Tamir Takımı Sol","FX-3180 ROR Meritor Knorr WABCO Kaliper Tamir Takımı Sol | Frenciniz","FX-3180 ROR Meritor Knorr WABCO Kaliper Tamir Takımı Sol icin stok, fiyat ve uyumluluk teyidi. Uygunluk adaylari: SAF dorse dingili, SAF Holland treyler, Ağır...","FX-3180 ROR Meritor Knorr WABCO Kaliper Tamir Takımı Sol","SAF dorse dingili Kaliper Tamir Takımı | SAF dorse dingili FX-3180 | FX-3180 Kaliper Tamir Takımı | ROR Meritor Knorr WABCO Kaliper Tamir Takımı Sol","https://www.frenciniz.com/urun/453/fx-3180-ror-meritor-knorr-wabco-kaliper-tamir-takimi-sol-ekersan","","1","5893.8"
"454","Fren Pabucu","EYD 075059","","","","no","Ford Cargo SAF Dorse Krone Dorse Kögel Dorse Fren Pabucu Makarası","EYD 075059 Ford Cargo SAF Dorse Krone Dorse Kögel Dorse Fren Pabucu Makarası","EYD 075059 Ford Cargo SAF Dorse Krone Dorse Kögel Dorse... | Frenciniz","EYD 075059 Ford Cargo SAF Dorse Krone Dorse Kögel Dorse Fren Pabucu Makarası icin stok, fiyat ve uyumluluk teyidi. Uygunluk adaylari: SAF dorse dingili, SAF...","EYD 075059 Ford Cargo SAF Dorse Krone Dorse Kögel Dorse Fren Pabucu Makarası","SAF dorse dingili Fren Pabucu | SAF dorse dingili EYD 075059 | EYD 075059 Fren Pabucu | Ford Cargo SAF Dorse Krone Dorse Kögel Dorse Fren Pabucu Makarası","https://www.frenciniz.com/urun/454/eyd-075059-ford-cargo-saf-dorse-krone-dorse-kogel-dorse-fren-pabucu-makarasi-ekersan","","1","145.2"
"455","Sensör","EF-1729793","","","","no","Scania P G R Sensör Arka","EF-1729793 ABS Sensoru Scania P G R Sensör Arka","EF-1729793 ABS Sensoru Scania P G R Sensör Arka | Frenciniz","EF-1729793 ABS Sensoru Scania P G R Sensör Arka icin stok, fiyat ve uyumluluk teyidi. Uygunluk adaylari: Scania P/G/R serisi, Scania P serisi, Scania G420....","EF-1729793 ABS Sensoru Scania P G R Sensör Arka","Scania P/G/R serisi Sensör | Scania P/G/R serisi EF-1729793 | EF-1729793 Sensör | Scania P G R Sensör Arka","https://www.frenciniz.com/urun/455/ef-1729793-abs-sensoru-scania-p-g-r-sensor-arka-ekersan","","7","792"
"456","Süspansiyon Körüğü","FT 34813-K","","","","no","Ford Cargo Krone Dorse Kögel Dorse Süspansiyon Körüğü FT 34813-K","Ford Cargo Krone Dorse Kögel Dorse Süspansiyon Körüğü FT 34813-K","Ford Cargo Krone Dorse Kögel Dorse Süspansiyon Körüğü FT... | Frenciniz","Ford Cargo Krone Dorse Kögel Dorse Süspansiyon Körüğü FT 34813-K icin stok, fiyat ve uyumluluk teyidi. Uygunluk adaylari: Tır / çekici, Krone dorse, Kögel dorse....","Ford Cargo Krone Dorse Kögel Dorse Süspansiyon Körüğü FT 34813-K","Dorse Süspansiyon Körüğü | Dorse FT 34813-K | FT 34813-K Süspansiyon Körüğü","https://www.frenciniz.com/urun/456/ford-cargo-krone-dorse-kogel-dorse-suspansiyon-korugu-ft-34813-k-ekersan","","55","2178"
"457","ABS Sensörü/Modülü/Kablo","EF-81.271206176","","","","no","MAN TGA TGS TGX TGM Ford Cargo Krone Dorse ABS Sensörü ABS'li Sağ EF-81.271206176","MAN TGA TGS TGX TGM Ford Cargo Krone Dorse ABS Sensörü ABS'li Sağ EF-81.271206176","MAN TGA TGS TGX TGM Ford Cargo Krone Dorse ABS Sensörü... | Frenciniz","MAN TGA TGS TGX TGM Ford Cargo Krone Dorse ABS Sensörü ABS'li Sağ EF-81.271206176 icin stok, fiyat ve uyumluluk teyidi. Uygunluk adaylari: MAN ağır vasıta, WABCO...","MAN TGA TGS TGX TGM Ford Cargo Krone Dorse ABS Sensörü ABS'li Sağ EF-81.271206176","MAN ağır vasıta ABS Sensörü/Modülü/Kablo | MAN ağır vasıta EF-81.271206176 | EF-81.271206176 ABS Sensörü/Modülü/Kablo","https://www.frenciniz.com/urun/457/man-tga-tgs-tgx-tgm-ford-cargo-krone-dorse-abs-sensoru-abs-li-sag-ef-81-271206176-ekersan","","19","726"
"458","ABS Sensörü/Modülü/Kablo","EF-81.271206177","","","","no","MAN TGA TGS TGX TGM Ford Cargo Krone Dorse ABS Sensörü ABS'li Sol EF-81.271206177","MAN TGA TGS TGX TGM Ford Cargo Krone Dorse ABS Sensörü ABS'li Sol EF-81.271206177","MAN TGA TGS TGX TGM Ford Cargo Krone Dorse ABS Sensörü... | Frenciniz","MAN TGA TGS TGX TGM Ford Cargo Krone Dorse ABS Sensörü ABS'li Sol EF-81.271206177 icin stok, fiyat ve uyumluluk teyidi. Uygunluk adaylari: MAN ağır vasıta, WABCO...","MAN TGA TGS TGX TGM Ford Cargo Krone Dorse ABS Sensörü ABS'li Sol EF-81.271206177","MAN ağır vasıta ABS Sensörü/Modülü/Kablo | MAN ağır vasıta EF-81.271206177 | EF-81.271206177 ABS Sensörü/Modülü/Kablo","https://www.frenciniz.com/urun/458/man-tga-tgs-tgx-tgm-ford-cargo-krone-dorse-abs-sensoru-abs-li-sol-ef-81-271206177-ekersan","","19","726"
"459","Süspansiyon Körüğü","FT 34881","","","","no","Ford Cargo Krone Dorse Kögel Dorse Süspansiyon Körüğü FT 34881","Ford Cargo Krone Dorse Kögel Dorse Süspansiyon Körüğü FT 34881","Ford Cargo Krone Dorse Kögel Dorse Süspansiyon Körüğü FT 34881 | Frenciniz","Ford Cargo Krone Dorse Kögel Dorse Süspansiyon Körüğü FT 34881 icin stok, fiyat ve uyumluluk teyidi. Uygunluk adaylari: Dorse / treyler, Ağır vasıta dorse...","Ford Cargo Krone Dorse Kögel Dorse Süspansiyon Körüğü FT 34881","Dorse / treyler Süspansiyon Körüğü | Dorse / treyler FT 34881 | FT 34881 Süspansiyon Körüğü","https://www.frenciniz.com/urun/459/ford-cargo-krone-dorse-kogel-dorse-suspansiyon-korugu-ft-34881-ekersan","","79","1782"
"460","Fren Körüğü","ARF 16/24 D/P - R","23.616.24.63","","","no","Ford Cargo Krone Dorse Kögel Dorse 16/24 D/P İmdatlı Fren Körüğü Disk Tipi Sağ","23.616.24.63 Ford Cargo Krone Dorse Kögel Dorse 16/24 D/P İmdatlı Fren Körüğü Disk Tipi Sağ","23.616.24.63 Ford Cargo Krone Dorse Kögel Dorse 16/24 D/P... | Frenciniz","23.616.24.63 Ford Cargo Krone Dorse Kögel Dorse 16/24 D/P İmdatlı Fren Körüğü Disk Tipi Sağ icin stok, fiyat ve uyumluluk teyidi. Uygunluk adaylari: Disk fren...","23.616.24.63 Ford Cargo Krone Dorse Kögel Dorse 16/24 D/P İmdatlı Fren Körüğü Disk Tipi Sağ","Disk fren imdatlı fren körüğü Fren Körüğü | Disk fren imdatlı fren körüğü 23.616.24.63 | 23.616.24.63 Fren Körüğü | ARF 16/24 D/P - R Fren Körüğü | Ford Cargo Krone Dorse Kögel Dorse 16/24 D/P İmdatlı Fren Körüğü Disk Tipi Sağ","https://www.frenciniz.com/urun/460/23-616-24-63-ford-cargo-krone-dorse-kogel-dorse-16-24-d-p-imdatli-fren-korugu-disk-tipi-sag","","43","5940"
"461","Burç / Muylu","EYD 301 05-2","","","","no","Ford Cargo BPW Dorse Krone Dorse Kögel Dorse 45 Lik Burç Muylu Makarası","EYD 301 05-2 Ford Cargo BPW Dorse Krone Dorse Kögel Dorse 45 Lik Burç Muylu Makarası","EYD 301 05-2 Ford Cargo BPW Dorse Krone Dorse Kögel Dorse... | Frenciniz","EYD 301 05-2 Ford Cargo BPW Dorse Krone Dorse Kögel Dorse 45 Lik Burç Muylu Makarası icin stok, fiyat ve uyumluluk teyidi. Uygunluk adaylari: BPW dorse dingili...","EYD 301 05-2 Ford Cargo BPW Dorse Krone Dorse Kögel Dorse 45 Lik Burç Muylu Makarası","BPW dorse dingili Burç / Muylu | BPW dorse dingili EYD 301 05-2 | EYD 301 05-2 Burç / Muylu | Ford Cargo BPW Dorse Krone Dorse Kögel Dorse 45 Lik Burç Muylu Makarası","https://www.frenciniz.com/urun/461/eyd-301-05-2-burc-muylu-ford-cargo-bpw-dorse-krone-dorse-kogel-dorse-45-lik-burc-muylu-makarasi","","2838","231"
"462","Fren Körüğü","ARF 24 SFK D - L","01.124.00.08","","","no","Ford Cargo SAF Dorse Krone Dorse Kögel Dorse 24 Lük İmdatlı Fren Körüğü Sol","01.124.00.08 Ford Cargo SAF Dorse Krone Dorse Kögel Dorse 24 Lük İmdatlı Fren Körüğü Sol","01.124.00.08 Ford Cargo SAF Dorse Krone Dorse Kögel Dorse... | Frenciniz","01.124.00.08 Ford Cargo SAF Dorse Krone Dorse Kögel Dorse 24 Lük İmdatlı Fren Körüğü Sol icin stok, fiyat ve uyumluluk teyidi. Uygunluk adaylari: SAF dorse...","01.124.00.08 Ford Cargo SAF Dorse Krone Dorse Kögel Dorse 24 Lük İmdatlı Fren Körüğü Sol","SAF dorse dingili Fren Körüğü | SAF dorse dingili 01.124.00.08 | 01.124.00.08 Fren Körüğü | ARF 24 SFK D - L Fren Körüğü | Ford Cargo SAF Dorse Krone Dorse Kögel Dorse 24 Lük İmdatlı Fren Körüğü Sol","https://www.frenciniz.com/urun/462/01-124-00-08-ford-cargo-saf-dorse-krone-dorse-kogel-dorse-24-luk-imdatli-fren-korugu-sol-ekersan","","41","1980"
"463","ABS Sensörü/Modülü/Kablo","EF-4410321930","","","","no","Mercedes Actros Arocs Ford Cargo Krone Dorse ABS Sensörü ABS'li","EF-4410321930 Mercedes Actros Arocs Ford Cargo Krone Dorse ABS Sensörü ABS'li","EF-4410321930 Mercedes Actros Arocs Ford Cargo Krone Dorse... | Frenciniz","EF-4410321930 Mercedes Actros Arocs Ford Cargo Krone Dorse ABS Sensörü ABS'li icin stok, fiyat ve uyumluluk teyidi. Uygunluk adaylari: Mercedes-Benz Actros...","EF-4410321930 Mercedes Actros Arocs Ford Cargo Krone Dorse ABS Sensörü ABS'li","Mercedes-Benz Actros ABS Sensörü/Modülü/Kablo | Mercedes-Benz Actros EF-4410321930 | EF-4410321930 ABS Sensörü/Modülü/Kablo | Mercedes Actros Arocs Ford Cargo Krone Dorse ABS Sensörü ABS'li","https://www.frenciniz.com/urun/463/ef-4410321930-mercedes-actros-arocs-ford-cargo-krone-dorse-abs-sensoru-abs-li-ekersan","","23","792"
"464","Fren Körüğü","ARF 20 SFK D - R","01.120.00.93","","","no","Ford Cargo SAF Dorse Krone Dorse Kögel Dorse 20 Lik İmdatlı Fren Körüğü Sağ","01.120.00.93 Ford Cargo SAF Dorse Krone Dorse Kögel Dorse 20 Lik İmdatlı Fren Körüğü Sağ","01.120.00.93 Ford Cargo SAF Dorse Krone Dorse Kögel Dorse... | Frenciniz","01.120.00.93 Ford Cargo SAF Dorse Krone Dorse Kögel Dorse 20 Lik İmdatlı Fren Körüğü Sağ icin stok, fiyat ve uyumluluk teyidi. Uygunluk adaylari: SAF dorse...","01.120.00.93 Ford Cargo SAF Dorse Krone Dorse Kögel Dorse 20 Lik İmdatlı Fren Körüğü Sağ","SAF dorse dingili Fren Körüğü | SAF dorse dingili 01.120.00.93 | 01.120.00.93 Fren Körüğü | ARF 20 SFK D - R Fren Körüğü | Ford Cargo SAF Dorse Krone Dorse Kögel Dorse 20 Lik İmdatlı Fren Körüğü Sağ","https://www.frenciniz.com/urun/464/01-120-00-93-ford-cargo-saf-dorse-krone-dorse-kogel-dorse-20-lik-imdatli-fren-korugu-sag-ekersan","","57","1980"
"465","Fren Körüğü","ARF 30/30 D/P- K","23.730.30.06","","","no","Ford Cargo Krone Dorse Kögel Dorse 30/30 D/P İmdatlı Fren Körüğü Disk Tipi Kampana Tipi","23.730.30.06 Ford Cargo Krone Dorse Kögel Dorse 30/30 D/P İmdatlı Fren Körüğü Disk Tipi Kampana Tipi","23.730.30.06 Ford Cargo Krone Dorse Kögel Dorse 30/30 D/P... | Frenciniz","23.730.30.06 Ford Cargo Krone Dorse Kögel Dorse 30/30 D/P İmdatlı Fren Körüğü Disk Tipi Kampana Tipi icin stok, fiyat ve uyumluluk teyidi. Uygunluk adaylari:...","23.730.30.06 Ford Cargo Krone Dorse Kögel Dorse 30/30 D/P İmdatlı Fren Körüğü Disk Tipi Kampana Tipi","Disk fren imdatlı fren körüğü Fren Körüğü | Disk fren imdatlı fren körüğü 23.730.30.06 | 23.730.30.06 Fren Körüğü | ARF 30/30 D/P- K Fren Körüğü | Ford Cargo Krone Dorse Kögel Dorse 30/30 D/P İmdatlı Fren Körüğü Disk Tipi Kampana Tipi","https://www.frenciniz.com/urun/465/23-730-30-06-ford-cargo-krone-dorse-kogel-dorse-30-30-d-p-imdatli-fren-korugu-disk-tipi-kampana","","94","6270"
"466","Fren Körüğü","ARF 24/24 D/P- K","23.724.24.158","","","no","Ford Cargo Krone Dorse Kögel Dorse 24/24 D/P İmdatlı Fren Körüğü Disk Tipi Kampana Tipi","23.724.24.158 Ford Cargo Krone Dorse Kögel Dorse 24/24 D/P İmdatlı Fren Körüğü Disk Tipi Kampana Tipi","23.724.24.158 Ford Cargo Krone Dorse Kögel Dorse 24/24 D/P... | Frenciniz","23.724.24.158 Ford Cargo Krone Dorse Kögel Dorse 24/24 D/P İmdatlı Fren Körüğü Disk Tipi Kampana Tipi icin stok, fiyat ve uyumluluk teyidi. Uygunluk adaylari:...","23.724.24.158 Ford Cargo Krone Dorse Kögel Dorse 24/24 D/P İmdatlı Fren Körüğü Disk Tipi Kampana Tipi","Disk fren imdatlı fren körüğü Fren Körüğü | Disk fren imdatlı fren körüğü 23.724.24.158 | 23.724.24.158 Fren Körüğü | ARF 24/24 D/P- K Fren Körüğü | Ford Cargo Krone Dorse Kögel Dorse 24/24 D/P İmdatlı Fren Körüğü Disk Tipi Kampana Tipi","https://www.frenciniz.com/urun/466/23-724-24-158-ford-cargo-krone-dorse-kogel-dorse-24-24-d-p-imdatli-fren-korugu-disk-tipi","","23","6270"
"467","Fren Körüğü","ARF 24/24 D/P","23.624.24.22","","","no","Ford Cargo Krone Dorse Kögel Dorse 24/24 D/P İmdatlı Fren Körüğü Disk Tipi","23.624.24.22 Ford Cargo Krone Dorse Kögel Dorse 24/24 D/P İmdatlı Fren Körüğü Disk Tipi","23.624.24.22 Ford Cargo Krone Dorse Kögel Dorse 24/24 D/P... | Frenciniz","23.624.24.22 Ford Cargo Krone Dorse Kögel Dorse 24/24 D/P İmdatlı Fren Körüğü Disk Tipi icin stok, fiyat ve uyumluluk teyidi. Uygunluk adaylari: Disk fren...","23.624.24.22 Ford Cargo Krone Dorse Kögel Dorse 24/24 D/P İmdatlı Fren Körüğü Disk Tipi","Disk fren imdatlı fren körüğü Fren Körüğü | Disk fren imdatlı fren körüğü 23.624.24.22 | 23.624.24.22 Fren Körüğü | ARF 24/24 D/P Fren Körüğü | Ford Cargo Krone Dorse Kögel Dorse 24/24 D/P İmdatlı Fren Körüğü Disk Tipi","https://www.frenciniz.com/urun/467/23-624-24-22-ford-cargo-krone-dorse-kogel-dorse-24-24-d-p-imdatli-fren-korugu-disk-tipi-ekersan","","11","5940"
"468","Fren Körüğü","ARF 20/24 D/P","30.620.24.09 - 30.620.24.08 - 23.620.24.42","","","no","Ford Cargo Krone Dorse Kögel Dorse 20/24 D/P İmdatlı Fren Körüğü Disk Tipi","30.620.24.09 Ford Cargo Krone Dorse Kögel Dorse 20/24 D/P İmdatlı Fren Körüğü Disk Tipi","30.620.24.09 Ford Cargo Krone Dorse Kögel Dorse 20/24 D/P... | Frenciniz","30.620.24.09 Ford Cargo Krone Dorse Kögel Dorse 20/24 D/P İmdatlı Fren Körüğü Disk Tipi icin stok, fiyat ve uyumluluk teyidi. Uygunluk adaylari: Disk fren...","30.620.24.09 Ford Cargo Krone Dorse Kögel Dorse 20/24 D/P İmdatlı Fren Körüğü Disk Tipi","Disk fren imdatlı fren körüğü Fren Körüğü | Disk fren imdatlı fren körüğü 30.620.24.09 | 30.620.24.09 Fren Körüğü | ARF 20/24 D/P Fren Körüğü | Ford Cargo Krone Dorse Kögel Dorse 20/24 D/P İmdatlı Fren Körüğü Disk Tipi","https://www.frenciniz.com/urun/468/30-620-24-09-ford-cargo-krone-dorse-kogel-dorse-20-24-d-p-imdatli-fren-korugu-disk-tipi-ekersan","","106","5940"
"469","Fren Körüğü","ARF 16/24 D/P - L","23.616.24.62","","","no","Ford Cargo Krone Dorse Kögel Dorse 16/24 D/P İmdatlı Fren Körüğü Disk Tipi Sol ARF 16/24 D/P - L","23.616.24.62 Ford Cargo Krone Dorse Kögel Dorse 16/24 D/P İmdatlı Fren Körüğü Disk Tipi Sol ARF 16/24 D/P - L","23.616.24.62 Ford Cargo Krone Dorse Kögel Dorse 16/24 D/P... | Frenciniz","23.616.24.62 Ford Cargo Krone Dorse Kögel Dorse 16/24 D/P İmdatlı Fren Körüğü Disk Tipi Sol ARF 16/24 D/P - L icin stok, fiyat ve uyumluluk teyidi. Uygunluk...","23.616.24.62 Ford Cargo Krone Dorse Kögel Dorse 16/24 D/P İmdatlı Fren Körüğü Disk Tipi Sol ARF 16/24 D/P - L","Disk fren imdatlı fren körüğü Fren Körüğü | Disk fren imdatlı fren körüğü 23.616.24.62 | 23.616.24.62 Fren Körüğü | ARF 16/24 D/P - L Fren Körüğü | Ford Cargo Krone Dorse Kögel Dorse 16/24 D/P İmdatlı Fren Körüğü Disk Tipi Sol ARF 16/24 D/P - L","https://www.frenciniz.com/urun/469/23-616-24-62-ford-cargo-krone-dorse-kogel-dorse-16-24-d-p-imdatli-fren-korugu-disk-tipi-sol-arf","","58","5940"
"470","Fren Körüğü","ARF 20 SFK D - L","01.120.00.92","","","no","Ford Cargo SAF Dorse Krone Dorse Kögel Dorse 20 Lik İmdatlı Fren Körüğü Sol","01.120.00.92 Ford Cargo SAF Dorse Krone Dorse Kögel Dorse 20 Lik İmdatlı Fren Körüğü Sol","01.120.00.92 Ford Cargo SAF Dorse Krone Dorse Kögel Dorse... | Frenciniz","01.120.00.92 Ford Cargo SAF Dorse Krone Dorse Kögel Dorse 20 Lik İmdatlı Fren Körüğü Sol icin stok, fiyat ve uyumluluk teyidi. Uygunluk adaylari: SAF dorse...","01.120.00.92 Ford Cargo SAF Dorse Krone Dorse Kögel Dorse 20 Lik İmdatlı Fren Körüğü Sol","SAF dorse dingili Fren Körüğü | SAF dorse dingili 01.120.00.92 | 01.120.00.92 Fren Körüğü | ARF 20 SFK D - L Fren Körüğü | Ford Cargo SAF Dorse Krone Dorse Kögel Dorse 20 Lik İmdatlı Fren Körüğü Sol","https://www.frenciniz.com/urun/470/01-120-00-92-ford-cargo-saf-dorse-krone-dorse-kogel-dorse-20-lik-imdatli-fren-korugu-sol-ekersan","","57","1980"
"471","Fren Körüğü","ARF 24 SFK D - R","01.124.00.07","","","no","Ford Cargo SAF Dorse Krone Dorse Kögel Dorse 24 Lük İmdatlı Fren Körüğü Sağ","01.124.00.07 Ford Cargo SAF Dorse Krone Dorse Kögel Dorse 24 Lük İmdatlı Fren Körüğü Sağ","01.124.00.07 Ford Cargo SAF Dorse Krone Dorse Kögel Dorse... | Frenciniz","01.124.00.07 Ford Cargo SAF Dorse Krone Dorse Kögel Dorse 24 Lük İmdatlı Fren Körüğü Sağ icin stok, fiyat ve uyumluluk teyidi. Uygunluk adaylari: SAF dorse...","01.124.00.07 Ford Cargo SAF Dorse Krone Dorse Kögel Dorse 24 Lük İmdatlı Fren Körüğü Sağ","SAF dorse dingili Fren Körüğü | SAF dorse dingili 01.124.00.07 | 01.124.00.07 Fren Körüğü | ARF 24 SFK D - R Fren Körüğü | Ford Cargo SAF Dorse Krone Dorse Kögel Dorse 24 Lük İmdatlı Fren Körüğü Sağ","https://www.frenciniz.com/urun/471/01-124-00-07-ford-cargo-saf-dorse-krone-dorse-kogel-dorse-24-luk-imdatli-fren-korugu-sag-ekersan","","41","1980"
"472","ABS Sensörü/Modülü/Kablo","EF-4410323970","0075422118","","","no","Mercedes Actros Arocs Ford Cargo Krone Dorse ABS Sensörü ABS'li Sol Arka","0075422118 Mercedes Actros Arocs Ford Cargo Krone Dorse ABS Sensörü ABS'li Sol Arka","0075422118 Mercedes Actros Arocs Ford Cargo Krone Dorse... | Frenciniz","0075422118 Mercedes Actros Arocs Ford Cargo Krone Dorse ABS Sensörü ABS'li Sol Arka icin stok, fiyat ve uyumluluk teyidi. Uygunluk adaylari: Mercedes-Benz...","0075422118 Mercedes Actros Arocs Ford Cargo Krone Dorse ABS Sensörü ABS'li Sol Arka","Mercedes-Benz Actros ABS Sensörü/Modülü/Kablo | Mercedes-Benz Actros 0075422118 | 0075422118 ABS Sensörü/Modülü/Kablo | EF-4410323970 ABS Sensörü/Modülü/Kablo | Mercedes Actros Arocs Ford Cargo Krone Dorse ABS Sensörü ABS'li Sol Arka","https://www.frenciniz.com/urun/472/0075422118-mercedes-actros-arocs-ford-cargo-krone-dorse-abs-sensoru-abs-li-sol-arka-ekersan","","24","792"
"473","ABS Sensörü/Modülü/Kablo","EF-4410323960","0075422018","","","no","Mercedes Actros Arocs Ford Cargo Krone Dorse ABS Sensörü ABS'li Sağ Arka","0075422018 Mercedes Actros Arocs Ford Cargo Krone Dorse ABS Sensörü ABS'li Sağ Arka","0075422018 Mercedes Actros Arocs Ford Cargo Krone Dorse... | Frenciniz","0075422018 Mercedes Actros Arocs Ford Cargo Krone Dorse ABS Sensörü ABS'li Sağ Arka icin stok, fiyat ve uyumluluk teyidi. Uygunluk adaylari: Mercedes-Benz...","0075422018 Mercedes Actros Arocs Ford Cargo Krone Dorse ABS Sensörü ABS'li Sağ Arka","Mercedes-Benz Actros ABS Sensörü/Modülü/Kablo | Mercedes-Benz Actros 0075422018 | 0075422018 ABS Sensörü/Modülü/Kablo | EF-4410323960 ABS Sensörü/Modülü/Kablo | Mercedes Actros Arocs Ford Cargo Krone Dorse ABS Sensörü ABS'li Sağ Arka","https://www.frenciniz.com/urun/473/0075422018-mercedes-actros-arocs-ford-cargo-krone-dorse-abs-sensoru-abs-li-sag-arka-ekersan","","19","792"
"474","ABS Sensörü/Modülü/Kablo","EF-4410325730","","","","no","Ford Cargo Krone Dorse Kögel Dorse ABS Sensörü ABS'li EF-4410325730","Ford Cargo Krone Dorse Kögel Dorse ABS Sensörü ABS'li EF-4410325730","Ford Cargo Krone Dorse Kögel Dorse ABS Sensörü ABS'li... | Frenciniz","Ford Cargo Krone Dorse Kögel Dorse ABS Sensörü ABS'li EF-4410325730 icin stok, fiyat ve uyumluluk teyidi. Uygunluk adaylari: WABCO ABS/EBS sistemi, Dorse EBS...","Ford Cargo Krone Dorse Kögel Dorse ABS Sensörü ABS'li EF-4410325730","WABCO ABS/EBS sistemi ABS Sensörü/Modülü/Kablo | WABCO ABS/EBS sistemi EF-4410325730 | EF-4410325730 ABS Sensörü/Modülü/Kablo","https://www.frenciniz.com/urun/474/ford-cargo-krone-dorse-kogel-dorse-abs-sensoru-abs-li-ef-4410325730-ekersan","","229","580.8"
"475","Fren Kampanası","EF-4410328480","","","","no","Ford Cargo Krone Dorse Kögel Dorse Fren Kampanası ABS'li EF-4410328480","Ford Cargo Krone Dorse Kögel Dorse Fren Kampanası ABS'li EF-4410328480","Ford Cargo Krone Dorse Kögel Dorse Fren Kampanası ABS'li... | Frenciniz","Ford Cargo Krone Dorse Kögel Dorse Fren Kampanası ABS'li EF-4410328480 icin stok, fiyat ve uyumluluk teyidi. Uygunluk adaylari: WABCO ABS/EBS sistemi, Dorse EBS...","Ford Cargo Krone Dorse Kögel Dorse Fren Kampanası ABS'li EF-4410328480","WABCO ABS/EBS sistemi Fren Kampanası | WABCO ABS/EBS sistemi EF-4410328480 | EF-4410328480 Fren Kampanası","https://www.frenciniz.com/urun/475/ford-cargo-krone-dorse-kogel-dorse-fren-kampanasi-abs-li-ef-4410328480-ekersan","","37","693"
"476","ABS Sensörü/Modülü/Kablo","EF-4497120400","4497120380","","","no","Ford Cargo Krone Dorse Kögel Dorse ABS Sensörü ABS'li E.M.","4497120380 Ford Cargo Krone Dorse Kögel Dorse ABS Sensörü ABS'li E.M.","4497120380 Ford Cargo Krone Dorse Kögel Dorse ABS Sensörü... | Frenciniz","4497120380 Ford Cargo Krone Dorse Kögel Dorse ABS Sensörü ABS'li E.M. icin stok, fiyat ve uyumluluk teyidi. Uygunluk adaylari: WABCO ABS/EBS sistemi, Dorse EBS...","4497120380 Ford Cargo Krone Dorse Kögel Dorse ABS Sensörü ABS'li E.M.","WABCO ABS/EBS sistemi ABS Sensörü/Modülü/Kablo | WABCO ABS/EBS sistemi 4497120380 | 4497120380 ABS Sensörü/Modülü/Kablo | EF-4497120400 ABS Sensörü/Modülü/Kablo | Ford Cargo Krone Dorse Kögel Dorse ABS Sensörü ABS'li E.M.","https://www.frenciniz.com/urun/476/4497120380-ford-cargo-krone-dorse-kogel-dorse-abs-sensoru-abs-li-e-m-ekersan","","35","653.4"
"477","Porya","ESP.16.14.01","03.272.62.27.0 - 03.272.62.19.0 - 03.272.62.20.0","","","no","Ford Cargo BPW Dorse Krone Dorse Kögel Dorse Porya ESP.16.14.01","03.272.62.27.0 Ford Cargo BPW Dorse Krone Dorse Kögel Dorse Porya ESP.16.14.01","03.272.62.27.0 Ford Cargo BPW Dorse Krone Dorse Kögel... | Frenciniz","03.272.62.27.0 Ford Cargo BPW Dorse Krone Dorse Kögel Dorse Porya ESP.16.14.01 icin stok, fiyat ve uyumluluk teyidi. Uygunluk adaylari: BPW dorse dingili, BPW...","03.272.62.27.0 Ford Cargo BPW Dorse Krone Dorse Kögel Dorse Porya ESP.16.14.01","BPW dorse dingili Porya | BPW dorse dingili 03.272.62.27.0 | 03.272.62.27.0 Porya | ESP.16.14.01 Porya | Ford Cargo BPW Dorse Krone Dorse Kögel Dorse Porya ESP.16.14.01","https://www.frenciniz.com/urun/477/03-272-62-27-0-ford-cargo-bpw-dorse-krone-dorse-kogel-dorse-porya-esp-16-14-01-ekersan","","1","7893.6"
"478","Porya","ESP.08.11","DC461106 (YENİ ÜRÜN)","","","no","Ford Cargo Porya Ön ESP.08.11","DC461106 (YENİ ÜRÜN) Ford Cargo Porya Ön ESP.08.11","DC461106 (YENİ ÜRÜN) Ford Cargo Porya Ön ESP.08.11 | Frenciniz","DC461106 (YENİ ÜRÜN) Ford Cargo Porya Ön ESP.08.11 icin stok, fiyat ve uyumluluk teyidi. Uygunluk adaylari: Ford Cargo, Ford Cargo 1846, Ford Cargo 3230....","DC461106 (YENİ ÜRÜN) Ford Cargo Porya Ön ESP.08.11","Ford Cargo Porya | Ford Cargo DC461106 (YENİ ÜRÜN) | DC461106 (YENİ ÜRÜN) Porya | ESP.08.11 Porya | Ford Cargo Porya Ön ESP.08.11","https://www.frenciniz.com/urun/478/dc461106-yeni-urun-ford-cargo-porya-on-esp-08-11-ekersan","","2","8500.8"
"479","Fren Balatası","PWR-K006","19487","","","no","Mercedes Axor Actros MAN TGA TGS TGX TGM Fren Balatası 18 Lik","19487 Mercedes Axor Actros MAN TGA TGS TGX TGM Fren Balatası 18 Lik","19487 Mercedes Axor Actros MAN TGA TGS TGX TGM Fren... | Frenciniz","19487 Mercedes Axor Actros MAN TGA TGS TGX TGM Fren Balatası 18 Lik icin stok, fiyat ve uyumluluk teyidi. Uygunluk adaylari: MAN ağır vasıta, Mercedes-Benz...","19487 Mercedes Axor Actros MAN TGA TGS TGX TGM Fren Balatası 18 Lik","MAN ağır vasıta Fren Balatası | MAN ağır vasıta 19487 | 19487 Fren Balatası | PWR-K006 Fren Balatası | Mercedes Axor Actros MAN TGA TGS TGX TGM Fren Balatası 18 Lik","https://www.frenciniz.com/urun/479/19487-mercedes-axor-actros-man-tga-tgs-tgx-tgm-fren-balatasi-18-lik-ekersan","","180","1122"
"480","Fren Balatası","PWR-K005","19921","","","no","Ford Cargo Fren Balatası","19921 Ford Cargo Fren Balatası","19921 Ford Cargo Fren Balatası | Frenciniz","19921 Ford Cargo Fren Balatası icin stok, fiyat ve uyumluluk teyidi. Uygunluk adaylari: Ford Cargo, Ford Cargo 1846, Ford Cargo 3230. OEM/SKU: 19921. Stokta...","19921 Ford Cargo Fren Balatası","Ford Cargo Fren Balatası | Ford Cargo 19921 | 19921 Fren Balatası | PWR-K005 Fren Balatası","https://www.frenciniz.com/urun/480/19921-ford-cargo-fren-balatasi-ekersan","","96","1261.92"
"481","Fren Balatası","PWR-K004","19488","","","no","Mercedes Axor Actros MAN TGA TGS TGX TGM Fren Balatası 22 Lik","19488 Mercedes Axor Actros MAN TGA TGS TGX TGM Fren Balatası 22 Lik","19488 Mercedes Axor Actros MAN TGA TGS TGX TGM Fren... | Frenciniz","19488 Mercedes Axor Actros MAN TGA TGS TGX TGM Fren Balatası 22 Lik icin stok, fiyat ve uyumluluk teyidi. Uygunluk adaylari: MAN ağır vasıta, Mercedes-Benz...","19488 Mercedes Axor Actros MAN TGA TGS TGX TGM Fren Balatası 22 Lik","MAN ağır vasıta Fren Balatası | MAN ağır vasıta 19488 | 19488 Fren Balatası | PWR-K004 Fren Balatası | Mercedes Axor Actros MAN TGA TGS TGX TGM Fren Balatası 22 Lik","https://www.frenciniz.com/urun/481/19488-mercedes-axor-actros-man-tga-tgs-tgx-tgm-fren-balatasi-22-lik-ekersan","","228","1295.71"
"482","Fren Balatası","PWR-K003","19071 - 19939","","","no","Ford Cargo Krone Dorse Kögel Dorse Fren Balatası","19071 Ford Cargo Krone Dorse Kögel Dorse Fren Balatası","19071 Ford Cargo Krone Dorse Kögel Dorse Fren Balatası | Frenciniz","19071 Ford Cargo Krone Dorse Kögel Dorse Fren Balatası icin stok, fiyat ve uyumluluk teyidi. Uygunluk adaylari: Tır / çekici, Krone dorse, Kögel dorse. OEM/SKU:...","19071 Ford Cargo Krone Dorse Kögel Dorse Fren Balatası","Kamyon Fren Balatası | Kamyon 19071 | 19071 Fren Balatası | PWR-K003 Fren Balatası | Ford Cargo Krone Dorse Kögel Dorse Fren Balatası","https://www.frenciniz.com/urun/482/19071-ford-cargo-krone-dorse-kogel-dorse-fren-balatasi-ekersan","","150","1158.7"
"483","Fren Balatası","PWR-K002","19032","","","no","Ford Cargo BPW Dorse Krone Dorse Kögel Dorse Fren Balatası PWR-K002","19032 Ford Cargo BPW Dorse Krone Dorse Kögel Dorse Fren Balatası PWR-K002","19032 Ford Cargo BPW Dorse Krone Dorse Kögel Dorse Fren... | Frenciniz","19032 Ford Cargo BPW Dorse Krone Dorse Kögel Dorse Fren Balatası PWR-K002 icin stok, fiyat ve uyumluluk teyidi. Uygunluk adaylari: BPW dorse dingili, BPW ECOPlus...","19032 Ford Cargo BPW Dorse Krone Dorse Kögel Dorse Fren Balatası PWR-K002","BPW dorse dingili Fren Balatası | BPW dorse dingili 19032 | 19032 Fren Balatası | PWR-K002 Fren Balatası | Ford Cargo BPW Dorse Krone Dorse Kögel Dorse Fren Balatası PWR-K002","https://www.frenciniz.com/urun/483/19032-ford-cargo-bpw-dorse-krone-dorse-kogel-dorse-fren-balatasi-pwr-k002-ekersan","","171","1210.31"
"484","Fren Balatası","PWR-K001","19094","","","no","Ford Cargo BPW Dorse Krone Dorse Kögel Dorse Fren Balatası PWR-K001","19094 Ford Cargo BPW Dorse Krone Dorse Kögel Dorse Fren Balatası PWR-K001","19094 Ford Cargo BPW Dorse Krone Dorse Kögel Dorse Fren... | Frenciniz","19094 Ford Cargo BPW Dorse Krone Dorse Kögel Dorse Fren Balatası PWR-K001 icin stok, fiyat ve uyumluluk teyidi. Uygunluk adaylari: BPW dorse dingili, BPW ECOPlus...","19094 Ford Cargo BPW Dorse Krone Dorse Kögel Dorse Fren Balatası PWR-K001","BPW dorse dingili Fren Balatası | BPW dorse dingili 19094 | 19094 Fren Balatası | PWR-K001 Fren Balatası | Ford Cargo BPW Dorse Krone Dorse Kögel Dorse Fren Balatası PWR-K001","https://www.frenciniz.com/urun/484/19094-ford-cargo-bpw-dorse-krone-dorse-kogel-dorse-fren-balatasi-pwr-k001-ekersan","","90","1261.92"
"485","Süspansiyon Körüğü","427003.S","515069174S , 09377003S","","","no","Ford Cargo Krone Dorse Kögel Dorse Süspansiyon Körüğü 427003.S","515069174S Ford Cargo Krone Dorse Kögel Dorse Süspansiyon Körüğü 427003.S","515069174S Ford Cargo Krone Dorse Kögel Dorse Süspansiyon... | Frenciniz","515069174S Ford Cargo Krone Dorse Kögel Dorse Süspansiyon Körüğü 427003.S icin stok, fiyat ve uyumluluk teyidi. Uygunluk adaylari: ROR dorse dingili, Meritor/ROR...","515069174S Ford Cargo Krone Dorse Kögel Dorse Süspansiyon Körüğü 427003.S","ROR dorse dingili Süspansiyon Körüğü | ROR dorse dingili 515069174S | 515069174S Süspansiyon Körüğü | 427003.S Süspansiyon Körüğü | Ford Cargo Krone Dorse Kögel Dorse Süspansiyon Körüğü 427003.S","https://www.frenciniz.com/urun/485/515069174s-ford-cargo-krone-dorse-kogel-dorse-suspansiyon-korugu-427003-s-ekersan","","57","2178"
"486","Süspansiyon Körüğü","427003.KP","515069174 , 09377003","","","no","Ford Cargo Krone Dorse Kögel Dorse Süspansiyon Körüğü 427003.KP","515069174 Ford Cargo Krone Dorse Kögel Dorse Süspansiyon Körüğü 427003.KP","515069174 Ford Cargo Krone Dorse Kögel Dorse Süspansiyon... | Frenciniz","515069174 Ford Cargo Krone Dorse Kögel Dorse Süspansiyon Körüğü 427003.KP icin stok, fiyat ve uyumluluk teyidi. Uygunluk adaylari: ROR dorse dingili, Meritor/ROR...","515069174 Ford Cargo Krone Dorse Kögel Dorse Süspansiyon Körüğü 427003.KP","ROR dorse dingili Süspansiyon Körüğü | ROR dorse dingili 515069174 | 515069174 Süspansiyon Körüğü | 427003.KP Süspansiyon Körüğü | Ford Cargo Krone Dorse Kögel Dorse Süspansiyon Körüğü 427003.KP","https://www.frenciniz.com/urun/486/515069174-ford-cargo-krone-dorse-kogel-dorse-suspansiyon-korugu-427003-kp-ekersan","","50","2904"
"487","Süspansiyon Körüğü","425832.CP","","","","no","Ford Cargo Süspansiyon Körüğü 425832.CP","Ford Cargo Süspansiyon Körüğü 425832.CP","Ford Cargo Süspansiyon Körüğü 425832.CP | Frenciniz","Ford Cargo Süspansiyon Körüğü 425832.CP icin stok, fiyat ve uyumluluk teyidi. Uygunluk adaylari: Ford Cargo, Ford Cargo 1846, Ford Cargo 3230. OEM/SKU:...","Ford Cargo Süspansiyon Körüğü 425832.CP","Ford Cargo Süspansiyon Körüğü | Ford Cargo 425832.CP | 425832.CP Süspansiyon Körüğü","https://www.frenciniz.com/urun/487/ford-cargo-suspansiyon-korugu-425832-cp-ekersan","","98","2904"
"488","Porya","ESP.30.04","","","","no","Ford Cargo Krone Dorse Kögel Dorse Porya 200 mm","ESP.30.04 Ford Cargo Krone Dorse Kögel Dorse Porya 200 mm","ESP.30.04 Ford Cargo Krone Dorse Kögel Dorse Porya 200 mm | Frenciniz","ESP.30.04 Ford Cargo Krone Dorse Kögel Dorse Porya 200 mm icin stok, fiyat ve uyumluluk teyidi. Uygunluk adaylari: Dorse / treyler, Ağır vasıta dorse dingili...","ESP.30.04 Ford Cargo Krone Dorse Kögel Dorse Porya 200 mm","Dorse / treyler Porya | Dorse / treyler ESP.30.04 | ESP.30.04 Porya | Ford Cargo Krone Dorse Kögel Dorse Porya 200 mm","https://www.frenciniz.com/urun/488/esp-30-04-ford-cargo-krone-dorse-kogel-dorse-porya-200-mm-ekersan","","3","6223.8"
"489","Porya","ESP.30.03","","","","no","Ford Cargo Krone Dorse Kögel Dorse Porya ESP.30.03","Ford Cargo Krone Dorse Kögel Dorse Porya ESP.30.03","Ford Cargo Krone Dorse Kögel Dorse Porya ESP.30.03 | Frenciniz","Ford Cargo Krone Dorse Kögel Dorse Porya ESP.30.03 icin stok, fiyat ve uyumluluk teyidi. Uygunluk adaylari: Dorse / treyler, Ağır vasıta dorse dingili, Yerel...","Ford Cargo Krone Dorse Kögel Dorse Porya ESP.30.03","Dorse / treyler Porya | Dorse / treyler ESP.30.03 | ESP.30.03 Porya","https://www.frenciniz.com/urun/489/ford-cargo-krone-dorse-kogel-dorse-porya-esp-30-03-ekersan","","1","5920.2"
"490","Porya","ESP.08.16","DC461106AF","","","no","Ford Cargo Porya ESP.08.16","DC461106AF Ford Cargo Porya ESP.08.16","DC461106AF Ford Cargo Porya ESP.08.16 | Frenciniz","DC461106AF Ford Cargo Porya ESP.08.16 icin stok, fiyat ve uyumluluk teyidi. Uygunluk adaylari: Ford Cargo, Ford Cargo 1846, Ford Cargo 3230. OEM/SKU: DC461106AF....","DC461106AF Ford Cargo Porya ESP.08.16","Ford Cargo Porya | Ford Cargo DC461106AF | DC461106AF Porya | ESP.08.16 Porya | Ford Cargo Porya ESP.08.16","https://www.frenciniz.com/urun/490/dc461106af-ford-cargo-porya-esp-08-16-ekersan","","1","8045.4"
"491","Bijon","EYD 92 07","","","","no","Ford Cargo Krone Dorse Kögel Dorse Bijon EYD 92 07","Ford Cargo Krone Dorse Kögel Dorse Bijon EYD 92 07","Ford Cargo Krone Dorse Kögel Dorse Bijon EYD 92 07 | Frenciniz","Ford Cargo Krone Dorse Kögel Dorse Bijon EYD 92 07 icin stok, fiyat ve uyumluluk teyidi. Uygunluk adaylari: Yerel dorse dingil grubu, Dorse / treyler, Ağır...","Ford Cargo Krone Dorse Kögel Dorse Bijon EYD 92 07","Yerel dorse dingil grubu Bijon | Yerel dorse dingil grubu EYD 92 07 | EYD 92 07 Bijon","https://www.frenciniz.com/urun/491/ford-cargo-krone-dorse-kogel-dorse-bijon-eyd-92-07-ekersan","","43","462"
"492","Bijon","EYD 92 06","","","","no","Ford Cargo Krone Dorse Kögel Dorse Bijon EYD 92 06","Ford Cargo Krone Dorse Kögel Dorse Bijon EYD 92 06","Ford Cargo Krone Dorse Kögel Dorse Bijon EYD 92 06 | Frenciniz","Ford Cargo Krone Dorse Kögel Dorse Bijon EYD 92 06 icin stok, fiyat ve uyumluluk teyidi. Uygunluk adaylari: Yerel dorse dingil grubu, Dorse / treyler, Ağır...","Ford Cargo Krone Dorse Kögel Dorse Bijon EYD 92 06","Yerel dorse dingil grubu Bijon | Yerel dorse dingil grubu EYD 92 06 | EYD 92 06 Bijon","https://www.frenciniz.com/urun/492/ford-cargo-krone-dorse-kogel-dorse-bijon-eyd-92-06-ekersan","","42","462"
"493","Porya","ESP.04.05","1391617, 1388906, 1818003, 2019853, 2120485","","","no","Volvo FH12 FM FL Scania P G R Porya","1391617 Volvo FH12 FM FL Scania P G R Porya","1391617 Volvo FH12 FM FL Scania P G R Porya | Frenciniz","1391617 Volvo FH12 FM FL Scania P G R Porya icin stok, fiyat ve uyumluluk teyidi. Uygunluk adaylari: Scania P/G/R serisi, Volvo FH/FM, Ağır vasıta porya / bijon...","1391617 Volvo FH12 FM FL Scania P G R Porya","Scania P/G/R serisi Porya | Scania P/G/R serisi 1391617 | 1391617 Porya | ESP.04.05 Porya | Volvo FH12 FM FL Scania P G R Porya","https://www.frenciniz.com/urun/493/1391617-volvo-fh12-fm-fl-scania-p-g-r-porya-ekersan","","3","11233.2"
"494","Fren Körüğü","8125-1","8682644620312","","","no","Ford Cargo Krone Dorse Kögel Dorse 16/24 D/P İmdatlı Fren Körüğü 64 cm Uzun Disk Tipi","8682644620312 Ford Cargo Krone Dorse Kögel Dorse 16/24 D/P İmdatlı Fren Körüğü 64 cm Uzun Disk Tipi","8682644620312 Ford Cargo Krone Dorse Kögel Dorse 16/24 D/P... | Frenciniz","8682644620312 Ford Cargo Krone Dorse Kögel Dorse 16/24 D/P İmdatlı Fren Körüğü 64 cm Uzun Disk Tipi icin stok, fiyat ve uyumluluk teyidi. Uygunluk adaylari: Disk...","8682644620312 Ford Cargo Krone Dorse Kögel Dorse 16/24 D/P İmdatlı Fren Körüğü 64 cm Uzun Disk Tipi","Disk fren imdatlı fren körüğü Fren Körüğü | Disk fren imdatlı fren körüğü 8682644620312 | 8682644620312 Fren Körüğü | 8125-1 Fren Körüğü | Ford Cargo Krone Dorse Kögel Dorse 16/24 D/P İmdatlı Fren Körüğü 64 cm Uzun Disk Tipi","https://www.frenciniz.com/urun/494/8682644620312-ford-cargo-krone-dorse-kogel-dorse-16-24-d-p-imdatli-fren-korugu-64-cm-uzun-disk","","76","3432"
"495","Porya","ESP.08.13","DC461106-AB, FC461116A","","","no","Ford Cargo Porya ESP.08.13","DC461106-AB Ford Cargo Porya ESP.08.13","DC461106-AB Ford Cargo Porya ESP.08.13 | Frenciniz","DC461106-AB Ford Cargo Porya ESP.08.13 icin stok, fiyat ve uyumluluk teyidi. Uygunluk adaylari: Ford Cargo, Ford Cargo 1846, Ford Cargo 3230. OEM/SKU:...","DC461106-AB Ford Cargo Porya ESP.08.13","Ford Cargo Porya | Ford Cargo DC461106-AB | DC461106-AB Porya | ESP.08.13 Porya | Ford Cargo Porya ESP.08.13","https://www.frenciniz.com/urun/495/dc461106-ab-ford-cargo-porya-esp-08-13-ekersan","","1","9867"
"496","Fren Pabucu","03.7100.300.031.00","05.091.19.34.0","","","no","Ford Cargo BPW Dorse Krone Dorse Kögel Dorse Fren Pabucu Makarası Y.M.","05.091.19.34.0 Ford Cargo BPW Dorse Krone Dorse Kögel Dorse Fren Pabucu Makarası Y.M.","05.091.19.34.0 Ford Cargo BPW Dorse Krone Dorse Kögel... | Frenciniz","05.091.19.34.0 Ford Cargo BPW Dorse Krone Dorse Kögel Dorse Fren Pabucu Makarası Y.M. icin stok, fiyat ve uyumluluk teyidi. Uygunluk adaylari: BPW dorse dingili...","05.091.19.34.0 Ford Cargo BPW Dorse Krone Dorse Kögel Dorse Fren Pabucu Makarası Y.M.","BPW dorse dingili Fren Pabucu | BPW dorse dingili 05.091.19.34.0 | 05.091.19.34.0 Fren Pabucu | 03.7100.300.031.00 Fren Pabucu | Ford Cargo BPW Dorse Krone Dorse Kögel Dorse Fren Pabucu Makarası Y.M.","https://www.frenciniz.com/urun/496/05-091-19-34-0-ford-cargo-bpw-dorse-krone-dorse-kogel-dorse-fren-pabucu-makarasi-y-m-ekersan","","144","1062.6"
"497","Porya","ESP.16.12.08","0327243120","","","no","Ford Cargo BPW Dorse Krone Dorse Kögel Dorse Porya ESP.16.12.08","0327243120 Ford Cargo BPW Dorse Krone Dorse Kögel Dorse Porya ESP.16.12.08","0327243120 Ford Cargo BPW Dorse Krone Dorse Kögel Dorse... | Frenciniz","0327243120 Ford Cargo BPW Dorse Krone Dorse Kögel Dorse Porya ESP.16.12.08 icin stok, fiyat ve uyumluluk teyidi. Uygunluk adaylari: BPW dorse dingili, BPW...","0327243120 Ford Cargo BPW Dorse Krone Dorse Kögel Dorse Porya ESP.16.12.08","BPW dorse dingili Porya | BPW dorse dingili 0327243120 | 0327243120 Porya | ESP.16.12.08 Porya | Ford Cargo BPW Dorse Krone Dorse Kögel Dorse Porya ESP.16.12.08","https://www.frenciniz.com/urun/497/0327243120-ford-cargo-bpw-dorse-krone-dorse-kogel-dorse-porya-esp-16-12-08-ekersan","","1","6072"
"498","ABS Sensörü/Modülü/Kablo","EF-4410329200","AXOR","","","no","Mercedes Axor Ford Cargo Krone Dorse ABS Sensörü ABS'li","EF-4410329200 Mercedes Axor Ford Cargo Krone Dorse ABS Sensörü ABS'li","EF-4410329200 Mercedes Axor Ford Cargo Krone Dorse ABS... | Frenciniz","EF-4410329200 Mercedes Axor Ford Cargo Krone Dorse ABS Sensörü ABS'li icin stok, fiyat ve uyumluluk teyidi. Uygunluk adaylari: Mercedes-Benz Axor, WABCO ABS/EBS...","EF-4410329200 Mercedes Axor Ford Cargo Krone Dorse ABS Sensörü ABS'li","Mercedes-Benz Axor ABS Sensörü/Modülü/Kablo | Mercedes-Benz Axor EF-4410329200 | EF-4410329200 ABS Sensörü/Modülü/Kablo | Mercedes Axor Ford Cargo Krone Dorse ABS Sensörü ABS'li","https://www.frenciniz.com/urun/498/ef-4410329200-mercedes-axor-ford-cargo-krone-dorse-abs-sensoru-abs-li-ekersan","","9","726"
"499","ABS Sensörü/Modülü/Kablo","EF-4410329050","","","","no","Ford Cargo Krone Dorse Kögel Dorse ABS Sensörü 40 cm ABS'li EF-4410329050","Ford Cargo Krone Dorse Kögel Dorse ABS Sensörü 40 cm ABS'li EF-4410329050","Ford Cargo Krone Dorse Kögel Dorse ABS Sensörü 40 cm... | Frenciniz","Ford Cargo Krone Dorse Kögel Dorse ABS Sensörü 40 cm ABS'li EF-4410329050 icin stok, fiyat ve uyumluluk teyidi. Uygunluk adaylari: WABCO ABS/EBS sistemi, Dorse...","Ford Cargo Krone Dorse Kögel Dorse ABS Sensörü 40 cm ABS'li EF-4410329050","WABCO ABS/EBS sistemi ABS Sensörü/Modülü/Kablo | WABCO ABS/EBS sistemi EF-4410329050 | EF-4410329050 ABS Sensörü/Modülü/Kablo","https://www.frenciniz.com/urun/499/ford-cargo-krone-dorse-kogel-dorse-abs-sensoru-40-cm-abs-li-ef-4410329050-ekersan","","169","462"
"500","ABS Sensörü/Modülü/Kablo","EF-4410328080","","","","no","Ford Cargo Krone Dorse Kögel Dorse ABS Sensörü 40 cm ABS'li EF-4410328080","Ford Cargo Krone Dorse Kögel Dorse ABS Sensörü 40 cm ABS'li EF-4410328080","Ford Cargo Krone Dorse Kögel Dorse ABS Sensörü 40 cm... | Frenciniz","Ford Cargo Krone Dorse Kögel Dorse ABS Sensörü 40 cm ABS'li EF-4410328080 icin stok, fiyat ve uyumluluk teyidi. Uygunluk adaylari: WABCO ABS/EBS sistemi, Dorse...","Ford Cargo Krone Dorse Kögel Dorse ABS Sensörü 40 cm ABS'li EF-4410328080","WABCO ABS/EBS sistemi ABS Sensörü/Modülü/Kablo | WABCO ABS/EBS sistemi EF-4410328080 | EF-4410328080 ABS Sensörü/Modülü/Kablo","https://www.frenciniz.com/urun/500/ford-cargo-krone-dorse-kogel-dorse-abs-sensoru-40-cm-abs-li-ef-4410328080-ekersan","","316","462"
"501","Kaliper Perno Tamir Takımı","CH6001","SAF 3 434 3861 00 - HALDEX 95397","","","no","ROR Meritor Knorr WABCO Kaliper Perno Tamir Takımı CH6001","SAF 3 434 3861 00 ROR Meritor Knorr WABCO Kaliper Perno Tamir Takımı CH6001","SAF 3 434 3861 00 ROR Meritor Knorr WABCO Kaliper Perno... | Frenciniz","SAF 3 434 3861 00 ROR Meritor Knorr WABCO Kaliper Perno Tamir Takımı CH6001 icin stok, fiyat ve uyumluluk teyidi. Uygunluk adaylari: SAF dorse dingili, SAF...","SAF 3 434 3861 00 ROR Meritor Knorr WABCO Kaliper Perno Tamir Takımı CH6001","SAF dorse dingili Kaliper Perno Tamir Takımı | SAF dorse dingili SAF 3 434 3861 00 | SAF 3 434 3861 00 Kaliper Perno Tamir Takımı | CH6001 Kaliper Perno Tamir Takımı | ROR Meritor Knorr WABCO Kaliper Perno Tamir Takımı CH6001","https://www.frenciniz.com/urun/501/saf-3-434-3861-00-ror-meritor-knorr-wabco-kaliper-perno-tamir-takimi-ch6001-ekersan","","3","2007.72"
"502","Kaliper Tamir Takımı","CHS5005","","","","no","Ford Cargo Krone Dorse Kögel Dorse Kaliper Tamir Takımı Sağ","CHS5005 Ford Cargo Krone Dorse Kögel Dorse Kaliper Tamir Takımı Sağ","CHS5005 Ford Cargo Krone Dorse Kögel Dorse Kaliper Tamir... | Frenciniz","CHS5005 Ford Cargo Krone Dorse Kögel Dorse Kaliper Tamir Takımı Sağ icin stok, fiyat ve uyumluluk teyidi. Uygunluk adaylari: Tır / çekici, Krone dorse, Kögel...","CHS5005 Ford Cargo Krone Dorse Kögel Dorse Kaliper Tamir Takımı Sağ","Kamyon Kaliper Tamir Takımı | Kamyon CHS5005 | CHS5005 Kaliper Tamir Takımı | Ford Cargo Krone Dorse Kögel Dorse Kaliper Tamir Takımı Sağ","https://www.frenciniz.com/urun/502/chs5005-ford-cargo-krone-dorse-kogel-dorse-kaliper-tamir-takimi-sag-ekersan","","1","11180.4"
"503","Kaliper Ayar Mekanizması","CH5033","","","","no","ROR Meritor Knorr WABCO Kaliper Ayar Mekanizması Y.M.","CH5033 ROR Meritor Knorr WABCO Kaliper Ayar Mekanizması Y.M.","CH5033 ROR Meritor Knorr WABCO Kaliper Ayar Mekanizması Y.M. | Frenciniz","CH5033 ROR Meritor Knorr WABCO Kaliper Ayar Mekanizması Y.M. icin stok, fiyat ve uyumluluk teyidi. Uygunluk adaylari: Ağır vasıta kaliper sistemi, Knorr / WABCO...","CH5033 ROR Meritor Knorr WABCO Kaliper Ayar Mekanizması Y.M.","Ağır vasıta kaliper sistemi Kaliper Ayar Mekanizması | Ağır vasıta kaliper sistemi CH5033 | CH5033 Kaliper Ayar Mekanizması | ROR Meritor Knorr WABCO Kaliper Ayar Mekanizması Y.M.","https://www.frenciniz.com/urun/503/ch5033-ror-meritor-knorr-wabco-kaliper-ayar-mekanizmasi-y-m-ekersan","","254","8250"
"504","Kaliper Tamir Takımı (Modulx)","CH4035","","","","no","ROR Meritor Knorr WABCO Modulx Kaliper Tamir Takımı","CH4035 ROR Meritor Knorr WABCO Modulx Kaliper Tamir Takımı","CH4035 ROR Meritor Knorr WABCO Modulx Kaliper Tamir Takımı | Frenciniz","CH4035 ROR Meritor Knorr WABCO Modulx Kaliper Tamir Takımı icin stok, fiyat ve uyumluluk teyidi. Uygunluk adaylari: Haldex ModulX kaliper sistemi, Dorse disk...","CH4035 ROR Meritor Knorr WABCO Modulx Kaliper Tamir Takımı","Haldex ModulX kaliper sistemi Kaliper Tamir Takımı (Modulx) | Haldex ModulX kaliper sistemi CH4035 | CH4035 Kaliper Tamir Takımı (Modulx) | ROR Meritor Knorr WABCO Modulx Kaliper Tamir Takımı","https://www.frenciniz.com/urun/504/ch4035-kaliper-tamir-takimi-modulx-ror-meritor-knorr-wabco-modulx-kaliper-tamir-takimi-ekersan","","28","13739.88"
"505","Kaliper Tamir Takımı","CHS3014","","","","no","Mercedes Axor Actros Kaliper Tamir Takımı Sol","CHS3014 Mercedes Axor Actros Kaliper Tamir Takımı Sol","CHS3014 Mercedes Axor Actros Kaliper Tamir Takımı Sol | Frenciniz","CHS3014 Mercedes Axor Actros Kaliper Tamir Takımı Sol icin stok, fiyat ve uyumluluk teyidi. Uygunluk adaylari: Mercedes-Benz Actros, Mercedes-Benz Axor, Actros...","CHS3014 Mercedes Axor Actros Kaliper Tamir Takımı Sol","Mercedes-Benz Actros Kaliper Tamir Takımı | Mercedes-Benz Actros CHS3014 | CHS3014 Kaliper Tamir Takımı | Mercedes Axor Actros Kaliper Tamir Takımı Sol","https://www.frenciniz.com/urun/505/chs3014-mercedes-axor-actros-kaliper-tamir-takimi-sol-ekersan","","9","13768.92"
"506","Kaliper Tamir Takımı","CHS3013","","","","no","Mercedes Axor Actros Kaliper Tamir Takımı Sağ","CHS3013 Mercedes Axor Actros Kaliper Tamir Takımı Sağ","CHS3013 Mercedes Axor Actros Kaliper Tamir Takımı Sağ | Frenciniz","CHS3013 Mercedes Axor Actros Kaliper Tamir Takımı Sağ icin stok, fiyat ve uyumluluk teyidi. Uygunluk adaylari: Mercedes-Benz Actros, Mercedes-Benz Axor, Actros...","CHS3013 Mercedes Axor Actros Kaliper Tamir Takımı Sağ","Mercedes-Benz Actros Kaliper Tamir Takımı | Mercedes-Benz Actros CHS3013 | CHS3013 Kaliper Tamir Takımı | Mercedes Axor Actros Kaliper Tamir Takımı Sağ","https://www.frenciniz.com/urun/506/chs3013-mercedes-axor-actros-kaliper-tamir-takimi-sag-ekersan","","9","13768.92"
"507","Kaliper Ayar Mekanizması","CH3284","A0004216506 - 6409157424","","","no","ROR Meritor Knorr WABCO Kaliper Ayar Mekanizması Sol Ön","A0004216506 ROR Meritor Knorr WABCO Kaliper Ayar Mekanizması Sol Ön","A0004216506 ROR Meritor Knorr WABCO Kaliper Ayar... | Frenciniz","A0004216506 ROR Meritor Knorr WABCO Kaliper Ayar Mekanizması Sol Ön icin stok, fiyat ve uyumluluk teyidi. Uygunluk adaylari: Mercedes-Benz Actros, Mercedes-Benz...","A0004216506 ROR Meritor Knorr WABCO Kaliper Ayar Mekanizması Sol Ön","Mercedes-Benz Actros Kaliper Ayar Mekanizması | Mercedes-Benz Actros A0004216506 | A0004216506 Kaliper Ayar Mekanizması | CH3284 Kaliper Ayar Mekanizması | ROR Meritor Knorr WABCO Kaliper Ayar Mekanizması Sol Ön","https://www.frenciniz.com/urun/507/a0004216506-ror-meritor-knorr-wabco-kaliper-ayar-mekanizmasi-sol-on-ekersan","","2","7986"
"508","Kaliper Ayar Mekanizması","CH3283","A0004216406 - 6409157434","","","no","ROR Meritor Knorr WABCO Kaliper Ayar Mekanizması Sağ Ön","A0004216406 ROR Meritor Knorr WABCO Kaliper Ayar Mekanizması Sağ Ön","A0004216406 ROR Meritor Knorr WABCO Kaliper Ayar... | Frenciniz","A0004216406 ROR Meritor Knorr WABCO Kaliper Ayar Mekanizması Sağ Ön icin stok, fiyat ve uyumluluk teyidi. Uygunluk adaylari: Mercedes-Benz Actros, Mercedes-Benz...","A0004216406 ROR Meritor Knorr WABCO Kaliper Ayar Mekanizması Sağ Ön","Mercedes-Benz Actros Kaliper Ayar Mekanizması | Mercedes-Benz Actros A0004216406 | A0004216406 Kaliper Ayar Mekanizması | CH3283 Kaliper Ayar Mekanizması | ROR Meritor Knorr WABCO Kaliper Ayar Mekanizması Sağ Ön","https://www.frenciniz.com/urun/508/a0004216406-ror-meritor-knorr-wabco-kaliper-ayar-mekanizmasi-sag-on-ekersan","","1","7986"
"509","Kaliper Kapak/Conta","CH3193","","","","no","ROR Meritor Knorr WABCO Kaliper Kapak Conta CH3193","ROR Meritor Knorr WABCO Kaliper Kapak Conta CH3193","ROR Meritor Knorr WABCO Kaliper Kapak Conta CH3193 | Frenciniz","ROR Meritor Knorr WABCO Kaliper Kapak Conta CH3193 icin stok, fiyat ve uyumluluk teyidi. Uygunluk adaylari: WABCO PAN17/PAN19/PAN22 kaliper sistemi, WABCO...","ROR Meritor Knorr WABCO Kaliper Kapak Conta CH3193","WABCO PAN17/PAN19/PAN22 kaliper sistemi Kaliper Kapak/Conta | WABCO PAN17/PAN19/PAN22 kaliper sistemi CH3193 | CH3193 Kaliper Kapak/Conta","https://www.frenciniz.com/urun/509/ror-meritor-knorr-wabco-kaliper-kapak-conta-ch3193-ekersan","","2","4631.88"
"510","Kaliper Ayar Mekanizması","CH3173","","","","no","ROR Meritor Knorr WABCO Kaliper Ayar Mekanizması 1/22","CH3173 ROR Meritor Knorr WABCO Kaliper Ayar Mekanizması 1/22","CH3173 ROR Meritor Knorr WABCO Kaliper Ayar Mekanizması 1/22 | Frenciniz","CH3173 ROR Meritor Knorr WABCO Kaliper Ayar Mekanizması 1/22 icin stok, fiyat ve uyumluluk teyidi. Uygunluk adaylari: WABCO PAN17/PAN19/PAN22 kaliper sistemi...","CH3173 ROR Meritor Knorr WABCO Kaliper Ayar Mekanizması 1/22","WABCO PAN17/PAN19/PAN22 kaliper sistemi Kaliper Ayar Mekanizması | WABCO PAN17/PAN19/PAN22 kaliper sistemi CH3173 | CH3173 Kaliper Ayar Mekanizması | ROR Meritor Knorr WABCO Kaliper Ayar Mekanizması 1/22","https://www.frenciniz.com/urun/510/ch3173-ror-meritor-knorr-wabco-kaliper-ayar-mekanizmasi-1-22-ekersan","","28","3115.2"
"511","Kaliper Kapak/Conta","CH2225","20-2606","","","no","ROR Meritor Knorr WABCO Kaliper Kapak Conta CH2225","20-2606 ROR Meritor Knorr WABCO Kaliper Kapak Conta CH2225","20-2606 ROR Meritor Knorr WABCO Kaliper Kapak Conta CH2225 | Frenciniz","20-2606 ROR Meritor Knorr WABCO Kaliper Kapak Conta CH2225 icin stok, fiyat ve uyumluluk teyidi. Uygunluk adaylari: Ağır vasıta kaliper sistemi, Knorr / WABCO /...","20-2606 ROR Meritor Knorr WABCO Kaliper Kapak Conta CH2225","Ağır vasıta kaliper sistemi Kaliper Kapak/Conta | Ağır vasıta kaliper sistemi 20-2606 | 20-2606 Kaliper Kapak/Conta | CH2225 Kaliper Kapak/Conta | ROR Meritor Knorr WABCO Kaliper Kapak Conta CH2225","https://www.frenciniz.com/urun/511/20-2606-ror-meritor-knorr-wabco-kaliper-kapak-conta-ch2225-ekersan","","16","5718.24"
"512","Kaliper Tamir Takımı (Elsa)","CH2224","","","","no","ROR Meritor Knorr Meritor ELSA Kaliper Tamir Takımı CH2224","ROR Meritor Knorr Meritor ELSA Kaliper Tamir Takımı CH2224","ROR Meritor Knorr Meritor ELSA Kaliper Tamir Takımı CH2224 | Frenciniz","ROR Meritor Knorr Meritor ELSA Kaliper Tamir Takımı CH2224 icin stok, fiyat ve uyumluluk teyidi. Uygunluk adaylari: Meritor ELSA/DUCO kaliper sistemi, Volvo...","ROR Meritor Knorr Meritor ELSA Kaliper Tamir Takımı CH2224","Meritor ELSA/DUCO kaliper sistemi Kaliper Tamir Takımı (Elsa) | Meritor ELSA/DUCO kaliper sistemi CH2224 | CH2224 Kaliper Tamir Takımı (Elsa)","https://www.frenciniz.com/urun/512/kaliper-tamir-takimi-elsa-ror-meritor-knorr-meritor-elsa-kaliper-tamir-takimi-ch2224-ekersan","","4","5718.24"
"513","Kaliper Perno Tamir Takımı","CH2210","CMSK.7.1","","","no","ROR Meritor Knorr Meritor Kaliper Perno Tamir Takımı","CMSK.7.1 ROR Meritor Knorr Meritor Kaliper Perno Tamir Takımı","CMSK.7.1 ROR Meritor Knorr Meritor Kaliper Perno Tamir Takımı | Frenciniz","CMSK.7.1 ROR Meritor Knorr Meritor Kaliper Perno Tamir Takımı icin stok, fiyat ve uyumluluk teyidi. Uygunluk adaylari: Meritor ELSA/DUCO kaliper sistemi, Volvo...","CMSK.7.1 ROR Meritor Knorr Meritor Kaliper Perno Tamir Takımı","Meritor ELSA/DUCO kaliper sistemi Kaliper Perno Tamir Takımı | Meritor ELSA/DUCO kaliper sistemi CMSK.7.1 | CMSK.7.1 Kaliper Perno Tamir Takımı | CH2210 Kaliper Perno Tamir Takımı | ROR Meritor Knorr Meritor Kaliper Perno Tamir Takımı","https://www.frenciniz.com/urun/513/cmsk-7-1-ror-meritor-knorr-meritor-kaliper-perno-tamir-takimi-ekersan","","12","3306.6"
"514","Kaliper Ayar Mekanizması","CH2188","","","","no","ROR Meritor Knorr Meritor Kaliper Ayar Mekanizması CH2188","ROR Meritor Knorr Meritor Kaliper Ayar Mekanizması CH2188","ROR Meritor Knorr Meritor Kaliper Ayar Mekanizması CH2188 | Frenciniz","ROR Meritor Knorr Meritor Kaliper Ayar Mekanizması CH2188 icin stok, fiyat ve uyumluluk teyidi. Uygunluk adaylari: Meritor ELSA/DUCO kaliper sistemi, Volvo...","ROR Meritor Knorr Meritor Kaliper Ayar Mekanizması CH2188","Meritor ELSA/DUCO kaliper sistemi Kaliper Ayar Mekanizması | Meritor ELSA/DUCO kaliper sistemi CH2188 | CH2188 Kaliper Ayar Mekanizması","https://www.frenciniz.com/urun/514/ror-meritor-knorr-meritor-kaliper-ayar-mekanizmasi-ch2188-ekersan","","2","671.88"
"515","Kaliper Ayar Mekanizması","CH2068","","","","no","ROR Meritor Knorr Meritor Kaliper Ayar Mekanizması CH2068","ROR Meritor Knorr Meritor Kaliper Ayar Mekanizması CH2068","ROR Meritor Knorr Meritor Kaliper Ayar Mekanizması CH2068 | Frenciniz","ROR Meritor Knorr Meritor Kaliper Ayar Mekanizması CH2068 icin stok, fiyat ve uyumluluk teyidi. Uygunluk adaylari: Meritor ELSA/DUCO kaliper sistemi, Volvo...","ROR Meritor Knorr Meritor Kaliper Ayar Mekanizması CH2068","Meritor ELSA/DUCO kaliper sistemi Kaliper Ayar Mekanizması | Meritor ELSA/DUCO kaliper sistemi CH2068 | CH2068 Kaliper Ayar Mekanizması","https://www.frenciniz.com/urun/515/ror-meritor-knorr-meritor-kaliper-ayar-mekanizmasi-ch2068-ekersan","","2","1007.16"
"516","Kaliper Tamir Takımı (Elsa)","CH2045","MCK1298 - 85109890 - 9500931 - 5001 866 989","","","no","ROR Meritor Knorr Meritor ELSA Kaliper Tamir Takımı CH2045","MCK1298 ROR Meritor Knorr Meritor ELSA Kaliper Tamir Takımı CH2045","MCK1298 ROR Meritor Knorr Meritor ELSA Kaliper Tamir... | Frenciniz","MCK1298 ROR Meritor Knorr Meritor ELSA Kaliper Tamir Takımı CH2045 icin stok, fiyat ve uyumluluk teyidi. Uygunluk adaylari: Meritor ELSA/DUCO kaliper sistemi...","MCK1298 ROR Meritor Knorr Meritor ELSA Kaliper Tamir Takımı CH2045","Meritor ELSA/DUCO kaliper sistemi Kaliper Tamir Takımı (Elsa) | Meritor ELSA/DUCO kaliper sistemi MCK1298 | MCK1298 Kaliper Tamir Takımı (Elsa) | CH2045 Kaliper Tamir Takımı (Elsa) | ROR Meritor Knorr Meritor ELSA Kaliper Tamir Takımı CH2045","https://www.frenciniz.com/urun/516/mck1298-kaliper-tamir-takimi-elsa-ror-meritor-knorr-meritor-elsa-kaliper-tamir-takimi-ch2045","","3","3513.84"
"517","Kaliper Tamir Takımı","CH2039","","","","no","ROR Meritor Knorr WABCO Kaliper Tamir Takımı 114 mm","CH2039 ROR Meritor Knorr WABCO Kaliper Tamir Takımı 114 mm","CH2039 ROR Meritor Knorr WABCO Kaliper Tamir Takımı 114 mm | Frenciniz","CH2039 ROR Meritor Knorr WABCO Kaliper Tamir Takımı 114 mm icin stok, fiyat ve uyumluluk teyidi. Uygunluk adaylari: Ağır vasıta kaliper sistemi, Knorr / WABCO /...","CH2039 ROR Meritor Knorr WABCO Kaliper Tamir Takımı 114 mm","Ağır vasıta kaliper sistemi Kaliper Tamir Takımı | Ağır vasıta kaliper sistemi CH2039 | CH2039 Kaliper Tamir Takımı | ROR Meritor Knorr WABCO Kaliper Tamir Takımı 114 mm","https://www.frenciniz.com/urun/517/ch2039-ror-meritor-knorr-wabco-kaliper-tamir-takimi-114-mm-ekersan","","3","3402.96"
"518","Kaliper Tamir Takımı","CH1178","Z002881","","","no","ROR Meritor Knorr WABCO Kaliper Tamir Takımı 113 mm CH1178","Z002881 ROR Meritor Knorr WABCO Kaliper Tamir Takımı 113 mm CH1178","Z002881 ROR Meritor Knorr WABCO Kaliper Tamir Takımı 113... | Frenciniz","Z002881 ROR Meritor Knorr WABCO Kaliper Tamir Takımı 113 mm CH1178 icin stok, fiyat ve uyumluluk teyidi. Uygunluk adaylari: Ağır vasıta kaliper sistemi, Knorr /...","Z002881 ROR Meritor Knorr WABCO Kaliper Tamir Takımı 113 mm CH1178","Ağır vasıta kaliper sistemi Kaliper Tamir Takımı | Ağır vasıta kaliper sistemi Z002881 | Z002881 Kaliper Tamir Takımı | CH1178 Kaliper Tamir Takımı | ROR Meritor Knorr WABCO Kaliper Tamir Takımı 113 mm CH1178","https://www.frenciniz.com/urun/518/z002881-ror-meritor-knorr-wabco-kaliper-tamir-takimi-113-mm-ch1178-ekersan","","6","1277.76"
"519","Lastik","CH1127","K001300 - K010603 - K000366 - K092079 - 000 420 2382 - 000 420 4082 - 000 420 4982 - 81.50822.6020 - 81.50822.6031 - 1723417","","","no","Mercedes Axor Actros Körük Lastiği 69 mm","K001300 Lastik Mercedes Axor Actros Körük Lastiği 69 mm","K001300 Lastik Mercedes Axor Actros Körük Lastiği 69 mm | Frenciniz","K001300 Lastik Mercedes Axor Actros Körük Lastiği 69 mm icin stok, fiyat ve uyumluluk teyidi. Uygunluk adaylari: Mercedes-Benz Actros, Mercedes-Benz Axor, Actros...","K001300 Lastik Mercedes Axor Actros Körük Lastiği 69 mm","Mercedes-Benz Actros Lastik | Mercedes-Benz Actros K001300 | K001300 Lastik | CH1127 Lastik | Mercedes Axor Actros Körük Lastiği 69 mm","https://www.frenciniz.com/urun/519/k001300-lastik-mercedes-axor-actros-koruk-lastigi-69-mm-ekersan","","12","831.6"
"520","Kaliper Ayar Mekanizması","CH1101","","","","no","ROR Meritor Knorr WABCO Kaliper Ayar Mekanizması Uzun Y.M.","CH1101 ROR Meritor Knorr WABCO Kaliper Ayar Mekanizması Uzun Y.M.","CH1101 ROR Meritor Knorr WABCO Kaliper Ayar Mekanizması... | Frenciniz","CH1101 ROR Meritor Knorr WABCO Kaliper Ayar Mekanizması Uzun Y.M. icin stok, fiyat ve uyumluluk teyidi. Uygunluk adaylari: Knorr-Bremse SB/SN/SK kaliper sistemi...","CH1101 ROR Meritor Knorr WABCO Kaliper Ayar Mekanizması Uzun Y.M.","Knorr-Bremse SB/SN/SK kaliper sistemi Kaliper Ayar Mekanizması | Knorr-Bremse SB/SN/SK kaliper sistemi CH1101 | CH1101 Kaliper Ayar Mekanizması | ROR Meritor Knorr WABCO Kaliper Ayar Mekanizması Uzun Y.M.","https://www.frenciniz.com/urun/520/ch1101-ror-meritor-knorr-wabco-kaliper-ayar-mekanizmasi-uzun-y-m-ekersan","","60","3656.4"
"521","Sensör","CH1089","","","","no","Ford Cargo Krone Dorse Kögel Dorse Sensör CH1089","ABS Sensoru Ford Cargo Krone Dorse Kögel Dorse Sensör CH1089","ABS Sensoru Ford Cargo Krone Dorse Kögel Dorse Sensör CH1089 | Frenciniz","ABS Sensoru Ford Cargo Krone Dorse Kögel Dorse Sensör CH1089 icin stok, fiyat ve uyumluluk teyidi. Uygunluk adaylari: Tır / çekici, Krone dorse, Kögel dorse....","ABS Sensoru Ford Cargo Krone Dorse Kögel Dorse Sensör CH1089","Kamyon Sensör | Kamyon CH1089 | CH1089 Sensör | Ford Cargo Krone Dorse Kögel Dorse Sensör CH1089","https://www.frenciniz.com/urun/521/abs-sensoru-ford-cargo-krone-dorse-kogel-dorse-sensor-ch1089-ekersan","","2","847.44"
"522","Kaliper Kapak/Conta","CH1078","","","","no","ROR Meritor Knorr WABCO Kaliper Kapak Conta CH1078","ROR Meritor Knorr WABCO Kaliper Kapak Conta CH1078","ROR Meritor Knorr WABCO Kaliper Kapak Conta CH1078 | Frenciniz","ROR Meritor Knorr WABCO Kaliper Kapak Conta CH1078 icin stok, fiyat ve uyumluluk teyidi. Uygunluk adaylari: Knorr-Bremse SB/SN/SK kaliper sistemi, Scania 4/P/G/R...","ROR Meritor Knorr WABCO Kaliper Kapak Conta CH1078","Knorr-Bremse SB/SN/SK kaliper sistemi Kaliper Kapak/Conta | Knorr-Bremse SB/SN/SK kaliper sistemi CH1078 | CH1078 Kaliper Kapak/Conta","https://www.frenciniz.com/urun/522/ror-meritor-knorr-wabco-kaliper-kapak-conta-ch1078-ekersan","","10","1565.52"
"523","Kaliper Kapak/Conta","CH1071","","","","no","ROR Meritor Knorr WABCO Kaliper Kapak Conta CH1071","ROR Meritor Knorr WABCO Kaliper Kapak Conta CH1071","ROR Meritor Knorr WABCO Kaliper Kapak Conta CH1071 | Frenciniz","ROR Meritor Knorr WABCO Kaliper Kapak Conta CH1071 icin stok, fiyat ve uyumluluk teyidi. Uygunluk adaylari: Knorr-Bremse SB/SN/SK kaliper sistemi, Scania 4/P/G/R...","ROR Meritor Knorr WABCO Kaliper Kapak Conta CH1071","Knorr-Bremse SB/SN/SK kaliper sistemi Kaliper Kapak/Conta | Knorr-Bremse SB/SN/SK kaliper sistemi CH1071 | CH1071 Kaliper Kapak/Conta","https://www.frenciniz.com/urun/523/ror-meritor-knorr-wabco-kaliper-kapak-conta-ch1071-ekersan","","2","1470.48"
"524","Kaliper Kapak/Conta","CH1070","","","","no","ROR Meritor Knorr WABCO Kaliper Kapak Conta CH1070","ROR Meritor Knorr WABCO Kaliper Kapak Conta CH1070","ROR Meritor Knorr WABCO Kaliper Kapak Conta CH1070 | Frenciniz","ROR Meritor Knorr WABCO Kaliper Kapak Conta CH1070 icin stok, fiyat ve uyumluluk teyidi. Uygunluk adaylari: Knorr-Bremse SB/SN/SK kaliper sistemi, Scania 4/P/G/R...","ROR Meritor Knorr WABCO Kaliper Kapak Conta CH1070","Knorr-Bremse SB/SN/SK kaliper sistemi Kaliper Kapak/Conta | Knorr-Bremse SB/SN/SK kaliper sistemi CH1070 | CH1070 Kaliper Kapak/Conta","https://www.frenciniz.com/urun/524/ror-meritor-knorr-wabco-kaliper-kapak-conta-ch1070-ekersan","","6","1454.64"
"525","Kaliper Tamir Takımı","CH1044","Z002881","","","no","ROR Meritor Knorr WABCO Kaliper Tamir Takımı 113 mm CH1044","Z002881 ROR Meritor Knorr WABCO Kaliper Tamir Takımı 113 mm CH1044","Z002881 ROR Meritor Knorr WABCO Kaliper Tamir Takımı 113... | Frenciniz","Z002881 ROR Meritor Knorr WABCO Kaliper Tamir Takımı 113 mm CH1044 icin stok, fiyat ve uyumluluk teyidi. Uygunluk adaylari: Knorr-Bremse SB/SN/SK kaliper...","Z002881 ROR Meritor Knorr WABCO Kaliper Tamir Takımı 113 mm CH1044","Knorr-Bremse SB/SN/SK kaliper sistemi Kaliper Tamir Takımı | Knorr-Bremse SB/SN/SK kaliper sistemi Z002881 | Z002881 Kaliper Tamir Takımı | CH1044 Kaliper Tamir Takımı | ROR Meritor Knorr WABCO Kaliper Tamir Takımı 113 mm CH1044","https://www.frenciniz.com/urun/525/z002881-ror-meritor-knorr-wabco-kaliper-tamir-takimi-113-mm-ch1044-ekersan","","6","1166.88"
"526","Kaliper Tamir Takımı (Wabco)","CH1042","","","","no","ROR Meritor Knorr WABCO WABCO Kaliper Tamir Takımı CH1042","ROR Meritor Knorr WABCO WABCO Kaliper Tamir Takımı CH1042","ROR Meritor Knorr WABCO WABCO Kaliper Tamir Takımı CH1042 | Frenciniz","ROR Meritor Knorr WABCO WABCO Kaliper Tamir Takımı CH1042 icin stok, fiyat ve uyumluluk teyidi. Uygunluk adaylari: Knorr-Bremse SB/SN/SK kaliper sistemi, Scania...","ROR Meritor Knorr WABCO WABCO Kaliper Tamir Takımı CH1042","Knorr-Bremse SB/SN/SK kaliper sistemi Kaliper Tamir Takımı (Wabco) | Knorr-Bremse SB/SN/SK kaliper sistemi CH1042 | CH1042 Kaliper Tamir Takımı (Wabco)","https://www.frenciniz.com/urun/526/kaliper-tamir-takimi-wabco-ror-meritor-knorr-wabco-wabco-kaliper-tamir-takimi-ch1042-ekersan","","6","1437.48"
"527","Kaliper Perno Tamir Takımı","CH1039","K000472 - K017707 - 000 420 3482 - 81.50822.6019 - 1723416 - 42541412 - 09.801.06.33.0 - 3 434 3812 00","","","no","Knorr Kaliper Perno Tamir Takımı CH1039","K000472 Knorr Kaliper Perno Tamir Takımı CH1039","K000472 Knorr Kaliper Perno Tamir Takımı CH1039 | Frenciniz","K000472 Knorr Kaliper Perno Tamir Takımı CH1039 icin stok, fiyat ve uyumluluk teyidi. Uygunluk adaylari: Knorr-Bremse SB/SN/SK kaliper sistemi, Scania 4/P/G/R...","K000472 Knorr Kaliper Perno Tamir Takımı CH1039","Knorr-Bremse SB/SN/SK kaliper sistemi Kaliper Perno Tamir Takımı | Knorr-Bremse SB/SN/SK kaliper sistemi K000472 | K000472 Kaliper Perno Tamir Takımı | CH1039 Kaliper Perno Tamir Takımı | Knorr Kaliper Perno Tamir Takımı CH1039","https://www.frenciniz.com/urun/527/k000472-knorr-kaliper-perno-tamir-takimi-ch1039-ekersan","","66","1741.08"
"528","Kaliper Ayar Mekanizması","CH1030","CKSK.10.1","","","no","ROR Meritor Knorr WABCO Kaliper Ayar Mekanizması CH1030","CKSK.10.1 ROR Meritor Knorr WABCO Kaliper Ayar Mekanizması CH1030","CKSK.10.1 ROR Meritor Knorr WABCO Kaliper Ayar Mekanizması... | Frenciniz","CKSK.10.1 ROR Meritor Knorr WABCO Kaliper Ayar Mekanizması CH1030 icin stok, fiyat ve uyumluluk teyidi. Uygunluk adaylari: Knorr-Bremse SB/SN/SK kaliper sistemi...","CKSK.10.1 ROR Meritor Knorr WABCO Kaliper Ayar Mekanizması CH1030","Knorr-Bremse SB/SN/SK kaliper sistemi Kaliper Ayar Mekanizması | Knorr-Bremse SB/SN/SK kaliper sistemi CKSK.10.1 | CKSK.10.1 Kaliper Ayar Mekanizması | CH1030 Kaliper Ayar Mekanizması | ROR Meritor Knorr WABCO Kaliper Ayar Mekanizması CH1030","https://www.frenciniz.com/urun/528/cksk-10-1-ror-meritor-knorr-wabco-kaliper-ayar-mekanizmasi-ch1030-ekersan","","49","208.56"
"529","Kaliper Ayar Mekanizması","CH1029","CKSK.10.30","","","no","ROR Meritor Knorr WABCO Kaliper Ayar Mekanizması CH1029","CKSK.10.30 ROR Meritor Knorr WABCO Kaliper Ayar Mekanizması CH1029","CKSK.10.30 ROR Meritor Knorr WABCO Kaliper Ayar... | Frenciniz","CKSK.10.30 ROR Meritor Knorr WABCO Kaliper Ayar Mekanizması CH1029 icin stok, fiyat ve uyumluluk teyidi. Uygunluk adaylari: Knorr-Bremse SB/SN/SK kaliper...","CKSK.10.30 ROR Meritor Knorr WABCO Kaliper Ayar Mekanizması CH1029","Knorr-Bremse SB/SN/SK kaliper sistemi Kaliper Ayar Mekanizması | Knorr-Bremse SB/SN/SK kaliper sistemi CKSK.10.30 | CKSK.10.30 Kaliper Ayar Mekanizması | CH1029 Kaliper Ayar Mekanizması | ROR Meritor Knorr WABCO Kaliper Ayar Mekanizması CH1029","https://www.frenciniz.com/urun/529/cksk-10-30-ror-meritor-knorr-wabco-kaliper-ayar-mekanizmasi-ch1029-ekersan","","99","1038.84"
"530","Kaliper Perno Tamir Takımı","CH1025","K000132 - 000 420 1082 - 000 420 2182 - 1390426 - 1798063 - 2121644","","","no","Knorr Kaliper Perno Tamir Takımı CH1025","K000132 Knorr Kaliper Perno Tamir Takımı CH1025","K000132 Knorr Kaliper Perno Tamir Takımı CH1025 | Frenciniz","K000132 Knorr Kaliper Perno Tamir Takımı CH1025 icin stok, fiyat ve uyumluluk teyidi. Uygunluk adaylari: Knorr-Bremse SB/SN/SK kaliper sistemi, Scania 4/P/G/R...","K000132 Knorr Kaliper Perno Tamir Takımı CH1025","Knorr-Bremse SB/SN/SK kaliper sistemi Kaliper Perno Tamir Takımı | Knorr-Bremse SB/SN/SK kaliper sistemi K000132 | K000132 Kaliper Perno Tamir Takımı | CH1025 Kaliper Perno Tamir Takımı | Knorr Kaliper Perno Tamir Takımı CH1025","https://www.frenciniz.com/urun/530/k000132-knorr-kaliper-perno-tamir-takimi-ch1025-ekersan","","3","1805.76"
"531","Kaliper Kapak/Conta","CH1019","CKSK.16.1","","","no","ROR Meritor Knorr WABCO Kaliper Kapak Conta CH1019","CKSK.16.1 ROR Meritor Knorr WABCO Kaliper Kapak Conta CH1019","CKSK.16.1 ROR Meritor Knorr WABCO Kaliper Kapak Conta CH1019 | Frenciniz","CKSK.16.1 ROR Meritor Knorr WABCO Kaliper Kapak Conta CH1019 icin stok, fiyat ve uyumluluk teyidi. Uygunluk adaylari: Knorr-Bremse SB/SN/SK kaliper sistemi...","CKSK.16.1 ROR Meritor Knorr WABCO Kaliper Kapak Conta CH1019","Knorr-Bremse SB/SN/SK kaliper sistemi Kaliper Kapak/Conta | Knorr-Bremse SB/SN/SK kaliper sistemi CKSK.16.1 | CKSK.16.1 Kaliper Kapak/Conta | CH1019 Kaliper Kapak/Conta | ROR Meritor Knorr WABCO Kaliper Kapak Conta CH1019","https://www.frenciniz.com/urun/531/cksk-16-1-ror-meritor-knorr-wabco-kaliper-kapak-conta-ch1019-ekersan","","6","638.88"
"532","Kaliper Ayar Mekanizması","CH1012","","","","no","ROR Meritor Knorr WABCO Kaliper Ayar Mekanizması CH1012","ROR Meritor Knorr WABCO Kaliper Ayar Mekanizması CH1012","ROR Meritor Knorr WABCO Kaliper Ayar Mekanizması CH1012 | Frenciniz","ROR Meritor Knorr WABCO Kaliper Ayar Mekanizması CH1012 icin stok, fiyat ve uyumluluk teyidi. Uygunluk adaylari: Knorr-Bremse SB/SN/SK kaliper sistemi, Scania...","ROR Meritor Knorr WABCO Kaliper Ayar Mekanizması CH1012","Knorr-Bremse SB/SN/SK kaliper sistemi Kaliper Ayar Mekanizması | Knorr-Bremse SB/SN/SK kaliper sistemi CH1012 | CH1012 Kaliper Ayar Mekanizması","https://www.frenciniz.com/urun/532/ror-meritor-knorr-wabco-kaliper-ayar-mekanizmasi-ch1012-ekersan","","1","256.08"
"533","Süspansiyon Körüğü","421889.S","9C465580BAS","","","no","Ford Cargo Süspansiyon Körüğü 421889.S","9C465580BAS Ford Cargo Süspansiyon Körüğü 421889.S","9C465580BAS Ford Cargo Süspansiyon Körüğü 421889.S | Frenciniz","9C465580BAS Ford Cargo Süspansiyon Körüğü 421889.S icin stok, fiyat ve uyumluluk teyidi. Uygunluk adaylari: Ford Cargo, Ford Cargo 1846, Ford Cargo 3230....","9C465580BAS Ford Cargo Süspansiyon Körüğü 421889.S","Ford Cargo Süspansiyon Körüğü | Ford Cargo 9C465580BAS | 9C465580BAS Süspansiyon Körüğü | 421889.S Süspansiyon Körüğü | Ford Cargo Süspansiyon Körüğü 421889.S","https://www.frenciniz.com/urun/533/9c465580bas-ford-cargo-suspansiyon-korugu-421889-s-ekersan","","29","1874.4"
"534","Süspansiyon Körüğü","421889.C","9C465580BAN , t179769","","","no","Ford Cargo Süspansiyon Körüğü 421889.C","9C465580BAN Ford Cargo Süspansiyon Körüğü 421889.C","9C465580BAN Ford Cargo Süspansiyon Körüğü 421889.C | Frenciniz","9C465580BAN Ford Cargo Süspansiyon Körüğü 421889.C icin stok, fiyat ve uyumluluk teyidi. Uygunluk adaylari: Ford Cargo, Ford Cargo 1846, Ford Cargo 3230....","9C465580BAN Ford Cargo Süspansiyon Körüğü 421889.C","Ford Cargo Süspansiyon Körüğü | Ford Cargo 9C465580BAN | 9C465580BAN Süspansiyon Körüğü | 421889.C Süspansiyon Körüğü | Ford Cargo Süspansiyon Körüğü 421889.C","https://www.frenciniz.com/urun/534/9c465580ban-ford-cargo-suspansiyon-korugu-421889-c-ekersan","","5","2956.8"
"535","Süspansiyon Körüğü","ARF 36 LIK SFK","01.14.00.113","","","no","Ford Cargo SAF Dorse Krone Dorse Kögel Dorse 36 Lık Süspansiyon Körüğü İmdatlı","01.14.00.113 Ford Cargo SAF Dorse Krone Dorse Kögel Dorse 36 Lık Süspansiyon Körüğü İmdatlı","01.14.00.113 Ford Cargo SAF Dorse Krone Dorse Kögel Dorse... | Frenciniz","01.14.00.113 Ford Cargo SAF Dorse Krone Dorse Kögel Dorse 36 Lık Süspansiyon Körüğü İmdatlı icin stok, fiyat ve uyumluluk teyidi. Uygunluk adaylari: SAF dorse...","01.14.00.113 Ford Cargo SAF Dorse Krone Dorse Kögel Dorse 36 Lık Süspansiyon Körüğü İmdatlı","SAF dorse dingili Süspansiyon Körüğü | SAF dorse dingili 01.14.00.113 | 01.14.00.113 Süspansiyon Körüğü | ARF 36 LIK SFK Süspansiyon Körüğü | Ford Cargo SAF Dorse Krone Dorse Kögel Dorse 36 Lık Süspansiyon Körüğü İmdatlı","https://www.frenciniz.com/urun/535/01-14-00-113-ford-cargo-saf-dorse-krone-dorse-kogel-dorse-36-lik-suspansiyon-korugu-imdatli","","56","3762"
"536","Fren Körüğü","ARF 24 SFK","01.62.00.250 - 01.62.00.267","","","no","Ford Cargo SAF Dorse Krone Dorse Kögel Dorse İmdatlı Fren Körüğü 24 Luk","01.62.00.250 Ford Cargo SAF Dorse Krone Dorse Kögel Dorse İmdatlı Fren Körüğü 24 Luk","01.62.00.250 Ford Cargo SAF Dorse Krone Dorse Kögel Dorse... | Frenciniz","01.62.00.250 Ford Cargo SAF Dorse Krone Dorse Kögel Dorse İmdatlı Fren Körüğü 24 Luk icin stok, fiyat ve uyumluluk teyidi. Uygunluk adaylari: SAF dorse dingili...","01.62.00.250 Ford Cargo SAF Dorse Krone Dorse Kögel Dorse İmdatlı Fren Körüğü 24 Luk","SAF dorse dingili Fren Körüğü | SAF dorse dingili 01.62.00.250 | 01.62.00.250 Fren Körüğü | ARF 24 SFK Fren Körüğü | Ford Cargo SAF Dorse Krone Dorse Kögel Dorse İmdatlı Fren Körüğü 24 Luk","https://www.frenciniz.com/urun/536/01-62-00-250-ford-cargo-saf-dorse-krone-dorse-kogel-dorse-imdatli-fren-korugu-24-luk-ekersan","","118","1980"
"537","EBS Modülatör","EYD 80 34","","","","no","Ford Cargo Krone Dorse Kögel Dorse EBS Modülatör ABS'li EYD 80 34","Ford Cargo Krone Dorse Kögel Dorse EBS Modülatör ABS'li EYD 80 34","Ford Cargo Krone Dorse Kögel Dorse EBS Modülatör ABS'li... | Frenciniz","Ford Cargo Krone Dorse Kögel Dorse EBS Modülatör ABS'li EYD 80 34 icin stok, fiyat ve uyumluluk teyidi. Uygunluk adaylari: WABCO ABS/EBS sistemi, Dorse EBS...","Ford Cargo Krone Dorse Kögel Dorse EBS Modülatör ABS'li EYD 80 34","WABCO ABS/EBS sistemi EBS Modülatör | WABCO ABS/EBS sistemi EYD 80 34 | EYD 80 34 EBS Modülatör","https://www.frenciniz.com/urun/537/ford-cargo-krone-dorse-kogel-dorse-ebs-modulator-abs-li-eyd-80-34-ekersan","","3","79.2"
"538","Elektrik Kablosu","EYD 80 33","","","","no","Ford Cargo Krone Dorse Kögel Dorse Elektrik Kablosu EYD 80 33","Ford Cargo Krone Dorse Kögel Dorse Elektrik Kablosu EYD 80 33","Ford Cargo Krone Dorse Kögel Dorse Elektrik Kablosu EYD 80 33 | Frenciniz","Ford Cargo Krone Dorse Kögel Dorse Elektrik Kablosu EYD 80 33 icin stok, fiyat ve uyumluluk teyidi. Uygunluk adaylari: Tır / çekici, Krone dorse, Kögel dorse....","Ford Cargo Krone Dorse Kögel Dorse Elektrik Kablosu EYD 80 33","Kamyon Elektrik Kablosu | Kamyon EYD 80 33 | EYD 80 33 Elektrik Kablosu","https://www.frenciniz.com/urun/538/elektrik-kablosu-ford-cargo-krone-dorse-kogel-dorse-elektrik-kablosu-eyd-80-33-ekersan","","5","28.38"
"539","Elektrik Kablosu","EYD 80 32","","","","no","Ford Cargo Krone Dorse Kögel Dorse Elektrik Kablosu EYD 80 32","Ford Cargo Krone Dorse Kögel Dorse Elektrik Kablosu EYD 80 32","Ford Cargo Krone Dorse Kögel Dorse Elektrik Kablosu EYD 80 32 | Frenciniz","Ford Cargo Krone Dorse Kögel Dorse Elektrik Kablosu EYD 80 32 icin stok, fiyat ve uyumluluk teyidi. Uygunluk adaylari: Tır / çekici, Krone dorse, Kögel dorse....","Ford Cargo Krone Dorse Kögel Dorse Elektrik Kablosu EYD 80 32","Kamyon Elektrik Kablosu | Kamyon EYD 80 32 | EYD 80 32 Elektrik Kablosu","https://www.frenciniz.com/urun/539/elektrik-kablosu-ford-cargo-krone-dorse-kogel-dorse-elektrik-kablosu-eyd-80-32-ekersan","","3","28.38"
"540","Porya","EYD 700 43","","","","no","Ford Cargo Krone Dorse Kögel Dorse Porya Kapağı EYD 700 43","Ford Cargo Krone Dorse Kögel Dorse Porya Kapağı EYD 700 43","Ford Cargo Krone Dorse Kögel Dorse Porya Kapağı EYD 700 43 | Frenciniz","Ford Cargo Krone Dorse Kögel Dorse Porya Kapağı EYD 700 43 icin stok, fiyat ve uyumluluk teyidi. Uygunluk adaylari: Yerel dorse dingil grubu, Dorse / treyler...","Ford Cargo Krone Dorse Kögel Dorse Porya Kapağı EYD 700 43","Yerel dorse dingil grubu Porya | Yerel dorse dingil grubu EYD 700 43 | EYD 700 43 Porya","https://www.frenciniz.com/urun/540/ford-cargo-krone-dorse-kogel-dorse-porya-kapagi-eyd-700-43-ekersan","","21","528"
"541","Porya","EYD 700 31-1","","","","no","Ford Cargo Krone Dorse Kögel Dorse Porya Kapağı EYD 700 31-1","Ford Cargo Krone Dorse Kögel Dorse Porya Kapağı EYD 700 31-1","Ford Cargo Krone Dorse Kögel Dorse Porya Kapağı EYD 700 31-1 | Frenciniz","Ford Cargo Krone Dorse Kögel Dorse Porya Kapağı EYD 700 31-1 icin stok, fiyat ve uyumluluk teyidi. Uygunluk adaylari: Yerel dorse dingil grubu, Dorse / treyler...","Ford Cargo Krone Dorse Kögel Dorse Porya Kapağı EYD 700 31-1","Yerel dorse dingil grubu Porya | Yerel dorse dingil grubu EYD 700 31-1 | EYD 700 31-1 Porya","https://www.frenciniz.com/urun/541/ford-cargo-krone-dorse-kogel-dorse-porya-kapagi-eyd-700-31-1-ekersan","","43","528"
"542","Porya","EYD 700 26","","","","no","Renault Premium Magnum Kerax Midlum D Serisi Porya Kapağı","EYD 700 26 Renault Premium Magnum Kerax Midlum D Serisi Porya Kapağı","EYD 700 26 Renault Premium Magnum Kerax Midlum D Serisi... | Frenciniz","EYD 700 26 Renault Premium Magnum Kerax Midlum D Serisi Porya Kapağı icin stok, fiyat ve uyumluluk teyidi. Uygunluk adaylari: Volvo FH, Volvo FH12, Volvo FM....","EYD 700 26 Renault Premium Magnum Kerax Midlum D Serisi Porya Kapağı","Volvo FH Porya | Volvo FH EYD 700 26 | EYD 700 26 Porya | Renault Premium Magnum Kerax Midlum D Serisi Porya Kapağı","https://www.frenciniz.com/urun/542/eyd-700-26-renault-premium-magnum-kerax-midlum-d-serisi-porya-kapagi-ekersan","","4","528"
"543","Dingil","EYD 70 13","","","","no","Ford Cargo BPW Dorse Krone Dorse Kögel Dorse Dingil Parçası","EYD 70 13 Ford Cargo BPW Dorse Krone Dorse Kögel Dorse Dingil Parçası","EYD 70 13 Ford Cargo BPW Dorse Krone Dorse Kögel Dorse... | Frenciniz","EYD 70 13 Ford Cargo BPW Dorse Krone Dorse Kögel Dorse Dingil Parçası icin stok, fiyat ve uyumluluk teyidi. Uygunluk adaylari: BPW dorse dingili, BPW ECOPlus...","EYD 70 13 Ford Cargo BPW Dorse Krone Dorse Kögel Dorse Dingil Parçası","BPW dorse dingili Dingil | BPW dorse dingili EYD 70 13 | EYD 70 13 Dingil | Ford Cargo BPW Dorse Krone Dorse Kögel Dorse Dingil Parçası","https://www.frenciniz.com/urun/543/eyd-70-13-ford-cargo-bpw-dorse-krone-dorse-kogel-dorse-dingil-parcasi-ekersan","","120","59.4"
"544","Fren Kampanası","EF-4410328090","ATF 5030","","","no","Ford Cargo Krone Dorse Kögel Dorse Fren Kampanası ABS'li EF-4410328090","ATF 5030 Ford Cargo Krone Dorse Kögel Dorse Fren Kampanası ABS'li EF-4410328090","ATF 5030 Ford Cargo Krone Dorse Kögel Dorse Fren Kampanası... | Frenciniz","ATF 5030 Ford Cargo Krone Dorse Kögel Dorse Fren Kampanası ABS'li EF-4410328090 icin stok, fiyat ve uyumluluk teyidi. Uygunluk adaylari: WABCO ABS/EBS sistemi...","ATF 5030 Ford Cargo Krone Dorse Kögel Dorse Fren Kampanası ABS'li EF-4410328090","WABCO ABS/EBS sistemi Fren Kampanası | WABCO ABS/EBS sistemi ATF 5030 | ATF 5030 Fren Kampanası | EF-4410328090 Fren Kampanası | Ford Cargo Krone Dorse Kögel Dorse Fren Kampanası ABS'li EF-4410328090","https://www.frenciniz.com/urun/544/atf-5030-ford-cargo-krone-dorse-kogel-dorse-fren-kampanasi-abs-li-ef-4410328090-ekersan","","98","495"
"545","Porya","CDF-88181","","","","no","Mercedes Atego Porya 9/14 ABS'li Arka","CDF-88181 Mercedes Atego Porya 9/14 ABS'li Arka","CDF-88181 Mercedes Atego Porya 9/14 ABS'li Arka | Frenciniz","CDF-88181 Mercedes Atego Porya 9/14 ABS'li Arka icin stok, fiyat ve uyumluluk teyidi. Uygunluk adaylari: Mercedes-Benz Atego, Atego 815, Atego 818. OEM/SKU:...","CDF-88181 Mercedes Atego Porya 9/14 ABS'li Arka","Mercedes-Benz Atego Porya | Mercedes-Benz Atego CDF-88181 | CDF-88181 Porya | Mercedes Atego Porya 9/14 ABS'li Arka","https://www.frenciniz.com/urun/545/cdf-88181-mercedes-atego-porya-9-14-abs-li-arka-ekersan","","10","17.99"
"546","Keçe","CDF-88171","","","","no","Scania P G R Porya Keçesi 10/13 Arka","CDF-88171 Scania P G R Porya Keçesi 10/13 Arka","CDF-88171 Scania P G R Porya Keçesi 10/13 Arka | Frenciniz","CDF-88171 Scania P G R Porya Keçesi 10/13 Arka icin stok, fiyat ve uyumluluk teyidi. Uygunluk adaylari: Scania P/G/R serisi, Scania P serisi, Scania G420....","CDF-88171 Scania P G R Porya Keçesi 10/13 Arka","Scania P/G/R serisi Keçe | Scania P/G/R serisi CDF-88171 | CDF-88171 Keçe | Scania P G R Porya Keçesi 10/13 Arka","https://www.frenciniz.com/urun/546/cdf-88171-scania-p-g-r-porya-kecesi-10-13-arka-ekersan","","8","9.39"
"547","Dingil","CDF-88029","0256647400","","","no","Ford Cargo BPW Dorse Krone Dorse Kögel Dorse Dingil Parçası Y.M.","0256647400 Ford Cargo BPW Dorse Krone Dorse Kögel Dorse Dingil Parçası Y.M.","0256647400 Ford Cargo BPW Dorse Krone Dorse Kögel Dorse... | Frenciniz","0256647400 Ford Cargo BPW Dorse Krone Dorse Kögel Dorse Dingil Parçası Y.M. icin stok, fiyat ve uyumluluk teyidi. Uygunluk adaylari: BPW dorse dingili, BPW...","0256647400 Ford Cargo BPW Dorse Krone Dorse Kögel Dorse Dingil Parçası Y.M.","BPW dorse dingili Dingil | BPW dorse dingili 0256647400 | 0256647400 Dingil | CDF-88029 Dingil | Ford Cargo BPW Dorse Krone Dorse Kögel Dorse Dingil Parçası Y.M.","https://www.frenciniz.com/urun/547/0256647400-ford-cargo-bpw-dorse-krone-dorse-kogel-dorse-dingil-parcasi-y-m-ekersan","","40","17.49"
"548","Kaliper","60-6064","","","","no","ROR Meritor Knorr WABCO Kaliper 60-6064","ROR Meritor Knorr WABCO Kaliper 60-6064","ROR Meritor Knorr WABCO Kaliper 60-6064 | Frenciniz","ROR Meritor Knorr WABCO Kaliper 60-6064 icin stok, fiyat ve uyumluluk teyidi. Uygunluk adaylari: Ağır vasıta kaliper sistemi, Knorr / WABCO / Meritor kaliper...","ROR Meritor Knorr WABCO Kaliper 60-6064","Ağır vasıta kaliper sistemi Kaliper | Ağır vasıta kaliper sistemi 60-6064 | 60-6064 Kaliper","https://www.frenciniz.com/urun/548/ror-meritor-knorr-wabco-kaliper-60-6064-ekersan","","10","580.8"
"549","Süspansiyon Körüğü","424159.CP","UJA0894001 , MLF7035","","","no","Ford Cargo Krone Dorse Kögel Dorse Süspansiyon Körüğü 424159.CP","UJA0894001 Ford Cargo Krone Dorse Kögel Dorse Süspansiyon Körüğü 424159.CP","UJA0894001 Ford Cargo Krone Dorse Kögel Dorse Süspansiyon... | Frenciniz","UJA0894001 Ford Cargo Krone Dorse Kögel Dorse Süspansiyon Körüğü 424159.CP icin stok, fiyat ve uyumluluk teyidi. Uygunluk adaylari: Tır / çekici, Krone dorse...","UJA0894001 Ford Cargo Krone Dorse Kögel Dorse Süspansiyon Körüğü 424159.CP","Dorse Süspansiyon Körüğü | Dorse UJA0894001 | UJA0894001 Süspansiyon Körüğü | 424159.CP Süspansiyon Körüğü | Ford Cargo Krone Dorse Kögel Dorse Süspansiyon Körüğü 424159.CP","https://www.frenciniz.com/urun/549/uja0894001-ford-cargo-krone-dorse-kogel-dorse-suspansiyon-korugu-424159-cp-ekersan","","21","3036"
"550","EBS Modülatör","303.08.0001.02","","","","no","Ford Cargo Krone Dorse Kögel Dorse EBS Modülatör ABS'li 303.08.0001.02","Ford Cargo Krone Dorse Kögel Dorse EBS Modülatör ABS'li 303.08.0001.02","Ford Cargo Krone Dorse Kögel Dorse EBS Modülatör ABS'li... | Frenciniz","Ford Cargo Krone Dorse Kögel Dorse EBS Modülatör ABS'li 303.08.0001.02 icin stok, fiyat ve uyumluluk teyidi. Uygunluk adaylari: Dorse / treyler, Ağır vasıta...","Ford Cargo Krone Dorse Kögel Dorse EBS Modülatör ABS'li 303.08.0001.02","Dorse / treyler EBS Modülatör | Dorse / treyler 303.08.0001.02 | 303.08.0001.02 EBS Modülatör","https://www.frenciniz.com/urun/550/ford-cargo-krone-dorse-kogel-dorse-ebs-modulator-abs-li-303-08-0001-02-ekersan","","1","29.3"
"551","Dingil","303.04.0013","4630840410","","","no","Ford Cargo Krone Dorse Kögel Dorse Dingil Parçası ABS'li","4630840410 Ford Cargo Krone Dorse Kögel Dorse Dingil Parçası ABS'li","4630840410 Ford Cargo Krone Dorse Kögel Dorse Dingil... | Frenciniz","4630840410 Ford Cargo Krone Dorse Kögel Dorse Dingil Parçası ABS'li icin stok, fiyat ve uyumluluk teyidi. Uygunluk adaylari: WABCO ABS/EBS sistemi, Dorse EBS...","4630840410 Ford Cargo Krone Dorse Kögel Dorse Dingil Parçası ABS'li","WABCO ABS/EBS sistemi Dingil | WABCO ABS/EBS sistemi 4630840410 | 4630840410 Dingil | 303.04.0013 Dingil | Ford Cargo Krone Dorse Kögel Dorse Dingil Parçası ABS'li","https://www.frenciniz.com/urun/551/4630840410-ford-cargo-krone-dorse-kogel-dorse-dingil-parcasi-abs-li-ekersan","","10","58.87"
"552","Fren Körüğü","ARF 16 SFK","01.116.00.82","","","no","Ford Cargo SAF Dorse Krone Dorse Kögel Dorse 16 Lık İmdatlı Fren Körüğü","01.116.00.82 Ford Cargo SAF Dorse Krone Dorse Kögel Dorse 16 Lık İmdatlı Fren Körüğü","01.116.00.82 Ford Cargo SAF Dorse Krone Dorse Kögel Dorse... | Frenciniz","01.116.00.82 Ford Cargo SAF Dorse Krone Dorse Kögel Dorse 16 Lık İmdatlı Fren Körüğü icin stok, fiyat ve uyumluluk teyidi. Uygunluk adaylari: SAF dorse dingili...","01.116.00.82 Ford Cargo SAF Dorse Krone Dorse Kögel Dorse 16 Lık İmdatlı Fren Körüğü","SAF dorse dingili Fren Körüğü | SAF dorse dingili 01.116.00.82 | 01.116.00.82 Fren Körüğü | ARF 16 SFK Fren Körüğü | Ford Cargo SAF Dorse Krone Dorse Kögel Dorse 16 Lık İmdatlı Fren Körüğü","https://www.frenciniz.com/urun/552/01-116-00-82-ford-cargo-saf-dorse-krone-dorse-kogel-dorse-16-lik-imdatli-fren-korugu-ekersan","","104","1980"
"553","Fren Körüğü","ARF 16/24 D/D","03.130.00.188","","","no","Ford Cargo Krone Dorse Kögel Dorse 16/24 D/D İmdatlı Fren Körüğü Disk Tipi ARF 16/24 D/D","03.130.00.188 Ford Cargo Krone Dorse Kögel Dorse 16/24 D/D İmdatlı Fren Körüğü Disk Tipi ARF 16/24 D/D","03.130.00.188 Ford Cargo Krone Dorse Kögel Dorse 16/24 D/D... | Frenciniz","03.130.00.188 Ford Cargo Krone Dorse Kögel Dorse 16/24 D/D İmdatlı Fren Körüğü Disk Tipi ARF 16/24 D/D icin stok, fiyat ve uyumluluk teyidi. Uygunluk adaylari:...","03.130.00.188 Ford Cargo Krone Dorse Kögel Dorse 16/24 D/D İmdatlı Fren Körüğü Disk Tipi ARF 16/24 D/D","Dorse / treyler Fren Körüğü | Dorse / treyler 03.130.00.188 | 03.130.00.188 Fren Körüğü | ARF 16/24 D/D Fren Körüğü | Ford Cargo Krone Dorse Kögel Dorse 16/24 D/D İmdatlı Fren Körüğü Disk Tipi ARF 16/24 D/D","https://www.frenciniz.com/urun/553/03-130-00-188-ford-cargo-krone-dorse-kogel-dorse-16-24-d-d-imdatli-fren-korugu-disk-tipi-arf-16","","13","2970"
"554","Kaliper Tamir Takımı (Elsa)","FX-2030","","","","no","ROR Meritor Meritor ELSA Kaliper Tamir Takımı Sol","FX-2030 ROR Meritor Meritor ELSA Kaliper Tamir Takımı Sol","FX-2030 ROR Meritor Meritor ELSA Kaliper Tamir Takımı Sol | Frenciniz","FX-2030 ROR Meritor Meritor ELSA Kaliper Tamir Takımı Sol icin stok, fiyat ve uyumluluk teyidi. Uygunluk adaylari: MAN TGA, Meritor ELSA/DUCO kaliper sistemi...","FX-2030 ROR Meritor Meritor ELSA Kaliper Tamir Takımı Sol","MAN TGA Kaliper Tamir Takımı (Elsa) | MAN TGA FX-2030 | FX-2030 Kaliper Tamir Takımı (Elsa) | ROR Meritor Meritor ELSA Kaliper Tamir Takımı Sol","https://www.frenciniz.com/urun/554/fx-2030-kaliper-tamir-takimi-elsa-ror-meritor-meritor-elsa-kaliper-tamir-takimi-sol-ekersan","","1","8948.28"
"555","Kaliper Perno Tamir Takımı","10-1294","K105599K55, 2286677","","","no","ROR Meritor Knorr WABCO Kaliper Perno Tamir Takımı 10-1294","K105599K55 ROR Meritor Knorr WABCO Kaliper Perno Tamir Takımı 10-1294","K105599K55 ROR Meritor Knorr WABCO Kaliper Perno Tamir... | Frenciniz","K105599K55 ROR Meritor Knorr WABCO Kaliper Perno Tamir Takımı 10-1294 icin stok, fiyat ve uyumluluk teyidi. Uygunluk adaylari: Knorr-Bremse SB/SN/SK kaliper...","K105599K55 ROR Meritor Knorr WABCO Kaliper Perno Tamir Takımı 10-1294","Knorr-Bremse SB/SN/SK kaliper sistemi Kaliper Perno Tamir Takımı | Knorr-Bremse SB/SN/SK kaliper sistemi K105599K55 | K105599K55 Kaliper Perno Tamir Takımı | 10-1294 Kaliper Perno Tamir Takımı | ROR Meritor Knorr WABCO Kaliper Perno Tamir Takımı 10-1294","https://www.frenciniz.com/urun/555/k105599k55-ror-meritor-knorr-wabco-kaliper-perno-tamir-takimi-10-1294-ekersan","","2","1726.56"
"556","Fren Balatası","42230/1-290","29158 - 29171","29171-bpw-kogel-dorse-fren-balatasi","11","no","29171 BPW Kogel Dorse Disk Fren Balatasi 42230/1-290","29171 BPW Kogel Dorse Disk Fren Balatasi 42230/1-290","29171 BPW Kogel Dorse Disk Fren Balatasi 42230/1-290 | Frenciniz","29171 BPW Kogel Dorse Disk Fren Balatasi 42230/1-290 icin stok, fiyat ve uyumluluk teyidi. Uygunluk adaylari: Ağır vasıta disk fren balata sistemi, Knorr / WABCO...","29171 fren balatasi","29171 bpw dorse balata | kogel dorse 29171 | bpw kogel fren balatasi | 29171 BPW Kogel Dorse Disk Fren Balatasi 42230/1-290 | 29158 fren balatasi | 0509290060 fren balatasi | Ağır vasıta disk fren balata sistemi Fren Balatası","https://www.frenciniz.com/urun/556/29171-bpw-kogel-dorse-disk-fren-balatasi-42230-1-290-ekersan","https://www.frenciniz.com/29171-bpw-kogel-dorse-fren-balatasi","113","2006.4"
"557","Fren Körüğü","8108","8682644620046","","","no","Renault Premium Magnum Kerax Midlum D Serisi İmdatlı Fren Körüğü 30 Luk Servis","8682644620046 Renault Premium Magnum Kerax Midlum D Serisi İmdatlı Fren Körüğü 30 Luk Servis","8682644620046 Renault Premium Magnum Kerax Midlum D Serisi... | Frenciniz","8682644620046 Renault Premium Magnum Kerax Midlum D Serisi İmdatlı Fren Körüğü 30 Luk Servis icin stok, fiyat ve uyumluluk teyidi. Uygunluk adaylari: Renault...","8682644620046 Renault Premium Magnum Kerax Midlum D Serisi İmdatlı Fren Körüğü 30 Luk Servis","Renault Trucks Fren Körüğü | Renault Trucks 8682644620046 | 8682644620046 Fren Körüğü | 8108 Fren Körüğü | Renault Premium Magnum Kerax Midlum D Serisi İmdatlı Fren Körüğü 30 Luk Servis","https://www.frenciniz.com/urun/557/8682644620046-renault-premium-magnum-kerax-midlum-d-serisi-imdatli-fren-korugu-30-luk-servis","","1238","1267.2"
"558","Fren Körüğü","EYD 100 71-1","","","","no","Ford Cargo BPW Dorse Krone Dorse Kögel Dorse Fren Körüğü EYD 100 71-1","Ford Cargo BPW Dorse Krone Dorse Kögel Dorse Fren Körüğü EYD 100 71-1","Ford Cargo BPW Dorse Krone Dorse Kögel Dorse Fren Körüğü... | Frenciniz","Ford Cargo BPW Dorse Krone Dorse Kögel Dorse Fren Körüğü EYD 100 71-1 icin stok, fiyat ve uyumluluk teyidi. Uygunluk adaylari: BPW dorse dingili, BPW ECOPlus...","Ford Cargo BPW Dorse Krone Dorse Kögel Dorse Fren Körüğü EYD 100 71-1","BPW dorse dingili Fren Körüğü | BPW dorse dingili EYD 100 71-1 | EYD 100 71-1 Fren Körüğü","https://www.frenciniz.com/urun/558/ford-cargo-bpw-dorse-krone-dorse-kogel-dorse-fren-korugu-eyd-100-71-1-ekersan","","296","396"
"559","Porya","ESP.18.23.01","1004054","","","no","Ford Cargo Krone Dorse Kögel Dorse Porya ESP.18.23.01","1004054 Ford Cargo Krone Dorse Kögel Dorse Porya ESP.18.23.01","1004054 Ford Cargo Krone Dorse Kögel Dorse Porya ESP.18.23.01 | Frenciniz","1004054 Ford Cargo Krone Dorse Kögel Dorse Porya ESP.18.23.01 icin stok, fiyat ve uyumluluk teyidi. Uygunluk adaylari: Schmitz Cargobull dorse, Dorse / treyler...","1004054 Ford Cargo Krone Dorse Kögel Dorse Porya ESP.18.23.01","Schmitz Cargobull dorse Porya | Schmitz Cargobull dorse 1004054 | 1004054 Porya | ESP.18.23.01 Porya | Ford Cargo Krone Dorse Kögel Dorse Porya ESP.18.23.01","https://www.frenciniz.com/urun/559/1004054-ford-cargo-krone-dorse-kogel-dorse-porya-esp-18-23-01-ekersan","","1","5616.6"
"560","Süspansiyon Körüğü","BK 00 0036","8682644620381","","","no","Ford Cargo Krone Dorse Kögel Dorse Süspansiyon Körüğü BK 00 0036","8682644620381 Ford Cargo Krone Dorse Kögel Dorse Süspansiyon Körüğü BK 00 0036","8682644620381 Ford Cargo Krone Dorse Kögel Dorse... | Frenciniz","8682644620381 Ford Cargo Krone Dorse Kögel Dorse Süspansiyon Körüğü BK 00 0036 icin stok, fiyat ve uyumluluk teyidi. Uygunluk adaylari: Tır / çekici, Krone...","8682644620381 Ford Cargo Krone Dorse Kögel Dorse Süspansiyon Körüğü BK 00 0036","Dorse Süspansiyon Körüğü | Dorse 8682644620381 | 8682644620381 Süspansiyon Körüğü | BK 00 0036 Süspansiyon Körüğü | Ford Cargo Krone Dorse Kögel Dorse Süspansiyon Körüğü BK 00 0036","https://www.frenciniz.com/urun/560/8682644620381-ford-cargo-krone-dorse-kogel-dorse-suspansiyon-korugu-bk-00-0036-ekersan","","6","2970"
"561","Fren Körüğü","BK 01 1624","8682644620299","","","no","Ford Cargo Krone Dorse Kögel Dorse 16/24 D/P İmdatlı Fren Körüğü Disk Tipi","8682644620299 Ford Cargo Krone Dorse Kögel Dorse 16/24 D/P İmdatlı Fren Körüğü Disk Tipi","8682644620299 Ford Cargo Krone Dorse Kögel Dorse 16/24 D/P... | Frenciniz","8682644620299 Ford Cargo Krone Dorse Kögel Dorse 16/24 D/P İmdatlı Fren Körüğü Disk Tipi icin stok, fiyat ve uyumluluk teyidi. Uygunluk adaylari: Disk fren...","8682644620299 Ford Cargo Krone Dorse Kögel Dorse 16/24 D/P İmdatlı Fren Körüğü Disk Tipi","Disk fren imdatlı fren körüğü Fren Körüğü | Disk fren imdatlı fren körüğü 8682644620299 | 8682644620299 Fren Körüğü | BK 01 1624 Fren Körüğü | Ford Cargo Krone Dorse Kögel Dorse 16/24 D/P İmdatlı Fren Körüğü Disk Tipi","https://www.frenciniz.com/urun/561/8682644620299-ford-cargo-krone-dorse-kogel-dorse-16-24-d-p-imdatli-fren-korugu-disk-tipi-ekersan","","2","5940"
"562","Fren Körüğü","BK 04 0020","8682644620145 8682644620152","","","no","Renault Premium Magnum Kerax Midlum D Serisi İmdatlı Fren Körüğü Servis BK 04 0020","8682644620145 8682644620152 Renault Premium Magnum Kerax Midlum D Serisi İmdatlı Fren Körüğü Servis BK 04 0020","8682644620145 8682644620152 Renault Premium Magnum Kerax... | Frenciniz","8682644620145 8682644620152 Renault Premium Magnum Kerax Midlum D Serisi İmdatlı Fren Körüğü Servis BK 04 0020 icin stok, fiyat ve uyumluluk teyidi. Uygunluk...","8682644620145 8682644620152 Renault Premium Magnum Kerax Midlum D Serisi İmdatlı Fren Körüğü Servis BK 04 0020","Renault Trucks Fren Körüğü | Renault Trucks 8682644620145 8682644620152 | 8682644620145 8682644620152 Fren Körüğü | BK 04 0020 Fren Körüğü | Renault Premium Magnum Kerax Midlum D Serisi İmdatlı Fren Körüğü Servis BK 04 0020","https://www.frenciniz.com/urun/562/8682644620145-8682644620152-renault-premium-magnum-kerax-midlum-d-serisi-imdatli-fren-korugu","","2","1650"
"563","Porya","ESP.26.27","","","","no","Ford Cargo Krone Dorse Kögel Dorse Porya Kısa","ESP.26.27 Ford Cargo Krone Dorse Kögel Dorse Porya Kısa","ESP.26.27 Ford Cargo Krone Dorse Kögel Dorse Porya Kısa | Frenciniz","ESP.26.27 Ford Cargo Krone Dorse Kögel Dorse Porya Kısa icin stok, fiyat ve uyumluluk teyidi. Uygunluk adaylari: Dorse / treyler, Ağır vasıta dorse dingili...","ESP.26.27 Ford Cargo Krone Dorse Kögel Dorse Porya Kısa","Dorse / treyler Porya | Dorse / treyler ESP.26.27 | ESP.26.27 Porya | Ford Cargo Krone Dorse Kögel Dorse Porya Kısa","https://www.frenciniz.com/urun/563/esp-26-27-ford-cargo-krone-dorse-kogel-dorse-porya-kisa-ekersan","","3","8045.4"
"564","Kızak","KIZAK 30535","","","","no","Ford Cargo Kaliper Kızak","KIZAK 30535 Ford Cargo Kaliper Kızak","KIZAK 30535 Ford Cargo Kaliper Kızak | Frenciniz","KIZAK 30535 Ford Cargo Kaliper Kızak icin stok, fiyat ve uyumluluk teyidi. Uygunluk adaylari: Ford Cargo, Ford Cargo 1846, Ford Cargo 3230. OEM/SKU: KIZAK 30535....","KIZAK 30535 Ford Cargo Kaliper Kızak","Ford Cargo Kızak | Ford Cargo KIZAK 30535 | KIZAK 30535 Kızak | Ford Cargo Kaliper Kızak","https://www.frenciniz.com/urun/564/kizak-30535-kizak-ford-cargo-kaliper-kizak-ekersan","","2","3960"
"565","Porya","ESP.16.12.17","0327243420","","","no","Ford Cargo BPW Dorse Krone Dorse Kögel Dorse Porya ESP.16.12.17","0327243420 Ford Cargo BPW Dorse Krone Dorse Kögel Dorse Porya ESP.16.12.17","0327243420 Ford Cargo BPW Dorse Krone Dorse Kögel Dorse... | Frenciniz","0327243420 Ford Cargo BPW Dorse Krone Dorse Kögel Dorse Porya ESP.16.12.17 icin stok, fiyat ve uyumluluk teyidi. Uygunluk adaylari: BPW dorse dingili, BPW...","0327243420 Ford Cargo BPW Dorse Krone Dorse Kögel Dorse Porya ESP.16.12.17","BPW dorse dingili Porya | BPW dorse dingili 0327243420 | 0327243420 Porya | ESP.16.12.17 Porya | Ford Cargo BPW Dorse Krone Dorse Kögel Dorse Porya ESP.16.12.17","https://www.frenciniz.com/urun/565/0327243420-ford-cargo-bpw-dorse-krone-dorse-kogel-dorse-porya-esp-16-12-17-ekersan","","2","5768.4"
"566","Süspansiyon Körüğü","426290.S1","","","","no","Ford Cargo Krone Dorse Kögel Dorse Süspansiyon Körüğü 426290.S1","Ford Cargo Krone Dorse Kögel Dorse Süspansiyon Körüğü 426290.S1","Ford Cargo Krone Dorse Kögel Dorse Süspansiyon Körüğü... | Frenciniz","Ford Cargo Krone Dorse Kögel Dorse Süspansiyon Körüğü 426290.S1 icin stok, fiyat ve uyumluluk teyidi. Uygunluk adaylari: Tır / çekici, Krone dorse, Kögel dorse....","Ford Cargo Krone Dorse Kögel Dorse Süspansiyon Körüğü 426290.S1","Dorse Süspansiyon Körüğü | Dorse 426290.S1 | 426290.S1 Süspansiyon Körüğü","https://www.frenciniz.com/urun/566/ford-cargo-krone-dorse-kogel-dorse-suspansiyon-korugu-426290-s1-ekersan","","4","1821.6"
"567","Porya","ESP.03.16","2290525, 1822615, 2603319","","","no","Scania P G R Porya Y.M.","2290525 Scania P G R Porya Y.M.","2290525 Scania P G R Porya Y.M. | Frenciniz","2290525 Scania P G R Porya Y.M. icin stok, fiyat ve uyumluluk teyidi. Uygunluk adaylari: Scania P/G/R serisi, Scania P serisi, Scania G420. OEM/SKU: 2290525....","2290525 Scania P G R Porya Y.M.","Scania P/G/R serisi Porya | Scania P/G/R serisi 2290525 | 2290525 Porya | ESP.03.16 Porya | Scania P G R Porya Y.M.","https://www.frenciniz.com/urun/567/2290525-scania-p-g-r-porya-y-m-ekersan","","1","7741.8"
"568","Keçe","CDF-88170","1740992","","","no","Scania P G R Porya Keçesi Arka","1740992 Scania P G R Porya Keçesi Arka","1740992 Scania P G R Porya Keçesi Arka | Frenciniz","1740992 Scania P G R Porya Keçesi Arka icin stok, fiyat ve uyumluluk teyidi. Uygunluk adaylari: Scania P/G/R serisi, Scania P serisi, Scania G420. OEM/SKU:...","1740992 Scania P G R Porya Keçesi Arka","Scania P/G/R serisi Keçe | Scania P/G/R serisi 1740992 | 1740992 Keçe | CDF-88170 Keçe | Scania P G R Porya Keçesi Arka","https://www.frenciniz.com/urun/568/1740992-scania-p-g-r-porya-kecesi-arka-ekersan","","8","19.69"
"569","Kızak","KIZAK 30505","68322778 , 3092253","","","no","Volvo FH12 FM FL Kaliper Kızak","68322778 Volvo FH12 FM FL Kaliper Kızak","68322778 Volvo FH12 FM FL Kaliper Kızak | Frenciniz","68322778 Volvo FH12 FM FL Kaliper Kızak icin stok, fiyat ve uyumluluk teyidi. Uygunluk adaylari: Volvo FH, Volvo FH12, Volvo FM. OEM/SKU: 68322778. Stokta urun...","68322778 Volvo FH12 FM FL Kaliper Kızak","Volvo FH Kızak | Volvo FH 68322778 | 68322778 Kızak | KIZAK 30505 Kızak | Volvo FH12 FM FL Kaliper Kızak","https://www.frenciniz.com/urun/569/68322778-kizak-volvo-fh12-fm-fl-kaliper-kizak-ekersan","","2","3960"
"570","Kızak","KIZAK 30502","68323675 , 68323673","","","no","Renault Premium Magnum Kerax Midlum D Serisi Kaliper Kızak","68323675 Renault Premium Magnum Kerax Midlum D Serisi Kaliper Kızak","68323675 Renault Premium Magnum Kerax Midlum D Serisi... | Frenciniz","68323675 Renault Premium Magnum Kerax Midlum D Serisi Kaliper Kızak icin stok, fiyat ve uyumluluk teyidi. Uygunluk adaylari: Renault Trucks Premium, Renault...","68323675 Renault Premium Magnum Kerax Midlum D Serisi Kaliper Kızak","Renault Trucks Premium Kızak | Renault Trucks Premium 68323675 | 68323675 Kızak | KIZAK 30502 Kızak | Renault Premium Magnum Kerax Midlum D Serisi Kaliper Kızak","https://www.frenciniz.com/urun/570/68323675-kizak-renault-premium-magnum-kerax-midlum-d-serisi-kaliper-kizak-ekersan","","1","3960"
"571","Fren Körüğü","ARF 30 SFK","01.63.00.125","","","no","Ford Cargo SAF Dorse Krone Dorse Kögel Dorse İmdatlı Fren Körüğü 30 Luk","01.63.00.125 Ford Cargo SAF Dorse Krone Dorse Kögel Dorse İmdatlı Fren Körüğü 30 Luk","01.63.00.125 Ford Cargo SAF Dorse Krone Dorse Kögel Dorse... | Frenciniz","01.63.00.125 Ford Cargo SAF Dorse Krone Dorse Kögel Dorse İmdatlı Fren Körüğü 30 Luk icin stok, fiyat ve uyumluluk teyidi. Uygunluk adaylari: SAF dorse dingili...","01.63.00.125 Ford Cargo SAF Dorse Krone Dorse Kögel Dorse İmdatlı Fren Körüğü 30 Luk","SAF dorse dingili Fren Körüğü | SAF dorse dingili 01.63.00.125 | 01.63.00.125 Fren Körüğü | ARF 30 SFK Fren Körüğü | Ford Cargo SAF Dorse Krone Dorse Kögel Dorse İmdatlı Fren Körüğü 30 Luk","https://www.frenciniz.com/urun/571/01-63-00-125-ford-cargo-saf-dorse-krone-dorse-kogel-dorse-imdatli-fren-korugu-30-luk-ekersan","","99","1980"
"572","Fren Körüğü","ARF 24/30 D/D","03.19.00.160","","","no","Ford Cargo Krone Dorse Kögel Dorse 24/30 D/D İmdatlı Fren Körüğü Disk Tipi ARF 24/30 D/D","03.19.00.160 Ford Cargo Krone Dorse Kögel Dorse 24/30 D/D İmdatlı Fren Körüğü Disk Tipi ARF 24/30 D/D","03.19.00.160 Ford Cargo Krone Dorse Kögel Dorse 24/30 D/D... | Frenciniz","03.19.00.160 Ford Cargo Krone Dorse Kögel Dorse 24/30 D/D İmdatlı Fren Körüğü Disk Tipi ARF 24/30 D/D icin stok, fiyat ve uyumluluk teyidi. Uygunluk adaylari:...","03.19.00.160 Ford Cargo Krone Dorse Kögel Dorse 24/30 D/D İmdatlı Fren Körüğü Disk Tipi ARF 24/30 D/D","Disk fren imdatlı fren körüğü Fren Körüğü | Disk fren imdatlı fren körüğü 03.19.00.160 | 03.19.00.160 Fren Körüğü | ARF 24/30 D/D Fren Körüğü | Ford Cargo Krone Dorse Kögel Dorse 24/30 D/D İmdatlı Fren Körüğü Disk Tipi ARF 24/30 D/D","https://www.frenciniz.com/urun/572/03-19-00-160-ford-cargo-krone-dorse-kogel-dorse-24-30-d-d-imdatli-fren-korugu-disk-tipi-arf-24","","80","2970"
"573","Fren Körüğü","ARF 30/30 D/D","03.24.00.89","","","no","Ford Cargo Krone Dorse Kögel Dorse 30/30 D/D İmdatlı Fren Körüğü Disk Tipi ARF 30/30 D/D","03.24.00.89 Ford Cargo Krone Dorse Kögel Dorse 30/30 D/D İmdatlı Fren Körüğü Disk Tipi ARF 30/30 D/D","03.24.00.89 Ford Cargo Krone Dorse Kögel Dorse 30/30 D/D... | Frenciniz","03.24.00.89 Ford Cargo Krone Dorse Kögel Dorse 30/30 D/D İmdatlı Fren Körüğü Disk Tipi ARF 30/30 D/D icin stok, fiyat ve uyumluluk teyidi. Uygunluk adaylari:...","03.24.00.89 Ford Cargo Krone Dorse Kögel Dorse 30/30 D/D İmdatlı Fren Körüğü Disk Tipi ARF 30/30 D/D","Disk fren imdatlı fren körüğü Fren Körüğü | Disk fren imdatlı fren körüğü 03.24.00.89 | 03.24.00.89 Fren Körüğü | ARF 30/30 D/D Fren Körüğü | Ford Cargo Krone Dorse Kögel Dorse 30/30 D/D İmdatlı Fren Körüğü Disk Tipi ARF 30/30 D/D","https://www.frenciniz.com/urun/573/03-24-00-89-ford-cargo-krone-dorse-kogel-dorse-30-30-d-d-imdatli-fren-korugu-disk-tipi-arf-30","","56","2970"
"574","EBS Modülatör","303.16.0006","","","","no","Ford Cargo Krone Dorse Kögel Dorse EBS Modülatör ABS'li 303.16.0006","Ford Cargo Krone Dorse Kögel Dorse EBS Modülatör ABS'li 303.16.0006","Ford Cargo Krone Dorse Kögel Dorse EBS Modülatör ABS'li... | Frenciniz","Ford Cargo Krone Dorse Kögel Dorse EBS Modülatör ABS'li 303.16.0006 icin stok, fiyat ve uyumluluk teyidi. Uygunluk adaylari: WABCO ABS/EBS sistemi, Dorse EBS...","Ford Cargo Krone Dorse Kögel Dorse EBS Modülatör ABS'li 303.16.0006","WABCO ABS/EBS sistemi EBS Modülatör | WABCO ABS/EBS sistemi 303.16.0006 | 303.16.0006 EBS Modülatör","https://www.frenciniz.com/urun/574/ford-cargo-krone-dorse-kogel-dorse-ebs-modulator-abs-li-303-16-0006-ekersan","","2","113.65"
"575","Kaliper","427141","","","","no","ROR Meritor Knorr WABCO Kaliper 427141","ROR Meritor Knorr WABCO Kaliper 427141","ROR Meritor Knorr WABCO Kaliper 427141 | Frenciniz","ROR Meritor Knorr WABCO Kaliper 427141 icin stok, fiyat ve uyumluluk teyidi. Uygunluk adaylari: Ağır vasıta kaliper sistemi, Knorr / WABCO / Meritor kaliper...","ROR Meritor Knorr WABCO Kaliper 427141","Ağır vasıta kaliper sistemi Kaliper | Ağır vasıta kaliper sistemi 427141 | 427141 Kaliper","https://www.frenciniz.com/urun/575/ror-meritor-knorr-wabco-kaliper-427141-ekersan","","79","231"
"576","Kaliper Tamir Takımı (PAN)","FX-3040","","","","no","Ford Cargo SAF Dorse Krone Dorse Kögel Dorse PAN Kaliper Tamir Takımı Sol","FX-3040 Ford Cargo SAF Dorse Krone Dorse Kögel Dorse PAN Kaliper Tamir Takımı Sol","FX-3040 Ford Cargo SAF Dorse Krone Dorse Kögel Dorse PAN... | Frenciniz","FX-3040 Ford Cargo SAF Dorse Krone Dorse Kögel Dorse PAN Kaliper Tamir Takımı Sol icin stok, fiyat ve uyumluluk teyidi. Uygunluk adaylari: SAF dorse dingili, SAF...","FX-3040 Ford Cargo SAF Dorse Krone Dorse Kögel Dorse PAN Kaliper Tamir Takımı Sol","SAF dorse dingili Kaliper Tamir Takımı (PAN) | SAF dorse dingili FX-3040 | FX-3040 Kaliper Tamir Takımı (PAN) | Ford Cargo SAF Dorse Krone Dorse Kögel Dorse PAN Kaliper Tamir Takımı Sol","https://www.frenciniz.com/urun/576/fx-3040-kaliper-tamir-takimi-pan-ford-cargo-saf-dorse-krone-dorse-kogel-dorse-pan-kaliper-tamir","","1","5674.68"
"577","Kaliper Tamir Takımı (PAN)","FX-3030","","","","no","Ford Cargo SAF Dorse Krone Dorse Kögel Dorse PAN Kaliper Tamir Takımı Sağ","FX-3030 Ford Cargo SAF Dorse Krone Dorse Kögel Dorse PAN Kaliper Tamir Takımı Sağ","FX-3030 Ford Cargo SAF Dorse Krone Dorse Kögel Dorse PAN... | Frenciniz","FX-3030 Ford Cargo SAF Dorse Krone Dorse Kögel Dorse PAN Kaliper Tamir Takımı Sağ icin stok, fiyat ve uyumluluk teyidi. Uygunluk adaylari: SAF dorse dingili, SAF...","FX-3030 Ford Cargo SAF Dorse Krone Dorse Kögel Dorse PAN Kaliper Tamir Takımı Sağ","SAF dorse dingili Kaliper Tamir Takımı (PAN) | SAF dorse dingili FX-3030 | FX-3030 Kaliper Tamir Takımı (PAN) | Ford Cargo SAF Dorse Krone Dorse Kögel Dorse PAN Kaliper Tamir Takımı Sağ","https://www.frenciniz.com/urun/577/fx-3030-kaliper-tamir-takimi-pan-ford-cargo-saf-dorse-krone-dorse-kogel-dorse-pan-kaliper-tamir","","1","5674.68"
"578","Porya","ESP.13.09","7420517167, 5001861915, 1026661","","","no","Renault Premium Magnum Kerax Midlum D Serisi Porya 6x4","7420517167 Renault Premium Magnum Kerax Midlum D Serisi Porya 6x4","7420517167 Renault Premium Magnum Kerax Midlum D Serisi... | Frenciniz","7420517167 Renault Premium Magnum Kerax Midlum D Serisi Porya 6x4 icin stok, fiyat ve uyumluluk teyidi. Uygunluk adaylari: Renault Trucks Premium, Renault Trucks...","7420517167 Renault Premium Magnum Kerax Midlum D Serisi Porya 6x4","Renault Trucks Premium Porya | Renault Trucks Premium 7420517167 | 7420517167 Porya | ESP.13.09 Porya | Renault Premium Magnum Kerax Midlum D Serisi Porya 6x4","https://www.frenciniz.com/urun/578/7420517167-renault-premium-magnum-kerax-midlum-d-serisi-porya-6x4-ekersan","","2","7590"
"579","Kızak","KIZAK 10511","K004679 , 0130388550","","","no","ROR Meritor Knorr WABCO Kaliper Kızak KIZAK 10511","K004679 ROR Meritor Knorr WABCO Kaliper Kızak KIZAK 10511","K004679 ROR Meritor Knorr WABCO Kaliper Kızak KIZAK 10511 | Frenciniz","K004679 ROR Meritor Knorr WABCO Kaliper Kızak KIZAK 10511 icin stok, fiyat ve uyumluluk teyidi. Uygunluk adaylari: Ağır vasıta kaliper sistemi, Knorr / WABCO /...","K004679 ROR Meritor Knorr WABCO Kaliper Kızak KIZAK 10511","Ağır vasıta kaliper sistemi Kızak | Ağır vasıta kaliper sistemi K004679 | K004679 Kızak | KIZAK 10511 Kızak | ROR Meritor Knorr WABCO Kaliper Kızak KIZAK 10511","https://www.frenciniz.com/urun/579/k004679-ror-meritor-knorr-wabco-kaliper-kizak-kizak-10511-ekersan","","1","3960"
"580","Kızak","KIZAK 30512","MCK1319","","","no","ROR Meritor Knorr WABCO Kaliper Kızak KIZAK 30512","MCK1319 ROR Meritor Knorr WABCO Kaliper Kızak KIZAK 30512","MCK1319 ROR Meritor Knorr WABCO Kaliper Kızak KIZAK 30512 | Frenciniz","MCK1319 ROR Meritor Knorr WABCO Kaliper Kızak KIZAK 30512 icin stok, fiyat ve uyumluluk teyidi. Uygunluk adaylari: Volvo FH, Volvo FH12, Volvo FM. OEM/SKU:...","MCK1319 ROR Meritor Knorr WABCO Kaliper Kızak KIZAK 30512","Volvo FH Kızak | Volvo FH MCK1319 | MCK1319 Kızak | KIZAK 30512 Kızak | ROR Meritor Knorr WABCO Kaliper Kızak KIZAK 30512","https://www.frenciniz.com/urun/580/mck1319-ror-meritor-knorr-wabco-kaliper-kizak-kizak-30512-ekersan","","2","3960"
"581","Kızak","KIZAK 10509","K010765 , 1756388","","","no","ROR Meritor Knorr WABCO Kaliper Kızak KIZAK 10509","K010765 ROR Meritor Knorr WABCO Kaliper Kızak KIZAK 10509","K010765 ROR Meritor Knorr WABCO Kaliper Kızak KIZAK 10509 | Frenciniz","K010765 ROR Meritor Knorr WABCO Kaliper Kızak KIZAK 10509 icin stok, fiyat ve uyumluluk teyidi. Uygunluk adaylari: Scania P/G/R serisi, Ağır vasıta kaliper...","K010765 ROR Meritor Knorr WABCO Kaliper Kızak KIZAK 10509","Scania P/G/R serisi Kızak | Scania P/G/R serisi K010765 | K010765 Kızak | KIZAK 10509 Kızak | ROR Meritor Knorr WABCO Kaliper Kızak KIZAK 10509","https://www.frenciniz.com/urun/581/k010765-ror-meritor-knorr-wabco-kaliper-kizak-kizak-10509-ekersan","","4","3960"
"582","Kızak","KIZAK 30500","68323539","","","no","ROR Meritor Knorr WABCO Kaliper Kızak 22/5","68323539 ROR Meritor Knorr WABCO Kaliper Kızak 22/5","68323539 ROR Meritor Knorr WABCO Kaliper Kızak 22/5 | Frenciniz","68323539 ROR Meritor Knorr WABCO Kaliper Kızak 22/5 icin stok, fiyat ve uyumluluk teyidi. Uygunluk adaylari: Volvo FH, Volvo FH12, Volvo FM. OEM/SKU: 68323539....","68323539 ROR Meritor Knorr WABCO Kaliper Kızak 22/5","Volvo FH Kızak | Volvo FH 68323539 | 68323539 Kızak | KIZAK 30500 Kızak | ROR Meritor Knorr WABCO Kaliper Kızak 22/5","https://www.frenciniz.com/urun/582/68323539-kizak-ror-meritor-knorr-wabco-kaliper-kizak-22-5-ekersan","","2","3960"
"583","Fren Körüğü","BK 05 0024","","","","no","Renault Premium Magnum Kerax Midlum D Serisi İmdatlı Fren Körüğü Servis Sol","BK 05 0024 Renault Premium Magnum Kerax Midlum D Serisi İmdatlı Fren Körüğü Servis Sol","BK 05 0024 Renault Premium Magnum Kerax Midlum D Serisi... | Frenciniz","BK 05 0024 Renault Premium Magnum Kerax Midlum D Serisi İmdatlı Fren Körüğü Servis Sol icin stok, fiyat ve uyumluluk teyidi. Uygunluk adaylari: Renault Trucks...","BK 05 0024 Renault Premium Magnum Kerax Midlum D Serisi İmdatlı Fren Körüğü Servis Sol","Renault Trucks Fren Körüğü | Renault Trucks BK 05 0024 | BK 05 0024 Fren Körüğü | Renault Premium Magnum Kerax Midlum D Serisi İmdatlı Fren Körüğü Servis Sol","https://www.frenciniz.com/urun/583/bk-05-0024-renault-premium-magnum-kerax-midlum-d-serisi-imdatli-fren-korugu-servis-sol-ekersan","","3","1650"
"584","Kaliper","426147","","","","no","ROR Meritor Knorr WABCO Kaliper 426147","ROR Meritor Knorr WABCO Kaliper 426147","ROR Meritor Knorr WABCO Kaliper 426147 | Frenciniz","ROR Meritor Knorr WABCO Kaliper 426147 icin stok, fiyat ve uyumluluk teyidi. Uygunluk adaylari: Ağır vasıta kaliper sistemi, Knorr / WABCO / Meritor kaliper...","ROR Meritor Knorr WABCO Kaliper 426147","Ağır vasıta kaliper sistemi Kaliper | Ağır vasıta kaliper sistemi 426147 | 426147 Kaliper","https://www.frenciniz.com/urun/584/ror-meritor-knorr-wabco-kaliper-426147-ekersan","","5","3762"
"585","Kızak","KIZAK 10517","K007475 ,","","","no","Knorr Kaliper Kızak","K007475 Knorr Kaliper Kızak","K007475 Knorr Kaliper Kızak | Frenciniz","K007475 Knorr Kaliper Kızak icin stok, fiyat ve uyumluluk teyidi. Uygunluk adaylari: Dorse / treyler, Ağır vasıta dorse dingili, Knorr-Bremse SB/SN/SK kaliper...","K007475 Knorr Kaliper Kızak","Dorse / treyler Kızak | Dorse / treyler K007475 | K007475 Kızak | KIZAK 10517 Kızak | Knorr Kaliper Kızak","https://www.frenciniz.com/urun/585/k007475-kizak-knorr-kaliper-kizak-ekersan","","1","3960"
"586","Kızak","KIZAK 10512","K001278","","","no","Knorr Kaliper Kızak Ön Arka","K001278 Knorr Kaliper Kızak Ön Arka","K001278 Knorr Kaliper Kızak Ön Arka | Frenciniz","K001278 Knorr Kaliper Kızak Ön Arka icin stok, fiyat ve uyumluluk teyidi. Uygunluk adaylari: MAN TGA, Knorr-Bremse SB/SN/SK kaliper sistemi, MAN TGA/TGS/TGX....","K001278 Knorr Kaliper Kızak Ön Arka","MAN TGA Kızak | MAN TGA K001278 | K001278 Kızak | KIZAK 10512 Kızak | Knorr Kaliper Kızak Ön Arka","https://www.frenciniz.com/urun/586/k001278-kizak-knorr-kaliper-kizak-on-arka-ekersan","","10","3960"
"587","Kızak","KIZAK 10504","0004231006 , K052379K50","29244-mercedes-axor-actros-arka-fren-balatasi","9","no","29244 Mercedes Axor Actros Arka Disk Fren Balatasi KIZAK 10504","29244 Mercedes Axor Actros Arka Disk Fren Balatasi KIZAK 10504","29244 Mercedes Axor Actros Arka Disk Fren Balatasi KIZAK 10504 | Frenciniz","29244 Mercedes Axor Actros Arka Disk Fren Balatasi KIZAK 10504 icin stok, fiyat ve uyumluluk teyidi. Uygunluk adaylari: Mercedes-Benz Axor, Mercedes-Benz...","29244 fren balatasi","29244 mercedes axor arka balata | actros 29244 balata | 29244 Mercedes Axor Actros Arka Disk Fren Balatasi KIZAK 10504 | 0064201520 fren balatasi | 0064205320 fren balatasi | 0014231210 fren balatasi | Mercedes-Benz Axor Kızak","https://www.frenciniz.com/urun/587/29244-mercedes-axor-actros-arka-disk-fren-balatasi-kizak-10504-ekersan","https://www.frenciniz.com/29244-mercedes-axor-actros-arka-fren-balatasi","22","3960"
"588","Kızak","KIZAK 10518","K004680, 2379696","","","no","ROR Meritor Knorr WABCO Kaliper Kızak 3 Delik","K004680 ROR Meritor Knorr WABCO Kaliper Kızak 3 Delik","K004680 ROR Meritor Knorr WABCO Kaliper Kızak 3 Delik | Frenciniz","K004680 ROR Meritor Knorr WABCO Kaliper Kızak 3 Delik icin stok, fiyat ve uyumluluk teyidi. Uygunluk adaylari: BPW dorse dingili, BPW ECOPlus dingil, BPW...","K004680 ROR Meritor Knorr WABCO Kaliper Kızak 3 Delik","BPW dorse dingili Kızak | BPW dorse dingili K004680 | K004680 Kızak | KIZAK 10518 Kızak | ROR Meritor Knorr WABCO Kaliper Kızak 3 Delik","https://www.frenciniz.com/urun/588/k004680-kizak-ror-meritor-knorr-wabco-kaliper-kizak-3-delik-ekersan","","3","3960"
"589","Kızak","KIZAK 10510","K015308","29171-bpw-kogel-dorse-fren-balatasi","11","no","29171 BPW Kogel Dorse Disk Fren Balatasi KIZAK 10510","29171 BPW Kogel Dorse Disk Fren Balatasi KIZAK 10510","29171 BPW Kogel Dorse Disk Fren Balatasi KIZAK 10510 | Frenciniz","29171 BPW Kogel Dorse Disk Fren Balatasi KIZAK 10510 icin stok, fiyat ve uyumluluk teyidi. Uygunluk adaylari: SAF dorse dingili, SAF Holland treyler, Dorse /...","29171 fren balatasi","29171 bpw dorse balata | kogel dorse 29171 | bpw kogel fren balatasi | 29171 BPW Kogel Dorse Disk Fren Balatasi KIZAK 10510 | 29158 fren balatasi | 0509290060 fren balatasi | SAF dorse dingili Kızak","https://www.frenciniz.com/urun/589/29171-bpw-kogel-dorse-disk-fren-balatasi-kizak-10510-ekersan","https://www.frenciniz.com/29171-bpw-kogel-dorse-fren-balatasi","4","3960"
"590","Kızak","KIZAK 40501","94618 , 94619","","","no","Ford Cargo SAF Dorse Krone Dorse Kögel Dorse Kaliper Kızak","94618 Ford Cargo SAF Dorse Krone Dorse Kögel Dorse Kaliper Kızak","94618 Ford Cargo SAF Dorse Krone Dorse Kögel Dorse Kaliper... | Frenciniz","94618 Ford Cargo SAF Dorse Krone Dorse Kögel Dorse Kaliper Kızak icin stok, fiyat ve uyumluluk teyidi. Uygunluk adaylari: SAF dorse dingili, SAF Holland treyler...","94618 Ford Cargo SAF Dorse Krone Dorse Kögel Dorse Kaliper Kızak","SAF dorse dingili Kızak | SAF dorse dingili 94618 | 94618 Kızak | KIZAK 40501 Kızak | Ford Cargo SAF Dorse Krone Dorse Kögel Dorse Kaliper Kızak","https://www.frenciniz.com/urun/590/94618-kizak-ford-cargo-saf-dorse-krone-dorse-kogel-dorse-kaliper-kizak-ekersan","","4","3960"
"591","Kızak","KIZAK 10502","K000026, Z007541, 2121591","","","no","ROR Meritor Knorr WABCO Kaliper Kızak Ön","K000026 ROR Meritor Knorr WABCO Kaliper Kızak Ön","K000026 ROR Meritor Knorr WABCO Kaliper Kızak Ön | Frenciniz","K000026 ROR Meritor Knorr WABCO Kaliper Kızak Ön icin stok, fiyat ve uyumluluk teyidi. Uygunluk adaylari: Mercedes-Benz Axor, Ağır vasıta disk fren balata...","K000026 ROR Meritor Knorr WABCO Kaliper Kızak Ön","Mercedes-Benz Axor Kızak | Mercedes-Benz Axor K000026 | K000026 Kızak | KIZAK 10502 Kızak | ROR Meritor Knorr WABCO Kaliper Kızak Ön","https://www.frenciniz.com/urun/591/k000026-kizak-ror-meritor-knorr-wabco-kaliper-kizak-on-ekersan","","4","3960"
"592","Kaliper Kapak/Conta","10-1089","","","","no","ROR Meritor Knorr WABCO Kaliper Kapak Conta 10-1089","ROR Meritor Knorr WABCO Kaliper Kapak Conta 10-1089","ROR Meritor Knorr WABCO Kaliper Kapak Conta 10-1089 | Frenciniz","ROR Meritor Knorr WABCO Kaliper Kapak Conta 10-1089 icin stok, fiyat ve uyumluluk teyidi. Uygunluk adaylari: Ağır vasıta kaliper sistemi, Knorr / WABCO / Meritor...","ROR Meritor Knorr WABCO Kaliper Kapak Conta 10-1089","Ağır vasıta kaliper sistemi Kaliper Kapak/Conta | Ağır vasıta kaliper sistemi 10-1089 | 10-1089 Kaliper Kapak/Conta","https://www.frenciniz.com/urun/592/ror-meritor-knorr-wabco-kaliper-kapak-conta-10-1089-ekersan","","15","546.48"
"593","Kaliper Perno Tamir Takımı","30-3610","12 999 746, 5001.858.722","","","no","ROR Meritor Knorr WABCO Kaliper Perno Tamir Takımı 30-3610","12 999 746 ROR Meritor Knorr WABCO Kaliper Perno Tamir Takımı 30-3610","12 999 746 ROR Meritor Knorr WABCO Kaliper Perno Tamir... | Frenciniz","12 999 746 ROR Meritor Knorr WABCO Kaliper Perno Tamir Takımı 30-3610 icin stok, fiyat ve uyumluluk teyidi. Uygunluk adaylari: WABCO PAN17/PAN19/PAN22 kaliper...","12 999 746 ROR Meritor Knorr WABCO Kaliper Perno Tamir Takımı 30-3610","WABCO PAN17/PAN19/PAN22 kaliper sistemi Kaliper Perno Tamir Takımı | WABCO PAN17/PAN19/PAN22 kaliper sistemi 12 999 746 | 12 999 746 Kaliper Perno Tamir Takımı | 30-3610 Kaliper Perno Tamir Takımı | ROR Meritor Knorr WABCO Kaliper Perno Tamir Takımı 30-3610","https://www.frenciniz.com/urun/593/12-999-746-ror-meritor-knorr-wabco-kaliper-perno-tamir-takimi-30-3610-ekersan","","5","1987.92"
"594","Fren Balatası","PWR-5042","29403","","","no","ROR Meritor Knorr WABCO Meritor Haldex Disk Fren Balatası PWR-5042","29403 ROR Meritor Knorr WABCO Meritor Haldex Disk Fren Balatası PWR-5042","29403 ROR Meritor Knorr WABCO Meritor Haldex Disk Fren... | Frenciniz","29403 ROR Meritor Knorr WABCO Meritor Haldex Disk Fren Balatası PWR-5042 icin stok, fiyat ve uyumluluk teyidi. Uygunluk adaylari: Ağır vasıta disk fren balata...","29403 ROR Meritor Knorr WABCO Meritor Haldex Disk Fren Balatası PWR-5042","Ağır vasıta disk fren balata sistemi Fren Balatası | Ağır vasıta disk fren balata sistemi 29403 | 29403 Fren Balatası | PWR-5042 Fren Balatası | ROR Meritor Knorr WABCO Meritor Haldex Disk Fren Balatası PWR-5042","https://www.frenciniz.com/urun/594/29403-ror-meritor-knorr-wabco-meritor-haldex-disk-fren-balatasi-pwr-5042-ekersan","","12","3292.48"
"595","Fren Körüğü","BK 01 0024","","","","no","Renault Premium Magnum Kerax Midlum D Serisi İmdatlı Fren Körüğü Servis BK 01 0024","Renault Premium Magnum Kerax Midlum D Serisi İmdatlı Fren Körüğü Servis BK 01 0024","Renault Premium Magnum Kerax Midlum D Serisi İmdatlı Fren... | Frenciniz","Renault Premium Magnum Kerax Midlum D Serisi İmdatlı Fren Körüğü Servis BK 01 0024 icin stok, fiyat ve uyumluluk teyidi. Uygunluk adaylari: Renault Trucks, Disk...","Renault Premium Magnum Kerax Midlum D Serisi İmdatlı Fren Körüğü Servis BK 01 0024","Renault Trucks Fren Körüğü | Renault Trucks BK 01 0024 | BK 01 0024 Fren Körüğü","https://www.frenciniz.com/urun/595/renault-premium-magnum-kerax-midlum-d-serisi-imdatli-fren-korugu-servis-bk-01-0024-ekersan","","6","1650"
"596","Porya","CDF-88149","","","","no","Ford Cargo Krone Dorse Kögel Dorse Porya Arka","CDF-88149 Ford Cargo Krone Dorse Kögel Dorse Porya Arka","CDF-88149 Ford Cargo Krone Dorse Kögel Dorse Porya Arka | Frenciniz","CDF-88149 Ford Cargo Krone Dorse Kögel Dorse Porya Arka icin stok, fiyat ve uyumluluk teyidi. Uygunluk adaylari: Krone dorse, Kögel dorse, Schmitz Cargobull....","CDF-88149 Ford Cargo Krone Dorse Kögel Dorse Porya Arka","Dorse Porya | Dorse CDF-88149 | CDF-88149 Porya | Ford Cargo Krone Dorse Kögel Dorse Porya Arka","https://www.frenciniz.com/urun/596/cdf-88149-ford-cargo-krone-dorse-kogel-dorse-porya-arka-ekersan","","332","4.92"
"597","Kaliper Tamir Takımı","20-2380","MCK1118, 85102092","","","no","ROR Meritor Knorr WABCO Kaliper Tamir Takımı 20-2380","MCK1118 ROR Meritor Knorr WABCO Kaliper Tamir Takımı 20-2380","MCK1118 ROR Meritor Knorr WABCO Kaliper Tamir Takımı 20-2380 | Frenciniz","MCK1118 ROR Meritor Knorr WABCO Kaliper Tamir Takımı 20-2380 icin stok, fiyat ve uyumluluk teyidi. Uygunluk adaylari: Meritor ELSA/DUCO kaliper sistemi, Volvo...","MCK1118 ROR Meritor Knorr WABCO Kaliper Tamir Takımı 20-2380","Meritor ELSA/DUCO kaliper sistemi Kaliper Tamir Takımı | Meritor ELSA/DUCO kaliper sistemi MCK1118 | MCK1118 Kaliper Tamir Takımı | 20-2380 Kaliper Tamir Takımı | ROR Meritor Knorr WABCO Kaliper Tamir Takımı 20-2380","https://www.frenciniz.com/urun/597/mck1118-ror-meritor-knorr-wabco-kaliper-tamir-takimi-20-2380-ekersan","","4","1878.36"
"598","Kaliper","426144-1","","","","no","ROR Meritor Knorr WABCO Kaliper 426144-1","ROR Meritor Knorr WABCO Kaliper 426144-1","ROR Meritor Knorr WABCO Kaliper 426144-1 | Frenciniz","ROR Meritor Knorr WABCO Kaliper 426144-1 icin stok, fiyat ve uyumluluk teyidi. Uygunluk adaylari: Ağır vasıta kaliper sistemi, Knorr / WABCO / Meritor kaliper...","ROR Meritor Knorr WABCO Kaliper 426144-1","Ağır vasıta kaliper sistemi Kaliper | Ağır vasıta kaliper sistemi 426144-1 | 426144-1 Kaliper","https://www.frenciniz.com/urun/598/ror-meritor-knorr-wabco-kaliper-426144-1-ekersan","","143","4382.4"
"599","Kaliper Tamir Takımı","FX-5010","","","","no","Ford Cargo Krone Dorse Kögel Dorse Kaliper Tamir Takımı","FX-5010 Ford Cargo Krone Dorse Kögel Dorse Kaliper Tamir Takımı","FX-5010 Ford Cargo Krone Dorse Kögel Dorse Kaliper Tamir... | Frenciniz","FX-5010 Ford Cargo Krone Dorse Kögel Dorse Kaliper Tamir Takımı icin stok, fiyat ve uyumluluk teyidi. Uygunluk adaylari: Tır / çekici, Krone dorse, Kögel dorse....","FX-5010 Ford Cargo Krone Dorse Kögel Dorse Kaliper Tamir Takımı","Kamyon Kaliper Tamir Takımı | Kamyon FX-5010 | FX-5010 Kaliper Tamir Takımı | Ford Cargo Krone Dorse Kögel Dorse Kaliper Tamir Takımı","https://www.frenciniz.com/urun/599/fx-5010-ford-cargo-krone-dorse-kogel-dorse-kaliper-tamir-takimi-ekersan","","1","8512.68"
"600","EBS Modülatör","EF-0278324000","","","","no","Scania P G R Ford Cargo EBS Modülatör ABS'li","EF-0278324000 Scania P G R Ford Cargo EBS Modülatör ABS'li","EF-0278324000 Scania P G R Ford Cargo EBS Modülatör ABS'li | Frenciniz","EF-0278324000 Scania P G R Ford Cargo EBS Modülatör ABS'li icin stok, fiyat ve uyumluluk teyidi. Uygunluk adaylari: Knorr-Bremse SB/SN/SK kaliper sistemi, Scania...","EF-0278324000 Scania P G R Ford Cargo EBS Modülatör ABS'li","Knorr-Bremse SB/SN/SK kaliper sistemi EBS Modülatör | Knorr-Bremse SB/SN/SK kaliper sistemi EF-0278324000 | EF-0278324000 EBS Modülatör | Scania P G R Ford Cargo EBS Modülatör ABS'li","https://www.frenciniz.com/urun/600/ef-0278324000-scania-p-g-r-ford-cargo-ebs-modulator-abs-li-ekersan","","105","653.4"
"601","Süspansiyon Körüğü","424930.S","","","","no","Scania P G R Süspansiyon Körüğü Y.M. 424930.S","Scania P G R Süspansiyon Körüğü Y.M. 424930.S","Scania P G R Süspansiyon Körüğü Y.M. 424930.S | Frenciniz","Scania P G R Süspansiyon Körüğü Y.M. 424930.S icin stok, fiyat ve uyumluluk teyidi. Uygunluk adaylari: Scania P/G/R serisi, Scania P serisi, Scania G420....","Scania P G R Süspansiyon Körüğü Y.M. 424930.S","Scania P/G/R serisi Süspansiyon Körüğü | Scania P/G/R serisi 424930.S | 424930.S Süspansiyon Körüğü","https://www.frenciniz.com/urun/601/scania-p-g-r-suspansiyon-korugu-y-m-424930-s-ekersan","","48","1914"
"602","Süspansiyon Körüğü","424933.S","","","","no","Scania P G R Süspansiyon Körüğü Y.M. 424933.S","Scania P G R Süspansiyon Körüğü Y.M. 424933.S","Scania P G R Süspansiyon Körüğü Y.M. 424933.S | Frenciniz","Scania P G R Süspansiyon Körüğü Y.M. 424933.S icin stok, fiyat ve uyumluluk teyidi. Uygunluk adaylari: Scania P/G/R serisi, Scania P serisi, Scania G420....","Scania P G R Süspansiyon Körüğü Y.M. 424933.S","Scania P/G/R serisi Süspansiyon Körüğü | Scania P/G/R serisi 424933.S | 424933.S Süspansiyon Körüğü","https://www.frenciniz.com/urun/602/scania-p-g-r-suspansiyon-korugu-y-m-424933-s-ekersan","","48","2112"
"603","Süspansiyon Körüğü","424933.C","2617887 , 1434933 , 1434933","","","no","Scania P G R Süspansiyon Körüğü Arka Y.M.","2617887 Scania P G R Süspansiyon Körüğü Arka Y.M.","2617887 Scania P G R Süspansiyon Körüğü Arka Y.M. | Frenciniz","2617887 Scania P G R Süspansiyon Körüğü Arka Y.M. icin stok, fiyat ve uyumluluk teyidi. Uygunluk adaylari: Scania P/G/R serisi, Scania P serisi, Scania G420....","2617887 Scania P G R Süspansiyon Körüğü Arka Y.M.","Scania P/G/R serisi Süspansiyon Körüğü | Scania P/G/R serisi 2617887 | 2617887 Süspansiyon Körüğü | 424933.C Süspansiyon Körüğü | Scania P G R Süspansiyon Körüğü Arka Y.M.","https://www.frenciniz.com/urun/603/2617887-scania-p-g-r-suspansiyon-korugu-arka-y-m-ekersan","","43","3828"
"604","Süspansiyon Körüğü","424930.CP","1434930 , 1932592 ,2617884","","","no","Scania P G R Süspansiyon Körüğü Y.M. 424930.CP","1434930 Scania P G R Süspansiyon Körüğü Y.M. 424930.CP","1434930 Scania P G R Süspansiyon Körüğü Y.M. 424930.CP | Frenciniz","1434930 Scania P G R Süspansiyon Körüğü Y.M. 424930.CP icin stok, fiyat ve uyumluluk teyidi. Uygunluk adaylari: Scania P/G/R serisi, Scania P serisi, Scania...","1434930 Scania P G R Süspansiyon Körüğü Y.M. 424930.CP","Scania P/G/R serisi Süspansiyon Körüğü | Scania P/G/R serisi 1434930 | 1434930 Süspansiyon Körüğü | 424930.CP Süspansiyon Körüğü | Scania P G R Süspansiyon Körüğü Y.M. 424930.CP","https://www.frenciniz.com/urun/604/1434930-scania-p-g-r-suspansiyon-korugu-y-m-424930-cp-ekersan","","48","2640"
"605","Kaliper Tamir Takımı","30-3790","","","","no","ROR Meritor Knorr WABCO Kaliper Tamir Takımı 30-3790","ROR Meritor Knorr WABCO Kaliper Tamir Takımı 30-3790","ROR Meritor Knorr WABCO Kaliper Tamir Takımı 30-3790 | Frenciniz","ROR Meritor Knorr WABCO Kaliper Tamir Takımı 30-3790 icin stok, fiyat ve uyumluluk teyidi. Uygunluk adaylari: WABCO PAN17/PAN19/PAN22 kaliper sistemi, WABCO...","ROR Meritor Knorr WABCO Kaliper Tamir Takımı 30-3790","WABCO PAN17/PAN19/PAN22 kaliper sistemi Kaliper Tamir Takımı | WABCO PAN17/PAN19/PAN22 kaliper sistemi 30-3790 | 30-3790 Kaliper Tamir Takımı","https://www.frenciniz.com/urun/605/ror-meritor-knorr-wabco-kaliper-tamir-takimi-30-3790-ekersan","","5","1726.56"
"606","Kaliper","FX-3080","","","","no","ROR Meritor Knorr WABCO Kaliper FX-3080","ROR Meritor Knorr WABCO Kaliper FX-3080","ROR Meritor Knorr WABCO Kaliper FX-3080 | Frenciniz","ROR Meritor Knorr WABCO Kaliper FX-3080 icin stok, fiyat ve uyumluluk teyidi. Uygunluk adaylari: Ağır vasıta kaliper sistemi, Knorr / WABCO / Meritor kaliper...","ROR Meritor Knorr WABCO Kaliper FX-3080","Ağır vasıta kaliper sistemi Kaliper | Ağır vasıta kaliper sistemi FX-3080 | FX-3080 Kaliper","https://www.frenciniz.com/urun/606/ror-meritor-knorr-wabco-kaliper-fx-3080-ekersan","","1","8403.12"
"607","Kaliper Tamir Takımı (Maxx22)","FX-3050","","","","no","ROR Meritor Knorr WABCO MAXX22 Kaliper Tamir Takımı FX-3050","ROR Meritor Knorr WABCO MAXX22 Kaliper Tamir Takımı FX-3050","ROR Meritor Knorr WABCO MAXX22 Kaliper Tamir Takımı FX-3050 | Frenciniz","ROR Meritor Knorr WABCO MAXX22 Kaliper Tamir Takımı FX-3050 icin stok, fiyat ve uyumluluk teyidi. Uygunluk adaylari: MAN TGS, MAN TGX, MAN TGA 18.430. OEM/SKU:...","ROR Meritor Knorr WABCO MAXX22 Kaliper Tamir Takımı FX-3050","MAN TGS Kaliper Tamir Takımı (Maxx22) | MAN TGS FX-3050 | FX-3050 Kaliper Tamir Takımı (Maxx22)","https://www.frenciniz.com/urun/607/kaliper-tamir-takimi-maxx22-ror-meritor-knorr-wabco-maxx22-kaliper-tamir-takimi-fx-3050-ekersan","","1","8403.12"
"608","Süspansiyon Körüğü","426420.C","1076420 , 20582213 ,21961448","","","no","Volvo FH12 FM FL Süspansiyon Körüğü 426420.C","1076420 Volvo FH12 FM FL Süspansiyon Körüğü 426420.C","1076420 Volvo FH12 FM FL Süspansiyon Körüğü 426420.C | Frenciniz","1076420 Volvo FH12 FM FL Süspansiyon Körüğü 426420.C icin stok, fiyat ve uyumluluk teyidi. Uygunluk adaylari: Volvo FH, Volvo FM, Volvo FL. OEM/SKU: 1076420....","1076420 Volvo FH12 FM FL Süspansiyon Körüğü 426420.C","Volvo FH Süspansiyon Körüğü | Volvo FH 1076420 | 1076420 Süspansiyon Körüğü | 426420.C Süspansiyon Körüğü | Volvo FH12 FM FL Süspansiyon Körüğü 426420.C","https://www.frenciniz.com/urun/608/1076420-volvo-fh12-fm-fl-suspansiyon-korugu-426420-c-ekersan","","5","2706"
"609","Süspansiyon Körüğü","424884.C","81436006035 , 81436006055","","","no","MAN TGA TGS TGX TGM Süspansiyon Körüğü 424884.C","81436006035 MAN TGA TGS TGX TGM Süspansiyon Körüğü 424884.C","81436006035 MAN TGA TGS TGX TGM Süspansiyon Körüğü 424884.C | Frenciniz","81436006035 MAN TGA TGS TGX TGM Süspansiyon Körüğü 424884.C icin stok, fiyat ve uyumluluk teyidi. Uygunluk adaylari: MAN TGA, MAN TGA 18.430, MAN TGA 18.460....","81436006035 MAN TGA TGS TGX TGM Süspansiyon Körüğü 424884.C","MAN TGA Süspansiyon Körüğü | MAN TGA 81436006035 | 81436006035 Süspansiyon Körüğü | 424884.C Süspansiyon Körüğü | MAN TGA TGS TGX TGM Süspansiyon Körüğü 424884.C","https://www.frenciniz.com/urun/609/81436006035-man-tga-tgs-tgx-tgm-suspansiyon-korugu-424884-c-ekersan","","70","3168"
"610","Süspansiyon Körüğü","424882.C","0542941010 , 81436016065 , 81436006036","","","no","MAN TGA TGS TGX TGM Ford Cargo SAF Dorse Süspansiyon Körüğü","0542941010 MAN TGA TGS TGX TGM Ford Cargo SAF Dorse Süspansiyon Körüğü","0542941010 MAN TGA TGS TGX TGM Ford Cargo SAF Dorse... | Frenciniz","0542941010 MAN TGA TGS TGX TGM Ford Cargo SAF Dorse Süspansiyon Körüğü icin stok, fiyat ve uyumluluk teyidi. Uygunluk adaylari: MAN TGA, SAF dorse dingili, SAF...","0542941010 MAN TGA TGS TGX TGM Ford Cargo SAF Dorse Süspansiyon Körüğü","MAN TGA Süspansiyon Körüğü | MAN TGA 0542941010 | 0542941010 Süspansiyon Körüğü | 424882.C Süspansiyon Körüğü | MAN TGA TGS TGX TGM Ford Cargo SAF Dorse Süspansiyon Körüğü","https://www.frenciniz.com/urun/610/0542941010-man-tga-tgs-tgx-tgm-ford-cargo-saf-dorse-suspansiyon-korugu-ekersan","","106","3102"
"611","Süspansiyon Körüğü","424718.C","20554759 , 1075363 , MLF7145","","","no","Volvo FH12 FM FL Süspansiyon Körüğü 424718.C","20554759 Volvo FH12 FM FL Süspansiyon Körüğü 424718.C","20554759 Volvo FH12 FM FL Süspansiyon Körüğü 424718.C | Frenciniz","20554759 Volvo FH12 FM FL Süspansiyon Körüğü 424718.C icin stok, fiyat ve uyumluluk teyidi. Uygunluk adaylari: Volvo FH, Volvo FH12, Volvo FM. OEM/SKU: 20554759....","20554759 Volvo FH12 FM FL Süspansiyon Körüğü 424718.C","Volvo FH Süspansiyon Körüğü | Volvo FH 20554759 | 20554759 Süspansiyon Körüğü | 424718.C Süspansiyon Körüğü | Volvo FH12 FM FL Süspansiyon Körüğü 424718.C","https://www.frenciniz.com/urun/611/20554759-volvo-fh12-fm-fl-suspansiyon-korugu-424718-c-ekersan","","36","2706"
"612","Süspansiyon Körüğü","424713.C","20554755 , MLF7098 , MLF7098","","","no","Volvo FH12 FM FL Süspansiyon Körüğü 424713.C","20554755 Volvo FH12 FM FL Süspansiyon Körüğü 424713.C","20554755 Volvo FH12 FM FL Süspansiyon Körüğü 424713.C | Frenciniz","20554755 Volvo FH12 FM FL Süspansiyon Körüğü 424713.C icin stok, fiyat ve uyumluluk teyidi. Uygunluk adaylari: Volvo FH, Volvo FH12, Volvo FM. OEM/SKU: 20554755....","20554755 Volvo FH12 FM FL Süspansiyon Körüğü 424713.C","Volvo FH Süspansiyon Körüğü | Volvo FH 20554755 | 20554755 Süspansiyon Körüğü | 424713.C Süspansiyon Körüğü | Volvo FH12 FM FL Süspansiyon Körüğü 424713.C","https://www.frenciniz.com/urun/612/20554755-volvo-fh12-fm-fl-suspansiyon-korugu-424713-c-ekersan","","139","3036"
"613","Süspansiyon Körüğü","424156.C","","","","no","Ford Cargo Krone Dorse Kögel Dorse Süspansiyon Körüğü 424156.C","Ford Cargo Krone Dorse Kögel Dorse Süspansiyon Körüğü 424156.C","Ford Cargo Krone Dorse Kögel Dorse Süspansiyon Körüğü 424156.C | Frenciniz","Ford Cargo Krone Dorse Kögel Dorse Süspansiyon Körüğü 424156.C icin stok, fiyat ve uyumluluk teyidi. Uygunluk adaylari: Dorse / treyler, Ağır vasıta dorse...","Ford Cargo Krone Dorse Kögel Dorse Süspansiyon Körüğü 424156.C","Dorse / treyler Süspansiyon Körüğü | Dorse / treyler 424156.C | 424156.C Süspansiyon Körüğü","https://www.frenciniz.com/urun/613/ford-cargo-krone-dorse-kogel-dorse-suspansiyon-korugu-424156-c-ekersan","","34","3036"
"614","Süspansiyon Körüğü","426420.S","20582213S , 21961448S","","","no","Volvo FH12 FM FL Süspansiyon Körüğü 426420.S","20582213S Volvo FH12 FM FL Süspansiyon Körüğü 426420.S","20582213S Volvo FH12 FM FL Süspansiyon Körüğü 426420.S | Frenciniz","20582213S Volvo FH12 FM FL Süspansiyon Körüğü 426420.S icin stok, fiyat ve uyumluluk teyidi. Uygunluk adaylari: Volvo FH, Volvo FH12, Volvo FM. OEM/SKU:...","20582213S Volvo FH12 FM FL Süspansiyon Körüğü 426420.S","Volvo FH Süspansiyon Körüğü | Volvo FH 20582213S | 20582213S Süspansiyon Körüğü | 426420.S Süspansiyon Körüğü | Volvo FH12 FM FL Süspansiyon Körüğü 426420.S","https://www.frenciniz.com/urun/614/20582213s-volvo-fh12-fm-fl-suspansiyon-korugu-426420-s-ekersan","","11","1716"
"615","Süspansiyon Körüğü","424884.S02","81436006055 , 81436010174","","","no","MAN TGA TGS TGX TGM Süspansiyon Körüğü 424884.S02","81436006055 MAN TGA TGS TGX TGM Süspansiyon Körüğü 424884.S02","81436006055 MAN TGA TGS TGX TGM Süspansiyon Körüğü 424884.S02 | Frenciniz","81436006055 MAN TGA TGS TGX TGM Süspansiyon Körüğü 424884.S02 icin stok, fiyat ve uyumluluk teyidi. Uygunluk adaylari: MAN TGA, MAN TGA 18.430, MAN TGA 18.460....","81436006055 MAN TGA TGS TGX TGM Süspansiyon Körüğü 424884.S02","MAN TGA Süspansiyon Körüğü | MAN TGA 81436006055 | 81436006055 Süspansiyon Körüğü | 424884.S02 Süspansiyon Körüğü | MAN TGA TGS TGX TGM Süspansiyon Körüğü 424884.S02","https://www.frenciniz.com/urun/615/81436006055-man-tga-tgs-tgx-tgm-suspansiyon-korugu-424884-s02-ekersan","","134","2019.6"
"616","Süspansiyon Körüğü","424881.S","0542941010","","","no","Ford Cargo DAF Cf Xf BPW Dorse SAF Dorse Süspansiyon Körüğü Kısa","0542941010 Ford Cargo DAF Cf Xf BPW Dorse SAF Dorse Süspansiyon Körüğü Kısa","0542941010 Ford Cargo DAF Cf Xf BPW Dorse SAF Dorse... | Frenciniz","0542941010 Ford Cargo DAF Cf Xf BPW Dorse SAF Dorse Süspansiyon Körüğü Kısa icin stok, fiyat ve uyumluluk teyidi. Uygunluk adaylari: DAF XF, DAF CF, BPW dorse...","0542941010 Ford Cargo DAF Cf Xf BPW Dorse SAF Dorse Süspansiyon Körüğü Kısa","DAF XF Süspansiyon Körüğü | DAF XF 0542941010 | 0542941010 Süspansiyon Körüğü | 424881.S Süspansiyon Körüğü | Ford Cargo DAF Cf Xf BPW Dorse SAF Dorse Süspansiyon Körüğü Kısa","https://www.frenciniz.com/urun/616/0542941010-ford-cargo-daf-cf-xf-bpw-dorse-saf-dorse-suspansiyon-korugu-kisa-ekersan","","97","2145"
"617","Süspansiyon Körüğü","424159.S","MLF7015","","","no","Ford Cargo Krone Dorse Kögel Dorse Süspansiyon Körüğü 424159.S","MLF7015 Ford Cargo Krone Dorse Kögel Dorse Süspansiyon Körüğü 424159.S","MLF7015 Ford Cargo Krone Dorse Kögel Dorse Süspansiyon... | Frenciniz","MLF7015 Ford Cargo Krone Dorse Kögel Dorse Süspansiyon Körüğü 424159.S icin stok, fiyat ve uyumluluk teyidi. Uygunluk adaylari: Dorse / treyler, Ağır vasıta...","MLF7015 Ford Cargo Krone Dorse Kögel Dorse Süspansiyon Körüğü 424159.S","Dorse / treyler Süspansiyon Körüğü | Dorse / treyler MLF7015 | MLF7015 Süspansiyon Körüğü | 424159.S Süspansiyon Körüğü | Ford Cargo Krone Dorse Kögel Dorse Süspansiyon Körüğü 424159.S","https://www.frenciniz.com/urun/617/mlf7015-ford-cargo-krone-dorse-kogel-dorse-suspansiyon-korugu-424159-s-ekersan","","70","2112"
"618","Kaliper Tamir Takımı","FX-3120","","","","no","ROR Meritor Knorr WABCO Kaliper Tamir Takımı FX-3120","ROR Meritor Knorr WABCO Kaliper Tamir Takımı FX-3120","ROR Meritor Knorr WABCO Kaliper Tamir Takımı FX-3120 | Frenciniz","ROR Meritor Knorr WABCO Kaliper Tamir Takımı FX-3120 icin stok, fiyat ve uyumluluk teyidi. Uygunluk adaylari: MAN TGS, Ağır vasıta kaliper sistemi, Knorr / WABCO...","ROR Meritor Knorr WABCO Kaliper Tamir Takımı FX-3120","MAN TGS Kaliper Tamir Takımı | MAN TGS FX-3120 | FX-3120 Kaliper Tamir Takımı","https://www.frenciniz.com/urun/618/ror-meritor-knorr-wabco-kaliper-tamir-takimi-fx-3120-ekersan","","2","8403.12"
"619","Kaliper Tamir Takımı","FX-3110","","","","no","ROR Meritor Knorr WABCO Kaliper Tamir Takımı FX-3110","ROR Meritor Knorr WABCO Kaliper Tamir Takımı FX-3110","ROR Meritor Knorr WABCO Kaliper Tamir Takımı FX-3110 | Frenciniz","ROR Meritor Knorr WABCO Kaliper Tamir Takımı FX-3110 icin stok, fiyat ve uyumluluk teyidi. Uygunluk adaylari: MAN TGS, Ağır vasıta kaliper sistemi, Knorr / WABCO...","ROR Meritor Knorr WABCO Kaliper Tamir Takımı FX-3110","MAN TGS Kaliper Tamir Takımı | MAN TGS FX-3110 | FX-3110 Kaliper Tamir Takımı","https://www.frenciniz.com/urun/619/ror-meritor-knorr-wabco-kaliper-tamir-takimi-fx-3110-ekersan","","2","8403.12"
"620","Fren Körüğü","BK 04 1624","","","","no","Ford Cargo Krone Dorse Kögel Dorse 16/24 D/P İmdatlı Fren Körüğü Disk Tipi Sol BK 04 1624","Ford Cargo Krone Dorse Kögel Dorse 16/24 D/P İmdatlı Fren Körüğü Disk Tipi Sol BK 04 1624","Ford Cargo Krone Dorse Kögel Dorse 16/24 D/P İmdatlı Fren... | Frenciniz","Ford Cargo Krone Dorse Kögel Dorse 16/24 D/P İmdatlı Fren Körüğü Disk Tipi Sol BK 04 1624 icin stok, fiyat ve uyumluluk teyidi. Uygunluk adaylari: Disk fren...","Ford Cargo Krone Dorse Kögel Dorse 16/24 D/P İmdatlı Fren Körüğü Disk Tipi Sol BK 04 1624","Disk fren imdatlı fren körüğü Fren Körüğü | Disk fren imdatlı fren körüğü BK 04 1624 | BK 04 1624 Fren Körüğü","https://www.frenciniz.com/urun/620/ford-cargo-krone-dorse-kogel-dorse-16-24-d-p-imdatli-fren-korugu-disk-tipi-sol-bk-04-1624","","3","5940"
"621","Fren Körüğü","BK 12 1624","","","","no","Ford Cargo Krone Dorse Kögel Dorse 16/24 D/P İmdatlı Fren Körüğü Kısa Disk Tipi Sol","BK 12 1624 Ford Cargo Krone Dorse Kögel Dorse 16/24 D/P İmdatlı Fren Körüğü Kısa Disk Tipi Sol","BK 12 1624 Ford Cargo Krone Dorse Kögel Dorse 16/24 D/P... | Frenciniz","BK 12 1624 Ford Cargo Krone Dorse Kögel Dorse 16/24 D/P İmdatlı Fren Körüğü Kısa Disk Tipi Sol icin stok, fiyat ve uyumluluk teyidi. Uygunluk adaylari: Disk fren...","BK 12 1624 Ford Cargo Krone Dorse Kögel Dorse 16/24 D/P İmdatlı Fren Körüğü Kısa Disk Tipi Sol","Disk fren imdatlı fren körüğü Fren Körüğü | Disk fren imdatlı fren körüğü BK 12 1624 | BK 12 1624 Fren Körüğü | Ford Cargo Krone Dorse Kögel Dorse 16/24 D/P İmdatlı Fren Körüğü Kısa Disk Tipi Sol","https://www.frenciniz.com/urun/621/bk-12-1624-ford-cargo-krone-dorse-kogel-dorse-16-24-d-p-imdatli-fren-korugu-kisa-disk-tipi-sol","","1","5940"
"622","Fren Pabucu","EYD 80 24-1","","","","no","Ford Cargo BPW Dorse Krone Dorse Kögel Dorse Fren Pabucu 18 cm EYD 80 24-1","Ford Cargo BPW Dorse Krone Dorse Kögel Dorse Fren Pabucu 18 cm EYD 80 24-1","Ford Cargo BPW Dorse Krone Dorse Kögel Dorse Fren Pabucu... | Frenciniz","Ford Cargo BPW Dorse Krone Dorse Kögel Dorse Fren Pabucu 18 cm EYD 80 24-1 icin stok, fiyat ve uyumluluk teyidi. Uygunluk adaylari: BPW dorse dingili, BPW...","Ford Cargo BPW Dorse Krone Dorse Kögel Dorse Fren Pabucu 18 cm EYD 80 24-1","BPW dorse dingili Fren Pabucu | BPW dorse dingili EYD 80 24-1 | EYD 80 24-1 Fren Pabucu","https://www.frenciniz.com/urun/622/ford-cargo-bpw-dorse-krone-dorse-kogel-dorse-fren-pabucu-18-cm-eyd-80-24-1-ekersan","","1","1287"
"623","Fren Körüğü","EYD 100 67","","","","no","Ford Cargo Krone Dorse Kögel Dorse Fren Körüğü EYD 100 67","Ford Cargo Krone Dorse Kögel Dorse Fren Körüğü EYD 100 67","Ford Cargo Krone Dorse Kögel Dorse Fren Körüğü EYD 100 67 | Frenciniz","Ford Cargo Krone Dorse Kögel Dorse Fren Körüğü EYD 100 67 icin stok, fiyat ve uyumluluk teyidi. Uygunluk adaylari: Tır / çekici, Krone dorse, Kögel dorse....","Ford Cargo Krone Dorse Kögel Dorse Fren Körüğü EYD 100 67","Kamyon Fren Körüğü | Kamyon EYD 100 67 | EYD 100 67 Fren Körüğü","https://www.frenciniz.com/urun/623/ford-cargo-krone-dorse-kogel-dorse-fren-korugu-eyd-100-67-ekersan","","722","156.42"
"624","Fren Körüğü","EYD 100 61","","","","no","Ford Cargo Krone Dorse Kögel Dorse Fren Körüğü EYD 100 61","Ford Cargo Krone Dorse Kögel Dorse Fren Körüğü EYD 100 61","Ford Cargo Krone Dorse Kögel Dorse Fren Körüğü EYD 100 61 | Frenciniz","Ford Cargo Krone Dorse Kögel Dorse Fren Körüğü EYD 100 61 icin stok, fiyat ve uyumluluk teyidi. Uygunluk adaylari: Tır / çekici, Krone dorse, Kögel dorse....","Ford Cargo Krone Dorse Kögel Dorse Fren Körüğü EYD 100 61","Kamyon Fren Körüğü | Kamyon EYD 100 61 | EYD 100 61 Fren Körüğü","https://www.frenciniz.com/urun/624/ford-cargo-krone-dorse-kogel-dorse-fren-korugu-eyd-100-61-ekersan","","440","144.21"
"625","Fren Körüğü","EYD 100 66","","","","no","Ford Cargo Krone Dorse Kögel Dorse Fren Körüğü EYD 100 66","Ford Cargo Krone Dorse Kögel Dorse Fren Körüğü EYD 100 66","Ford Cargo Krone Dorse Kögel Dorse Fren Körüğü EYD 100 66 | Frenciniz","Ford Cargo Krone Dorse Kögel Dorse Fren Körüğü EYD 100 66 icin stok, fiyat ve uyumluluk teyidi. Uygunluk adaylari: Tır / çekici, Krone dorse, Kögel dorse....","Ford Cargo Krone Dorse Kögel Dorse Fren Körüğü EYD 100 66","Kamyon Fren Körüğü | Kamyon EYD 100 66 | EYD 100 66 Fren Körüğü","https://www.frenciniz.com/urun/625/ford-cargo-krone-dorse-kogel-dorse-fren-korugu-eyd-100-66-ekersan","","597","144.21"
"626","Kaliper Tamir Takımı (Maxx22)","FX-3095","","","","no","ROR Meritor Knorr WABCO MAXX22 Kaliper Tamir Takımı FX-3095","ROR Meritor Knorr WABCO MAXX22 Kaliper Tamir Takımı FX-3095","ROR Meritor Knorr WABCO MAXX22 Kaliper Tamir Takımı FX-3095 | Frenciniz","ROR Meritor Knorr WABCO MAXX22 Kaliper Tamir Takımı FX-3095 icin stok, fiyat ve uyumluluk teyidi. Uygunluk adaylari: WABCO PAN17/PAN19/PAN22 kaliper sistemi...","ROR Meritor Knorr WABCO MAXX22 Kaliper Tamir Takımı FX-3095","WABCO PAN17/PAN19/PAN22 kaliper sistemi Kaliper Tamir Takımı (Maxx22) | WABCO PAN17/PAN19/PAN22 kaliper sistemi FX-3095 | FX-3095 Kaliper Tamir Takımı (Maxx22)","https://www.frenciniz.com/urun/626/kaliper-tamir-takimi-maxx22-ror-meritor-knorr-wabco-maxx22-kaliper-tamir-takimi-fx-3095-ekersan","","2","7638.84"
"627","Kaliper","FX-1021","","","","no","ROR Meritor Knorr WABCO Kaliper FX-1021","ROR Meritor Knorr WABCO Kaliper FX-1021","ROR Meritor Knorr WABCO Kaliper FX-1021 | Frenciniz","ROR Meritor Knorr WABCO Kaliper FX-1021 icin stok, fiyat ve uyumluluk teyidi. Uygunluk adaylari: MAN TGL, Ağır vasıta kaliper sistemi, Knorr / WABCO / Meritor...","ROR Meritor Knorr WABCO Kaliper FX-1021","MAN TGL Kaliper | MAN TGL FX-1021 | FX-1021 Kaliper","https://www.frenciniz.com/urun/627/ror-meritor-knorr-wabco-kaliper-fx-1021-ekersan","","2","6547.2"
"628","Fren Körüğü","EYD 100 39","","","","no","Ford Cargo Krone Dorse Kögel Dorse Fren Körüğü EYD 100 39","Ford Cargo Krone Dorse Kögel Dorse Fren Körüğü EYD 100 39","Ford Cargo Krone Dorse Kögel Dorse Fren Körüğü EYD 100 39 | Frenciniz","Ford Cargo Krone Dorse Kögel Dorse Fren Körüğü EYD 100 39 icin stok, fiyat ve uyumluluk teyidi. Uygunluk adaylari: Tır / çekici, Krone dorse, Kögel dorse....","Ford Cargo Krone Dorse Kögel Dorse Fren Körüğü EYD 100 39","Kamyon Fren Körüğü | Kamyon EYD 100 39 | EYD 100 39 Fren Körüğü","https://www.frenciniz.com/urun/628/ford-cargo-krone-dorse-kogel-dorse-fren-korugu-eyd-100-39-ekersan","","283","150.48"
"629","Fren Körüğü","EYD 100 62","","","","no","Ford Cargo Krone Dorse Kögel Dorse Fren Körüğü EYD 100 62","Ford Cargo Krone Dorse Kögel Dorse Fren Körüğü EYD 100 62","Ford Cargo Krone Dorse Kögel Dorse Fren Körüğü EYD 100 62 | Frenciniz","Ford Cargo Krone Dorse Kögel Dorse Fren Körüğü EYD 100 62 icin stok, fiyat ve uyumluluk teyidi. Uygunluk adaylari: Tır / çekici, Krone dorse, Kögel dorse....","Ford Cargo Krone Dorse Kögel Dorse Fren Körüğü EYD 100 62","Kamyon Fren Körüğü | Kamyon EYD 100 62 | EYD 100 62 Fren Körüğü","https://www.frenciniz.com/urun/629/ford-cargo-krone-dorse-kogel-dorse-fren-korugu-eyd-100-62-ekersan","","66","170.28"
"630","Süspansiyon Körüğü","42810.C1","016010","","","no","Ford Cargo Krone Dorse Kögel Dorse Süspansiyon Körüğü 42810.C1","016010 Ford Cargo Krone Dorse Kögel Dorse Süspansiyon Körüğü 42810.C1","016010 Ford Cargo Krone Dorse Kögel Dorse Süspansiyon... | Frenciniz","016010 Ford Cargo Krone Dorse Kögel Dorse Süspansiyon Körüğü 42810.C1 icin stok, fiyat ve uyumluluk teyidi. Uygunluk adaylari: Tır / çekici, Krone dorse, Kögel...","016010 Ford Cargo Krone Dorse Kögel Dorse Süspansiyon Körüğü 42810.C1","Dorse Süspansiyon Körüğü | Dorse 016010 | 016010 Süspansiyon Körüğü | 42810.C1 Süspansiyon Körüğü | Ford Cargo Krone Dorse Kögel Dorse Süspansiyon Körüğü 42810.C1","https://www.frenciniz.com/urun/630/016010-ford-cargo-krone-dorse-kogel-dorse-suspansiyon-korugu-42810-c1-ekersan","","7","3168"
"631","Süspansiyon Körüğü","42722.S","","","","no","BMC Süspansiyon Körüğü 42722.S","BMC Süspansiyon Körüğü 42722.S","BMC Süspansiyon Körüğü 42722.S | Frenciniz","BMC Süspansiyon Körüğü 42722.S icin stok, fiyat ve uyumluluk teyidi. Uygunluk adaylari: BMC Probus, BMC Profesyonel, BMC Fatih. OEM/SKU: 42722.S. Stokta urun...","BMC Süspansiyon Körüğü 42722.S","BMC Probus Süspansiyon Körüğü | BMC Probus 42722.S | 42722.S Süspansiyon Körüğü","https://www.frenciniz.com/urun/631/bmc-suspansiyon-korugu-42722-s-ekersan","","28","2112"
"632","Süspansiyon Körüğü","42810.S1","","","","no","Ford Cargo Krone Dorse Kögel Dorse Süspansiyon Körüğü 42810.S1","Ford Cargo Krone Dorse Kögel Dorse Süspansiyon Körüğü 42810.S1","Ford Cargo Krone Dorse Kögel Dorse Süspansiyon Körüğü 42810.S1 | Frenciniz","Ford Cargo Krone Dorse Kögel Dorse Süspansiyon Körüğü 42810.S1 icin stok, fiyat ve uyumluluk teyidi. Uygunluk adaylari: Tır / çekici, Krone dorse, Kögel dorse....","Ford Cargo Krone Dorse Kögel Dorse Süspansiyon Körüğü 42810.S1","Dorse Süspansiyon Körüğü | Dorse 42810.S1 | 42810.S1 Süspansiyon Körüğü","https://www.frenciniz.com/urun/632/ford-cargo-krone-dorse-kogel-dorse-suspansiyon-korugu-42810-s1-ekersan","","92","1914"
"633","Süspansiyon Körüğü","426318.CP","US06318F , 550025981, 016512 , 1244666","","","no","Ford Cargo Krone Dorse Kögel Dorse Süspansiyon Körüğü 426318.CP","US06318F Ford Cargo Krone Dorse Kögel Dorse Süspansiyon Körüğü 426318.CP","US06318F Ford Cargo Krone Dorse Kögel Dorse Süspansiyon... | Frenciniz","US06318F Ford Cargo Krone Dorse Kögel Dorse Süspansiyon Körüğü 426318.CP icin stok, fiyat ve uyumluluk teyidi. Uygunluk adaylari: Tır / çekici, Krone dorse...","US06318F Ford Cargo Krone Dorse Kögel Dorse Süspansiyon Körüğü 426318.CP","Dorse Süspansiyon Körüğü | Dorse US06318F | US06318F Süspansiyon Körüğü | 426318.CP Süspansiyon Körüğü | Ford Cargo Krone Dorse Kögel Dorse Süspansiyon Körüğü 426318.CP","https://www.frenciniz.com/urun/633/us06318f-ford-cargo-krone-dorse-kogel-dorse-suspansiyon-korugu-426318-cp-ekersan","","46","2706"
"634","Kaliper Tamir Takımı","50-5276","","","","no","ROR Meritor Knorr WABCO Kaliper Tamir Takımı 50-5276","ROR Meritor Knorr WABCO Kaliper Tamir Takımı 50-5276","ROR Meritor Knorr WABCO Kaliper Tamir Takımı 50-5276 | Frenciniz","ROR Meritor Knorr WABCO Kaliper Tamir Takımı 50-5276 icin stok, fiyat ve uyumluluk teyidi. Uygunluk adaylari: Ağır vasıta kaliper sistemi, Knorr / WABCO /...","ROR Meritor Knorr WABCO Kaliper Tamir Takımı 50-5276","Ağır vasıta kaliper sistemi Kaliper Tamir Takımı | Ağır vasıta kaliper sistemi 50-5276 | 50-5276 Kaliper Tamir Takımı","https://www.frenciniz.com/urun/634/ror-meritor-knorr-wabco-kaliper-tamir-takimi-50-5276-ekersan","","4","1529.88"
"635","Kaliper Tamir Takımı","30-3697","","","","no","ROR Meritor Knorr WABCO Kaliper Tamir Takımı 30-3697","ROR Meritor Knorr WABCO Kaliper Tamir Takımı 30-3697","ROR Meritor Knorr WABCO Kaliper Tamir Takımı 30-3697 | Frenciniz","ROR Meritor Knorr WABCO Kaliper Tamir Takımı 30-3697 icin stok, fiyat ve uyumluluk teyidi. Uygunluk adaylari: Ağır vasıta kaliper sistemi, Knorr / WABCO /...","ROR Meritor Knorr WABCO Kaliper Tamir Takımı 30-3697","Ağır vasıta kaliper sistemi Kaliper Tamir Takımı | Ağır vasıta kaliper sistemi 30-3697 | 30-3697 Kaliper Tamir Takımı","https://www.frenciniz.com/urun/635/ror-meritor-knorr-wabco-kaliper-tamir-takimi-30-3697-ekersan","","4","1638.12"
"636","Kaliper","30-3750","640 222 928 2","","","no","ROR Meritor Knorr WABCO Kaliper 30-3750","640 222 928 2 ROR Meritor Knorr WABCO Kaliper 30-3750","640 222 928 2 ROR Meritor Knorr WABCO Kaliper 30-3750 | Frenciniz","640 222 928 2 ROR Meritor Knorr WABCO Kaliper 30-3750 icin stok, fiyat ve uyumluluk teyidi. Uygunluk adaylari: Ağır vasıta kaliper sistemi, Knorr / WABCO /...","640 222 928 2 ROR Meritor Knorr WABCO Kaliper 30-3750","Ağır vasıta kaliper sistemi Kaliper | Ağır vasıta kaliper sistemi 640 222 928 2 | 640 222 928 2 Kaliper | 30-3750 Kaliper | ROR Meritor Knorr WABCO Kaliper 30-3750","https://www.frenciniz.com/urun/636/640-222-928-2-ror-meritor-knorr-wabco-kaliper-30-3750-ekersan","","10","1878.36"
"637","Süspansiyon Körüğü","424390.S1","9423280001","","","no","Mercedes Axor Actros Süspansiyon Körüğü 424390.S1","9423280001 Mercedes Axor Actros Süspansiyon Körüğü 424390.S1","9423280001 Mercedes Axor Actros Süspansiyon Körüğü 424390.S1 | Frenciniz","9423280001 Mercedes Axor Actros Süspansiyon Körüğü 424390.S1 icin stok, fiyat ve uyumluluk teyidi. Uygunluk adaylari: Mercedes-Benz Actros, Mercedes-Benz Axor...","9423280001 Mercedes Axor Actros Süspansiyon Körüğü 424390.S1","Mercedes-Benz Actros Süspansiyon Körüğü | Mercedes-Benz Actros 9423280001 | 9423280001 Süspansiyon Körüğü | 424390.S1 Süspansiyon Körüğü | Mercedes Axor Actros Süspansiyon Körüğü 424390.S1","https://www.frenciniz.com/urun/637/9423280001-mercedes-axor-actros-suspansiyon-korugu-424390-s1-ekersan","","127","1683"
"638","Kaliper","FX-2050","","","","no","ROR Meritor Knorr WABCO Kaliper FX-2050","ROR Meritor Knorr WABCO Kaliper FX-2050","ROR Meritor Knorr WABCO Kaliper FX-2050 | Frenciniz","ROR Meritor Knorr WABCO Kaliper FX-2050 icin stok, fiyat ve uyumluluk teyidi. Uygunluk adaylari: Ağır vasıta kaliper sistemi, Knorr / WABCO / Meritor kaliper...","ROR Meritor Knorr WABCO Kaliper FX-2050","Ağır vasıta kaliper sistemi Kaliper | Ağır vasıta kaliper sistemi FX-2050 | FX-2050 Kaliper","https://www.frenciniz.com/urun/638/ror-meritor-knorr-wabco-kaliper-fx-2050-ekersan","","4","8948.28"
"639","Kaliper Tamir Takımı","FX-2010","","","","no","ROR Meritor Knorr WABCO Kaliper Tamir Takımı FX-2010","ROR Meritor Knorr WABCO Kaliper Tamir Takımı FX-2010","ROR Meritor Knorr WABCO Kaliper Tamir Takımı FX-2010 | Frenciniz","ROR Meritor Knorr WABCO Kaliper Tamir Takımı FX-2010 icin stok, fiyat ve uyumluluk teyidi. Uygunluk adaylari: Ağır vasıta kaliper sistemi, Knorr / WABCO /...","ROR Meritor Knorr WABCO Kaliper Tamir Takımı FX-2010","Ağır vasıta kaliper sistemi Kaliper Tamir Takımı | Ağır vasıta kaliper sistemi FX-2010 | FX-2010 Kaliper Tamir Takımı","https://www.frenciniz.com/urun/639/ror-meritor-knorr-wabco-kaliper-tamir-takimi-fx-2010-ekersan","","1","8948.28"
"640","Fren Balatası","PWR-5041","29331","","","no","Scania P G R Disk Fren Balatası Y.M. PWR-5041","29331 Scania P G R Disk Fren Balatası Y.M. PWR-5041","29331 Scania P G R Disk Fren Balatası Y.M. PWR-5041 | Frenciniz","29331 Scania P G R Disk Fren Balatası Y.M. PWR-5041 icin stok, fiyat ve uyumluluk teyidi. Uygunluk adaylari: Scania P/G/R serisi, Scania P serisi, Scania G420....","29331 Scania P G R Disk Fren Balatası Y.M. PWR-5041","Scania P/G/R serisi Fren Balatası | Scania P/G/R serisi 29331 | 29331 Fren Balatası | PWR-5041 Fren Balatası | Scania P G R Disk Fren Balatası Y.M. PWR-5041","https://www.frenciniz.com/urun/640/29331-scania-p-g-r-disk-fren-balatasi-y-m-pwr-5041-ekersan","","10","2473.68"
"641","Fren Balatası","42322/1-300","29175 - 29195","29195-saf-dorse-fren-balatasi","10","no","29195 SAF Dorse Disk Fren Balatasi 42322/1-300","29195 SAF Dorse Disk Fren Balatasi 42322/1-300","29195 SAF Dorse Disk Fren Balatasi 42322/1-300 | Frenciniz","29195 SAF Dorse Disk Fren Balatasi 42322/1-300 icin stok, fiyat ve uyumluluk teyidi. Uygunluk adaylari: Ağır vasıta disk fren balata sistemi, Knorr / WABCO /...","29195 fren balatasi","29195 saf dorse balata | saf 29195 | krone dorse 29195 balata | 29195 SAF Dorse Disk Fren Balatasi 42322/1-300 | 993887 fren balatasi | 03057009600 fren balatasi | Ağır vasıta disk fren balata sistemi Fren Balatası","https://www.frenciniz.com/urun/641/29195-saf-dorse-disk-fren-balatasi-42322-1-300-ekersan","https://www.frenciniz.com/29195-saf-dorse-fren-balatasi","204","2059.2"
"642","Kaliper Toz Lastiği","20-2420","MCK1139, 1487339, 85107913","","","no","ROR Meritor Knorr Meritor Kaliper Toz Lastiği","MCK1139 ROR Meritor Knorr Meritor Kaliper Toz Lastiği","MCK1139 ROR Meritor Knorr Meritor Kaliper Toz Lastiği | Frenciniz","MCK1139 ROR Meritor Knorr Meritor Kaliper Toz Lastiği icin stok, fiyat ve uyumluluk teyidi. Uygunluk adaylari: Meritor ELSA/DUCO kaliper sistemi, Volvo FH/FM...","MCK1139 ROR Meritor Knorr Meritor Kaliper Toz Lastiği","Meritor ELSA/DUCO kaliper sistemi Kaliper Toz Lastiği | Meritor ELSA/DUCO kaliper sistemi MCK1139 | MCK1139 Kaliper Toz Lastiği | 20-2420 Kaliper Toz Lastiği | ROR Meritor Knorr Meritor Kaliper Toz Lastiği","https://www.frenciniz.com/urun/642/mck1139-ror-meritor-knorr-meritor-kaliper-toz-lastigi-ekersan","","10","286.44"
"643","Fren Pabucu","EYD 206 14","","","","no","Mercedes Axor Actros Fren Pabucu Makarası","EYD 206 14 Mercedes Axor Actros Fren Pabucu Makarası","EYD 206 14 Mercedes Axor Actros Fren Pabucu Makarası | Frenciniz","EYD 206 14 Mercedes Axor Actros Fren Pabucu Makarası icin stok, fiyat ve uyumluluk teyidi. Uygunluk adaylari: Mercedes-Benz Actros, Mercedes-Benz Axor, Actros...","EYD 206 14 Mercedes Axor Actros Fren Pabucu Makarası","Mercedes-Benz Actros Fren Pabucu | Mercedes-Benz Actros EYD 206 14 | EYD 206 14 Fren Pabucu | Mercedes Axor Actros Fren Pabucu Makarası","https://www.frenciniz.com/urun/643/eyd-206-14-mercedes-axor-actros-fren-pabucu-makarasi-ekersan","","190","231"
"644","Fren Pabucu","EYD 206 08","624.420.02.19","","","no","Mercedes Axor Actros Fren Pabucu 22CM","624.420.02.19 Mercedes Axor Actros Fren Pabucu 22CM","624.420.02.19 Mercedes Axor Actros Fren Pabucu 22CM | Frenciniz","624.420.02.19 Mercedes Axor Actros Fren Pabucu 22CM icin stok, fiyat ve uyumluluk teyidi. Uygunluk adaylari: Mercedes-Benz Actros, Mercedes-Benz Axor, Actros...","624.420.02.19 Mercedes Axor Actros Fren Pabucu 22CM","Mercedes-Benz Actros Fren Pabucu | Mercedes-Benz Actros 624.420.02.19 | 624.420.02.19 Fren Pabucu | EYD 206 08 Fren Pabucu | Mercedes Axor Actros Fren Pabucu 22CM","https://www.frenciniz.com/urun/644/624-420-02-19-mercedes-axor-actros-fren-pabucu-22cm-ekersan","","116","2145"
"645","EBS Modülatör","W4491731200","","","","no","Ford Cargo Krone Dorse Kögel Dorse EBS Modülatör ABS'li W4491731200","Ford Cargo Krone Dorse Kögel Dorse EBS Modülatör ABS'li W4491731200","Ford Cargo Krone Dorse Kögel Dorse EBS Modülatör ABS'li... | Frenciniz","Ford Cargo Krone Dorse Kögel Dorse EBS Modülatör ABS'li W4491731200 icin stok, fiyat ve uyumluluk teyidi. Uygunluk adaylari: WABCO ABS/EBS sistemi, Dorse EBS...","Ford Cargo Krone Dorse Kögel Dorse EBS Modülatör ABS'li W4491731200","WABCO ABS/EBS sistemi EBS Modülatör | WABCO ABS/EBS sistemi W4491731200 | W4491731200 EBS Modülatör","https://www.frenciniz.com/urun/645/ford-cargo-krone-dorse-kogel-dorse-ebs-modulator-abs-li-w4491731200-ekersan","","5","5280"
"646","Kaliper Tamir Takımı (Frenco)","10-1099","","","","no","Ford Cargo Krone Dorse Kögel Dorse Frenco Kaliper Tamir Takımı","10-1099 Ford Cargo Krone Dorse Kögel Dorse Frenco Kaliper Tamir Takımı","10-1099 Ford Cargo Krone Dorse Kögel Dorse Frenco Kaliper... | Frenciniz","10-1099 Ford Cargo Krone Dorse Kögel Dorse Frenco Kaliper Tamir Takımı icin stok, fiyat ve uyumluluk teyidi. Uygunluk adaylari: Tır / çekici, Krone dorse, Kögel...","10-1099 Ford Cargo Krone Dorse Kögel Dorse Frenco Kaliper Tamir Takımı","Kamyon Kaliper Tamir Takımı (Frenco) | Kamyon 10-1099 | 10-1099 Kaliper Tamir Takımı (Frenco) | Ford Cargo Krone Dorse Kögel Dorse Frenco Kaliper Tamir Takımı","https://www.frenciniz.com/urun/646/10-1099-kaliper-tamir-takimi-frenco-ford-cargo-krone-dorse-kogel-dorse-frenco-kaliper-tamir","","1","1082.4"
"647","Kaliper Perno Tamir Takımı","421167-1","","","","no","ROR Meritor Knorr WABCO Kaliper Perno Tamir Takımı 421167-1","ROR Meritor Knorr WABCO Kaliper Perno Tamir Takımı 421167-1","ROR Meritor Knorr WABCO Kaliper Perno Tamir Takımı 421167-1 | Frenciniz","ROR Meritor Knorr WABCO Kaliper Perno Tamir Takımı 421167-1 icin stok, fiyat ve uyumluluk teyidi. Uygunluk adaylari: Ağır vasıta kaliper sistemi, Knorr / WABCO /...","ROR Meritor Knorr WABCO Kaliper Perno Tamir Takımı 421167-1","Ağır vasıta kaliper sistemi Kaliper Perno Tamir Takımı | Ağır vasıta kaliper sistemi 421167-1 | 421167-1 Kaliper Perno Tamir Takımı","https://www.frenciniz.com/urun/647/ror-meritor-knorr-wabco-kaliper-perno-tamir-takimi-421167-1-ekersan","","6","930.6"
"648","Fren Balatası","42197/2-255","29088","","","no","MAN TGA TGS TGX TGM Disk Fren Balatası","29088 MAN TGA TGS TGX TGM Disk Fren Balatası","29088 MAN TGA TGS TGX TGM Disk Fren Balatası | Frenciniz","29088 MAN TGA TGS TGX TGM Disk Fren Balatası icin stok, fiyat ve uyumluluk teyidi. Uygunluk adaylari: DAF LF45/LF55, Iveco Eurocargo, MAN L2000/M2000. OEM/SKU:...","29088 MAN TGA TGS TGX TGM Disk Fren Balatası","DAF LF45/LF55 Fren Balatası | DAF LF45/LF55 29088 | 29088 Fren Balatası | 42197/2-255 Fren Balatası | MAN TGA TGS TGX TGM Disk Fren Balatası","https://www.frenciniz.com/urun/648/29088-man-tga-tgs-tgx-tgm-disk-fren-balatasi-ekersan","","2","1900.8"
"649","Kaliper","FX-3140","","","","no","ROR Meritor Knorr WABCO Kaliper Sol","FX-3140 ROR Meritor Knorr WABCO Kaliper Sol","FX-3140 ROR Meritor Knorr WABCO Kaliper Sol | Frenciniz","FX-3140 ROR Meritor Knorr WABCO Kaliper Sol icin stok, fiyat ve uyumluluk teyidi. Uygunluk adaylari: Mercedes-Benz Arocs, Ağır vasıta kaliper sistemi, Knorr /...","FX-3140 ROR Meritor Knorr WABCO Kaliper Sol","Mercedes-Benz Arocs Kaliper | Mercedes-Benz Arocs FX-3140 | FX-3140 Kaliper | ROR Meritor Knorr WABCO Kaliper Sol","https://www.frenciniz.com/urun/649/fx-3140-ror-meritor-knorr-wabco-kaliper-sol-ekersan","","1","7967.52"
"650","Süspansiyon Körüğü","422211.P02","","","","no","Ford Cargo Krone Dorse Kögel Dorse Süspansiyon Körüğü 422211.P02","Ford Cargo Krone Dorse Kögel Dorse Süspansiyon Körüğü 422211.P02","Ford Cargo Krone Dorse Kögel Dorse Süspansiyon Körüğü... | Frenciniz","Ford Cargo Krone Dorse Kögel Dorse Süspansiyon Körüğü 422211.P02 icin stok, fiyat ve uyumluluk teyidi. Uygunluk adaylari: Tır / çekici, Krone dorse, Kögel dorse....","Ford Cargo Krone Dorse Kögel Dorse Süspansiyon Körüğü 422211.P02","Dorse Süspansiyon Körüğü | Dorse 422211.P02 | 422211.P02 Süspansiyon Körüğü","https://www.frenciniz.com/urun/650/ford-cargo-krone-dorse-kogel-dorse-suspansiyon-korugu-422211-p02-ekersan","","144","1056"
"651","Süspansiyon Körüğü","424154.CP05","5010488071","","","no","Renault Premium Magnum Kerax Midlum D Serisi Süspansiyon Körüğü 424154.CP05","5010488071 Renault Premium Magnum Kerax Midlum D Serisi Süspansiyon Körüğü 424154.CP05","5010488071 Renault Premium Magnum Kerax Midlum D Serisi... | Frenciniz","5010488071 Renault Premium Magnum Kerax Midlum D Serisi Süspansiyon Körüğü 424154.CP05 icin stok, fiyat ve uyumluluk teyidi. Uygunluk adaylari: Renault Trucks...","5010488071 Renault Premium Magnum Kerax Midlum D Serisi Süspansiyon Körüğü 424154.CP05","Renault Trucks Midlum Süspansiyon Körüğü | Renault Trucks Midlum 5010488071 | 5010488071 Süspansiyon Körüğü | 424154.CP05 Süspansiyon Körüğü | Renault Premium Magnum Kerax Midlum D Serisi Süspansiyon Körüğü 424154.CP05","https://www.frenciniz.com/urun/651/5010488071-renault-premium-magnum-kerax-midlum-d-serisi-suspansiyon-korugu-424154-cp05-ekersan","","1","2904"
"652","Kaliper Tamir Takımı","10-1284","","","","no","ROR Meritor Knorr WABCO Kaliper Tamir Takımı 10-1284","ROR Meritor Knorr WABCO Kaliper Tamir Takımı 10-1284","ROR Meritor Knorr WABCO Kaliper Tamir Takımı 10-1284 | Frenciniz","ROR Meritor Knorr WABCO Kaliper Tamir Takımı 10-1284 icin stok, fiyat ve uyumluluk teyidi. Uygunluk adaylari: Ağır vasıta kaliper sistemi, Knorr / WABCO /...","ROR Meritor Knorr WABCO Kaliper Tamir Takımı 10-1284","Ağır vasıta kaliper sistemi Kaliper Tamir Takımı | Ağır vasıta kaliper sistemi 10-1284 | 10-1284 Kaliper Tamir Takımı","https://www.frenciniz.com/urun/652/ror-meritor-knorr-wabco-kaliper-tamir-takimi-10-1284-ekersan","","2","1038.84"
"653","Porya","30.08002","","","","no","Scania P G R Porya Kapağı","30.08002 Scania P G R Porya Kapağı","30.08002 Scania P G R Porya Kapağı | Frenciniz","30.08002 Scania P G R Porya Kapağı icin stok, fiyat ve uyumluluk teyidi. Uygunluk adaylari: Scania P/G/R serisi, Scania P serisi, Scania G420. OEM/SKU: 30.08002....","30.08002 Scania P G R Porya Kapağı","Scania P/G/R serisi Porya | Scania P/G/R serisi 30.08002 | 30.08002 Porya | Scania P G R Porya Kapağı","https://www.frenciniz.com/urun/653/30-08002-scania-p-g-r-porya-kapagi-ekersan","","31","435.6"
"654","ABS Sensörü/Modülü/Kablo","EYD 91 22","4029108100","","","no","Ford Cargo SAF Dorse Krone Dorse Kögel Dorse ABS Sensörü ABS'li EYD 91 22","4029108100 Ford Cargo SAF Dorse Krone Dorse Kögel Dorse ABS Sensörü ABS'li EYD 91 22","4029108100 Ford Cargo SAF Dorse Krone Dorse Kögel Dorse... | Frenciniz","4029108100 Ford Cargo SAF Dorse Krone Dorse Kögel Dorse ABS Sensörü ABS'li EYD 91 22 icin stok, fiyat ve uyumluluk teyidi. Uygunluk adaylari: SAF dorse dingili...","4029108100 Ford Cargo SAF Dorse Krone Dorse Kögel Dorse ABS Sensörü ABS'li EYD 91 22","SAF dorse dingili ABS Sensörü/Modülü/Kablo | SAF dorse dingili 4029108100 | 4029108100 ABS Sensörü/Modülü/Kablo | EYD 91 22 ABS Sensörü/Modülü/Kablo | Ford Cargo SAF Dorse Krone Dorse Kögel Dorse ABS Sensörü ABS'li EYD 91 22","https://www.frenciniz.com/urun/654/4029108100-ford-cargo-saf-dorse-krone-dorse-kogel-dorse-abs-sensoru-abs-li-eyd-91-22-ekersan","","30","237.6"
"655","Porya","ESP.16.16.02","0327280140, 0327280100, 0327280190","","","no","Ford Cargo BPW Dorse Krone Dorse Kögel Dorse Porya ESP.16.16.02","0327280140 Ford Cargo BPW Dorse Krone Dorse Kögel Dorse Porya ESP.16.16.02","0327280140 Ford Cargo BPW Dorse Krone Dorse Kögel Dorse... | Frenciniz","0327280140 Ford Cargo BPW Dorse Krone Dorse Kögel Dorse Porya ESP.16.16.02 icin stok, fiyat ve uyumluluk teyidi. Uygunluk adaylari: BPW dorse dingili, BPW...","0327280140 Ford Cargo BPW Dorse Krone Dorse Kögel Dorse Porya ESP.16.16.02","BPW dorse dingili Porya | BPW dorse dingili 0327280140 | 0327280140 Porya | ESP.16.16.02 Porya | Ford Cargo BPW Dorse Krone Dorse Kögel Dorse Porya ESP.16.16.02","https://www.frenciniz.com/urun/655/0327280140-ford-cargo-bpw-dorse-krone-dorse-kogel-dorse-porya-esp-16-16-02-ekersan","","5","10626"
"656","Fren Balatası","42317/1-300","29228","","","no","ROR Meritor Knorr WABCO Meritor Haldex Disk Fren Balatası 42317/1-300","29228 ROR Meritor Knorr WABCO Meritor Haldex Disk Fren Balatası 42317/1-300","29228 ROR Meritor Knorr WABCO Meritor Haldex Disk Fren... | Frenciniz","29228 ROR Meritor Knorr WABCO Meritor Haldex Disk Fren Balatası 42317/1-300 icin stok, fiyat ve uyumluluk teyidi. Uygunluk adaylari: Ağır vasıta disk fren balata...","29228 ROR Meritor Knorr WABCO Meritor Haldex Disk Fren Balatası 42317/1-300","Ağır vasıta disk fren balata sistemi Fren Balatası | Ağır vasıta disk fren balata sistemi 29228 | 29228 Fren Balatası | 42317/1-300 Fren Balatası | ROR Meritor Knorr WABCO Meritor Haldex Disk Fren Balatası 42317/1-300","https://www.frenciniz.com/urun/656/29228-ror-meritor-knorr-wabco-meritor-haldex-disk-fren-balatasi-42317-1-300-ekersan","","25","2191.2"
"657","Fren Balatası","42182/1-300","29042 - 29108 - 29087 - 29106 - 29109 - 29163 - 29179 - 29201 - 29202 - 29061","29087-mercedes-axor-actros-scania-fren-balatasi","2","no","29087 Mercedes Axor Actros Scania Disk Fren Balatasi 42182/1-300","29087 Mercedes Axor Actros Scania Disk Fren Balatasi 42182/1-300","29087 Mercedes Axor Actros Scania Disk Fren Balatasi... | Frenciniz","29087 Mercedes Axor Actros Scania Disk Fren Balatasi 42182/1-300 icin stok, fiyat ve uyumluluk teyidi. Uygunluk adaylari: Mercedes-Benz Actros/Axor, BPW dorse...","29087 fren balatasi","29087 mercedes actros balata | axor 29087 balata | scania 29087 fren balatasi | 29087 Mercedes Axor Actros Scania Disk Fren Balatasi 42182/1-300 | 29105 fren balatasi | Mercedes-Benz Actros/Axor Fren Balatası | Mercedes-Benz Actros/Axor 29042","https://www.frenciniz.com/urun/657/29087-mercedes-axor-actros-scania-disk-fren-balatasi-42182-1-300-ekersan","https://www.frenciniz.com/29087-mercedes-axor-actros-scania-fren-balatasi","343","2059.2"
"658","Fren Balatası","42182/2-300","29042 - 29108 - 29087 - 29106 - 29109 - 29163 - 29179 - 29201 - 29202 - 29061","29087-mercedes-axor-actros-scania-fren-balatasi","2","no","29087 Mercedes Axor Actros Scania Disk Fren Balatasi 42182/2-300","29087 Mercedes Axor Actros Scania Disk Fren Balatasi 42182/2-300","29087 Mercedes Axor Actros Scania Disk Fren Balatasi... | Frenciniz","29087 Mercedes Axor Actros Scania Disk Fren Balatasi 42182/2-300 icin stok, fiyat ve uyumluluk teyidi. Uygunluk adaylari: Mercedes-Benz Actros/Axor, BPW dorse...","29087 fren balatasi","29087 mercedes actros balata | axor 29087 balata | scania 29087 fren balatasi | 29087 Mercedes Axor Actros Scania Disk Fren Balatasi 42182/2-300 | 29105 fren balatasi | Mercedes-Benz Actros/Axor Fren Balatası | Mercedes-Benz Actros/Axor 29042","https://www.frenciniz.com/urun/658/29087-mercedes-axor-actros-scania-disk-fren-balatasi-42182-2-300-ekersan","https://www.frenciniz.com/29087-mercedes-axor-actros-scania-fren-balatasi","14","2534.4"
"659","Süspansiyon Körüğü","424028.C02","015323 , MLF8176","","","no","Ford Cargo Krone Dorse Kögel Dorse Süspansiyon Körüğü 424028.C02","015323 Ford Cargo Krone Dorse Kögel Dorse Süspansiyon Körüğü 424028.C02","015323 Ford Cargo Krone Dorse Kögel Dorse Süspansiyon... | Frenciniz","015323 Ford Cargo Krone Dorse Kögel Dorse Süspansiyon Körüğü 424028.C02 icin stok, fiyat ve uyumluluk teyidi. Uygunluk adaylari: Tır / çekici, Krone dorse, Kögel...","015323 Ford Cargo Krone Dorse Kögel Dorse Süspansiyon Körüğü 424028.C02","Dorse Süspansiyon Körüğü | Dorse 015323 | 015323 Süspansiyon Körüğü | 424028.C02 Süspansiyon Körüğü | Ford Cargo Krone Dorse Kögel Dorse Süspansiyon Körüğü 424028.C02","https://www.frenciniz.com/urun/659/015323-ford-cargo-krone-dorse-kogel-dorse-suspansiyon-korugu-424028-c02-ekersan","","30","2838"
"660","Süspansiyon Körüğü","424183.C01","9423202221 , 9423206821","","","no","Mercedes Axor Actros Süspansiyon Körüğü 424183.C01","9423202221 Mercedes Axor Actros Süspansiyon Körüğü 424183.C01","9423202221 Mercedes Axor Actros Süspansiyon Körüğü 424183.C01 | Frenciniz","9423202221 Mercedes Axor Actros Süspansiyon Körüğü 424183.C01 icin stok, fiyat ve uyumluluk teyidi. Uygunluk adaylari: Mercedes-Benz Actros, Mercedes-Benz Axor...","9423202221 Mercedes Axor Actros Süspansiyon Körüğü 424183.C01","Mercedes-Benz Actros Süspansiyon Körüğü | Mercedes-Benz Actros 9423202221 | 9423202221 Süspansiyon Körüğü | 424183.C01 Süspansiyon Körüğü | Mercedes Axor Actros Süspansiyon Körüğü 424183.C01","https://www.frenciniz.com/urun/660/9423202221-mercedes-axor-actros-suspansiyon-korugu-424183-c01-ekersan","","9","3102"
"661","Süspansiyon Körüğü","424183.S1","(B) E1/E2","","","no","Ford Cargo Krone Dorse Kögel Dorse Süspansiyon Körüğü 424183.S1","(B) E1 Ford Cargo Krone Dorse Kögel Dorse Süspansiyon Körüğü 424183.S1","(B) E1 Ford Cargo Krone Dorse Kögel Dorse Süspansiyon... | Frenciniz","(B) E1 Ford Cargo Krone Dorse Kögel Dorse Süspansiyon Körüğü 424183.S1 icin stok, fiyat ve uyumluluk teyidi. Uygunluk adaylari: Tır / çekici, Krone dorse, Kögel...","(B) E1 Ford Cargo Krone Dorse Kögel Dorse Süspansiyon Körüğü 424183.S1","Dorse Süspansiyon Körüğü | Dorse (B) E1 | (B) E1 Süspansiyon Körüğü | 424183.S1 Süspansiyon Körüğü | Ford Cargo Krone Dorse Kögel Dorse Süspansiyon Körüğü 424183.S1","https://www.frenciniz.com/urun/661/b-e1-ford-cargo-krone-dorse-kogel-dorse-suspansiyon-korugu-424183-s1-ekersan","","288","1947"
"662","Fren Körüğü","8115","","","","no","Ford Cargo 24/24 D/P İmdatlı Fren Körüğü Disk Tipi","8115 Ford Cargo 24/24 D/P İmdatlı Fren Körüğü Disk Tipi","8115 Ford Cargo 24/24 D/P İmdatlı Fren Körüğü Disk Tipi | Frenciniz","8115 Ford Cargo 24/24 D/P İmdatlı Fren Körüğü Disk Tipi icin stok, fiyat ve uyumluluk teyidi. Uygunluk adaylari: Iveco Eurocargo, Iveco Stralis, Iveco Trakker....","8115 Ford Cargo 24/24 D/P İmdatlı Fren Körüğü Disk Tipi","Iveco Eurocargo Fren Körüğü | Iveco Eurocargo 8115 | 8115 Fren Körüğü | Ford Cargo 24/24 D/P İmdatlı Fren Körüğü Disk Tipi","https://www.frenciniz.com/urun/662/8115-ford-cargo-24-24-d-p-imdatli-fren-korugu-disk-tipi-ekersan","","124","3630"
"663","Fren Körüğü","8114","","","","no","Ford Cargo 20/24 D/P İmdatlı Fren Körüğü Disk Tipi","8114 Ford Cargo 20/24 D/P İmdatlı Fren Körüğü Disk Tipi","8114 Ford Cargo 20/24 D/P İmdatlı Fren Körüğü Disk Tipi | Frenciniz","8114 Ford Cargo 20/24 D/P İmdatlı Fren Körüğü Disk Tipi icin stok, fiyat ve uyumluluk teyidi. Uygunluk adaylari: Iveco Eurocargo, Iveco Stralis, Iveco Trakker....","8114 Ford Cargo 20/24 D/P İmdatlı Fren Körüğü Disk Tipi","Iveco Eurocargo Fren Körüğü | Iveco Eurocargo 8114 | 8114 Fren Körüğü | Ford Cargo 20/24 D/P İmdatlı Fren Körüğü Disk Tipi","https://www.frenciniz.com/urun/663/8114-ford-cargo-20-24-d-p-imdatli-fren-korugu-disk-tipi-ekersan","","58","3630"
"664","Fren Körüğü","8113","","","","no","Ford Cargo 16/24 D/P İmdatlı Fren Körüğü Disk Tipi","8113 Ford Cargo 16/24 D/P İmdatlı Fren Körüğü Disk Tipi","8113 Ford Cargo 16/24 D/P İmdatlı Fren Körüğü Disk Tipi | Frenciniz","8113 Ford Cargo 16/24 D/P İmdatlı Fren Körüğü Disk Tipi icin stok, fiyat ve uyumluluk teyidi. Uygunluk adaylari: Iveco Eurocargo, Iveco Stralis, Iveco Trakker....","8113 Ford Cargo 16/24 D/P İmdatlı Fren Körüğü Disk Tipi","Iveco Eurocargo Fren Körüğü | Iveco Eurocargo 8113 | 8113 Fren Körüğü | Ford Cargo 16/24 D/P İmdatlı Fren Körüğü Disk Tipi","https://www.frenciniz.com/urun/664/8113-ford-cargo-16-24-d-p-imdatli-fren-korugu-disk-tipi-ekersan","","4","3630"
"665","Fren Körüğü","8112","8682644620466","","","no","Scania P G R Ford Cargo Krone Dorse 24/16 D/P İmdatlı Fren Körüğü Disk Tipi","8682644620466 Scania P G R Ford Cargo Krone Dorse 24/16 D/P İmdatlı Fren Körüğü Disk Tipi","8682644620466 Scania P G R Ford Cargo Krone Dorse 24/16... | Frenciniz","8682644620466 Scania P G R Ford Cargo Krone Dorse 24/16 D/P İmdatlı Fren Körüğü Disk Tipi icin stok, fiyat ve uyumluluk teyidi. Uygunluk adaylari: Scania P/G/R...","8682644620466 Scania P G R Ford Cargo Krone Dorse 24/16 D/P İmdatlı Fren Körüğü Disk Tipi","Scania P/G/R serisi Fren Körüğü | Scania P/G/R serisi 8682644620466 | 8682644620466 Fren Körüğü | 8112 Fren Körüğü | Scania P G R Ford Cargo Krone Dorse 24/16 D/P İmdatlı Fren Körüğü Disk Tipi","https://www.frenciniz.com/urun/665/8682644620466-scania-p-g-r-ford-cargo-krone-dorse-24-16-d-p-imdatli-fren-korugu-disk-tipi","","185","3432"
"666","Fren Körüğü","8102","8682644620367","","","no","Ford Cargo Krone Dorse Kögel Dorse 24/30 D/P İmdatlı Fren Körüğü M22 Disk Tipi","8682644620367 Ford Cargo Krone Dorse Kögel Dorse 24/30 D/P İmdatlı Fren Körüğü M22 Disk Tipi","8682644620367 Ford Cargo Krone Dorse Kögel Dorse 24/30 D/P... | Frenciniz","8682644620367 Ford Cargo Krone Dorse Kögel Dorse 24/30 D/P İmdatlı Fren Körüğü M22 Disk Tipi icin stok, fiyat ve uyumluluk teyidi. Uygunluk adaylari: Disk fren...","8682644620367 Ford Cargo Krone Dorse Kögel Dorse 24/30 D/P İmdatlı Fren Körüğü M22 Disk Tipi","Disk fren imdatlı fren körüğü Fren Körüğü | Disk fren imdatlı fren körüğü 8682644620367 | 8682644620367 Fren Körüğü | 8102 Fren Körüğü | Ford Cargo Krone Dorse Kögel Dorse 24/30 D/P İmdatlı Fren Körüğü M22 Disk Tipi","https://www.frenciniz.com/urun/666/8682644620367-ford-cargo-krone-dorse-kogel-dorse-24-30-d-p-imdatli-fren-korugu-m22-disk-tipi","","270","3432"
"667","Süspansiyon Körüğü","42836.S2","0513982","","","no","Ford Cargo Krone Dorse Kögel Dorse Süspansiyon Körüğü 42836.S2","0513982 Ford Cargo Krone Dorse Kögel Dorse Süspansiyon Körüğü 42836.S2","0513982 Ford Cargo Krone Dorse Kögel Dorse Süspansiyon... | Frenciniz","0513982 Ford Cargo Krone Dorse Kögel Dorse Süspansiyon Körüğü 42836.S2 icin stok, fiyat ve uyumluluk teyidi. Uygunluk adaylari: Tır / çekici, Krone dorse, Kögel...","0513982 Ford Cargo Krone Dorse Kögel Dorse Süspansiyon Körüğü 42836.S2","Dorse Süspansiyon Körüğü | Dorse 0513982 | 0513982 Süspansiyon Körüğü | 42836.S2 Süspansiyon Körüğü | Ford Cargo Krone Dorse Kögel Dorse Süspansiyon Körüğü 42836.S2","https://www.frenciniz.com/urun/667/0513982-ford-cargo-krone-dorse-kogel-dorse-suspansiyon-korugu-42836-s2-ekersan","","11","2013"
"668","Süspansiyon Körüğü","424157.S","","","","no","Ford Cargo Krone Dorse Kögel Dorse Süspansiyon Körüğü 424157.S","Ford Cargo Krone Dorse Kögel Dorse Süspansiyon Körüğü 424157.S","Ford Cargo Krone Dorse Kögel Dorse Süspansiyon Körüğü 424157.S | Frenciniz","Ford Cargo Krone Dorse Kögel Dorse Süspansiyon Körüğü 424157.S icin stok, fiyat ve uyumluluk teyidi. Uygunluk adaylari: Tır / çekici, Krone dorse, Kögel dorse....","Ford Cargo Krone Dorse Kögel Dorse Süspansiyon Körüğü 424157.S","Dorse Süspansiyon Körüğü | Dorse 424157.S | 424157.S Süspansiyon Körüğü","https://www.frenciniz.com/urun/668/ford-cargo-krone-dorse-kogel-dorse-suspansiyon-korugu-424157-s-ekersan","","16","2244"
"669","Süspansiyon Körüğü","424157.CP05","21222442 , CF152721","","","no","Volvo FH12 FM FL Süspansiyon Körüğü 424157.CP05","21222442 Volvo FH12 FM FL Süspansiyon Körüğü 424157.CP05","21222442 Volvo FH12 FM FL Süspansiyon Körüğü 424157.CP05 | Frenciniz","21222442 Volvo FH12 FM FL Süspansiyon Körüğü 424157.CP05 icin stok, fiyat ve uyumluluk teyidi. Uygunluk adaylari: Volvo FH, Volvo FM, Volvo FL. OEM/SKU:...","21222442 Volvo FH12 FM FL Süspansiyon Körüğü 424157.CP05","Volvo FH Süspansiyon Körüğü | Volvo FH 21222442 | 21222442 Süspansiyon Körüğü | 424157.CP05 Süspansiyon Körüğü | Volvo FH12 FM FL Süspansiyon Körüğü 424157.CP05","https://www.frenciniz.com/urun/669/21222442-volvo-fh12-fm-fl-suspansiyon-korugu-424157-cp05-ekersan","","34","2970"
"670","Fren Balatası","42310/2-292","29173 - 29203 - 29272","","","no","Mercedes Axor Actros Disk Fren Balatası 42310/2-292","29173 Mercedes Axor Actros Disk Fren Balatası 42310/2-292","29173 Mercedes Axor Actros Disk Fren Balatası 42310/2-292 | Frenciniz","29173 Mercedes Axor Actros Disk Fren Balatası 42310/2-292 icin stok, fiyat ve uyumluluk teyidi. Uygunluk adaylari: Mercedes-Benz Actros/Axor, Renault Trucks...","29173 Mercedes Axor Actros Disk Fren Balatası 42310/2-292","Mercedes-Benz Actros/Axor Fren Balatası | Mercedes-Benz Actros/Axor 29173 | 29173 Fren Balatası | 42310/2-292 Fren Balatası | Mercedes Axor Actros Disk Fren Balatası 42310/2-292","https://www.frenciniz.com/urun/670/29173-mercedes-axor-actros-disk-fren-balatasi-42310-2-292-ekersan","","152","2138.4"
"671","Porya","ESP.16.04.04","0327243410","","","no","Ford Cargo BPW Dorse Krone Dorse Kögel Dorse Porya Y.M.","0327243410 Ford Cargo BPW Dorse Krone Dorse Kögel Dorse Porya Y.M.","0327243410 Ford Cargo BPW Dorse Krone Dorse Kögel Dorse... | Frenciniz","0327243410 Ford Cargo BPW Dorse Krone Dorse Kögel Dorse Porya Y.M. icin stok, fiyat ve uyumluluk teyidi. Uygunluk adaylari: BPW dorse dingili, BPW ECOPlus...","0327243410 Ford Cargo BPW Dorse Krone Dorse Kögel Dorse Porya Y.M.","BPW dorse dingili Porya | BPW dorse dingili 0327243410 | 0327243410 Porya | ESP.16.04.04 Porya | Ford Cargo BPW Dorse Krone Dorse Kögel Dorse Porya Y.M.","https://www.frenciniz.com/urun/671/0327243410-ford-cargo-bpw-dorse-krone-dorse-kogel-dorse-porya-y-m-ekersan","","1","6831"
"672","Fren Balatası","42314/2-300","29244","29244-mercedes-axor-actros-arka-fren-balatasi","9","no","29244 Mercedes Axor Actros Arka Disk Fren Balatasi 42314/2-300","29244 Mercedes Axor Actros Arka Disk Fren Balatasi 42314/2-300","29244 Mercedes Axor Actros Arka Disk Fren Balatasi 42314/2-300 | Frenciniz","29244 Mercedes Axor Actros Arka Disk Fren Balatasi 42314/2-300 icin stok, fiyat ve uyumluluk teyidi. Uygunluk adaylari: Mercedes-Benz Actros/Axor, Renault Trucks...","29244 fren balatasi","29244 mercedes axor arka balata | actros 29244 balata | 29244 Mercedes Axor Actros Arka Disk Fren Balatasi 42314/2-300 | 0064201520 fren balatasi | 0064205320 fren balatasi | 0014231210 fren balatasi | Mercedes-Benz Actros/Axor Fren Balatası","https://www.frenciniz.com/urun/672/29244-mercedes-axor-actros-arka-disk-fren-balatasi-42314-2-300-ekersan","https://www.frenciniz.com/29244-mercedes-axor-actros-arka-fren-balatasi","82","1874.4"
"673","Fren Balatası","42284/2-293","29174","","","no","Mercedes Axor Actros Disk Fren Balatası 42284/2-293","29174 Mercedes Axor Actros Disk Fren Balatası 42284/2-293","29174 Mercedes Axor Actros Disk Fren Balatası 42284/2-293 | Frenciniz","29174 Mercedes Axor Actros Disk Fren Balatası 42284/2-293 icin stok, fiyat ve uyumluluk teyidi. Uygunluk adaylari: Mercedes-Benz Actros/Axor, Renault Trucks...","29174 Mercedes Axor Actros Disk Fren Balatası 42284/2-293","Mercedes-Benz Actros/Axor Fren Balatası | Mercedes-Benz Actros/Axor 29174 | 29174 Fren Balatası | 42284/2-293 Fren Balatası | Mercedes Axor Actros Disk Fren Balatası 42284/2-293","https://www.frenciniz.com/urun/673/29174-mercedes-axor-actros-disk-fren-balatasi-42284-2-293-ekersan","","69","2138.4"
"674","Kaliper","40-4120","93299","","","no","ROR Meritor Knorr WABCO Kaliper 40-4120","93299 ROR Meritor Knorr WABCO Kaliper 40-4120","93299 ROR Meritor Knorr WABCO Kaliper 40-4120 | Frenciniz","93299 ROR Meritor Knorr WABCO Kaliper 40-4120 icin stok, fiyat ve uyumluluk teyidi. Uygunluk adaylari: Ağır vasıta kaliper sistemi, Knorr / WABCO / Meritor...","93299 ROR Meritor Knorr WABCO Kaliper 40-4120","Ağır vasıta kaliper sistemi Kaliper | Ağır vasıta kaliper sistemi 93299 | 93299 Kaliper | 40-4120 Kaliper | ROR Meritor Knorr WABCO Kaliper 40-4120","https://www.frenciniz.com/urun/674/93299-ror-meritor-knorr-wabco-kaliper-40-4120-ekersan","","1","2511.96"
"675","Kaliper","20-2589","MCK1289, 81.50802.6026","","","no","ROR Meritor Knorr WABCO Kaliper 20-2589","MCK1289 ROR Meritor Knorr WABCO Kaliper 20-2589","MCK1289 ROR Meritor Knorr WABCO Kaliper 20-2589 | Frenciniz","MCK1289 ROR Meritor Knorr WABCO Kaliper 20-2589 icin stok, fiyat ve uyumluluk teyidi. Uygunluk adaylari: Meritor ELSA/DUCO kaliper sistemi, Volvo FH/FM, Renault...","MCK1289 ROR Meritor Knorr WABCO Kaliper 20-2589","Meritor ELSA/DUCO kaliper sistemi Kaliper | Meritor ELSA/DUCO kaliper sistemi MCK1289 | MCK1289 Kaliper | 20-2589 Kaliper | ROR Meritor Knorr WABCO Kaliper 20-2589","https://www.frenciniz.com/urun/675/mck1289-ror-meritor-knorr-wabco-kaliper-20-2589-ekersan","","3","2180.64"
"676","Kaliper","20-2390","MCK1116, 1489197, 85102094, AMMCK1116, 5021202776, 1489197, STRMCK1116","","","no","ROR Meritor Knorr WABCO Kaliper 20-2390","MCK1116 ROR Meritor Knorr WABCO Kaliper 20-2390","MCK1116 ROR Meritor Knorr WABCO Kaliper 20-2390 | Frenciniz","MCK1116 ROR Meritor Knorr WABCO Kaliper 20-2390 icin stok, fiyat ve uyumluluk teyidi. Uygunluk adaylari: Meritor ELSA/DUCO kaliper sistemi, Volvo FH/FM, Renault...","MCK1116 ROR Meritor Knorr WABCO Kaliper 20-2390","Meritor ELSA/DUCO kaliper sistemi Kaliper | Meritor ELSA/DUCO kaliper sistemi MCK1116 | MCK1116 Kaliper | 20-2390 Kaliper | ROR Meritor Knorr WABCO Kaliper 20-2390","https://www.frenciniz.com/urun/676/mck1116-ror-meritor-knorr-wabco-kaliper-20-2390-ekersan","","8","1834.8"
"677","EBS Modülatör","EF-4497230300","","","","no","Ford Cargo Krone Dorse Kögel Dorse EBS Modülatör ABS'li EF-4497230300","Ford Cargo Krone Dorse Kögel Dorse EBS Modülatör ABS'li EF-4497230300","Ford Cargo Krone Dorse Kögel Dorse EBS Modülatör ABS'li... | Frenciniz","Ford Cargo Krone Dorse Kögel Dorse EBS Modülatör ABS'li EF-4497230300 icin stok, fiyat ve uyumluluk teyidi. Uygunluk adaylari: WABCO PAN17/PAN19/PAN22 kaliper...","Ford Cargo Krone Dorse Kögel Dorse EBS Modülatör ABS'li EF-4497230300","WABCO PAN17/PAN19/PAN22 kaliper sistemi EBS Modülatör | WABCO PAN17/PAN19/PAN22 kaliper sistemi EF-4497230300 | EF-4497230300 EBS Modülatör","https://www.frenciniz.com/urun/677/ford-cargo-krone-dorse-kogel-dorse-ebs-modulator-abs-li-ef-4497230300-ekersan","","78","653.4"
"678","Kaliper","60-6063","","","","no","ROR Meritor Knorr WABCO Kaliper 60-6063","ROR Meritor Knorr WABCO Kaliper 60-6063","ROR Meritor Knorr WABCO Kaliper 60-6063 | Frenciniz","ROR Meritor Knorr WABCO Kaliper 60-6063 icin stok, fiyat ve uyumluluk teyidi. Uygunluk adaylari: SAF dorse dingili, SAF Holland treyler, Ağır vasıta kaliper...","ROR Meritor Knorr WABCO Kaliper 60-6063","SAF dorse dingili Kaliper | SAF dorse dingili 60-6063 | 60-6063 Kaliper","https://www.frenciniz.com/urun/678/ror-meritor-knorr-wabco-kaliper-60-6063-ekersan","","10","504.24"
"679","Fren Diski","EYD 91 21","","","","no","ROR Meritor Knorr WABCO Meritor Haldex Fren Diski EYD 91 21","ROR Meritor Knorr WABCO Meritor Haldex Fren Diski EYD 91 21","ROR Meritor Knorr WABCO Meritor Haldex Fren Diski EYD 91 21 | Frenciniz","ROR Meritor Knorr WABCO Meritor Haldex Fren Diski EYD 91 21 icin stok, fiyat ve uyumluluk teyidi. Uygunluk adaylari: Ağır vasıta kaliper sistemi, Knorr / WABCO /...","ROR Meritor Knorr WABCO Meritor Haldex Fren Diski EYD 91 21","Ağır vasıta kaliper sistemi Fren Diski | Ağır vasıta kaliper sistemi EYD 91 21 | EYD 91 21 Fren Diski","https://www.frenciniz.com/urun/679/ror-meritor-knorr-wabco-meritor-haldex-fren-diski-eyd-91-21-ekersan","","469","455.4"
"680","Fren Balatası","42200/2-290","29094-29095 - 29197","","","no","Mercedes Axor Actros Disk Fren Balatası 42200/2-290","29094-29095 Mercedes Axor Actros Disk Fren Balatası 42200/2-290","29094-29095 Mercedes Axor Actros Disk Fren Balatası... | Frenciniz","29094-29095 Mercedes Axor Actros Disk Fren Balatası 42200/2-290 icin stok, fiyat ve uyumluluk teyidi. Uygunluk adaylari: Mercedes-Benz Actros/Axor, Renault...","29094-29095 Mercedes Axor Actros Disk Fren Balatası 42200/2-290","Mercedes-Benz Actros/Axor Fren Balatası | Mercedes-Benz Actros/Axor 29094-29095 | 29094-29095 Fren Balatası | 42200/2-290 Fren Balatası | Mercedes Axor Actros Disk Fren Balatası 42200/2-290","https://www.frenciniz.com/urun/680/29094-29095-mercedes-axor-actros-disk-fren-balatasi-42200-2-290-ekersan","","37","1900.8"
"681","Süspansiyon Körüğü","426418.C","20582214 , 20374511 , 20374511","","","no","Volvo FH12 FM FL Süspansiyon Körüğü 426418.C","20582214 Volvo FH12 FM FL Süspansiyon Körüğü 426418.C","20582214 Volvo FH12 FM FL Süspansiyon Körüğü 426418.C | Frenciniz","20582214 Volvo FH12 FM FL Süspansiyon Körüğü 426418.C icin stok, fiyat ve uyumluluk teyidi. Uygunluk adaylari: Volvo FH, Volvo FM, Volvo FL. OEM/SKU: 20582214....","20582214 Volvo FH12 FM FL Süspansiyon Körüğü 426418.C","Volvo FH Süspansiyon Körüğü | Volvo FH 20582214 | 20582214 Süspansiyon Körüğü | 426418.C Süspansiyon Körüğü | Volvo FH12 FM FL Süspansiyon Körüğü 426418.C","https://www.frenciniz.com/urun/681/20582214-volvo-fh12-fm-fl-suspansiyon-korugu-426418-c-ekersan","","68","2574"
"682","Fren Balatası","30-3699","","","","no","Ford Cargo Krone Dorse Kögel Dorse Disk Fren Balatası Sol 30-3699","Ford Cargo Krone Dorse Kögel Dorse Disk Fren Balatası Sol 30-3699","Ford Cargo Krone Dorse Kögel Dorse Disk Fren Balatası Sol... | Frenciniz","Ford Cargo Krone Dorse Kögel Dorse Disk Fren Balatası Sol 30-3699 icin stok, fiyat ve uyumluluk teyidi. Uygunluk adaylari: WABCO PAN17/PAN19/PAN22 kaliper...","Ford Cargo Krone Dorse Kögel Dorse Disk Fren Balatası Sol 30-3699","WABCO PAN17/PAN19/PAN22 kaliper sistemi Fren Balatası | WABCO PAN17/PAN19/PAN22 kaliper sistemi 30-3699 | 30-3699 Fren Balatası","https://www.frenciniz.com/urun/682/ford-cargo-krone-dorse-kogel-dorse-disk-fren-balatasi-sol-30-3699-ekersan","","1","917.4"
"683","Kaliper Tamir Takımı","30-3690","","","","no","ROR Meritor Knorr WABCO Kaliper Tamir Takımı 30-3690","ROR Meritor Knorr WABCO Kaliper Tamir Takımı 30-3690","ROR Meritor Knorr WABCO Kaliper Tamir Takımı 30-3690 | Frenciniz","ROR Meritor Knorr WABCO Kaliper Tamir Takımı 30-3690 icin stok, fiyat ve uyumluluk teyidi. Uygunluk adaylari: WABCO PAN17/PAN19/PAN22 kaliper sistemi, WABCO...","ROR Meritor Knorr WABCO Kaliper Tamir Takımı 30-3690","WABCO PAN17/PAN19/PAN22 kaliper sistemi Kaliper Tamir Takımı | WABCO PAN17/PAN19/PAN22 kaliper sistemi 30-3690 | 30-3690 Kaliper Tamir Takımı","https://www.frenciniz.com/urun/683/ror-meritor-knorr-wabco-kaliper-tamir-takimi-30-3690-ekersan","","8","1638.12"
"684","Kaliper Tamir Takımı (Maxx22)","30-3688","640 322 650 4","","","no","ROR Meritor Knorr WABCO MAXX22 Kaliper Tamir Takımı 30-3688","640 322 650 4 ROR Meritor Knorr WABCO MAXX22 Kaliper Tamir Takımı 30-3688","640 322 650 4 ROR Meritor Knorr WABCO MAXX22 Kaliper Tamir... | Frenciniz","640 322 650 4 ROR Meritor Knorr WABCO MAXX22 Kaliper Tamir Takımı 30-3688 icin stok, fiyat ve uyumluluk teyidi. Uygunluk adaylari: WABCO PAN17/PAN19/PAN22...","640 322 650 4 ROR Meritor Knorr WABCO MAXX22 Kaliper Tamir Takımı 30-3688","WABCO PAN17/PAN19/PAN22 kaliper sistemi Kaliper Tamir Takımı (Maxx22) | WABCO PAN17/PAN19/PAN22 kaliper sistemi 640 322 650 4 | 640 322 650 4 Kaliper Tamir Takımı (Maxx22) | 30-3688 Kaliper Tamir Takımı (Maxx22) | ROR Meritor Knorr WABCO MAXX22 Kaliper Tamir Takımı 30-3688","https://www.frenciniz.com/urun/684/640-322-650-4-kaliper-tamir-takimi-maxx22-ror-meritor-knorr-wabco-maxx22-kaliper-tamir-takimi","","8","607.2"
"685","Kaliper Ayar Mekanizması","30-3682","","","","no","ROR Meritor Knorr WABCO Kaliper Ayar Mekanizması 30-3682","ROR Meritor Knorr WABCO Kaliper Ayar Mekanizması 30-3682","ROR Meritor Knorr WABCO Kaliper Ayar Mekanizması 30-3682 | Frenciniz","ROR Meritor Knorr WABCO Kaliper Ayar Mekanizması 30-3682 icin stok, fiyat ve uyumluluk teyidi. Uygunluk adaylari: MAN TGX, WABCO PAN17/PAN19/PAN22 kaliper...","ROR Meritor Knorr WABCO Kaliper Ayar Mekanizması 30-3682","MAN TGX Kaliper Ayar Mekanizması | MAN TGX 30-3682 | 30-3682 Kaliper Ayar Mekanizması","https://www.frenciniz.com/urun/685/ror-meritor-knorr-wabco-kaliper-ayar-mekanizmasi-30-3682-ekersan","","6","2402.4"
"686","Kaliper Ayar Mekanizması","30-3681","","","","no","ROR Meritor Knorr WABCO Kaliper Ayar Mekanizması 30-3681","ROR Meritor Knorr WABCO Kaliper Ayar Mekanizması 30-3681","ROR Meritor Knorr WABCO Kaliper Ayar Mekanizması 30-3681 | Frenciniz","ROR Meritor Knorr WABCO Kaliper Ayar Mekanizması 30-3681 icin stok, fiyat ve uyumluluk teyidi. Uygunluk adaylari: MAN TGS, WABCO PAN17/PAN19/PAN22 kaliper...","ROR Meritor Knorr WABCO Kaliper Ayar Mekanizması 30-3681","MAN TGS Kaliper Ayar Mekanizması | MAN TGS 30-3681 | 30-3681 Kaliper Ayar Mekanizması","https://www.frenciniz.com/urun/686/ror-meritor-knorr-wabco-kaliper-ayar-mekanizmasi-30-3681-ekersan","","1","2402.4"
"687","Kaliper Ayar Mekanizması","20-2431","MCK1236, 3092262","","","no","ROR Meritor Knorr Meritor Kaliper Ayar Mekanizması Sol 20-2431","MCK1236 ROR Meritor Knorr Meritor Kaliper Ayar Mekanizması Sol 20-2431","MCK1236 ROR Meritor Knorr Meritor Kaliper Ayar Mekanizması... | Frenciniz","MCK1236 ROR Meritor Knorr Meritor Kaliper Ayar Mekanizması Sol 20-2431 icin stok, fiyat ve uyumluluk teyidi. Uygunluk adaylari: Meritor ELSA/DUCO kaliper...","MCK1236 ROR Meritor Knorr Meritor Kaliper Ayar Mekanizması Sol 20-2431","Meritor ELSA/DUCO kaliper sistemi Kaliper Ayar Mekanizması | Meritor ELSA/DUCO kaliper sistemi MCK1236 | MCK1236 Kaliper Ayar Mekanizması | 20-2431 Kaliper Ayar Mekanizması | ROR Meritor Knorr Meritor Kaliper Ayar Mekanizması Sol 20-2431","https://www.frenciniz.com/urun/687/mck1236-ror-meritor-knorr-meritor-kaliper-ayar-mekanizmasi-sol-20-2431-ekersan","","10","3243.24"
"688","Kaliper Ayar Mekanizması","20-2430","MCK1237, 3092263, CMSK.3.10","","","no","ROR Meritor Knorr Meritor Kaliper Ayar Mekanizması Sağ 20-2430","MCK1237 ROR Meritor Knorr Meritor Kaliper Ayar Mekanizması Sağ 20-2430","MCK1237 ROR Meritor Knorr Meritor Kaliper Ayar Mekanizması... | Frenciniz","MCK1237 ROR Meritor Knorr Meritor Kaliper Ayar Mekanizması Sağ 20-2430 icin stok, fiyat ve uyumluluk teyidi. Uygunluk adaylari: Meritor ELSA/DUCO kaliper...","MCK1237 ROR Meritor Knorr Meritor Kaliper Ayar Mekanizması Sağ 20-2430","Meritor ELSA/DUCO kaliper sistemi Kaliper Ayar Mekanizması | Meritor ELSA/DUCO kaliper sistemi MCK1237 | MCK1237 Kaliper Ayar Mekanizması | 20-2430 Kaliper Ayar Mekanizması | ROR Meritor Knorr Meritor Kaliper Ayar Mekanizması Sağ 20-2430","https://www.frenciniz.com/urun/688/mck1237-ror-meritor-knorr-meritor-kaliper-ayar-mekanizmasi-sag-20-2430-ekersan","","10","3243.24"
"689","Kaliper Tamir Takımı (Duco)","20-2256","","","","no","ROR Meritor Meritor DUCO Kaliper Tamir Takımı","20-2256 ROR Meritor Meritor DUCO Kaliper Tamir Takımı","20-2256 ROR Meritor Meritor DUCO Kaliper Tamir Takımı | Frenciniz","20-2256 ROR Meritor Meritor DUCO Kaliper Tamir Takımı icin stok, fiyat ve uyumluluk teyidi. Uygunluk adaylari: Meritor ELSA/DUCO kaliper sistemi, Volvo FH/FM...","20-2256 ROR Meritor Meritor DUCO Kaliper Tamir Takımı","Meritor ELSA/DUCO kaliper sistemi Kaliper Tamir Takımı (Duco) | Meritor ELSA/DUCO kaliper sistemi 20-2256 | 20-2256 Kaliper Tamir Takımı (Duco) | ROR Meritor Meritor DUCO Kaliper Tamir Takımı","https://www.frenciniz.com/urun/689/20-2256-kaliper-tamir-takimi-duco-ror-meritor-meritor-duco-kaliper-tamir-takimi-ekersan","","10","865.92"
"690","Fren Balatası","10-1261","K000129, II19712004, II30679004, II197120061, 0004202682, 0501211049, 6274200186, 6274200188, 36508226001, 36508226005, 1448911,","","","no","Mercedes Axor Actros Scania P G R Ford Cargo Fren Balatası","K000129 Mercedes Axor Actros Scania P G R Ford Cargo Fren Balatası","K000129 Mercedes Axor Actros Scania P G R Ford Cargo Fren... | Frenciniz","K000129 Mercedes Axor Actros Scania P G R Ford Cargo Fren Balatası icin stok, fiyat ve uyumluluk teyidi. Uygunluk adaylari: Knorr-Bremse SB/SN/SK kaliper...","K000129 Mercedes Axor Actros Scania P G R Ford Cargo Fren Balatası","Knorr-Bremse SB/SN/SK kaliper sistemi Fren Balatası | Knorr-Bremse SB/SN/SK kaliper sistemi K000129 | K000129 Fren Balatası | 10-1261 Fren Balatası | Mercedes Axor Actros Scania P G R Ford Cargo Fren Balatası","https://www.frenciniz.com/urun/690/k000129-mercedes-axor-actros-scania-p-g-r-ford-cargo-fren-balatasi-ekersan","","5","208.56"
"691","Kaliper","10-1208","","","","no","ROR Meritor Knorr WABCO Kaliper 45 mm","10-1208 ROR Meritor Knorr WABCO Kaliper 45 mm","10-1208 ROR Meritor Knorr WABCO Kaliper 45 mm | Frenciniz","10-1208 ROR Meritor Knorr WABCO Kaliper 45 mm icin stok, fiyat ve uyumluluk teyidi. Uygunluk adaylari: Knorr-Bremse SB/SN/SK kaliper sistemi, Scania 4/P/G/R...","10-1208 ROR Meritor Knorr WABCO Kaliper 45 mm","Knorr-Bremse SB/SN/SK kaliper sistemi Kaliper | Knorr-Bremse SB/SN/SK kaliper sistemi 10-1208 | 10-1208 Kaliper | ROR Meritor Knorr WABCO Kaliper 45 mm","https://www.frenciniz.com/urun/691/10-1208-ror-meritor-knorr-wabco-kaliper-45-mm-ekersan","","10","434.28"
"692","Kaliper","10-1207","","","","no","ROR Meritor Knorr WABCO Kaliper 42 mm","10-1207 ROR Meritor Knorr WABCO Kaliper 42 mm","10-1207 ROR Meritor Knorr WABCO Kaliper 42 mm | Frenciniz","10-1207 ROR Meritor Knorr WABCO Kaliper 42 mm icin stok, fiyat ve uyumluluk teyidi. Uygunluk adaylari: Knorr-Bremse SB/SN/SK kaliper sistemi, Scania 4/P/G/R...","10-1207 ROR Meritor Knorr WABCO Kaliper 42 mm","Knorr-Bremse SB/SN/SK kaliper sistemi Kaliper | Knorr-Bremse SB/SN/SK kaliper sistemi 10-1207 | 10-1207 Kaliper | ROR Meritor Knorr WABCO Kaliper 42 mm","https://www.frenciniz.com/urun/692/10-1207-ror-meritor-knorr-wabco-kaliper-42-mm-ekersan","","10","434.28"
"693","Kaliper Tamir Takımı (Wabco)","10-1194","","","","no","Knorr WABCO Kaliper Tamir Takımı","10-1194 Knorr WABCO Kaliper Tamir Takımı","10-1194 Knorr WABCO Kaliper Tamir Takımı | Frenciniz","10-1194 Knorr WABCO Kaliper Tamir Takımı icin stok, fiyat ve uyumluluk teyidi. Uygunluk adaylari: Knorr-Bremse SB/SN/SK kaliper sistemi, Scania 4/P/G/R serisi...","10-1194 Knorr WABCO Kaliper Tamir Takımı","Knorr-Bremse SB/SN/SK kaliper sistemi Kaliper Tamir Takımı (Wabco) | Knorr-Bremse SB/SN/SK kaliper sistemi 10-1194 | 10-1194 Kaliper Tamir Takımı (Wabco) | Knorr WABCO Kaliper Tamir Takımı","https://www.frenciniz.com/urun/693/10-1194-kaliper-tamir-takimi-wabco-knorr-wabco-kaliper-tamir-takimi-ekersan","","1","1082.4"
"694","Kaliper Kapak/Conta","10-1094","","","","no","ROR Meritor Knorr WABCO Kaliper Kapak Conta 10-1094","ROR Meritor Knorr WABCO Kaliper Kapak Conta 10-1094","ROR Meritor Knorr WABCO Kaliper Kapak Conta 10-1094 | Frenciniz","ROR Meritor Knorr WABCO Kaliper Kapak Conta 10-1094 icin stok, fiyat ve uyumluluk teyidi. Uygunluk adaylari: Knorr-Bremse SB/SN/SK kaliper sistemi, Scania...","ROR Meritor Knorr WABCO Kaliper Kapak Conta 10-1094","Knorr-Bremse SB/SN/SK kaliper sistemi Kaliper Kapak/Conta | Knorr-Bremse SB/SN/SK kaliper sistemi 10-1094 | 10-1094 Kaliper Kapak/Conta","https://www.frenciniz.com/urun/694/ror-meritor-knorr-wabco-kaliper-kapak-conta-10-1094-ekersan","","10","455.4"
"695","Kaliper Kapak/Conta","10-1090","","","","no","ROR Meritor Knorr WABCO Kaliper Kapak Conta 10-1090","ROR Meritor Knorr WABCO Kaliper Kapak Conta 10-1090","ROR Meritor Knorr WABCO Kaliper Kapak Conta 10-1090 | Frenciniz","ROR Meritor Knorr WABCO Kaliper Kapak Conta 10-1090 icin stok, fiyat ve uyumluluk teyidi. Uygunluk adaylari: Knorr-Bremse SB/SN/SK kaliper sistemi, Scania...","ROR Meritor Knorr WABCO Kaliper Kapak Conta 10-1090","Knorr-Bremse SB/SN/SK kaliper sistemi Kaliper Kapak/Conta | Knorr-Bremse SB/SN/SK kaliper sistemi 10-1090 | 10-1090 Kaliper Kapak/Conta","https://www.frenciniz.com/urun/695/ror-meritor-knorr-wabco-kaliper-kapak-conta-10-1090-ekersan","","1","343.2"
"696","Kaliper Ayar Mekanizması","20-2621","","","","no","ROR Meritor Knorr Meritor Kaliper Ayar Mekanizması Sağ 20-2621","ROR Meritor Knorr Meritor Kaliper Ayar Mekanizması Sağ 20-2621","ROR Meritor Knorr Meritor Kaliper Ayar Mekanizması Sağ 20-2621 | Frenciniz","ROR Meritor Knorr Meritor Kaliper Ayar Mekanizması Sağ 20-2621 icin stok, fiyat ve uyumluluk teyidi. Uygunluk adaylari: Meritor ELSA/DUCO kaliper sistemi, Volvo...","ROR Meritor Knorr Meritor Kaliper Ayar Mekanizması Sağ 20-2621","Meritor ELSA/DUCO kaliper sistemi Kaliper Ayar Mekanizması | Meritor ELSA/DUCO kaliper sistemi 20-2621 | 20-2621 Kaliper Ayar Mekanizması","https://www.frenciniz.com/urun/696/ror-meritor-knorr-meritor-kaliper-ayar-mekanizmasi-sag-20-2621-ekersan","","2","591.36"
"697","Kaliper Ayar Mekanizması","20-2620","","","","no","ROR Meritor Knorr Meritor Kaliper Ayar Mekanizması Sol 20-2620","ROR Meritor Knorr Meritor Kaliper Ayar Mekanizması Sol 20-2620","ROR Meritor Knorr Meritor Kaliper Ayar Mekanizması Sol 20-2620 | Frenciniz","ROR Meritor Knorr Meritor Kaliper Ayar Mekanizması Sol 20-2620 icin stok, fiyat ve uyumluluk teyidi. Uygunluk adaylari: Meritor ELSA/DUCO kaliper sistemi, Volvo...","ROR Meritor Knorr Meritor Kaliper Ayar Mekanizması Sol 20-2620","Meritor ELSA/DUCO kaliper sistemi Kaliper Ayar Mekanizması | Meritor ELSA/DUCO kaliper sistemi 20-2620 | 20-2620 Kaliper Ayar Mekanizması","https://www.frenciniz.com/urun/697/ror-meritor-knorr-meritor-kaliper-ayar-mekanizmasi-sol-20-2620-ekersan","","3","591.36"
"698","Kaliper Tamir Takımı","20-2488","","","","no","ROR Meritor Knorr WABCO Kaliper Tamir Takımı 20-2488","ROR Meritor Knorr WABCO Kaliper Tamir Takımı 20-2488","ROR Meritor Knorr WABCO Kaliper Tamir Takımı 20-2488 | Frenciniz","ROR Meritor Knorr WABCO Kaliper Tamir Takımı 20-2488 icin stok, fiyat ve uyumluluk teyidi. Uygunluk adaylari: Meritor ELSA/DUCO kaliper sistemi, Volvo FH/FM...","ROR Meritor Knorr WABCO Kaliper Tamir Takımı 20-2488","Meritor ELSA/DUCO kaliper sistemi Kaliper Tamir Takımı | Meritor ELSA/DUCO kaliper sistemi 20-2488 | 20-2488 Kaliper Tamir Takımı","https://www.frenciniz.com/urun/698/ror-meritor-knorr-wabco-kaliper-tamir-takimi-20-2488-ekersan","","1","1813.68"
"699","Kaliper Tamir Takımı","20-2489","","","","no","ROR Meritor Knorr WABCO Kaliper Tamir Takımı Ön","20-2489 ROR Meritor Knorr WABCO Kaliper Tamir Takımı Ön","20-2489 ROR Meritor Knorr WABCO Kaliper Tamir Takımı Ön | Frenciniz","20-2489 ROR Meritor Knorr WABCO Kaliper Tamir Takımı Ön icin stok, fiyat ve uyumluluk teyidi. Uygunluk adaylari: Meritor ELSA/DUCO kaliper sistemi, Volvo FH/FM...","20-2489 ROR Meritor Knorr WABCO Kaliper Tamir Takımı Ön","Meritor ELSA/DUCO kaliper sistemi Kaliper Tamir Takımı | Meritor ELSA/DUCO kaliper sistemi 20-2489 | 20-2489 Kaliper Tamir Takımı | ROR Meritor Knorr WABCO Kaliper Tamir Takımı Ön","https://www.frenciniz.com/urun/699/20-2489-ror-meritor-knorr-wabco-kaliper-tamir-takimi-on-ekersan","","1","2094.84"
"700","Kaliper Tamir Takımı","20-2640","","","","no","ROR Meritor Knorr WABCO Kaliper Tamir Takımı 20-2640","ROR Meritor Knorr WABCO Kaliper Tamir Takımı 20-2640","ROR Meritor Knorr WABCO Kaliper Tamir Takımı 20-2640 | Frenciniz","ROR Meritor Knorr WABCO Kaliper Tamir Takımı 20-2640 icin stok, fiyat ve uyumluluk teyidi. Uygunluk adaylari: Meritor ELSA/DUCO kaliper sistemi, Volvo FH/FM...","ROR Meritor Knorr WABCO Kaliper Tamir Takımı 20-2640","Meritor ELSA/DUCO kaliper sistemi Kaliper Tamir Takımı | Meritor ELSA/DUCO kaliper sistemi 20-2640 | 20-2640 Kaliper Tamir Takımı","https://www.frenciniz.com/urun/700/ror-meritor-knorr-wabco-kaliper-tamir-takimi-20-2640-ekersan","","10","722.04"
"701","Porya","ESPKİT.08.10","9C461106AA","","","no","Ford Cargo Porya Ön Y.M.","9C461106AA Ford Cargo Porya Ön Y.M.","9C461106AA Ford Cargo Porya Ön Y.M. | Frenciniz","9C461106AA Ford Cargo Porya Ön Y.M. icin stok, fiyat ve uyumluluk teyidi. Uygunluk adaylari: Ford Cargo, Ford Cargo 1846, Ford Cargo 3230. OEM/SKU: 9C461106AA....","9C461106AA Ford Cargo Porya Ön Y.M.","Ford Cargo Porya | Ford Cargo 9C461106AA | 9C461106AA Porya | ESPKİT.08.10 Porya | Ford Cargo Porya Ön Y.M.","https://www.frenciniz.com/urun/701/9c461106aa-ford-cargo-porya-on-y-m-ekersan","","2","13200"
"702","Kaliper","FX-3130","","","","no","ROR Meritor Knorr WABCO Kaliper Sağ","FX-3130 ROR Meritor Knorr WABCO Kaliper Sağ","FX-3130 ROR Meritor Knorr WABCO Kaliper Sağ | Frenciniz","FX-3130 ROR Meritor Knorr WABCO Kaliper Sağ icin stok, fiyat ve uyumluluk teyidi. Uygunluk adaylari: Mercedes-Benz Arocs, Ağır vasıta kaliper sistemi, Knorr /...","FX-3130 ROR Meritor Knorr WABCO Kaliper Sağ","Mercedes-Benz Arocs Kaliper | Mercedes-Benz Arocs FX-3130 | FX-3130 Kaliper | ROR Meritor Knorr WABCO Kaliper Sağ","https://www.frenciniz.com/urun/702/fx-3130-ror-meritor-knorr-wabco-kaliper-sag-ekersan","","2","7967.52"
"703","Sensör","10-1096","","","","no","MAN TGA TGS TGX TGM Sensör","10-1096 ABS Sensoru MAN TGA TGS TGX TGM Sensör","10-1096 ABS Sensoru MAN TGA TGS TGX TGM Sensör | Frenciniz","10-1096 ABS Sensoru MAN TGA TGS TGX TGM Sensör icin stok, fiyat ve uyumluluk teyidi. Uygunluk adaylari: MAN TGA, MAN TGA 18.430, MAN TGA 18.460. OEM/SKU:...","10-1096 ABS Sensoru MAN TGA TGS TGX TGM Sensör","MAN TGA Sensör | MAN TGA 10-1096 | 10-1096 Sensör | MAN TGA TGS TGX TGM Sensör","https://www.frenciniz.com/urun/703/10-1096-abs-sensoru-man-tga-tgs-tgx-tgm-sensor-ekersan","","5","1082.4"
"704","Süspansiyon Körüğü","424915.S","5001855856","","","no","Renault Premium Magnum Kerax Midlum D Serisi Süspansiyon Körüğü 424915.S","5001855856 Renault Premium Magnum Kerax Midlum D Serisi Süspansiyon Körüğü 424915.S","5001855856 Renault Premium Magnum Kerax Midlum D Serisi... | Frenciniz","5001855856 Renault Premium Magnum Kerax Midlum D Serisi Süspansiyon Körüğü 424915.S icin stok, fiyat ve uyumluluk teyidi. Uygunluk adaylari: Renault Trucks...","5001855856 Renault Premium Magnum Kerax Midlum D Serisi Süspansiyon Körüğü 424915.S","Renault Trucks Premium Süspansiyon Körüğü | Renault Trucks Premium 5001855856 | 5001855856 Süspansiyon Körüğü | 424915.S Süspansiyon Körüğü | Renault Premium Magnum Kerax Midlum D Serisi Süspansiyon Körüğü 424915.S","https://www.frenciniz.com/urun/704/5001855856-renault-premium-magnum-kerax-midlum-d-serisi-suspansiyon-korugu-424915-s-ekersan","","18","2640"
"705","Kaliper Tamir Takımı","10-1169","","","","no","ROR Meritor Knorr WABCO Kaliper Tamir Takımı 69 Luk Y.M.","10-1169 ROR Meritor Knorr WABCO Kaliper Tamir Takımı 69 Luk Y.M.","10-1169 ROR Meritor Knorr WABCO Kaliper Tamir Takımı 69... | Frenciniz","10-1169 ROR Meritor Knorr WABCO Kaliper Tamir Takımı 69 Luk Y.M. icin stok, fiyat ve uyumluluk teyidi. Uygunluk adaylari: Ağır vasıta kaliper sistemi, Knorr /...","10-1169 ROR Meritor Knorr WABCO Kaliper Tamir Takımı 69 Luk Y.M.","Ağır vasıta kaliper sistemi Kaliper Tamir Takımı | Ağır vasıta kaliper sistemi 10-1169 | 10-1169 Kaliper Tamir Takımı | ROR Meritor Knorr WABCO Kaliper Tamir Takımı 69 Luk Y.M.","https://www.frenciniz.com/urun/705/10-1169-ror-meritor-knorr-wabco-kaliper-tamir-takimi-69-luk-y-m-ekersan","","5","514.8"
"706","Porya","ESP.22.04.02","","","","no","Ford Cargo Krone Dorse Kögel Dorse Porya ESP.22.04.02","Ford Cargo Krone Dorse Kögel Dorse Porya ESP.22.04.02","Ford Cargo Krone Dorse Kögel Dorse Porya ESP.22.04.02 | Frenciniz","Ford Cargo Krone Dorse Kögel Dorse Porya ESP.22.04.02 icin stok, fiyat ve uyumluluk teyidi. Uygunluk adaylari: Dorse / treyler, Ağır vasıta dorse dingili, Yerel...","Ford Cargo Krone Dorse Kögel Dorse Porya ESP.22.04.02","Dorse / treyler Porya | Dorse / treyler ESP.22.04.02 | ESP.22.04.02 Porya","https://www.frenciniz.com/urun/706/ford-cargo-krone-dorse-kogel-dorse-porya-esp-22-04-02-ekersan","","3","5616.6"
"707","Kaliper Ayar Mekanizması","30-3755","","","","no","ROR Meritor Knorr WABCO Kaliper Ayar Mekanizması 30-3755","ROR Meritor Knorr WABCO Kaliper Ayar Mekanizması 30-3755","ROR Meritor Knorr WABCO Kaliper Ayar Mekanizması 30-3755 | Frenciniz","ROR Meritor Knorr WABCO Kaliper Ayar Mekanizması 30-3755 icin stok, fiyat ve uyumluluk teyidi. Uygunluk adaylari: WABCO PAN17/PAN19/PAN22 kaliper sistemi, WABCO...","ROR Meritor Knorr WABCO Kaliper Ayar Mekanizması 30-3755","WABCO PAN17/PAN19/PAN22 kaliper sistemi Kaliper Ayar Mekanizması | WABCO PAN17/PAN19/PAN22 kaliper sistemi 30-3755 | 30-3755 Kaliper Ayar Mekanizması","https://www.frenciniz.com/urun/707/ror-meritor-knorr-wabco-kaliper-ayar-mekanizmasi-30-3755-ekersan","","1","2402.4"
"708","Kaliper Tamir Takımı (Frenco)","60-6081","","","","no","Ford Cargo SAF Dorse Krone Dorse Kögel Dorse Frenco Kaliper Tamir Takımı 60-6081","Ford Cargo SAF Dorse Krone Dorse Kögel Dorse Frenco Kaliper Tamir Takımı 60-6081","Ford Cargo SAF Dorse Krone Dorse Kögel Dorse Frenco... | Frenciniz","Ford Cargo SAF Dorse Krone Dorse Kögel Dorse Frenco Kaliper Tamir Takımı 60-6081 icin stok, fiyat ve uyumluluk teyidi. Uygunluk adaylari: SAF dorse dingili, SAF...","Ford Cargo SAF Dorse Krone Dorse Kögel Dorse Frenco Kaliper Tamir Takımı 60-6081","SAF dorse dingili Kaliper Tamir Takımı (Frenco) | SAF dorse dingili 60-6081 | 60-6081 Kaliper Tamir Takımı (Frenco)","https://www.frenciniz.com/urun/708/kaliper-tamir-takimi-frenco-ford-cargo-saf-dorse-krone-dorse-kogel-dorse-frenco-kaliper-tamir","","4","417.12"
"709","Kaliper Tamir Takımı (Frenco)","60-6090","","","","no","Ford Cargo SAF Dorse Krone Dorse Kögel Dorse Frenco Kaliper Tamir Takımı 60-6090","Ford Cargo SAF Dorse Krone Dorse Kögel Dorse Frenco Kaliper Tamir Takımı 60-6090","Ford Cargo SAF Dorse Krone Dorse Kögel Dorse Frenco... | Frenciniz","Ford Cargo SAF Dorse Krone Dorse Kögel Dorse Frenco Kaliper Tamir Takımı 60-6090 icin stok, fiyat ve uyumluluk teyidi. Uygunluk adaylari: SAF dorse dingili, SAF...","Ford Cargo SAF Dorse Krone Dorse Kögel Dorse Frenco Kaliper Tamir Takımı 60-6090","SAF dorse dingili Kaliper Tamir Takımı (Frenco) | SAF dorse dingili 60-6090 | 60-6090 Kaliper Tamir Takımı (Frenco)","https://www.frenciniz.com/urun/709/kaliper-tamir-takimi-frenco-ford-cargo-saf-dorse-krone-dorse-kogel-dorse-frenco-kaliper-tamir","","10","612.48"
"710","Kaliper Tamir Takımı","FX-1080","","","","no","Mercedes Axor Kaliper Tamir Takımı","FX-1080 Mercedes Axor Kaliper Tamir Takımı","FX-1080 Mercedes Axor Kaliper Tamir Takımı | Frenciniz","FX-1080 Mercedes Axor Kaliper Tamir Takımı icin stok, fiyat ve uyumluluk teyidi. Uygunluk adaylari: Mercedes-Benz Axor, Axor 1840, Axor 1843. OEM/SKU: FX-1080....","FX-1080 Mercedes Axor Kaliper Tamir Takımı","Mercedes-Benz Axor Kaliper Tamir Takımı | Mercedes-Benz Axor FX-1080 | FX-1080 Kaliper Tamir Takımı | Mercedes Axor Kaliper Tamir Takımı","https://www.frenciniz.com/urun/710/fx-1080-mercedes-axor-kaliper-tamir-takimi-ekersan","","1","5456.88"
"711","Fren Balatası","PWR-5030","29256","","","no","ROR Meritor Knorr WABCO Meritor Haldex Disk Fren Balatası PWR-5030","29256 ROR Meritor Knorr WABCO Meritor Haldex Disk Fren Balatası PWR-5030","29256 ROR Meritor Knorr WABCO Meritor Haldex Disk Fren... | Frenciniz","29256 ROR Meritor Knorr WABCO Meritor Haldex Disk Fren Balatası PWR-5030 icin stok, fiyat ve uyumluluk teyidi. Uygunluk adaylari: Ağır vasıta disk fren balata...","29256 ROR Meritor Knorr WABCO Meritor Haldex Disk Fren Balatası PWR-5030","Ağır vasıta disk fren balata sistemi Fren Balatası | Ağır vasıta disk fren balata sistemi 29256 | 29256 Fren Balatası | PWR-5030 Fren Balatası | ROR Meritor Knorr WABCO Meritor Haldex Disk Fren Balatası PWR-5030","https://www.frenciniz.com/urun/711/29256-ror-meritor-knorr-wabco-meritor-haldex-disk-fren-balatasi-pwr-5030-ekersan","","12","1746.89"
"712","Fren Balatası","30-3582","","","","no","Ford Cargo Krone Dorse Kögel Dorse Disk Fren Balatası Sağ 30-3582","Ford Cargo Krone Dorse Kögel Dorse Disk Fren Balatası Sağ 30-3582","Ford Cargo Krone Dorse Kögel Dorse Disk Fren Balatası Sağ... | Frenciniz","Ford Cargo Krone Dorse Kögel Dorse Disk Fren Balatası Sağ 30-3582 icin stok, fiyat ve uyumluluk teyidi. Uygunluk adaylari: WABCO PAN17/PAN19/PAN22 kaliper...","Ford Cargo Krone Dorse Kögel Dorse Disk Fren Balatası Sağ 30-3582","WABCO PAN17/PAN19/PAN22 kaliper sistemi Fren Balatası | WABCO PAN17/PAN19/PAN22 kaliper sistemi 30-3582 | 30-3582 Fren Balatası","https://www.frenciniz.com/urun/712/ford-cargo-krone-dorse-kogel-dorse-disk-fren-balatasi-sag-30-3582-ekersan","","1","843.48"
"713","Fren Balatası","30-3583","","","","no","Ford Cargo Krone Dorse Kögel Dorse Disk Fren Balatası Sol 30-3583","Ford Cargo Krone Dorse Kögel Dorse Disk Fren Balatası Sol 30-3583","Ford Cargo Krone Dorse Kögel Dorse Disk Fren Balatası Sol... | Frenciniz","Ford Cargo Krone Dorse Kögel Dorse Disk Fren Balatası Sol 30-3583 icin stok, fiyat ve uyumluluk teyidi. Uygunluk adaylari: WABCO PAN17/PAN19/PAN22 kaliper...","Ford Cargo Krone Dorse Kögel Dorse Disk Fren Balatası Sol 30-3583","WABCO PAN17/PAN19/PAN22 kaliper sistemi Fren Balatası | WABCO PAN17/PAN19/PAN22 kaliper sistemi 30-3583 | 30-3583 Fren Balatası","https://www.frenciniz.com/urun/713/ford-cargo-krone-dorse-kogel-dorse-disk-fren-balatasi-sol-30-3583-ekersan","","1","843.48"
"714","Kaliper Tamir Takımı (Elsa)","20-2609","","","","no","ROR Meritor Knorr Meritor ELSA Kaliper Tamir Takımı 20-2609","ROR Meritor Knorr Meritor ELSA Kaliper Tamir Takımı 20-2609","ROR Meritor Knorr Meritor ELSA Kaliper Tamir Takımı 20-2609 | Frenciniz","ROR Meritor Knorr Meritor ELSA Kaliper Tamir Takımı 20-2609 icin stok, fiyat ve uyumluluk teyidi. Uygunluk adaylari: Meritor ELSA/DUCO kaliper sistemi, Volvo...","ROR Meritor Knorr Meritor ELSA Kaliper Tamir Takımı 20-2609","Meritor ELSA/DUCO kaliper sistemi Kaliper Tamir Takımı (Elsa) | Meritor ELSA/DUCO kaliper sistemi 20-2609 | 20-2609 Kaliper Tamir Takımı (Elsa)","https://www.frenciniz.com/urun/714/kaliper-tamir-takimi-elsa-ror-meritor-knorr-meritor-elsa-kaliper-tamir-takimi-20-2609-ekersan","","1","5237.76"
"715","ABS Sensörü/Modülü/Kablo","EYD 91 30","","","","no","Ford Cargo Krone Dorse Kögel Dorse ABS Sensörü ABS'li Y.M.","EYD 91 30 Ford Cargo Krone Dorse Kögel Dorse ABS Sensörü ABS'li Y.M.","EYD 91 30 Ford Cargo Krone Dorse Kögel Dorse ABS Sensörü... | Frenciniz","EYD 91 30 Ford Cargo Krone Dorse Kögel Dorse ABS Sensörü ABS'li Y.M. icin stok, fiyat ve uyumluluk teyidi. Uygunluk adaylari: Ford Cargo, WABCO ABS/EBS sistemi...","EYD 91 30 Ford Cargo Krone Dorse Kögel Dorse ABS Sensörü ABS'li Y.M.","Ford Cargo ABS Sensörü/Modülü/Kablo | Ford Cargo EYD 91 30 | EYD 91 30 ABS Sensörü/Modülü/Kablo | Ford Cargo Krone Dorse Kögel Dorse ABS Sensörü ABS'li Y.M.","https://www.frenciniz.com/urun/715/eyd-91-30-ford-cargo-krone-dorse-kogel-dorse-abs-sensoru-abs-li-y-m-ekersan","","13","607.2"
"716","Fren Balatası","PWR-5029","29315","","","no","Mercedes Arocs Disk Fren Balatası Y.M.","29315 Mercedes Arocs Disk Fren Balatası Y.M.","29315 Mercedes Arocs Disk Fren Balatası Y.M. | Frenciniz","29315 Mercedes Arocs Disk Fren Balatası Y.M. icin stok, fiyat ve uyumluluk teyidi. Uygunluk adaylari: Mercedes-Benz Arocs, Arocs 1842, Arocs 2636. OEM/SKU:...","29315 Mercedes Arocs Disk Fren Balatası Y.M.","Mercedes-Benz Arocs Fren Balatası | Mercedes-Benz Arocs 29315 | 29315 Fren Balatası | PWR-5029 Fren Balatası | Mercedes Arocs Disk Fren Balatası Y.M.","https://www.frenciniz.com/urun/716/29315-mercedes-arocs-disk-fren-balatasi-y-m-ekersan","","37","2379.43"
"717","Fren Balatası","PWR-5028","29332","","","no","Scania P G R Disk Fren Balatası Y.M. PWR-5028","29332 Scania P G R Disk Fren Balatası Y.M. PWR-5028","29332 Scania P G R Disk Fren Balatası Y.M. PWR-5028 | Frenciniz","29332 Scania P G R Disk Fren Balatası Y.M. PWR-5028 icin stok, fiyat ve uyumluluk teyidi. Uygunluk adaylari: Scania P/G/R serisi, Scania P serisi, Scania G420....","29332 Scania P G R Disk Fren Balatası Y.M. PWR-5028","Scania P/G/R serisi Fren Balatası | Scania P/G/R serisi 29332 | 29332 Fren Balatası | PWR-5028 Fren Balatası | Scania P G R Disk Fren Balatası Y.M. PWR-5028","https://www.frenciniz.com/urun/717/29332-scania-p-g-r-disk-fren-balatasi-y-m-pwr-5028-ekersan","","21","2672.6"
"718","Fren Balatası","PWR-5027","29328","","","no","Ford Cargo Krone Dorse Kögel Dorse Disk Fren Balatası","29328 Ford Cargo Krone Dorse Kögel Dorse Disk Fren Balatası","29328 Ford Cargo Krone Dorse Kögel Dorse Disk Fren Balatası | Frenciniz","29328 Ford Cargo Krone Dorse Kögel Dorse Disk Fren Balatası icin stok, fiyat ve uyumluluk teyidi. Uygunluk adaylari: Schmitz Cargobull dorse, Krone dorse, Kögel...","29328 Ford Cargo Krone Dorse Kögel Dorse Disk Fren Balatası","Schmitz Cargobull dorse Fren Balatası | Schmitz Cargobull dorse 29328 | 29328 Fren Balatası | PWR-5027 Fren Balatası | Ford Cargo Krone Dorse Kögel Dorse Disk Fren Balatası","https://www.frenciniz.com/urun/718/29328-ford-cargo-krone-dorse-kogel-dorse-disk-fren-balatasi-ekersan","","35","2582.58"
"719","Fren Balatası","PWR-5022","29253","","","no","MAN TGA TGS TGX TGM Fren Balatası","29253 MAN TGA TGS TGX TGM Fren Balatası","29253 MAN TGA TGS TGX TGM Fren Balatası | Frenciniz","29253 MAN TGA TGS TGX TGM Fren Balatası icin stok, fiyat ve uyumluluk teyidi. Uygunluk adaylari: MAN ağır vasıta, MAN TGA 18.430, MAN TGA 18.460. OEM/SKU: 29253....","29253 MAN TGA TGS TGX TGM Fren Balatası","MAN ağır vasıta Fren Balatası | MAN ağır vasıta 29253 | 29253 Fren Balatası | PWR-5022 Fren Balatası | MAN TGA TGS TGX TGM Fren Balatası","https://www.frenciniz.com/urun/719/29253-man-tga-tgs-tgx-tgm-fren-balatasi-ekersan","","6","2541.92"
"720","Fren Balatası","PWR-5020","29279","29279-man-tga-tgs-tgx-fren-balatasi","3","no","29279 MAN TGA TGS TGX Disk Fren Balatasi PWR-5020","29279 MAN TGA TGS TGX Disk Fren Balatasi PWR-5020","29279 MAN TGA TGS TGX Disk Fren Balatasi PWR-5020 | Frenciniz","29279 MAN TGA TGS TGX Disk Fren Balatasi PWR-5020 icin stok, fiyat ve uyumluluk teyidi. Uygunluk adaylari: MAN TGA, MAN TGS, MAN TGX. OEM/SKU: 29279. Stokta...","29279 fren balatasi","man 29279 balata | man tga tgs tgx fren balatasi | tgx 29279 balata | 29279 MAN TGA TGS TGX Disk Fren Balatasi PWR-5020 | 81508206065 fren balatasi | 81508205112 fren balatasi | MAN TGA Fren Balatası","https://www.frenciniz.com/urun/720/29279-man-tga-tgs-tgx-disk-fren-balatasi-pwr-5020-ekersan","https://www.frenciniz.com/29279-man-tga-tgs-tgx-fren-balatasi","27","2584.82"
"721","Fren Balatası","PWR-5019","29141","","","no","Renault Premium Magnum Kerax Midlum D Serisi Fren Balatası Ön Arka","29141 Renault Premium Magnum Kerax Midlum D Serisi Fren Balatası Ön Arka","29141 Renault Premium Magnum Kerax Midlum D Serisi Fren... | Frenciniz","29141 Renault Premium Magnum Kerax Midlum D Serisi Fren Balatası Ön Arka icin stok, fiyat ve uyumluluk teyidi. Uygunluk adaylari: Renault Trucks Premium, Renault...","29141 Renault Premium Magnum Kerax Midlum D Serisi Fren Balatası Ön Arka","Renault Trucks Premium Fren Balatası | Renault Trucks Premium 29141 | 29141 Fren Balatası | PWR-5019 Fren Balatası | Renault Premium Magnum Kerax Midlum D Serisi Fren Balatası Ön Arka","https://www.frenciniz.com/urun/721/29141-renault-premium-magnum-kerax-midlum-d-serisi-fren-balatasi-on-arka-ekersan","","12","2239.38"
"722","Fren Balatası","PWR-5018","29195","29195-saf-dorse-fren-balatasi","10","no","29195 SAF Dorse Disk Fren Balatasi PWR-5018","29195 SAF Dorse Disk Fren Balatasi PWR-5018","29195 SAF Dorse Disk Fren Balatasi PWR-5018 | Frenciniz","29195 SAF Dorse Disk Fren Balatasi PWR-5018 icin stok, fiyat ve uyumluluk teyidi. Uygunluk adaylari: SAF dorse dingili, SAF Holland treyler, Ağır vasıta disk...","29195 fren balatasi","29195 saf dorse balata | saf 29195 | krone dorse 29195 balata | 29195 SAF Dorse Disk Fren Balatasi PWR-5018 | 993887 fren balatasi | 03057009600 fren balatasi | SAF dorse dingili Fren Balatası","https://www.frenciniz.com/urun/722/29195-saf-dorse-disk-fren-balatasi-pwr-5018-ekersan","https://www.frenciniz.com/29195-saf-dorse-fren-balatasi","61","2293.9"
"723","Fren Balatası","PWR-5017","29115","","","no","MAN TGA TGS TGX TGM Ford Cargo Fren Balatası","29115 MAN TGA TGS TGX TGM Ford Cargo Fren Balatası","29115 MAN TGA TGS TGX TGM Ford Cargo Fren Balatası | Frenciniz","29115 MAN TGA TGS TGX TGM Ford Cargo Fren Balatası icin stok, fiyat ve uyumluluk teyidi. Uygunluk adaylari: MAN ağır vasıta, Iveco Eurocargo, Iveco Stralis....","29115 MAN TGA TGS TGX TGM Ford Cargo Fren Balatası","MAN ağır vasıta Fren Balatası | MAN ağır vasıta 29115 | 29115 Fren Balatası | PWR-5017 Fren Balatası | MAN TGA TGS TGX TGM Ford Cargo Fren Balatası","https://www.frenciniz.com/urun/723/29115-man-tga-tgs-tgx-tgm-ford-cargo-fren-balatasi-ekersan","","34","2047.72"
"724","Fren Balatası","PWR-5016","29030","","","no","Mercedes Axor Actros MAN TGA TGS TGX TGM Fren Balatası","29030 Mercedes Axor Actros MAN TGA TGS TGX TGM Fren Balatası","29030 Mercedes Axor Actros MAN TGA TGS TGX TGM Fren Balatası | Frenciniz","29030 Mercedes Axor Actros MAN TGA TGS TGX TGM Fren Balatası icin stok, fiyat ve uyumluluk teyidi. Uygunluk adaylari: MAN ağır vasıta, Mercedes-Benz Actros...","29030 Mercedes Axor Actros MAN TGA TGS TGX TGM Fren Balatası","MAN ağır vasıta Fren Balatası | MAN ağır vasıta 29030 | 29030 Fren Balatası | PWR-5016 Fren Balatası | Mercedes Axor Actros MAN TGA TGS TGX TGM Fren Balatası","https://www.frenciniz.com/urun/724/29030-mercedes-axor-actros-man-tga-tgs-tgx-tgm-fren-balatasi-ekersan","","26","2668.78"
"725","Fren Balatası","PWR-5015","29169","","","no","Renault Premium Magnum Kerax Midlum D Serisi Fren Balatası PWR-5015","29169 Renault Premium Magnum Kerax Midlum D Serisi Fren Balatası PWR-5015","29169 Renault Premium Magnum Kerax Midlum D Serisi Fren... | Frenciniz","29169 Renault Premium Magnum Kerax Midlum D Serisi Fren Balatası PWR-5015 icin stok, fiyat ve uyumluluk teyidi. Uygunluk adaylari: Renault Trucks Premium...","29169 Renault Premium Magnum Kerax Midlum D Serisi Fren Balatası PWR-5015","Renault Trucks Premium Fren Balatası | Renault Trucks Premium 29169 | 29169 Fren Balatası | PWR-5015 Fren Balatası | Renault Premium Magnum Kerax Midlum D Serisi Fren Balatası PWR-5015","https://www.frenciniz.com/urun/725/29169-renault-premium-magnum-kerax-midlum-d-serisi-fren-balatasi-pwr-5015-ekersan","","32","2285.71"
"726","Fren Balatası","PWR-5014","29173","","","no","Mercedes Axor Actros Disk Fren Balatası PWR-5014","29173 Mercedes Axor Actros Disk Fren Balatası PWR-5014","29173 Mercedes Axor Actros Disk Fren Balatası PWR-5014 | Frenciniz","29173 Mercedes Axor Actros Disk Fren Balatası PWR-5014 icin stok, fiyat ve uyumluluk teyidi. Uygunluk adaylari: Volvo FH, Volvo FH12, Volvo FM. OEM/SKU: 29173....","29173 Mercedes Axor Actros Disk Fren Balatası PWR-5014","Volvo FH Fren Balatası | Volvo FH 29173 | 29173 Fren Balatası | PWR-5014 Fren Balatası | Mercedes Axor Actros Disk Fren Balatası PWR-5014","https://www.frenciniz.com/urun/726/29173-mercedes-axor-actros-disk-fren-balatasi-pwr-5014-ekersan","","12","2208.62"
"727","Fren Balatası","PWR-5013","29228","","","no","Ford Cargo BPW Dorse Krone Dorse Kögel Dorse Disk Fren Balatası PWR-5013","29228 Ford Cargo BPW Dorse Krone Dorse Kögel Dorse Disk Fren Balatası PWR-5013","29228 Ford Cargo BPW Dorse Krone Dorse Kögel Dorse Disk... | Frenciniz","29228 Ford Cargo BPW Dorse Krone Dorse Kögel Dorse Disk Fren Balatası PWR-5013 icin stok, fiyat ve uyumluluk teyidi. Uygunluk adaylari: BPW dorse dingili, BPW...","29228 Ford Cargo BPW Dorse Krone Dorse Kögel Dorse Disk Fren Balatası PWR-5013","BPW dorse dingili Fren Balatası | BPW dorse dingili 29228 | 29228 Fren Balatası | PWR-5013 Fren Balatası | Ford Cargo BPW Dorse Krone Dorse Kögel Dorse Disk Fren Balatası PWR-5013","https://www.frenciniz.com/urun/727/29228-ford-cargo-bpw-dorse-krone-dorse-kogel-dorse-disk-fren-balatasi-pwr-5013-ekersan","","165","2501.66"
"728","Fren Balatası","PWR-5012","29227","","","no","Ford Cargo BPW Dorse Krone Dorse Kögel Dorse Fren Balatası PWR-5012","29227 Ford Cargo BPW Dorse Krone Dorse Kögel Dorse Fren Balatası PWR-5012","29227 Ford Cargo BPW Dorse Krone Dorse Kögel Dorse Fren... | Frenciniz","29227 Ford Cargo BPW Dorse Krone Dorse Kögel Dorse Fren Balatası PWR-5012 icin stok, fiyat ve uyumluluk teyidi. Uygunluk adaylari: BPW dorse dingili, BPW ECOPlus...","29227 Ford Cargo BPW Dorse Krone Dorse Kögel Dorse Fren Balatası PWR-5012","BPW dorse dingili Fren Balatası | BPW dorse dingili 29227 | 29227 Fren Balatası | PWR-5012 Fren Balatası | Ford Cargo BPW Dorse Krone Dorse Kögel Dorse Fren Balatası PWR-5012","https://www.frenciniz.com/urun/728/29227-ford-cargo-bpw-dorse-krone-dorse-kogel-dorse-fren-balatasi-pwr-5012-ekersan","","24","2391.97"
"729","Fren Balatası","PWR-5011","29131","","","no","Renault Premium Magnum Kerax Midlum D Serisi Fren Balatası PWR-5011","29131 Renault Premium Magnum Kerax Midlum D Serisi Fren Balatası PWR-5011","29131 Renault Premium Magnum Kerax Midlum D Serisi Fren... | Frenciniz","29131 Renault Premium Magnum Kerax Midlum D Serisi Fren Balatası PWR-5011 icin stok, fiyat ve uyumluluk teyidi. Uygunluk adaylari: Renault Trucks Premium...","29131 Renault Premium Magnum Kerax Midlum D Serisi Fren Balatası PWR-5011","Renault Trucks Premium Fren Balatası | Renault Trucks Premium 29131 | 29131 Fren Balatası | PWR-5011 Fren Balatası | Renault Premium Magnum Kerax Midlum D Serisi Fren Balatası PWR-5011","https://www.frenciniz.com/urun/729/29131-renault-premium-magnum-kerax-midlum-d-serisi-fren-balatasi-pwr-5011-ekersan","","33","2778.86"
"730","Fren Balatası","PWR-5010","29162","","","no","Ford Cargo SAF Dorse Krone Dorse Kögel Dorse Fren Balatası","29162 Ford Cargo SAF Dorse Krone Dorse Kögel Dorse Fren Balatası","29162 Ford Cargo SAF Dorse Krone Dorse Kögel Dorse Fren... | Frenciniz","29162 Ford Cargo SAF Dorse Krone Dorse Kögel Dorse Fren Balatası icin stok, fiyat ve uyumluluk teyidi. Uygunluk adaylari: SAF dorse dingili, SAF Holland treyler...","29162 Ford Cargo SAF Dorse Krone Dorse Kögel Dorse Fren Balatası","SAF dorse dingili Fren Balatası | SAF dorse dingili 29162 | 29162 Fren Balatası | PWR-5010 Fren Balatası | Ford Cargo SAF Dorse Krone Dorse Kögel Dorse Fren Balatası","https://www.frenciniz.com/urun/730/29162-ford-cargo-saf-dorse-krone-dorse-kogel-dorse-fren-balatasi-ekersan","","62","2482.13"
"731","Fren Balatası","PWR-5009","29159","29159-29126-saf-dorse-fren-balatasi","4","no","29159 29126 SAF Dorse Disk Fren Balatasi PWR-5009","29159 29126 SAF Dorse Disk Fren Balatasi PWR-5009","29159 29126 SAF Dorse Disk Fren Balatasi PWR-5009 | Frenciniz","29159 29126 SAF Dorse Disk Fren Balatasi PWR-5009 icin stok, fiyat ve uyumluluk teyidi. Uygunluk adaylari: SAF dorse dingili, SAF Holland treyler, Dorse /...","29159 fren balatasi","29159 saf dorse balata | 29126 fren balatasi | saf dorse fren balatasi | 29159 29126 SAF Dorse Disk Fren Balatasi PWR-5009 | 03057008400 fren balatasi | 3057008400 fren balatasi | SAF dorse dingili Fren Balatası","https://www.frenciniz.com/urun/731/29159-29126-saf-dorse-disk-fren-balatasi-pwr-5009-ekersan","https://www.frenciniz.com/29159-29126-saf-dorse-fren-balatasi","20","2164.27"
"732","Fren Balatası","PWR-5008","29125","","","no","Volvo FH12 FM FL Fren Balatası","29125 Volvo FH12 FM FL Fren Balatası","29125 Volvo FH12 FM FL Fren Balatası | Frenciniz","29125 Volvo FH12 FM FL Fren Balatası icin stok, fiyat ve uyumluluk teyidi. Uygunluk adaylari: Volvo FH, Volvo FH12, Volvo FM. OEM/SKU: 29125. Stokta urun, hizli...","29125 Volvo FH12 FM FL Fren Balatası","Volvo FH Fren Balatası | Volvo FH 29125 | 29125 Fren Balatası | PWR-5008 Fren Balatası | Volvo FH12 FM FL Fren Balatası","https://www.frenciniz.com/urun/732/29125-volvo-fh12-fm-fl-fren-balatasi-ekersan","","16","2555.52"
"733","Fren Balatası","PWR-5007","29174","","","no","Mercedes Axor Actros Disk Fren Balatası PWR-5007","29174 Mercedes Axor Actros Disk Fren Balatası PWR-5007","29174 Mercedes Axor Actros Disk Fren Balatası PWR-5007 | Frenciniz","29174 Mercedes Axor Actros Disk Fren Balatası PWR-5007 icin stok, fiyat ve uyumluluk teyidi. Uygunluk adaylari: Renault Trucks Premium, Renault Trucks Magnum...","29174 Mercedes Axor Actros Disk Fren Balatası PWR-5007","Renault Trucks Premium Fren Balatası | Renault Trucks Premium 29174 | 29174 Fren Balatası | PWR-5007 Fren Balatası | Mercedes Axor Actros Disk Fren Balatası PWR-5007","https://www.frenciniz.com/urun/733/29174-mercedes-axor-actros-disk-fren-balatasi-pwr-5007-ekersan","","29","2426.03"
"734","Fren Balatası","PWR-5006","29244","29244-mercedes-axor-actros-arka-fren-balatasi","9","no","29244 Mercedes Axor Actros Arka Disk Fren Balatasi PWR-5006","29244 Mercedes Axor Actros Arka Disk Fren Balatasi PWR-5006","29244 Mercedes Axor Actros Arka Disk Fren Balatasi PWR-5006 | Frenciniz","29244 Mercedes Axor Actros Arka Disk Fren Balatasi PWR-5006 icin stok, fiyat ve uyumluluk teyidi. Uygunluk adaylari: Mercedes-Benz Axor, Mercedes-Benz...","29244 fren balatasi","29244 mercedes axor arka balata | actros 29244 balata | 29244 Mercedes Axor Actros Arka Disk Fren Balatasi PWR-5006 | 0064201520 fren balatasi | 0064205320 fren balatasi | 0014231210 fren balatasi | Mercedes-Benz Axor Fren Balatası","https://www.frenciniz.com/urun/734/29244-mercedes-axor-actros-arka-disk-fren-balatasi-pwr-5006-ekersan","https://www.frenciniz.com/29244-mercedes-axor-actros-arka-fren-balatasi","25","2367.42"
"735","Fren Balatası","PWR-5005","29246","29246-mercedes-axor-actros-fren-balatasi","1","no","29246 Mercedes Axor Actros On Disk Fren Balatasi PWR-5005","29246 Mercedes Axor Actros On Disk Fren Balatasi PWR-5005","29246 Mercedes Axor Actros On Disk Fren Balatasi PWR-5005 | Frenciniz","29246 Mercedes Axor Actros On Disk Fren Balatasi PWR-5005 icin stok, fiyat ve uyumluluk teyidi. Uygunluk adaylari: Mercedes-Benz Axor, Ağır vasıta disk fren...","29246 fren balatasi","29246 mercedes axor balata | mercedes axor 29246 | actros 29246 fren balatasi | 29246 Mercedes Axor Actros On Disk Fren Balatasi PWR-5005 | 0064201420 fren balatasi | 0064205220 fren balatasi | 0004217210 fren balatasi","https://www.frenciniz.com/urun/735/29246-mercedes-axor-actros-on-disk-fren-balatasi-pwr-5005-ekersan","https://www.frenciniz.com/29246-mercedes-axor-actros-fren-balatasi","21","2602.51"
"736","Fren Balatası","PWR-5004","29087","29087-mercedes-axor-actros-scania-fren-balatasi","2","no","29087 Mercedes Axor Actros Scania Disk Fren Balatasi PWR-5004","29087 Mercedes Axor Actros Scania Disk Fren Balatasi PWR-5004","29087 Mercedes Axor Actros Scania Disk Fren Balatasi PWR-5004 | Frenciniz","29087 Mercedes Axor Actros Scania Disk Fren Balatasi PWR-5004 icin stok, fiyat ve uyumluluk teyidi. Uygunluk adaylari: Mercedes-Benz Axor, Mercedes-Benz...","29087 fren balatasi","29087 mercedes actros balata | axor 29087 balata | scania 29087 fren balatasi | 29087 Mercedes Axor Actros Scania Disk Fren Balatasi PWR-5004 | 29105 fren balatasi | Mercedes-Benz Axor Fren Balatası | Mercedes-Benz Axor 29087","https://www.frenciniz.com/urun/736/29087-mercedes-axor-actros-scania-disk-fren-balatasi-pwr-5004-ekersan","https://www.frenciniz.com/29087-mercedes-axor-actros-scania-fren-balatasi","24","2394.74"
"737","Fren Balatası","PWR-5002","29171","29171-bpw-kogel-dorse-fren-balatasi","11","no","29171 BPW Kogel Dorse Disk Fren Balatasi PWR-5002","29171 BPW Kogel Dorse Disk Fren Balatasi PWR-5002","29171 BPW Kogel Dorse Disk Fren Balatasi PWR-5002 | Frenciniz","29171 BPW Kogel Dorse Disk Fren Balatasi PWR-5002 icin stok, fiyat ve uyumluluk teyidi. Uygunluk adaylari: BPW dorse dingili, BPW ECOPlus dingil, BPW treyler....","29171 fren balatasi","29171 bpw dorse balata | kogel dorse 29171 | bpw kogel fren balatasi | 29171 BPW Kogel Dorse Disk Fren Balatasi PWR-5002 | 29158 fren balatasi | 0509290060 fren balatasi | BPW dorse dingili Fren Balatası","https://www.frenciniz.com/urun/737/29171-bpw-kogel-dorse-disk-fren-balatasi-pwr-5002-ekersan","https://www.frenciniz.com/29171-bpw-kogel-dorse-fren-balatasi","44","2264.59"
"738","Fren Balatası","PWR-5001","29165","29165-29215-bpw-atego-dorse-fren-balatasi","5","no","29165 29215 BPW Atego Dorse Disk Fren Balatasi PWR-5001","29165 29215 BPW Atego Dorse Disk Fren Balatasi PWR-5001","29165 29215 BPW Atego Dorse Disk Fren Balatasi PWR-5001 | Frenciniz","29165 29215 BPW Atego Dorse Disk Fren Balatasi PWR-5001 icin stok, fiyat ve uyumluluk teyidi. Uygunluk adaylari: Mercedes-Benz Atego, BPW dorse dingili, BPW...","29165 fren balatasi","29215 fren balatasi | bpw atego 29165 | bpw dorse fren balatasi | 29165 29215 BPW Atego Dorse Disk Fren Balatasi PWR-5001 | Mercedes-Benz Atego Fren Balatası | Mercedes-Benz Atego 29165 | PWR-5001 Fren Balatası","https://www.frenciniz.com/urun/738/29165-29215-bpw-atego-dorse-disk-fren-balatasi-pwr-5001-ekersan","https://www.frenciniz.com/29165-29215-bpw-atego-dorse-fren-balatasi","54","2151.34"
"739","Fren Balatası","PWR-5000","29167","","","no","Ford Cargo BPW Dorse Krone Dorse Kögel Dorse Disk Fren Balatası PWR-5000","29167 Ford Cargo BPW Dorse Krone Dorse Kögel Dorse Disk Fren Balatası PWR-5000","29167 Ford Cargo BPW Dorse Krone Dorse Kögel Dorse Disk... | Frenciniz","29167 Ford Cargo BPW Dorse Krone Dorse Kögel Dorse Disk Fren Balatası PWR-5000 icin stok, fiyat ve uyumluluk teyidi. Uygunluk adaylari: BPW dorse dingili, BPW...","29167 Ford Cargo BPW Dorse Krone Dorse Kögel Dorse Disk Fren Balatası PWR-5000","BPW dorse dingili Fren Balatası | BPW dorse dingili 29167 | 29167 Fren Balatası | PWR-5000 Fren Balatası | Ford Cargo BPW Dorse Krone Dorse Kögel Dorse Disk Fren Balatası PWR-5000","https://www.frenciniz.com/urun/739/29167-ford-cargo-bpw-dorse-krone-dorse-kogel-dorse-disk-fren-balatasi-pwr-5000-ekersan","","69","2394.74"
"740","Porya","ESP.30.02","","","","no","Ford Cargo Krone Dorse Kögel Dorse Porya ESP.30.02","Ford Cargo Krone Dorse Kögel Dorse Porya ESP.30.02","Ford Cargo Krone Dorse Kögel Dorse Porya ESP.30.02 | Frenciniz","Ford Cargo Krone Dorse Kögel Dorse Porya ESP.30.02 icin stok, fiyat ve uyumluluk teyidi. Uygunluk adaylari: Yerel dorse dingil grubu, Dorse / treyler, Ağır...","Ford Cargo Krone Dorse Kögel Dorse Porya ESP.30.02","Yerel dorse dingil grubu Porya | Yerel dorse dingil grubu ESP.30.02 | ESP.30.02 Porya","https://www.frenciniz.com/urun/740/ford-cargo-krone-dorse-kogel-dorse-porya-esp-30-02-ekersan","","1","6375.6"
"741","Porya","ESP.23.01","","","","no","Ford Cargo Krone Dorse Kögel Dorse Porya ESP.23.01","Ford Cargo Krone Dorse Kögel Dorse Porya ESP.23.01","Ford Cargo Krone Dorse Kögel Dorse Porya ESP.23.01 | Frenciniz","Ford Cargo Krone Dorse Kögel Dorse Porya ESP.23.01 icin stok, fiyat ve uyumluluk teyidi. Uygunluk adaylari: Yerel dorse dingil grubu, Dorse / treyler, Ağır...","Ford Cargo Krone Dorse Kögel Dorse Porya ESP.23.01","Yerel dorse dingil grubu Porya | Yerel dorse dingil grubu ESP.23.01 | ESP.23.01 Porya","https://www.frenciniz.com/urun/741/ford-cargo-krone-dorse-kogel-dorse-porya-esp-23-01-ekersan","","5","5313"
"742","Porya","ESP.18.14","3307304500, 1307304510, 3307304502","","","no","Ford Cargo SAF Dorse Krone Dorse Kögel Dorse Porya Y.M.","3307304500 Ford Cargo SAF Dorse Krone Dorse Kögel Dorse Porya Y.M.","3307304500 Ford Cargo SAF Dorse Krone Dorse Kögel Dorse... | Frenciniz","3307304500 Ford Cargo SAF Dorse Krone Dorse Kögel Dorse Porya Y.M. icin stok, fiyat ve uyumluluk teyidi. Uygunluk adaylari: SAF dorse dingili, SAF Holland...","3307304500 Ford Cargo SAF Dorse Krone Dorse Kögel Dorse Porya Y.M.","SAF dorse dingili Porya | SAF dorse dingili 3307304500 | 3307304500 Porya | ESP.18.14 Porya | Ford Cargo SAF Dorse Krone Dorse Kögel Dorse Porya Y.M.","https://www.frenciniz.com/urun/742/3307304500-ford-cargo-saf-dorse-krone-dorse-kogel-dorse-porya-y-m-ekersan","","2","7893.6"
"743","Porya","ESP.18.13","3307305600, 3307305601, 03307305603","","","no","Ford Cargo SAF Dorse Krone Dorse Kögel Dorse Porya ESP.18.13","3307305600 Ford Cargo SAF Dorse Krone Dorse Kögel Dorse Porya ESP.18.13","3307305600 Ford Cargo SAF Dorse Krone Dorse Kögel Dorse... | Frenciniz","3307305600 Ford Cargo SAF Dorse Krone Dorse Kögel Dorse Porya ESP.18.13 icin stok, fiyat ve uyumluluk teyidi. Uygunluk adaylari: SAF dorse dingili, SAF Holland...","3307305600 Ford Cargo SAF Dorse Krone Dorse Kögel Dorse Porya ESP.18.13","SAF dorse dingili Porya | SAF dorse dingili 3307305600 | 3307305600 Porya | ESP.18.13 Porya | Ford Cargo SAF Dorse Krone Dorse Kögel Dorse Porya ESP.18.13","https://www.frenciniz.com/urun/743/3307305600-ford-cargo-saf-dorse-krone-dorse-kogel-dorse-porya-esp-18-13-ekersan","","3","8197.2"
"744","Porya","ESP.18.10","3307303000, 3307303001","","","no","Ford Cargo SAF Dorse Krone Dorse Kögel Dorse Porya ESP.18.10","3307303000 Ford Cargo SAF Dorse Krone Dorse Kögel Dorse Porya ESP.18.10","3307303000 Ford Cargo SAF Dorse Krone Dorse Kögel Dorse... | Frenciniz","3307303000 Ford Cargo SAF Dorse Krone Dorse Kögel Dorse Porya ESP.18.10 icin stok, fiyat ve uyumluluk teyidi. Uygunluk adaylari: SAF dorse dingili, SAF Holland...","3307303000 Ford Cargo SAF Dorse Krone Dorse Kögel Dorse Porya ESP.18.10","SAF dorse dingili Porya | SAF dorse dingili 3307303000 | 3307303000 Porya | ESP.18.10 Porya | Ford Cargo SAF Dorse Krone Dorse Kögel Dorse Porya ESP.18.10","https://www.frenciniz.com/urun/744/3307303000-ford-cargo-saf-dorse-krone-dorse-kogel-dorse-porya-esp-18-10-ekersan","","3","7893.6"
"745","Porya","ESP.18.09.01","1146200100, 1146200402, 1146200401","","","no","Ford Cargo SAF Dorse Krone Dorse Kögel Dorse Porya ESP.18.09.01","1146200100 Ford Cargo SAF Dorse Krone Dorse Kögel Dorse Porya ESP.18.09.01","1146200100 Ford Cargo SAF Dorse Krone Dorse Kögel Dorse... | Frenciniz","1146200100 Ford Cargo SAF Dorse Krone Dorse Kögel Dorse Porya ESP.18.09.01 icin stok, fiyat ve uyumluluk teyidi. Uygunluk adaylari: SAF dorse dingili, SAF...","1146200100 Ford Cargo SAF Dorse Krone Dorse Kögel Dorse Porya ESP.18.09.01","SAF dorse dingili Porya | SAF dorse dingili 1146200100 | 1146200100 Porya | ESP.18.09.01 Porya | Ford Cargo SAF Dorse Krone Dorse Kögel Dorse Porya ESP.18.09.01","https://www.frenciniz.com/urun/745/1146200100-ford-cargo-saf-dorse-krone-dorse-kogel-dorse-porya-esp-18-09-01-ekersan","","2","5313"
"746","Porya","ESP.16.29","","","","no","Ford Cargo BPW Dorse Krone Dorse Kögel Dorse Porya ESP.16.29","Ford Cargo BPW Dorse Krone Dorse Kögel Dorse Porya ESP.16.29","Ford Cargo BPW Dorse Krone Dorse Kögel Dorse Porya ESP.16.29 | Frenciniz","Ford Cargo BPW Dorse Krone Dorse Kögel Dorse Porya ESP.16.29 icin stok, fiyat ve uyumluluk teyidi. Uygunluk adaylari: BPW dorse dingili, BPW ECOPlus dingil, BPW...","Ford Cargo BPW Dorse Krone Dorse Kögel Dorse Porya ESP.16.29","BPW dorse dingili Porya | BPW dorse dingili ESP.16.29 | ESP.16.29 Porya","https://www.frenciniz.com/urun/746/ford-cargo-bpw-dorse-krone-dorse-kogel-dorse-porya-esp-16-29-ekersan","","4","6375.6"
"747","Porya","ESP.16.25","","","","no","Ford Cargo Krone Dorse Kögel Dorse Porya ESP.16.25","Ford Cargo Krone Dorse Kögel Dorse Porya ESP.16.25","Ford Cargo Krone Dorse Kögel Dorse Porya ESP.16.25 | Frenciniz","Ford Cargo Krone Dorse Kögel Dorse Porya ESP.16.25 icin stok, fiyat ve uyumluluk teyidi. Uygunluk adaylari: Yerel dorse dingil grubu, Dorse / treyler, Ağır...","Ford Cargo Krone Dorse Kögel Dorse Porya ESP.16.25","Yerel dorse dingil grubu Porya | Yerel dorse dingil grubu ESP.16.25 | ESP.16.25 Porya","https://www.frenciniz.com/urun/747/ford-cargo-krone-dorse-kogel-dorse-porya-esp-16-25-ekersan","","1","8045.4"
"748","Porya","ESP.16.12.15","0327243290, 0980107350","","","no","Ford Cargo BPW Dorse Krone Dorse Kögel Dorse Porya ESP.16.12.15","0327243290 Ford Cargo BPW Dorse Krone Dorse Kögel Dorse Porya ESP.16.12.15","0327243290 Ford Cargo BPW Dorse Krone Dorse Kögel Dorse... | Frenciniz","0327243290 Ford Cargo BPW Dorse Krone Dorse Kögel Dorse Porya ESP.16.12.15 icin stok, fiyat ve uyumluluk teyidi. Uygunluk adaylari: BPW dorse dingili, BPW...","0327243290 Ford Cargo BPW Dorse Krone Dorse Kögel Dorse Porya ESP.16.12.15","BPW dorse dingili Porya | BPW dorse dingili 0327243290 | 0327243290 Porya | ESP.16.12.15 Porya | Ford Cargo BPW Dorse Krone Dorse Kögel Dorse Porya ESP.16.12.15","https://www.frenciniz.com/urun/748/0327243290-ford-cargo-bpw-dorse-krone-dorse-kogel-dorse-porya-esp-16-12-15-ekersan","","1","6679.2"
"749","Porya","ESP.16.04.02","0327230990, 0980106670","","","no","Ford Cargo BPW Dorse Krone Dorse Kögel Dorse Porya ESP.16.04.02","0327230990 Ford Cargo BPW Dorse Krone Dorse Kögel Dorse Porya ESP.16.04.02","0327230990 Ford Cargo BPW Dorse Krone Dorse Kögel Dorse... | Frenciniz","0327230990 Ford Cargo BPW Dorse Krone Dorse Kögel Dorse Porya ESP.16.04.02 icin stok, fiyat ve uyumluluk teyidi. Uygunluk adaylari: BPW dorse dingili, BPW...","0327230990 Ford Cargo BPW Dorse Krone Dorse Kögel Dorse Porya ESP.16.04.02","BPW dorse dingili Porya | BPW dorse dingili 0327230990 | 0327230990 Porya | ESP.16.04.02 Porya | Ford Cargo BPW Dorse Krone Dorse Kögel Dorse Porya ESP.16.04.02","https://www.frenciniz.com/urun/749/0327230990-ford-cargo-bpw-dorse-krone-dorse-kogel-dorse-porya-esp-16-04-02-ekersan","","1","7134.6"
"750","Porya","ESP.16.01.04","0327227480","","","no","Ford Cargo BPW Dorse Krone Dorse Kögel Dorse Porya ESP.16.01.04","0327227480 Ford Cargo BPW Dorse Krone Dorse Kögel Dorse Porya ESP.16.01.04","0327227480 Ford Cargo BPW Dorse Krone Dorse Kögel Dorse... | Frenciniz","0327227480 Ford Cargo BPW Dorse Krone Dorse Kögel Dorse Porya ESP.16.01.04 icin stok, fiyat ve uyumluluk teyidi. Uygunluk adaylari: BPW dorse dingili, BPW...","0327227480 Ford Cargo BPW Dorse Krone Dorse Kögel Dorse Porya ESP.16.01.04","BPW dorse dingili Porya | BPW dorse dingili 0327227480 | 0327227480 Porya | ESP.16.01.04 Porya | Ford Cargo BPW Dorse Krone Dorse Kögel Dorse Porya ESP.16.01.04","https://www.frenciniz.com/urun/750/0327227480-ford-cargo-bpw-dorse-krone-dorse-kogel-dorse-porya-esp-16-01-04-ekersan","","1","5616.6"
"751","Porya","ESP.09.08","42104692, 42104691","","","no","Ford Cargo Porya ESP.09.08","42104692 Ford Cargo Porya ESP.09.08","42104692 Ford Cargo Porya ESP.09.08 | Frenciniz","42104692 Ford Cargo Porya ESP.09.08 icin stok, fiyat ve uyumluluk teyidi. Uygunluk adaylari: Iveco Eurocargo, Iveco Stralis, Iveco Trakker. OEM/SKU: 42104692....","42104692 Ford Cargo Porya ESP.09.08","Iveco Eurocargo Porya | Iveco Eurocargo 42104692 | 42104692 Porya | ESP.09.08 Porya | Ford Cargo Porya ESP.09.08","https://www.frenciniz.com/urun/751/42104692-ford-cargo-porya-esp-09-08-ekersan","","1","9715.2"
"752","Porya","ESP.08.10","9C461106AA, RF8C46, 1106AB","","","no","Ford Cargo Porya Ön ESP.08.10","9C461106AA Ford Cargo Porya Ön ESP.08.10","9C461106AA Ford Cargo Porya Ön ESP.08.10 | Frenciniz","9C461106AA Ford Cargo Porya Ön ESP.08.10 icin stok, fiyat ve uyumluluk teyidi. Uygunluk adaylari: Ford Cargo, Ford Cargo 1846, Ford Cargo 3230. OEM/SKU:...","9C461106AA Ford Cargo Porya Ön ESP.08.10","Ford Cargo Porya | Ford Cargo 9C461106AA | 9C461106AA Porya | ESP.08.10 Porya | Ford Cargo Porya Ön ESP.08.10","https://www.frenciniz.com/urun/752/9c461106aa-ford-cargo-porya-on-esp-08-10-ekersan","","7","7438.2"
"753","Porya","ESP.08.08","A333K4561","","","no","Ford Cargo Porya 35/30","A333K4561 Ford Cargo Porya 35/30","A333K4561 Ford Cargo Porya 35/30 | Frenciniz","A333K4561 Ford Cargo Porya 35/30 icin stok, fiyat ve uyumluluk teyidi. Uygunluk adaylari: Ford Cargo, Ford Cargo 1846, Ford Cargo 3230. OEM/SKU: A333K4561....","A333K4561 Ford Cargo Porya 35/30","Ford Cargo Porya | Ford Cargo A333K4561 | A333K4561 Porya | ESP.08.08 Porya | Ford Cargo Porya 35/30","https://www.frenciniz.com/urun/753/a333k4561-ford-cargo-porya-35-30-ekersan","","12","7590"
"754","Porya","ESP.08.07","98CT1106, 9C451K002AA, DC461104","","","no","Ford Cargo Porya Ön ESP.08.07","98CT1106 Ford Cargo Porya Ön ESP.08.07","98CT1106 Ford Cargo Porya Ön ESP.08.07 | Frenciniz","98CT1106 Ford Cargo Porya Ön ESP.08.07 icin stok, fiyat ve uyumluluk teyidi. Uygunluk adaylari: Ford Cargo, Ford Cargo 1846, Ford Cargo 3230. OEM/SKU: 98CT1106....","98CT1106 Ford Cargo Porya Ön ESP.08.07","Ford Cargo Porya | Ford Cargo 98CT1106 | 98CT1106 Porya | ESP.08.07 Porya | Ford Cargo Porya Ön ESP.08.07","https://www.frenciniz.com/urun/754/98ct1106-ford-cargo-porya-on-esp-08-07-ekersan","","1","7438.2"
"755","Porya","ESP.07.13","81357010176, 36357010000","","","no","MAN BMC Porya Ön","81357010176 MAN BMC Porya Ön","81357010176 MAN BMC Porya Ön | Frenciniz","81357010176 MAN BMC Porya Ön icin stok, fiyat ve uyumluluk teyidi. Uygunluk adaylari: BMC Probus, BMC Profesyonel, BMC Fatih. OEM/SKU: 81357010176. Stokta urun...","81357010176 MAN BMC Porya Ön","BMC Probus Porya | BMC Probus 81357010176 | 81357010176 Porya | ESP.07.13 Porya | MAN BMC Porya Ön","https://www.frenciniz.com/urun/755/81357010176-man-bmc-porya-on-ekersan","","1","5616.6"
"756","Porya","ESP.07.04","7K87702M","","","no","BMC Porya Ön","7K87702M BMC Porya Ön","7K87702M BMC Porya Ön | Frenciniz","7K87702M BMC Porya Ön icin stok, fiyat ve uyumluluk teyidi. Uygunluk adaylari: BMC Probus, BMC Profesyonel, BMC Fatih. OEM/SKU: 7K87702M. Stokta urun, hizli...","7K87702M BMC Porya Ön","BMC Probus Porya | BMC Probus 7K87702M | 7K87702M Porya | ESP.07.04 Porya | BMC Porya Ön","https://www.frenciniz.com/urun/756/7k87702m-bmc-porya-on-ekersan","","1","7893.6"
"757","Porya","ESP.07.02","7 KA 12558","","","no","BMC Porya","7 KA 12558 BMC Porya","7 KA 12558 BMC Porya | Frenciniz","7 KA 12558 BMC Porya icin stok, fiyat ve uyumluluk teyidi. Uygunluk adaylari: BMC Probus, BMC Profesyonel, BMC Fatih. OEM/SKU: 7 KA 12558. Stokta urun, hizli...","7 KA 12558 BMC Porya","BMC Probus Porya | BMC Probus 7 KA 12558 | 7 KA 12558 Porya | ESP.07.02 Porya | BMC Porya","https://www.frenciniz.com/urun/757/7-ka-12558-bmc-porya-ekersan","","1","10170.6"
"758","Porya","ESP.04.06","1818004, 1699327, 1691621","","","no","DAF Cf Xf Porya Ön","1818004 DAF Cf Xf Porya Ön","1818004 DAF Cf Xf Porya Ön | Frenciniz","1818004 DAF Cf Xf Porya Ön icin stok, fiyat ve uyumluluk teyidi. Uygunluk adaylari: DAF XF, DAF CF, DAF CF85. OEM/SKU: 1818004. Stokta urun, hizli kargo ve...","1818004 DAF Cf Xf Porya Ön","DAF XF Porya | DAF XF 1818004 | 1818004 Porya | ESP.04.06 Porya | DAF Cf Xf Porya Ön","https://www.frenciniz.com/urun/758/1818004-daf-cf-xf-porya-on-ekersan","","1","10777.8"
"759","Porya","ESP.03.11","1800283, 2290542","","","no","Scania P G R Porya ESP.03.11","1800283 Scania P G R Porya ESP.03.11","1800283 Scania P G R Porya ESP.03.11 | Frenciniz","1800283 Scania P G R Porya ESP.03.11 icin stok, fiyat ve uyumluluk teyidi. Uygunluk adaylari: Scania P/G/R serisi, Scania P serisi, Scania G420. OEM/SKU:...","1800283 Scania P G R Porya ESP.03.11","Scania P/G/R serisi Porya | Scania P/G/R serisi 1800283 | 1800283 Porya | ESP.03.11 Porya | Scania P G R Porya ESP.03.11","https://www.frenciniz.com/urun/759/1800283-scania-p-g-r-porya-esp-03-11-ekersan","","2","9259.8"
"760","Porya","ESP.03.03","1724790","","","no","Scania P G R Porya ESP.03.03","1724790 Scania P G R Porya ESP.03.03","1724790 Scania P G R Porya ESP.03.03 | Frenciniz","1724790 Scania P G R Porya ESP.03.03 icin stok, fiyat ve uyumluluk teyidi. Uygunluk adaylari: Scania P/G/R serisi, Scania P serisi, Scania G420. OEM/SKU:...","1724790 Scania P G R Porya ESP.03.03","Scania P/G/R serisi Porya | Scania P/G/R serisi 1724790 | 1724790 Porya | ESP.03.03 Porya | Scania P G R Porya ESP.03.03","https://www.frenciniz.com/urun/760/1724790-scania-p-g-r-porya-esp-03-03-ekersan","","1","9259.8"
"761","Porya","ESP.03.02","1800283 - 1382884","","","no","Scania P G R Porya ESP.03.02","1800283 Scania P G R Porya ESP.03.02","1800283 Scania P G R Porya ESP.03.02 | Frenciniz","1800283 Scania P G R Porya ESP.03.02 icin stok, fiyat ve uyumluluk teyidi. Uygunluk adaylari: Scania P/G/R serisi, Scania P serisi, Scania G420. OEM/SKU:...","1800283 Scania P G R Porya ESP.03.02","Scania P/G/R serisi Porya | Scania P/G/R serisi 1800283 | 1800283 Porya | ESP.03.02 Porya | Scania P G R Porya ESP.03.02","https://www.frenciniz.com/urun/761/1800283-scania-p-g-r-porya-esp-03-02-ekersan","","2","8956.2"
"762","Porya","ESP.02.27","81357006150, 81357006154, 8357006136, 81357010174","","","no","MAN Ford Cargo Krone Dorse Kögel Dorse Porya ESP.02.27","81357006150 MAN Ford Cargo Krone Dorse Kögel Dorse Porya ESP.02.27","81357006150 MAN Ford Cargo Krone Dorse Kögel Dorse Porya... | Frenciniz","81357006150 MAN Ford Cargo Krone Dorse Kögel Dorse Porya ESP.02.27 icin stok, fiyat ve uyumluluk teyidi. Uygunluk adaylari: Krone dorse, Kögel dorse, Schmitz...","81357006150 MAN Ford Cargo Krone Dorse Kögel Dorse Porya ESP.02.27","Dorse Porya | Dorse 81357006150 | 81357006150 Porya | ESP.02.27 Porya | MAN Ford Cargo Krone Dorse Kögel Dorse Porya ESP.02.27","https://www.frenciniz.com/urun/762/81357006150-man-ford-cargo-krone-dorse-kogel-dorse-porya-esp-02-27-ekersan","","1","8045.4"
"763","Porya","ESP.02.21","81443010182","","","no","Ford Cargo Krone Dorse Kögel Dorse Porya ESP.02.21","81443010182 Ford Cargo Krone Dorse Kögel Dorse Porya ESP.02.21","81443010182 Ford Cargo Krone Dorse Kögel Dorse Porya ESP.02.21 | Frenciniz","81443010182 Ford Cargo Krone Dorse Kögel Dorse Porya ESP.02.21 icin stok, fiyat ve uyumluluk teyidi. Uygunluk adaylari: Krone dorse, Kögel dorse, Schmitz...","81443010182 Ford Cargo Krone Dorse Kögel Dorse Porya ESP.02.21","Dorse Porya | Dorse 81443010182 | 81443010182 Porya | ESP.02.21 Porya | Ford Cargo Krone Dorse Kögel Dorse Porya ESP.02.21","https://www.frenciniz.com/urun/763/81443010182-ford-cargo-krone-dorse-kogel-dorse-porya-esp-02-21-ekersan","","1","4857.6"
"764","Porya","ESP.02.12","81443010146, 81443013146","","","no","MAN TGA TGS TGX TGM Porya Ön","81443010146 MAN TGA TGS TGX TGM Porya Ön","81443010146 MAN TGA TGS TGX TGM Porya Ön | Frenciniz","81443010146 MAN TGA TGS TGX TGM Porya Ön icin stok, fiyat ve uyumluluk teyidi. Uygunluk adaylari: MAN ağır vasıta, MAN TGA 18.430, MAN TGA 18.460. OEM/SKU:...","81443010146 MAN TGA TGS TGX TGM Porya Ön","MAN ağır vasıta Porya | MAN ağır vasıta 81443010146 | 81443010146 Porya | ESP.02.12 Porya | MAN TGA TGS TGX TGM Porya Ön","https://www.frenciniz.com/urun/764/81443010146-man-tga-tgs-tgx-tgm-porya-on-ekersan","","1","6679.2"
"765","Porya","ESP.02.10","81357010141","","","no","MAN Ford Cargo Krone Dorse Kögel Dorse Porya ESP.02.10","81357010141 MAN Ford Cargo Krone Dorse Kögel Dorse Porya ESP.02.10","81357010141 MAN Ford Cargo Krone Dorse Kögel Dorse Porya... | Frenciniz","81357010141 MAN Ford Cargo Krone Dorse Kögel Dorse Porya ESP.02.10 icin stok, fiyat ve uyumluluk teyidi. Uygunluk adaylari: Krone dorse, Kögel dorse, Schmitz...","81357010141 MAN Ford Cargo Krone Dorse Kögel Dorse Porya ESP.02.10","Dorse Porya | Dorse 81357010141 | 81357010141 Porya | ESP.02.10 Porya | MAN Ford Cargo Krone Dorse Kögel Dorse Porya ESP.02.10","https://www.frenciniz.com/urun/765/81357010141-man-ford-cargo-krone-dorse-kogel-dorse-porya-esp-02-10-ekersan","","1","9715.2"
"766","Porya","ESP.01.43.01","9753300544","","","no","Mercedes Atego Porya Ön","9753300544 Mercedes Atego Porya Ön","9753300544 Mercedes Atego Porya Ön | Frenciniz","9753300544 Mercedes Atego Porya Ön icin stok, fiyat ve uyumluluk teyidi. Uygunluk adaylari: Mercedes-Benz Atego, Atego 815, Atego 818. OEM/SKU: 9753300544....","9753300544 Mercedes Atego Porya Ön","Mercedes-Benz Atego Porya | Mercedes-Benz Atego 9753300544 | 9753300544 Porya | ESP.01.43.01 Porya | Mercedes Atego Porya Ön","https://www.frenciniz.com/urun/766/9753300544-mercedes-atego-porya-on-ekersan","","2","4098.6"
"767","Porya","ESP.01.39.01","9433340945","","","no","Mercedes Axor Porya Ön ESP.01.39.01","9433340945 Mercedes Axor Porya Ön ESP.01.39.01","9433340945 Mercedes Axor Porya Ön ESP.01.39.01 | Frenciniz","9433340945 Mercedes Axor Porya Ön ESP.01.39.01 icin stok, fiyat ve uyumluluk teyidi. Uygunluk adaylari: Mercedes-Benz Axor, Axor 1840, Axor 1843. OEM/SKU:...","9433340945 Mercedes Axor Porya Ön ESP.01.39.01","Mercedes-Benz Axor Porya | Mercedes-Benz Axor 9433340945 | 9433340945 Porya | ESP.01.39.01 Porya | Mercedes Axor Porya Ön ESP.01.39.01","https://www.frenciniz.com/urun/767/9433340945-mercedes-axor-porya-on-esp-01-39-01-ekersan","","14","5920.2"
"768","Porya","ESP.01.35","9463560401, 9463560501","","","no","Mercedes Axor Actros Porya ESP.01.35","9463560401 Mercedes Axor Actros Porya ESP.01.35","9463560401 Mercedes Axor Actros Porya ESP.01.35 | Frenciniz","9463560401 Mercedes Axor Actros Porya ESP.01.35 icin stok, fiyat ve uyumluluk teyidi. Uygunluk adaylari: Mercedes-Benz Actros, Mercedes-Benz Axor, Actros 1840....","9463560401 Mercedes Axor Actros Porya ESP.01.35","Mercedes-Benz Actros Porya | Mercedes-Benz Actros 9463560401 | 9463560401 Porya | ESP.01.35 Porya | Mercedes Axor Actros Porya ESP.01.35","https://www.frenciniz.com/urun/768/9463560401-mercedes-axor-actros-porya-esp-01-35-ekersan","","1","7893.6"
"769","Porya","ESP.01.27","9463560701","","","no","Mercedes Axor Actros Porya ESP.01.27","9463560701 Mercedes Axor Actros Porya ESP.01.27","9463560701 Mercedes Axor Actros Porya ESP.01.27 | Frenciniz","9463560701 Mercedes Axor Actros Porya ESP.01.27 icin stok, fiyat ve uyumluluk teyidi. Uygunluk adaylari: Mercedes-Benz Actros, Mercedes-Benz Axor, Actros 1840....","9463560701 Mercedes Axor Actros Porya ESP.01.27","Mercedes-Benz Actros Porya | Mercedes-Benz Actros 9463560701 | 9463560701 Porya | ESP.01.27 Porya | Mercedes Axor Actros Porya ESP.01.27","https://www.frenciniz.com/urun/769/9463560701-mercedes-axor-actros-porya-esp-01-27-ekersan","","1","11536.8"
"770","Porya","ESP.01.02","9423341201, 9423340701, 9423341501, 9423340201","","","no","Mercedes Axor Porya Ön ESP.01.02","9423341201 Mercedes Axor Porya Ön ESP.01.02","9423341201 Mercedes Axor Porya Ön ESP.01.02 | Frenciniz","9423341201 Mercedes Axor Porya Ön ESP.01.02 icin stok, fiyat ve uyumluluk teyidi. Uygunluk adaylari: Mercedes-Benz Axor, Mercedes-Benz Axor 1840, Axor 1840....","9423341201 Mercedes Axor Porya Ön ESP.01.02","Mercedes-Benz Axor Porya | Mercedes-Benz Axor 9423341201 | 9423341201 Porya | ESP.01.02 Porya | Mercedes Axor Porya Ön ESP.01.02","https://www.frenciniz.com/urun/770/9423341201-mercedes-axor-porya-on-esp-01-02-ekersan","","2","8349"
"771","Fren Pabucu","H-24328","(A) A4","","","no","Ford Cargo BPW Dorse Krone Dorse Kögel Dorse Fren Pabucu H-24328","(A) A4 Ford Cargo BPW Dorse Krone Dorse Kögel Dorse Fren Pabucu H-24328","(A) A4 Ford Cargo BPW Dorse Krone Dorse Kögel Dorse Fren... | Frenciniz","(A) A4 Ford Cargo BPW Dorse Krone Dorse Kögel Dorse Fren Pabucu H-24328 icin stok, fiyat ve uyumluluk teyidi. Uygunluk adaylari: BPW dorse dingili, BPW ECOPlus...","(A) A4 Ford Cargo BPW Dorse Krone Dorse Kögel Dorse Fren Pabucu H-24328","BPW dorse dingili Fren Pabucu | BPW dorse dingili (A) A4 | (A) A4 Fren Pabucu | H-24328 Fren Pabucu | Ford Cargo BPW Dorse Krone Dorse Kögel Dorse Fren Pabucu H-24328","https://www.frenciniz.com/urun/771/a-a4-ford-cargo-bpw-dorse-krone-dorse-kogel-dorse-fren-pabucu-h-24328-ekersan","","382","42.24"
"772","Fren Pabucu","H-24327","(A) A4","","","no","Ford Cargo BPW Dorse Krone Dorse Kögel Dorse Fren Pabucu H-24327","(A) A4 Ford Cargo BPW Dorse Krone Dorse Kögel Dorse Fren Pabucu H-24327","(A) A4 Ford Cargo BPW Dorse Krone Dorse Kögel Dorse Fren... | Frenciniz","(A) A4 Ford Cargo BPW Dorse Krone Dorse Kögel Dorse Fren Pabucu H-24327 icin stok, fiyat ve uyumluluk teyidi. Uygunluk adaylari: BPW dorse dingili, BPW ECOPlus...","(A) A4 Ford Cargo BPW Dorse Krone Dorse Kögel Dorse Fren Pabucu H-24327","BPW dorse dingili Fren Pabucu | BPW dorse dingili (A) A4 | (A) A4 Fren Pabucu | H-24327 Fren Pabucu | Ford Cargo BPW Dorse Krone Dorse Kögel Dorse Fren Pabucu H-24327","https://www.frenciniz.com/urun/772/a-a4-ford-cargo-bpw-dorse-krone-dorse-kogel-dorse-fren-pabucu-h-24327-ekersan","","389","42.24"
"773","Somun / Cıvata","EYD 92 04","","","","no","Ford Cargo SAF Dorse Krone Dorse Kögel Dorse Bijon Somunu Sağ EYD 92 04","Ford Cargo SAF Dorse Krone Dorse Kögel Dorse Bijon Somunu Sağ EYD 92 04","Ford Cargo SAF Dorse Krone Dorse Kögel Dorse Bijon Somunu... | Frenciniz","Ford Cargo SAF Dorse Krone Dorse Kögel Dorse Bijon Somunu Sağ EYD 92 04 icin stok, fiyat ve uyumluluk teyidi. Uygunluk adaylari: SAF dorse dingili, SAF Holland...","Ford Cargo SAF Dorse Krone Dorse Kögel Dorse Bijon Somunu Sağ EYD 92 04","SAF dorse dingili Somun / Cıvata | SAF dorse dingili EYD 92 04 | EYD 92 04 Somun / Cıvata","https://www.frenciniz.com/urun/773/ford-cargo-saf-dorse-krone-dorse-kogel-dorse-bijon-somunu-sag-eyd-92-04-ekersan","","176","415.8"
"774","Somun / Cıvata","EYD 92 03","","","","no","Ford Cargo SAF Dorse Krone Dorse Kögel Dorse Bijon Somunu Sol EYD 92 03","Ford Cargo SAF Dorse Krone Dorse Kögel Dorse Bijon Somunu Sol EYD 92 03","Ford Cargo SAF Dorse Krone Dorse Kögel Dorse Bijon Somunu... | Frenciniz","Ford Cargo SAF Dorse Krone Dorse Kögel Dorse Bijon Somunu Sol EYD 92 03 icin stok, fiyat ve uyumluluk teyidi. Uygunluk adaylari: SAF dorse dingili, SAF Holland...","Ford Cargo SAF Dorse Krone Dorse Kögel Dorse Bijon Somunu Sol EYD 92 03","SAF dorse dingili Somun / Cıvata | SAF dorse dingili EYD 92 03 | EYD 92 03 Somun / Cıvata","https://www.frenciniz.com/urun/774/ford-cargo-saf-dorse-krone-dorse-kogel-dorse-bijon-somunu-sol-eyd-92-03-ekersan","","177","415.8"
"775","Somun / Cıvata","EYD 92 02","","","","no","Ford Cargo SAF Dorse Krone Dorse Kögel Dorse Bijon Somunu Sağ EYD 92 02","Ford Cargo SAF Dorse Krone Dorse Kögel Dorse Bijon Somunu Sağ EYD 92 02","Ford Cargo SAF Dorse Krone Dorse Kögel Dorse Bijon Somunu... | Frenciniz","Ford Cargo SAF Dorse Krone Dorse Kögel Dorse Bijon Somunu Sağ EYD 92 02 icin stok, fiyat ve uyumluluk teyidi. Uygunluk adaylari: SAF dorse dingili, SAF Holland...","Ford Cargo SAF Dorse Krone Dorse Kögel Dorse Bijon Somunu Sağ EYD 92 02","SAF dorse dingili Somun / Cıvata | SAF dorse dingili EYD 92 02 | EYD 92 02 Somun / Cıvata","https://www.frenciniz.com/urun/775/ford-cargo-saf-dorse-krone-dorse-kogel-dorse-bijon-somunu-sag-eyd-92-02-ekersan","","58","462"
"776","Somun / Cıvata","EYD 92 01","","","","no","Ford Cargo SAF Dorse Krone Dorse Kögel Dorse Bijon Somunu Sol EYD 92 01","Ford Cargo SAF Dorse Krone Dorse Kögel Dorse Bijon Somunu Sol EYD 92 01","Ford Cargo SAF Dorse Krone Dorse Kögel Dorse Bijon Somunu... | Frenciniz","Ford Cargo SAF Dorse Krone Dorse Kögel Dorse Bijon Somunu Sol EYD 92 01 icin stok, fiyat ve uyumluluk teyidi. Uygunluk adaylari: SAF dorse dingili, SAF Holland...","Ford Cargo SAF Dorse Krone Dorse Kögel Dorse Bijon Somunu Sol EYD 92 01","SAF dorse dingili Somun / Cıvata | SAF dorse dingili EYD 92 01 | EYD 92 01 Somun / Cıvata","https://www.frenciniz.com/urun/776/ford-cargo-saf-dorse-krone-dorse-kogel-dorse-bijon-somunu-sol-eyd-92-01-ekersan","","101","462"
"777","ABS Sensörü/Modülü/Kablo","EYD 91 27","1442300","","","no","Scania P G R Ford Cargo Krone Dorse ABS Sensörü ABS'li","1442300 Scania P G R Ford Cargo Krone Dorse ABS Sensörü ABS'li","1442300 Scania P G R Ford Cargo Krone Dorse ABS Sensörü ABS'li | Frenciniz","1442300 Scania P G R Ford Cargo Krone Dorse ABS Sensörü ABS'li icin stok, fiyat ve uyumluluk teyidi. Uygunluk adaylari: Scania P/G/R serisi, WABCO ABS/EBS...","1442300 Scania P G R Ford Cargo Krone Dorse ABS Sensörü ABS'li","Scania P/G/R serisi ABS Sensörü/Modülü/Kablo | Scania P/G/R serisi 1442300 | 1442300 ABS Sensörü/Modülü/Kablo | EYD 91 27 ABS Sensörü/Modülü/Kablo | Scania P G R Ford Cargo Krone Dorse ABS Sensörü ABS'li","https://www.frenciniz.com/urun/777/1442300-scania-p-g-r-ford-cargo-krone-dorse-abs-sensoru-abs-li-ekersan","","21","231"
"778","ABS Sensörü/Modülü/Kablo","EYD 91 23-1","9733561015","","","no","Mercedes Atego Ford Cargo Krone Dorse ABS Sensörü ABS'li Arka Y.M.","9733561015 Mercedes Atego Ford Cargo Krone Dorse ABS Sensörü ABS'li Arka Y.M.","9733561015 Mercedes Atego Ford Cargo Krone Dorse ABS... | Frenciniz","9733561015 Mercedes Atego Ford Cargo Krone Dorse ABS Sensörü ABS'li Arka Y.M. icin stok, fiyat ve uyumluluk teyidi. Uygunluk adaylari: Mercedes-Benz Atego, WABCO...","9733561015 Mercedes Atego Ford Cargo Krone Dorse ABS Sensörü ABS'li Arka Y.M.","Mercedes-Benz Atego ABS Sensörü/Modülü/Kablo | Mercedes-Benz Atego 9733561015 | 9733561015 ABS Sensörü/Modülü/Kablo | EYD 91 23-1 ABS Sensörü/Modülü/Kablo | Mercedes Atego Ford Cargo Krone Dorse ABS Sensörü ABS'li Arka Y.M.","https://www.frenciniz.com/urun/778/9733561015-mercedes-atego-ford-cargo-krone-dorse-abs-sensoru-abs-li-arka-y-m-ekersan","","3","330"
"779","ABS Sensörü/Modülü/Kablo","EYD 91 23","9703560415","","","no","Mercedes Atego Ford Cargo Krone Dorse ABS Sensörü ABS'li Arka","9703560415 Mercedes Atego Ford Cargo Krone Dorse ABS Sensörü ABS'li Arka","9703560415 Mercedes Atego Ford Cargo Krone Dorse ABS... | Frenciniz","9703560415 Mercedes Atego Ford Cargo Krone Dorse ABS Sensörü ABS'li Arka icin stok, fiyat ve uyumluluk teyidi. Uygunluk adaylari: Mercedes-Benz Atego, WABCO...","9703560415 Mercedes Atego Ford Cargo Krone Dorse ABS Sensörü ABS'li Arka","Mercedes-Benz Atego ABS Sensörü/Modülü/Kablo | Mercedes-Benz Atego 9703560415 | 9703560415 ABS Sensörü/Modülü/Kablo | EYD 91 23 ABS Sensörü/Modülü/Kablo | Mercedes Atego Ford Cargo Krone Dorse ABS Sensörü ABS'li Arka","https://www.frenciniz.com/urun/779/9703560415-mercedes-atego-ford-cargo-krone-dorse-abs-sensoru-abs-li-arka-ekersan","","5","303.6"
"780","ABS Sensörü/Modülü/Kablo","EYD 91 19","","","","no","Ford Cargo Krone Dorse Kögel Dorse ABS Sensörü ABS'li EYD 91 19","Ford Cargo Krone Dorse Kögel Dorse ABS Sensörü ABS'li EYD 91 19","Ford Cargo Krone Dorse Kögel Dorse ABS Sensörü ABS'li EYD... | Frenciniz","Ford Cargo Krone Dorse Kögel Dorse ABS Sensörü ABS'li EYD 91 19 icin stok, fiyat ve uyumluluk teyidi. Uygunluk adaylari: Dorse / treyler, Ağır vasıta dorse...","Ford Cargo Krone Dorse Kögel Dorse ABS Sensörü ABS'li EYD 91 19","Dorse / treyler ABS Sensörü/Modülü/Kablo | Dorse / treyler EYD 91 19 | EYD 91 19 ABS Sensörü/Modülü/Kablo","https://www.frenciniz.com/urun/780/ford-cargo-krone-dorse-kogel-dorse-abs-sensoru-abs-li-eyd-91-19-ekersan","","27","481.8"
"781","ABS Sensörü/Modülü/Kablo","EYD 91 18","","","","no","Ford Cargo Krone Dorse Kögel Dorse ABS Sensörü ABS'li EYD 91 18","Ford Cargo Krone Dorse Kögel Dorse ABS Sensörü ABS'li EYD 91 18","Ford Cargo Krone Dorse Kögel Dorse ABS Sensörü ABS'li EYD... | Frenciniz","Ford Cargo Krone Dorse Kögel Dorse ABS Sensörü ABS'li EYD 91 18 icin stok, fiyat ve uyumluluk teyidi. Uygunluk adaylari: Dorse / treyler, Ağır vasıta dorse...","Ford Cargo Krone Dorse Kögel Dorse ABS Sensörü ABS'li EYD 91 18","Dorse / treyler ABS Sensörü/Modülü/Kablo | Dorse / treyler EYD 91 18 | EYD 91 18 ABS Sensörü/Modülü/Kablo","https://www.frenciniz.com/urun/781/ford-cargo-krone-dorse-kogel-dorse-abs-sensoru-abs-li-eyd-91-18-ekersan","","34","481.8"
"782","ABS Sensörü/Modülü/Kablo","EYD 91 15","20424109","","","no","Renault Premium Magnum Kerax Midlum D Serisi ABS Sensörü ABS'li Arka","20424109 Renault Premium Magnum Kerax Midlum D Serisi ABS Sensörü ABS'li Arka","20424109 Renault Premium Magnum Kerax Midlum D Serisi ABS... | Frenciniz","20424109 Renault Premium Magnum Kerax Midlum D Serisi ABS Sensörü ABS'li Arka icin stok, fiyat ve uyumluluk teyidi. Uygunluk adaylari: Volvo FH, Volvo FH12...","20424109 Renault Premium Magnum Kerax Midlum D Serisi ABS Sensörü ABS'li Arka","Volvo FH ABS Sensörü/Modülü/Kablo | Volvo FH 20424109 | 20424109 ABS Sensörü/Modülü/Kablo | EYD 91 15 ABS Sensörü/Modülü/Kablo | Renault Premium Magnum Kerax Midlum D Serisi ABS Sensörü ABS'li Arka","https://www.frenciniz.com/urun/782/20424109-renault-premium-magnum-kerax-midlum-d-serisi-abs-sensoru-abs-li-arka-ekersan","","159","475.2"
"783","ABS Sensörü/Modülü/Kablo","EYD 91 14","20392016","","","no","Renault Premium Magnum Kerax Midlum D Serisi ABS Sensörü ABS'li Ön","20392016 Renault Premium Magnum Kerax Midlum D Serisi ABS Sensörü ABS'li Ön","20392016 Renault Premium Magnum Kerax Midlum D Serisi ABS... | Frenciniz","20392016 Renault Premium Magnum Kerax Midlum D Serisi ABS Sensörü ABS'li Ön icin stok, fiyat ve uyumluluk teyidi. Uygunluk adaylari: Volvo FH, Volvo FH12, Volvo...","20392016 Renault Premium Magnum Kerax Midlum D Serisi ABS Sensörü ABS'li Ön","Volvo FH ABS Sensörü/Modülü/Kablo | Volvo FH 20392016 | 20392016 ABS Sensörü/Modülü/Kablo | EYD 91 14 ABS Sensörü/Modülü/Kablo | Renault Premium Magnum Kerax Midlum D Serisi ABS Sensörü ABS'li Ön","https://www.frenciniz.com/urun/783/20392016-renault-premium-magnum-kerax-midlum-d-serisi-abs-sensoru-abs-li-on-ekersan","","16","415.8"
"784","ABS Sensörü/Modülü/Kablo","EYD 91 13","","","","no","Ford Cargo Krone Dorse Kögel Dorse ABS Sensörü ABS'li Arka","EYD 91 13 Ford Cargo Krone Dorse Kögel Dorse ABS Sensörü ABS'li Arka","EYD 91 13 Ford Cargo Krone Dorse Kögel Dorse ABS Sensörü... | Frenciniz","EYD 91 13 Ford Cargo Krone Dorse Kögel Dorse ABS Sensörü ABS'li Arka icin stok, fiyat ve uyumluluk teyidi. Uygunluk adaylari: Ford Cargo, WABCO ABS/EBS sistemi...","EYD 91 13 Ford Cargo Krone Dorse Kögel Dorse ABS Sensörü ABS'li Arka","Ford Cargo ABS Sensörü/Modülü/Kablo | Ford Cargo EYD 91 13 | EYD 91 13 ABS Sensörü/Modülü/Kablo | Ford Cargo Krone Dorse Kögel Dorse ABS Sensörü ABS'li Arka","https://www.frenciniz.com/urun/784/eyd-91-13-ford-cargo-krone-dorse-kogel-dorse-abs-sensoru-abs-li-arka-ekersan","","50","871.2"
"785","ABS Sensörü/Modülü/Kablo","EYD 91 11","4029106300","","","no","Ford Cargo SAF Dorse Krone Dorse Kögel Dorse ABS Sensörü ABS'li EYD 91 11","4029106300 Ford Cargo SAF Dorse Krone Dorse Kögel Dorse ABS Sensörü ABS'li EYD 91 11","4029106300 Ford Cargo SAF Dorse Krone Dorse Kögel Dorse... | Frenciniz","4029106300 Ford Cargo SAF Dorse Krone Dorse Kögel Dorse ABS Sensörü ABS'li EYD 91 11 icin stok, fiyat ve uyumluluk teyidi. Uygunluk adaylari: SAF dorse dingili...","4029106300 Ford Cargo SAF Dorse Krone Dorse Kögel Dorse ABS Sensörü ABS'li EYD 91 11","SAF dorse dingili ABS Sensörü/Modülü/Kablo | SAF dorse dingili 4029106300 | 4029106300 ABS Sensörü/Modülü/Kablo | EYD 91 11 ABS Sensörü/Modülü/Kablo | Ford Cargo SAF Dorse Krone Dorse Kögel Dorse ABS Sensörü ABS'li EYD 91 11","https://www.frenciniz.com/urun/785/4029106300-ford-cargo-saf-dorse-krone-dorse-kogel-dorse-abs-sensoru-abs-li-eyd-91-11-ekersan","","65","217.8"
"786","ABS Sensörü/Modülü/Kablo","EYD 91 10-1","9423560515","","","no","Mercedes Axor Ford Cargo Krone Dorse ABS Sensörü ABS'li Arka","9423560515 Mercedes Axor Ford Cargo Krone Dorse ABS Sensörü ABS'li Arka","9423560515 Mercedes Axor Ford Cargo Krone Dorse ABS... | Frenciniz","9423560515 Mercedes Axor Ford Cargo Krone Dorse ABS Sensörü ABS'li Arka icin stok, fiyat ve uyumluluk teyidi. Uygunluk adaylari: Mercedes-Benz Axor, WABCO...","9423560515 Mercedes Axor Ford Cargo Krone Dorse ABS Sensörü ABS'li Arka","Mercedes-Benz Axor ABS Sensörü/Modülü/Kablo | Mercedes-Benz Axor 9423560515 | 9423560515 ABS Sensörü/Modülü/Kablo | EYD 91 10-1 ABS Sensörü/Modülü/Kablo | Mercedes Axor Ford Cargo Krone Dorse ABS Sensörü ABS'li Arka","https://www.frenciniz.com/urun/786/9423560515-mercedes-axor-ford-cargo-krone-dorse-abs-sensoru-abs-li-arka-ekersan","","50","303.6"
"787","ABS Sensörü/Modülü/Kablo","EYD 91 10","9423560715","","","no","Mercedes Axor Ford Cargo Krone Dorse ABS Sensörü ABS'li Arka E.M.","9423560715 Mercedes Axor Ford Cargo Krone Dorse ABS Sensörü ABS'li Arka E.M.","9423560715 Mercedes Axor Ford Cargo Krone Dorse ABS... | Frenciniz","9423560715 Mercedes Axor Ford Cargo Krone Dorse ABS Sensörü ABS'li Arka E.M. icin stok, fiyat ve uyumluluk teyidi. Uygunluk adaylari: Mercedes-Benz Axor, WABCO...","9423560715 Mercedes Axor Ford Cargo Krone Dorse ABS Sensörü ABS'li Arka E.M.","Mercedes-Benz Axor ABS Sensörü/Modülü/Kablo | Mercedes-Benz Axor 9423560715 | 9423560715 ABS Sensörü/Modülü/Kablo | EYD 91 10 ABS Sensörü/Modülü/Kablo | Mercedes Axor Ford Cargo Krone Dorse ABS Sensörü ABS'li Arka E.M.","https://www.frenciniz.com/urun/787/9423560715-mercedes-axor-ford-cargo-krone-dorse-abs-sensoru-abs-li-arka-e-m-ekersan","","293","303.6"
"788","ABS Sensörü/Modülü/Kablo","EYD 91 09-1","9433340115","","","no","Mercedes Axor Ford Cargo Krone Dorse ABS Sensörü ABS'li Y.M.","9433340115 Mercedes Axor Ford Cargo Krone Dorse ABS Sensörü ABS'li Y.M.","9433340115 Mercedes Axor Ford Cargo Krone Dorse ABS... | Frenciniz","9433340115 Mercedes Axor Ford Cargo Krone Dorse ABS Sensörü ABS'li Y.M. icin stok, fiyat ve uyumluluk teyidi. Uygunluk adaylari: Mercedes-Benz Axor, WABCO...","9433340115 Mercedes Axor Ford Cargo Krone Dorse ABS Sensörü ABS'li Y.M.","Mercedes-Benz Axor ABS Sensörü/Modülü/Kablo | Mercedes-Benz Axor 9433340115 | 9433340115 ABS Sensörü/Modülü/Kablo | EYD 91 09-1 ABS Sensörü/Modülü/Kablo | Mercedes Axor Ford Cargo Krone Dorse ABS Sensörü ABS'li Y.M.","https://www.frenciniz.com/urun/788/9433340115-mercedes-axor-ford-cargo-krone-dorse-abs-sensoru-abs-li-y-m-ekersan","","66","264"
"789","ABS Sensörü/Modülü/Kablo","EYD 91 06","1805821","","","no","Ford Cargo DAF Cf Xf Krone Dorse Kögel Dorse ABS Sensörü ABS'li","1805821 Ford Cargo DAF Cf Xf Krone Dorse Kögel Dorse ABS Sensörü ABS'li","1805821 Ford Cargo DAF Cf Xf Krone Dorse Kögel Dorse ABS... | Frenciniz","1805821 Ford Cargo DAF Cf Xf Krone Dorse Kögel Dorse ABS Sensörü ABS'li icin stok, fiyat ve uyumluluk teyidi. Uygunluk adaylari: DAF XF, DAF CF, WABCO ABS/EBS...","1805821 Ford Cargo DAF Cf Xf Krone Dorse Kögel Dorse ABS Sensörü ABS'li","DAF XF ABS Sensörü/Modülü/Kablo | DAF XF 1805821 | 1805821 ABS Sensörü/Modülü/Kablo | EYD 91 06 ABS Sensörü/Modülü/Kablo | Ford Cargo DAF Cf Xf Krone Dorse Kögel Dorse ABS Sensörü ABS'li","https://www.frenciniz.com/urun/789/1805821-ford-cargo-daf-cf-xf-krone-dorse-kogel-dorse-abs-sensoru-abs-li-ekersan","","79","217.8"
"790","ABS Sensörü/Modülü/Kablo","EYD 91 03","03.3100.84.41","","","no","Ford Cargo BPW Dorse Krone Dorse Kögel Dorse ABS Sensörü ABS'li Y.M.","03.3100.84.41 Ford Cargo BPW Dorse Krone Dorse Kögel Dorse ABS Sensörü ABS'li Y.M.","03.3100.84.41 Ford Cargo BPW Dorse Krone Dorse Kögel Dorse... | Frenciniz","03.3100.84.41 Ford Cargo BPW Dorse Krone Dorse Kögel Dorse ABS Sensörü ABS'li Y.M. icin stok, fiyat ve uyumluluk teyidi. Uygunluk adaylari: BPW dorse dingili...","03.3100.84.41 Ford Cargo BPW Dorse Krone Dorse Kögel Dorse ABS Sensörü ABS'li Y.M.","BPW dorse dingili ABS Sensörü/Modülü/Kablo | BPW dorse dingili 03.3100.84.41 | 03.3100.84.41 ABS Sensörü/Modülü/Kablo | EYD 91 03 ABS Sensörü/Modülü/Kablo | Ford Cargo BPW Dorse Krone Dorse Kögel Dorse ABS Sensörü ABS'li Y.M.","https://www.frenciniz.com/urun/790/03-3100-84-41-ford-cargo-bpw-dorse-krone-dorse-kogel-dorse-abs-sensoru-abs-li-y-m-ekersan","","35","303.6"
"791","Fren Diski","EYD 91 02","0331008510 - 0331008530","","","no","Ford Cargo BPW Dorse Krone Dorse Kögel Dorse Fren Diski ABS'li Y.M.","0331008510 Ford Cargo BPW Dorse Krone Dorse Kögel Dorse Fren Diski ABS'li Y.M.","0331008510 Ford Cargo BPW Dorse Krone Dorse Kögel Dorse... | Frenciniz","0331008510 Ford Cargo BPW Dorse Krone Dorse Kögel Dorse Fren Diski ABS'li Y.M. icin stok, fiyat ve uyumluluk teyidi. Uygunluk adaylari: BPW dorse dingili, BPW...","0331008510 Ford Cargo BPW Dorse Krone Dorse Kögel Dorse Fren Diski ABS'li Y.M.","BPW dorse dingili Fren Diski | BPW dorse dingili 0331008510 | 0331008510 Fren Diski | EYD 91 02 Fren Diski | Ford Cargo BPW Dorse Krone Dorse Kögel Dorse Fren Diski ABS'li Y.M.","https://www.frenciniz.com/urun/791/0331008510-ford-cargo-bpw-dorse-krone-dorse-kogel-dorse-fren-diski-abs-li-y-m-ekersan","","70","264"
"792","ABS Sensörü/Modülü/Kablo","EYD 91 01","0331008530S","","","no","Ford Cargo BPW Dorse Krone Dorse Kögel Dorse ABS Sensörü ABS'li","0331008530S Ford Cargo BPW Dorse Krone Dorse Kögel Dorse ABS Sensörü ABS'li","0331008530S Ford Cargo BPW Dorse Krone Dorse Kögel Dorse... | Frenciniz","0331008530S Ford Cargo BPW Dorse Krone Dorse Kögel Dorse ABS Sensörü ABS'li icin stok, fiyat ve uyumluluk teyidi. Uygunluk adaylari: BPW dorse dingili, BPW...","0331008530S Ford Cargo BPW Dorse Krone Dorse Kögel Dorse ABS Sensörü ABS'li","BPW dorse dingili ABS Sensörü/Modülü/Kablo | BPW dorse dingili 0331008530S | 0331008530S ABS Sensörü/Modülü/Kablo | EYD 91 01 ABS Sensörü/Modülü/Kablo | Ford Cargo BPW Dorse Krone Dorse Kögel Dorse ABS Sensörü ABS'li","https://www.frenciniz.com/urun/792/0331008530s-ford-cargo-bpw-dorse-krone-dorse-kogel-dorse-abs-sensoru-abs-li-ekersan","","155","488.4"
"793","Fren Pabucu","EYD 80 26","","","","no","Ford Cargo SAF Dorse Krone Dorse Kögel Dorse Fren Pabucu 18 cm E.M.","EYD 80 26 Ford Cargo SAF Dorse Krone Dorse Kögel Dorse Fren Pabucu 18 cm E.M.","EYD 80 26 Ford Cargo SAF Dorse Krone Dorse Kögel Dorse... | Frenciniz","EYD 80 26 Ford Cargo SAF Dorse Krone Dorse Kögel Dorse Fren Pabucu 18 cm E.M. icin stok, fiyat ve uyumluluk teyidi. Uygunluk adaylari: SAF dorse dingili, SAF...","EYD 80 26 Ford Cargo SAF Dorse Krone Dorse Kögel Dorse Fren Pabucu 18 cm E.M.","SAF dorse dingili Fren Pabucu | SAF dorse dingili EYD 80 26 | EYD 80 26 Fren Pabucu | Ford Cargo SAF Dorse Krone Dorse Kögel Dorse Fren Pabucu 18 cm E.M.","https://www.frenciniz.com/urun/793/eyd-80-26-ford-cargo-saf-dorse-krone-dorse-kogel-dorse-fren-pabucu-18-cm-e-m-ekersan","","104","1056"
"794","Fren Pabucu","EYD 80 24","(A) D3","","","no","Ford Cargo BPW Dorse Krone Dorse Kögel Dorse Fren Pabucu 20 cm EYD 80 24","(A) D3 Ford Cargo BPW Dorse Krone Dorse Kögel Dorse Fren Pabucu 20 cm EYD 80 24","(A) D3 Ford Cargo BPW Dorse Krone Dorse Kögel Dorse Fren... | Frenciniz","(A) D3 Ford Cargo BPW Dorse Krone Dorse Kögel Dorse Fren Pabucu 20 cm EYD 80 24 icin stok, fiyat ve uyumluluk teyidi. Uygunluk adaylari: BPW dorse dingili, BPW...","(A) D3 Ford Cargo BPW Dorse Krone Dorse Kögel Dorse Fren Pabucu 20 cm EYD 80 24","BPW dorse dingili Fren Pabucu | BPW dorse dingili (A) D3 | (A) D3 Fren Pabucu | EYD 80 24 Fren Pabucu | Ford Cargo BPW Dorse Krone Dorse Kögel Dorse Fren Pabucu 20 cm EYD 80 24","https://www.frenciniz.com/urun/794/a-d3-ford-cargo-bpw-dorse-krone-dorse-kogel-dorse-fren-pabucu-20-cm-eyd-80-24-ekersan","","26","1287"
"795","Fren Pabucu","EYD 80 07","(A) G4 - 3054.0120.00","","","no","Ford Cargo SAF Dorse Krone Dorse Kögel Dorse Fren Pabucu 18 cm","(A) G4 Ford Cargo SAF Dorse Krone Dorse Kögel Dorse Fren Pabucu 18 cm","(A) G4 Ford Cargo SAF Dorse Krone Dorse Kögel Dorse Fren... | Frenciniz","(A) G4 Ford Cargo SAF Dorse Krone Dorse Kögel Dorse Fren Pabucu 18 cm icin stok, fiyat ve uyumluluk teyidi. Uygunluk adaylari: SAF dorse dingili, SAF Holland...","(A) G4 Ford Cargo SAF Dorse Krone Dorse Kögel Dorse Fren Pabucu 18 cm","SAF dorse dingili Fren Pabucu | SAF dorse dingili (A) G4 | (A) G4 Fren Pabucu | EYD 80 07 Fren Pabucu | Ford Cargo SAF Dorse Krone Dorse Kögel Dorse Fren Pabucu 18 cm","https://www.frenciniz.com/urun/795/a-g4-ford-cargo-saf-dorse-krone-dorse-kogel-dorse-fren-pabucu-18-cm-ekersan","","30","1518"
"796","Fren Pabucu","EYD 80 06","6504773","","","no","Ford Cargo Krone Dorse Kögel Dorse Fren Pabucu 18 cm","6504773 Ford Cargo Krone Dorse Kögel Dorse Fren Pabucu 18 cm","6504773 Ford Cargo Krone Dorse Kögel Dorse Fren Pabucu 18 cm | Frenciniz","6504773 Ford Cargo Krone Dorse Kögel Dorse Fren Pabucu 18 cm icin stok, fiyat ve uyumluluk teyidi. Uygunluk adaylari: Dorse / treyler, Ağır vasıta dorse dingili...","6504773 Ford Cargo Krone Dorse Kögel Dorse Fren Pabucu 18 cm","Dorse / treyler Fren Pabucu | Dorse / treyler 6504773 | 6504773 Fren Pabucu | EYD 80 06 Fren Pabucu | Ford Cargo Krone Dorse Kögel Dorse Fren Pabucu 18 cm","https://www.frenciniz.com/urun/796/6504773-ford-cargo-krone-dorse-kogel-dorse-fren-pabucu-18-cm-ekersan","","20","1221"
"797","Fren Pabucu","EYD 80 05","","","","no","Ford Cargo Krone Dorse Kögel Dorse Fren Pabucu 20 cm","EYD 80 05 Ford Cargo Krone Dorse Kögel Dorse Fren Pabucu 20 cm","EYD 80 05 Ford Cargo Krone Dorse Kögel Dorse Fren Pabucu 20 cm | Frenciniz","EYD 80 05 Ford Cargo Krone Dorse Kögel Dorse Fren Pabucu 20 cm icin stok, fiyat ve uyumluluk teyidi. Uygunluk adaylari: Dorse / treyler, Ağır vasıta dorse...","EYD 80 05 Ford Cargo Krone Dorse Kögel Dorse Fren Pabucu 20 cm","Dorse / treyler Fren Pabucu | Dorse / treyler EYD 80 05 | EYD 80 05 Fren Pabucu | Ford Cargo Krone Dorse Kögel Dorse Fren Pabucu 20 cm","https://www.frenciniz.com/urun/797/eyd-80-05-ford-cargo-krone-dorse-kogel-dorse-fren-pabucu-20-cm-ekersan","","20","1221"
"798","Fren Pabucu","EYD 80 04-2","(A) G4","","","no","Ford Cargo BPW Dorse Krone Dorse Kögel Dorse Fren Pabucu 20 cm EYD 80 04-2","(A) G4 Ford Cargo BPW Dorse Krone Dorse Kögel Dorse Fren Pabucu 20 cm EYD 80 04-2","(A) G4 Ford Cargo BPW Dorse Krone Dorse Kögel Dorse Fren... | Frenciniz","(A) G4 Ford Cargo BPW Dorse Krone Dorse Kögel Dorse Fren Pabucu 20 cm EYD 80 04-2 icin stok, fiyat ve uyumluluk teyidi. Uygunluk adaylari: BPW dorse dingili, BPW...","(A) G4 Ford Cargo BPW Dorse Krone Dorse Kögel Dorse Fren Pabucu 20 cm EYD 80 04-2","BPW dorse dingili Fren Pabucu | BPW dorse dingili (A) G4 | (A) G4 Fren Pabucu | EYD 80 04-2 Fren Pabucu | Ford Cargo BPW Dorse Krone Dorse Kögel Dorse Fren Pabucu 20 cm EYD 80 04-2","https://www.frenciniz.com/urun/798/a-g4-ford-cargo-bpw-dorse-krone-dorse-kogel-dorse-fren-pabucu-20-cm-eyd-80-04-2-ekersan","","12","1683"
"799","Fren Pabucu","EYD 80 04-1","","","","no","Ford Cargo BPW Dorse Krone Dorse Kögel Dorse Fren Pabucu 18 cm EYD 80 04-1","Ford Cargo BPW Dorse Krone Dorse Kögel Dorse Fren Pabucu 18 cm EYD 80 04-1","Ford Cargo BPW Dorse Krone Dorse Kögel Dorse Fren Pabucu... | Frenciniz","Ford Cargo BPW Dorse Krone Dorse Kögel Dorse Fren Pabucu 18 cm EYD 80 04-1 icin stok, fiyat ve uyumluluk teyidi. Uygunluk adaylari: BPW dorse dingili, BPW...","Ford Cargo BPW Dorse Krone Dorse Kögel Dorse Fren Pabucu 18 cm EYD 80 04-1","BPW dorse dingili Fren Pabucu | BPW dorse dingili EYD 80 04-1 | EYD 80 04-1 Fren Pabucu","https://www.frenciniz.com/urun/799/ford-cargo-bpw-dorse-krone-dorse-kogel-dorse-fren-pabucu-18-cm-eyd-80-04-1-ekersan","","252","1683"
"800","Fren Pabucu","EYD 80 04","(A) F4 - 05.091.46.17.0","","","no","Ford Cargo BPW Dorse Krone Dorse Kögel Dorse Fren Pabucu 18 cm EYD 80 04","(A) F4 Ford Cargo BPW Dorse Krone Dorse Kögel Dorse Fren Pabucu 18 cm EYD 80 04","(A) F4 Ford Cargo BPW Dorse Krone Dorse Kögel Dorse Fren... | Frenciniz","(A) F4 Ford Cargo BPW Dorse Krone Dorse Kögel Dorse Fren Pabucu 18 cm EYD 80 04 icin stok, fiyat ve uyumluluk teyidi. Uygunluk adaylari: BPW dorse dingili, BPW...","(A) F4 Ford Cargo BPW Dorse Krone Dorse Kögel Dorse Fren Pabucu 18 cm EYD 80 04","BPW dorse dingili Fren Pabucu | BPW dorse dingili (A) F4 | (A) F4 Fren Pabucu | EYD 80 04 Fren Pabucu | Ford Cargo BPW Dorse Krone Dorse Kögel Dorse Fren Pabucu 18 cm EYD 80 04","https://www.frenciniz.com/urun/800/a-f4-ford-cargo-bpw-dorse-krone-dorse-kogel-dorse-fren-pabucu-18-cm-eyd-80-04-ekersan","","213","1141.8"
"801","Fren Pabucu","EYD 80 03","(A) H4 - 05.091.27.83.0","","","no","Ford Cargo BPW Dorse Krone Dorse Kögel Dorse Fren Pabucu 20 cm EYD 80 03","(A) H4 Ford Cargo BPW Dorse Krone Dorse Kögel Dorse Fren Pabucu 20 cm EYD 80 03","(A) H4 Ford Cargo BPW Dorse Krone Dorse Kögel Dorse Fren... | Frenciniz","(A) H4 Ford Cargo BPW Dorse Krone Dorse Kögel Dorse Fren Pabucu 20 cm EYD 80 03 icin stok, fiyat ve uyumluluk teyidi. Uygunluk adaylari: BPW dorse dingili, BPW...","(A) H4 Ford Cargo BPW Dorse Krone Dorse Kögel Dorse Fren Pabucu 20 cm EYD 80 03","BPW dorse dingili Fren Pabucu | BPW dorse dingili (A) H4 | (A) H4 Fren Pabucu | EYD 80 03 Fren Pabucu | Ford Cargo BPW Dorse Krone Dorse Kögel Dorse Fren Pabucu 20 cm EYD 80 03","https://www.frenciniz.com/urun/801/a-h4-ford-cargo-bpw-dorse-krone-dorse-kogel-dorse-fren-pabucu-20-cm-eyd-80-03-ekersan","","1521","1141.8"
"802","Porya","EYD 700 51","","","","no","Ford Cargo Krone Dorse Kögel Dorse Porya Kapağı EYD 700 51","Ford Cargo Krone Dorse Kögel Dorse Porya Kapağı EYD 700 51","Ford Cargo Krone Dorse Kögel Dorse Porya Kapağı EYD 700 51 | Frenciniz","Ford Cargo Krone Dorse Kögel Dorse Porya Kapağı EYD 700 51 icin stok, fiyat ve uyumluluk teyidi. Uygunluk adaylari: Yerel dorse dingil grubu, Dorse / treyler...","Ford Cargo Krone Dorse Kögel Dorse Porya Kapağı EYD 700 51","Yerel dorse dingil grubu Porya | Yerel dorse dingil grubu EYD 700 51 | EYD 700 51 Porya","https://www.frenciniz.com/urun/802/ford-cargo-krone-dorse-kogel-dorse-porya-kapagi-eyd-700-51-ekersan","","70","528"
"803","Porya","EYD 700 43-1","","","","no","Ford Cargo Krone Dorse Kögel Dorse Porya Kapağı EYD 700 43-1","Ford Cargo Krone Dorse Kögel Dorse Porya Kapağı EYD 700 43-1","Ford Cargo Krone Dorse Kögel Dorse Porya Kapağı EYD 700 43-1 | Frenciniz","Ford Cargo Krone Dorse Kögel Dorse Porya Kapağı EYD 700 43-1 icin stok, fiyat ve uyumluluk teyidi. Uygunluk adaylari: Yerel dorse dingil grubu, Dorse / treyler...","Ford Cargo Krone Dorse Kögel Dorse Porya Kapağı EYD 700 43-1","Yerel dorse dingil grubu Porya | Yerel dorse dingil grubu EYD 700 43-1 | EYD 700 43-1 Porya","https://www.frenciniz.com/urun/803/ford-cargo-krone-dorse-kogel-dorse-porya-kapagi-eyd-700-43-1-ekersan","","6","528"
"804","Porya","EYD 700 34","","","","no","Ford Cargo Krone Dorse Kögel Dorse Porya Kapağı EYD 700 34","Ford Cargo Krone Dorse Kögel Dorse Porya Kapağı EYD 700 34","Ford Cargo Krone Dorse Kögel Dorse Porya Kapağı EYD 700 34 | Frenciniz","Ford Cargo Krone Dorse Kögel Dorse Porya Kapağı EYD 700 34 icin stok, fiyat ve uyumluluk teyidi. Uygunluk adaylari: Yerel dorse dingil grubu, Dorse / treyler...","Ford Cargo Krone Dorse Kögel Dorse Porya Kapağı EYD 700 34","Yerel dorse dingil grubu Porya | Yerel dorse dingil grubu EYD 700 34 | EYD 700 34 Porya","https://www.frenciniz.com/urun/804/ford-cargo-krone-dorse-kogel-dorse-porya-kapagi-eyd-700-34-ekersan","","42","528"
"805","Porya","EYD 700 33","","","","no","Ford Cargo Krone Dorse Kögel Dorse Porya Kapağı EYD 700 33","Ford Cargo Krone Dorse Kögel Dorse Porya Kapağı EYD 700 33","Ford Cargo Krone Dorse Kögel Dorse Porya Kapağı EYD 700 33 | Frenciniz","Ford Cargo Krone Dorse Kögel Dorse Porya Kapağı EYD 700 33 icin stok, fiyat ve uyumluluk teyidi. Uygunluk adaylari: Yerel dorse dingil grubu, Dorse / treyler...","Ford Cargo Krone Dorse Kögel Dorse Porya Kapağı EYD 700 33","Yerel dorse dingil grubu Porya | Yerel dorse dingil grubu EYD 700 33 | EYD 700 33 Porya","https://www.frenciniz.com/urun/805/ford-cargo-krone-dorse-kogel-dorse-porya-kapagi-eyd-700-33-ekersan","","70","528"
"806","Porya","EYD 700 31","","","","no","Ford Cargo Krone Dorse Kögel Dorse Porya Kapağı EYD 700 31","Ford Cargo Krone Dorse Kögel Dorse Porya Kapağı EYD 700 31","Ford Cargo Krone Dorse Kögel Dorse Porya Kapağı EYD 700 31 | Frenciniz","Ford Cargo Krone Dorse Kögel Dorse Porya Kapağı EYD 700 31 icin stok, fiyat ve uyumluluk teyidi. Uygunluk adaylari: Yerel dorse dingil grubu, Dorse / treyler...","Ford Cargo Krone Dorse Kögel Dorse Porya Kapağı EYD 700 31","Yerel dorse dingil grubu Porya | Yerel dorse dingil grubu EYD 700 31 | EYD 700 31 Porya","https://www.frenciniz.com/urun/806/ford-cargo-krone-dorse-kogel-dorse-porya-kapagi-eyd-700-31-ekersan","","43","528"
"807","Porya","EYD 700 30","","","","no","Ford Cargo Krone Dorse Kögel Dorse Porya Kapağı EYD 700 30","Ford Cargo Krone Dorse Kögel Dorse Porya Kapağı EYD 700 30","Ford Cargo Krone Dorse Kögel Dorse Porya Kapağı EYD 700 30 | Frenciniz","Ford Cargo Krone Dorse Kögel Dorse Porya Kapağı EYD 700 30 icin stok, fiyat ve uyumluluk teyidi. Uygunluk adaylari: Dorse / treyler, Ağır vasıta dorse dingili...","Ford Cargo Krone Dorse Kögel Dorse Porya Kapağı EYD 700 30","Dorse / treyler Porya | Dorse / treyler EYD 700 30 | EYD 700 30 Porya","https://www.frenciniz.com/urun/807/ford-cargo-krone-dorse-kogel-dorse-porya-kapagi-eyd-700-30-ekersan","","42","528"
"808","Porya","EYD 700 28","","","","no","Ford Cargo Krone Dorse Kögel Dorse Porya Kapağı EYD 700 28","Ford Cargo Krone Dorse Kögel Dorse Porya Kapağı EYD 700 28","Ford Cargo Krone Dorse Kögel Dorse Porya Kapağı EYD 700 28 | Frenciniz","Ford Cargo Krone Dorse Kögel Dorse Porya Kapağı EYD 700 28 icin stok, fiyat ve uyumluluk teyidi. Uygunluk adaylari: Dorse / treyler, Ağır vasıta dorse dingili...","Ford Cargo Krone Dorse Kögel Dorse Porya Kapağı EYD 700 28","Dorse / treyler Porya | Dorse / treyler EYD 700 28 | EYD 700 28 Porya","https://www.frenciniz.com/urun/808/ford-cargo-krone-dorse-kogel-dorse-porya-kapagi-eyd-700-28-ekersan","","71","528"
"809","Porya","EYD 700 08","","","","no","Ford Cargo Krone Dorse Kögel Dorse Porya Kapağı EYD 700 08","Ford Cargo Krone Dorse Kögel Dorse Porya Kapağı EYD 700 08","Ford Cargo Krone Dorse Kögel Dorse Porya Kapağı EYD 700 08 | Frenciniz","Ford Cargo Krone Dorse Kögel Dorse Porya Kapağı EYD 700 08 icin stok, fiyat ve uyumluluk teyidi. Uygunluk adaylari: Yerel dorse dingil grubu, Dorse / treyler...","Ford Cargo Krone Dorse Kögel Dorse Porya Kapağı EYD 700 08","Yerel dorse dingil grubu Porya | Yerel dorse dingil grubu EYD 700 08 | EYD 700 08 Porya","https://www.frenciniz.com/urun/809/ford-cargo-krone-dorse-kogel-dorse-porya-kapagi-eyd-700-08-ekersan","","51","528"
"810","Porya","EYD 700 07","","","","no","Ford Cargo Krone Dorse Kögel Dorse Porya Kapağı EYD 700 07","Ford Cargo Krone Dorse Kögel Dorse Porya Kapağı EYD 700 07","Ford Cargo Krone Dorse Kögel Dorse Porya Kapağı EYD 700 07 | Frenciniz","Ford Cargo Krone Dorse Kögel Dorse Porya Kapağı EYD 700 07 icin stok, fiyat ve uyumluluk teyidi. Uygunluk adaylari: Dorse / treyler, Ağır vasıta dorse dingili...","Ford Cargo Krone Dorse Kögel Dorse Porya Kapağı EYD 700 07","Dorse / treyler Porya | Dorse / treyler EYD 700 07 | EYD 700 07 Porya","https://www.frenciniz.com/urun/810/ford-cargo-krone-dorse-kogel-dorse-porya-kapagi-eyd-700-07-ekersan","","124","528"
"811","Porya","EYD 700 06","","","","no","Ford Cargo Krone Dorse Kögel Dorse Porya Kapağı EYD 700 06","Ford Cargo Krone Dorse Kögel Dorse Porya Kapağı EYD 700 06","Ford Cargo Krone Dorse Kögel Dorse Porya Kapağı EYD 700 06 | Frenciniz","Ford Cargo Krone Dorse Kögel Dorse Porya Kapağı EYD 700 06 icin stok, fiyat ve uyumluluk teyidi. Uygunluk adaylari: Dorse / treyler, Ağır vasıta dorse dingili...","Ford Cargo Krone Dorse Kögel Dorse Porya Kapağı EYD 700 06","Dorse / treyler Porya | Dorse / treyler EYD 700 06 | EYD 700 06 Porya","https://www.frenciniz.com/urun/811/ford-cargo-krone-dorse-kogel-dorse-porya-kapagi-eyd-700-06-ekersan","","396","528"
"812","Porya","EYD 700 04","","","","no","Ford Cargo Krone Dorse Kögel Dorse Porya Kapağı EYD 700 04","Ford Cargo Krone Dorse Kögel Dorse Porya Kapağı EYD 700 04","Ford Cargo Krone Dorse Kögel Dorse Porya Kapağı EYD 700 04 | Frenciniz","Ford Cargo Krone Dorse Kögel Dorse Porya Kapağı EYD 700 04 icin stok, fiyat ve uyumluluk teyidi. Uygunluk adaylari: Yerel dorse dingil grubu, Dorse / treyler...","Ford Cargo Krone Dorse Kögel Dorse Porya Kapağı EYD 700 04","Yerel dorse dingil grubu Porya | Yerel dorse dingil grubu EYD 700 04 | EYD 700 04 Porya","https://www.frenciniz.com/urun/812/ford-cargo-krone-dorse-kogel-dorse-porya-kapagi-eyd-700-04-ekersan","","7","528"
"813","Porya","EYD 700 03","","","","no","Ford Cargo Krone Dorse Kögel Dorse Porya Kapağı EYD 700 03","Ford Cargo Krone Dorse Kögel Dorse Porya Kapağı EYD 700 03","Ford Cargo Krone Dorse Kögel Dorse Porya Kapağı EYD 700 03 | Frenciniz","Ford Cargo Krone Dorse Kögel Dorse Porya Kapağı EYD 700 03 icin stok, fiyat ve uyumluluk teyidi. Uygunluk adaylari: Yerel dorse dingil grubu, Dorse / treyler...","Ford Cargo Krone Dorse Kögel Dorse Porya Kapağı EYD 700 03","Yerel dorse dingil grubu Porya | Yerel dorse dingil grubu EYD 700 03 | EYD 700 03 Porya","https://www.frenciniz.com/urun/813/ford-cargo-krone-dorse-kogel-dorse-porya-kapagi-eyd-700-03-ekersan","","74","528"
"814","Yay","EYD 70 65","","","","no","Ford Cargo Krone Dorse Kögel Dorse Fren Yayı Özel","EYD 70 65 Ford Cargo Krone Dorse Kögel Dorse Fren Yayı Özel","EYD 70 65 Ford Cargo Krone Dorse Kögel Dorse Fren Yayı Özel | Frenciniz","EYD 70 65 Ford Cargo Krone Dorse Kögel Dorse Fren Yayı Özel icin stok, fiyat ve uyumluluk teyidi. Uygunluk adaylari: Dorse / treyler, Ağır vasıta dorse dingili...","EYD 70 65 Ford Cargo Krone Dorse Kögel Dorse Fren Yayı Özel","Dorse / treyler Yay | Dorse / treyler EYD 70 65 | EYD 70 65 Yay | Ford Cargo Krone Dorse Kögel Dorse Fren Yayı Özel","https://www.frenciniz.com/urun/814/eyd-70-65-ford-cargo-krone-dorse-kogel-dorse-fren-yayi-ozel-ekersan","","26","66"
"815","Yay","EYD 70 58","(A) B4","","","no","Isuzu NPR NQR Fren Yayı EYD 70 58","(A) B4 Dorse Yayi Isuzu NPR NQR Fren Yayı EYD 70 58","(A) B4 Dorse Yayi Isuzu NPR NQR Fren Yayı EYD 70 58 | Frenciniz","(A) B4 Dorse Yayi Isuzu NPR NQR Fren Yayı EYD 70 58 icin stok, fiyat ve uyumluluk teyidi. Uygunluk adaylari: Isuzu Novo, Isuzu NovoCiti Life, Isuzu CitiLife....","(A) B4 Dorse Yayi Isuzu NPR NQR Fren Yayı EYD 70 58","Isuzu Novo Yay | Isuzu Novo (A) B4 | (A) B4 Yay | EYD 70 58 Yay | Isuzu NPR NQR Fren Yayı EYD 70 58","https://www.frenciniz.com/urun/815/a-b4-dorse-yayi-isuzu-npr-nqr-fren-yayi-eyd-70-58-ekersan","","180","46.2"
"816","Yay","EYD 70 55","(A) B4","","","no","Isuzu NPR NQR Fren Yayı EYD 70 55","(A) B4 Dorse Yayi Isuzu NPR NQR Fren Yayı EYD 70 55","(A) B4 Dorse Yayi Isuzu NPR NQR Fren Yayı EYD 70 55 | Frenciniz","(A) B4 Dorse Yayi Isuzu NPR NQR Fren Yayı EYD 70 55 icin stok, fiyat ve uyumluluk teyidi. Uygunluk adaylari: Isuzu Novo, Isuzu NovoCiti Life, Isuzu CitiLife....","(A) B4 Dorse Yayi Isuzu NPR NQR Fren Yayı EYD 70 55","Isuzu Novo Yay | Isuzu Novo (A) B4 | (A) B4 Yay | EYD 70 55 Yay | Isuzu NPR NQR Fren Yayı EYD 70 55","https://www.frenciniz.com/urun/816/a-b4-dorse-yayi-isuzu-npr-nqr-fren-yayi-eyd-70-55-ekersan","","60","46.2"
"817","Yay","EYD 70 49","(A) B4","","","no","Isuzu NPR NQR Fren Yayı EYD 70 49","(A) B4 Dorse Yayi Isuzu NPR NQR Fren Yayı EYD 70 49","(A) B4 Dorse Yayi Isuzu NPR NQR Fren Yayı EYD 70 49 | Frenciniz","(A) B4 Dorse Yayi Isuzu NPR NQR Fren Yayı EYD 70 49 icin stok, fiyat ve uyumluluk teyidi. Uygunluk adaylari: Isuzu Novo, Isuzu NovoCiti Life, Isuzu CitiLife....","(A) B4 Dorse Yayi Isuzu NPR NQR Fren Yayı EYD 70 49","Isuzu Novo Yay | Isuzu Novo (A) B4 | (A) B4 Yay | EYD 70 49 Yay | Isuzu NPR NQR Fren Yayı EYD 70 49","https://www.frenciniz.com/urun/817/a-b4-dorse-yayi-isuzu-npr-nqr-fren-yayi-eyd-70-49-ekersan","","260","46.2"
"818","Yay","EYD 70 48","(A) B4","","","no","Isuzu NPR NQR Mitsubishi Canter Fuso Fren Yayı","(A) B4 Dorse Yayi Isuzu NPR NQR Mitsubishi Canter Fuso Fren Yayı","(A) B4 Dorse Yayi Isuzu NPR NQR Mitsubishi Canter Fuso... | Frenciniz","(A) B4 Dorse Yayi Isuzu NPR NQR Mitsubishi Canter Fuso Fren Yayı icin stok, fiyat ve uyumluluk teyidi. Uygunluk adaylari: Isuzu Novo, Isuzu NovoCiti Life, Isuzu...","(A) B4 Dorse Yayi Isuzu NPR NQR Mitsubishi Canter Fuso Fren Yayı","Isuzu Novo Yay | Isuzu Novo (A) B4 | (A) B4 Yay | EYD 70 48 Yay | Isuzu NPR NQR Mitsubishi Canter Fuso Fren Yayı","https://www.frenciniz.com/urun/818/a-b4-dorse-yayi-isuzu-npr-nqr-mitsubishi-canter-fuso-fren-yayi-ekersan","","420","46.2"
"819","Yay","EYD 70 22","","","","no","Ford Cargo Krone Dorse Kögel Dorse Fren Yayı EYD 70 22","Ford Cargo Krone Dorse Kögel Dorse Fren Yayı EYD 70 22","Ford Cargo Krone Dorse Kögel Dorse Fren Yayı EYD 70 22 | Frenciniz","Ford Cargo Krone Dorse Kögel Dorse Fren Yayı EYD 70 22 icin stok, fiyat ve uyumluluk teyidi. Uygunluk adaylari: Krone dorse, Kögel dorse, Schmitz Cargobull....","Ford Cargo Krone Dorse Kögel Dorse Fren Yayı EYD 70 22","Dorse Yay | Dorse EYD 70 22 | EYD 70 22 Yay","https://www.frenciniz.com/urun/819/ford-cargo-krone-dorse-kogel-dorse-fren-yayi-eyd-70-22-ekersan","","10","52.8"
"820","Yay","EYD 70 18","(A) C4","","","no","Ford Cargo Krone Dorse Kögel Dorse Fren Yayı EYD 70 18","(A) C4 Ford Cargo Krone Dorse Kögel Dorse Fren Yayı EYD 70 18","(A) C4 Ford Cargo Krone Dorse Kögel Dorse Fren Yayı EYD 70 18 | Frenciniz","(A) C4 Ford Cargo Krone Dorse Kögel Dorse Fren Yayı EYD 70 18 icin stok, fiyat ve uyumluluk teyidi. Uygunluk adaylari: Krone dorse, Kögel dorse, Schmitz...","(A) C4 Ford Cargo Krone Dorse Kögel Dorse Fren Yayı EYD 70 18","Dorse Yay | Dorse (A) C4 | (A) C4 Yay | EYD 70 18 Yay | Ford Cargo Krone Dorse Kögel Dorse Fren Yayı EYD 70 18","https://www.frenciniz.com/urun/820/a-c4-ford-cargo-krone-dorse-kogel-dorse-fren-yayi-eyd-70-18-ekersan","","40","52.8"
"821","Yay","EYD 70 12","(A) C4","","","no","Ford Cargo Krone Dorse Kögel Dorse Fren Yayı EYD 70 12","(A) C4 Ford Cargo Krone Dorse Kögel Dorse Fren Yayı EYD 70 12","(A) C4 Ford Cargo Krone Dorse Kögel Dorse Fren Yayı EYD 70 12 | Frenciniz","(A) C4 Ford Cargo Krone Dorse Kögel Dorse Fren Yayı EYD 70 12 icin stok, fiyat ve uyumluluk teyidi. Uygunluk adaylari: Dorse / treyler, Ağır vasıta dorse...","(A) C4 Ford Cargo Krone Dorse Kögel Dorse Fren Yayı EYD 70 12","Dorse / treyler Yay | Dorse / treyler (A) C4 | (A) C4 Yay | EYD 70 12 Yay | Ford Cargo Krone Dorse Kögel Dorse Fren Yayı EYD 70 12","https://www.frenciniz.com/urun/821/a-c4-ford-cargo-krone-dorse-kogel-dorse-fren-yayi-eyd-70-12-ekersan","","264","85.8"
"822","Yay","EYD 70 11","(A) B4","","","no","Volvo FH12 FM FL Fren Yayı Y.M.","(A) B4 Dorse Yayi Volvo FH12 FM FL Fren Yayı Y.M.","(A) B4 Dorse Yayi Volvo FH12 FM FL Fren Yayı Y.M. | Frenciniz","(A) B4 Dorse Yayi Volvo FH12 FM FL Fren Yayı Y.M. icin stok, fiyat ve uyumluluk teyidi. Uygunluk adaylari: Volvo FH, Volvo FH12, Volvo FM. OEM/SKU: (A) B4....","(A) B4 Dorse Yayi Volvo FH12 FM FL Fren Yayı Y.M.","Volvo FH Yay | Volvo FH (A) B4 | (A) B4 Yay | EYD 70 11 Yay | Volvo FH12 FM FL Fren Yayı Y.M.","https://www.frenciniz.com/urun/822/a-b4-dorse-yayi-volvo-fh12-fm-fl-fren-yayi-y-m-ekersan","","220","112.2"
"823","Yay","EYD 70 10-1","","","","no","Renault Premium Magnum Kerax Midlum D Serisi Fren Yayı EYD 70 10-1","Dorse Yayi Renault Premium Magnum Kerax Midlum D Serisi Fren Yayı EYD 70 10-1","Dorse Yayi Renault Premium Magnum Kerax Midlum D Serisi... | Frenciniz","Dorse Yayi Renault Premium Magnum Kerax Midlum D Serisi Fren Yayı EYD 70 10-1 icin stok, fiyat ve uyumluluk teyidi. Uygunluk adaylari: Renault Trucks Premium...","Dorse Yayi Renault Premium Magnum Kerax Midlum D Serisi Fren Yayı EYD 70 10-1","Renault Trucks Premium Yay | Renault Trucks Premium EYD 70 10-1 | EYD 70 10-1 Yay | Renault Premium Magnum Kerax Midlum D Serisi Fren Yayı EYD 70 10-1","https://www.frenciniz.com/urun/823/dorse-yayi-renault-premium-magnum-kerax-midlum-d-serisi-fren-yayi-eyd-70-10-1-ekersan","","65","99"
"824","Yay","EYD 70 10","(A) B4","","","no","Renault Premium Magnum Kerax Midlum D Serisi Fren Yayı EYD 70 10","(A) B4 Dorse Yayi Renault Premium Magnum Kerax Midlum D Serisi Fren Yayı EYD 70 10","(A) B4 Dorse Yayi Renault Premium Magnum Kerax Midlum D... | Frenciniz","(A) B4 Dorse Yayi Renault Premium Magnum Kerax Midlum D Serisi Fren Yayı EYD 70 10 icin stok, fiyat ve uyumluluk teyidi. Uygunluk adaylari: Renault Trucks...","(A) B4 Dorse Yayi Renault Premium Magnum Kerax Midlum D Serisi Fren Yayı EYD 70 10","Renault Trucks Premium Yay | Renault Trucks Premium (A) B4 | (A) B4 Yay | EYD 70 10 Yay | Renault Premium Magnum Kerax Midlum D Serisi Fren Yayı EYD 70 10","https://www.frenciniz.com/urun/824/a-b4-dorse-yayi-renault-premium-magnum-kerax-midlum-d-serisi-fren-yayi-eyd-70-10-ekersan","","80","99"
"825","Yay","EYD 70 06","(A) B4","","","no","DAF Cf Xf Fren Yayı Arka","(A) B4 Dorse Yayi DAF Cf Xf Fren Yayı Arka","(A) B4 Dorse Yayi DAF Cf Xf Fren Yayı Arka | Frenciniz","(A) B4 Dorse Yayi DAF Cf Xf Fren Yayı Arka icin stok, fiyat ve uyumluluk teyidi. Uygunluk adaylari: DAF XF, DAF CF, DAF CF85. OEM/SKU: (A) B4. Stokta urun, hizli...","(A) B4 Dorse Yayi DAF Cf Xf Fren Yayı Arka","DAF XF Yay | DAF XF (A) B4 | (A) B4 Yay | EYD 70 06 Yay | DAF Cf Xf Fren Yayı Arka","https://www.frenciniz.com/urun/825/a-b4-dorse-yayi-daf-cf-xf-fren-yayi-arka-ekersan","","139","105.6"
"826","Yay","EYD 70 05","(A) A4","","","no","Ford Cargo Krone Dorse Kögel Dorse Fren Yayı 29 cm","(A) A4 Ford Cargo Krone Dorse Kögel Dorse Fren Yayı 29 cm","(A) A4 Ford Cargo Krone Dorse Kögel Dorse Fren Yayı 29 cm | Frenciniz","(A) A4 Ford Cargo Krone Dorse Kögel Dorse Fren Yayı 29 cm icin stok, fiyat ve uyumluluk teyidi. Uygunluk adaylari: Tırsan dorse, Tırsan treyler, Dorse / treyler....","(A) A4 Ford Cargo Krone Dorse Kögel Dorse Fren Yayı 29 cm","Tırsan dorse Yay | Tırsan dorse (A) A4 | (A) A4 Yay | EYD 70 05 Yay | Ford Cargo Krone Dorse Kögel Dorse Fren Yayı 29 cm","https://www.frenciniz.com/urun/826/a-a4-ford-cargo-krone-dorse-kogel-dorse-fren-yayi-29-cm-ekersan","","1480","85.8"
"827","Yay","EYD 70 04-2","(A) B4","","","no","Ford Cargo Krone Dorse Kögel Dorse Fren Yayı 28 cm","(A) B4 Ford Cargo Krone Dorse Kögel Dorse Fren Yayı 28 cm","(A) B4 Ford Cargo Krone Dorse Kögel Dorse Fren Yayı 28 cm | Frenciniz","(A) B4 Ford Cargo Krone Dorse Kögel Dorse Fren Yayı 28 cm icin stok, fiyat ve uyumluluk teyidi. Uygunluk adaylari: Tırsan dorse, Tırsan treyler, Dorse / treyler....","(A) B4 Ford Cargo Krone Dorse Kögel Dorse Fren Yayı 28 cm","Tırsan dorse Yay | Tırsan dorse (A) B4 | (A) B4 Yay | EYD 70 04-2 Yay | Ford Cargo Krone Dorse Kögel Dorse Fren Yayı 28 cm","https://www.frenciniz.com/urun/827/a-b4-ford-cargo-krone-dorse-kogel-dorse-fren-yayi-28-cm-ekersan","","184","85.8"
"828","Yay","EYD 70 04-1","(A) B4","","","no","Ford Cargo Krone Dorse Kögel Dorse Fren Yayı 27 cm","(A) B4 Ford Cargo Krone Dorse Kögel Dorse Fren Yayı 27 cm","(A) B4 Ford Cargo Krone Dorse Kögel Dorse Fren Yayı 27 cm | Frenciniz","(A) B4 Ford Cargo Krone Dorse Kögel Dorse Fren Yayı 27 cm icin stok, fiyat ve uyumluluk teyidi. Uygunluk adaylari: Tırsan dorse, Tırsan treyler, Dorse / treyler....","(A) B4 Ford Cargo Krone Dorse Kögel Dorse Fren Yayı 27 cm","Tırsan dorse Yay | Tırsan dorse (A) B4 | (A) B4 Yay | EYD 70 04-1 Yay | Ford Cargo Krone Dorse Kögel Dorse Fren Yayı 27 cm","https://www.frenciniz.com/urun/828/a-b4-ford-cargo-krone-dorse-kogel-dorse-fren-yayi-27-cm-ekersan","","973","85.8"
"829","Yay","EYD 70 04","(A) C4","","","no","Ford Cargo Krone Dorse Kögel Dorse Fren Yayı 25 cm","(A) C4 Ford Cargo Krone Dorse Kögel Dorse Fren Yayı 25 cm","(A) C4 Ford Cargo Krone Dorse Kögel Dorse Fren Yayı 25 cm | Frenciniz","(A) C4 Ford Cargo Krone Dorse Kögel Dorse Fren Yayı 25 cm icin stok, fiyat ve uyumluluk teyidi. Uygunluk adaylari: Tırsan dorse, Tırsan treyler, Dorse / treyler....","(A) C4 Ford Cargo Krone Dorse Kögel Dorse Fren Yayı 25 cm","Tırsan dorse Yay | Tırsan dorse (A) C4 | (A) C4 Yay | EYD 70 04 Yay | Ford Cargo Krone Dorse Kögel Dorse Fren Yayı 25 cm","https://www.frenciniz.com/urun/829/a-c4-ford-cargo-krone-dorse-kogel-dorse-fren-yayi-25-cm-ekersan","","22","85.8"
"830","Yay","EYD 70 03-1","(A) C4","","","no","Ford Cargo Krone Dorse Kögel Dorse Fren Yayı EYD 70 03-1","(A) C4 Ford Cargo Krone Dorse Kögel Dorse Fren Yayı EYD 70 03-1","(A) C4 Ford Cargo Krone Dorse Kögel Dorse Fren Yayı EYD 70... | Frenciniz","(A) C4 Ford Cargo Krone Dorse Kögel Dorse Fren Yayı EYD 70 03-1 icin stok, fiyat ve uyumluluk teyidi. Uygunluk adaylari: Krone dorse, Kögel dorse, Schmitz...","(A) C4 Ford Cargo Krone Dorse Kögel Dorse Fren Yayı EYD 70 03-1","Dorse Yay | Dorse (A) C4 | (A) C4 Yay | EYD 70 03-1 Yay | Ford Cargo Krone Dorse Kögel Dorse Fren Yayı EYD 70 03-1","https://www.frenciniz.com/urun/830/a-c4-ford-cargo-krone-dorse-kogel-dorse-fren-yayi-eyd-70-03-1-ekersan","","103","92.4"
"831","Yay","EYD 70 02","","","","no","Ford Cargo Krone Dorse Kögel Dorse Fren Yayı EYD 70 02","Ford Cargo Krone Dorse Kögel Dorse Fren Yayı EYD 70 02","Ford Cargo Krone Dorse Kögel Dorse Fren Yayı EYD 70 02 | Frenciniz","Ford Cargo Krone Dorse Kögel Dorse Fren Yayı EYD 70 02 icin stok, fiyat ve uyumluluk teyidi. Uygunluk adaylari: Dorse / treyler, Ağır vasıta dorse dingili, Krone...","Ford Cargo Krone Dorse Kögel Dorse Fren Yayı EYD 70 02","Dorse / treyler Yay | Dorse / treyler EYD 70 02 | EYD 70 02 Yay","https://www.frenciniz.com/urun/831/ford-cargo-krone-dorse-kogel-dorse-fren-yayi-eyd-70-02-ekersan","","351","85.8"
"832","Lastik","EYD 500 05-2-2","","","","no","Ford Cargo Krone Dorse Kögel Dorse Körük Lastiği İmdatlı Y.M.","EYD 500 05-2-2 Lastik Ford Cargo Krone Dorse Kögel Dorse Körük Lastiği İmdatlı Y.M.","EYD 500 05-2-2 Lastik Ford Cargo Krone Dorse Kögel Dorse... | Frenciniz","EYD 500 05-2-2 Lastik Ford Cargo Krone Dorse Kögel Dorse Körük Lastiği İmdatlı Y.M. icin stok, fiyat ve uyumluluk teyidi. Uygunluk adaylari: Disk fren imdatlı...","EYD 500 05-2-2 Lastik Ford Cargo Krone Dorse Kögel Dorse Körük Lastiği İmdatlı Y.M.","Disk fren imdatlı fren körüğü Lastik | Disk fren imdatlı fren körüğü EYD 500 05-2-2 | EYD 500 05-2-2 Lastik | Ford Cargo Krone Dorse Kögel Dorse Körük Lastiği İmdatlı Y.M.","https://www.frenciniz.com/urun/832/eyd-500-05-2-2-lastik-ford-cargo-krone-dorse-kogel-dorse-koruk-lastigi-imdatli-y-m-ekersan","","837","13.2"
"833","Lastik","EYD 500 05-2","","","","no","Ford Cargo Krone Dorse Kögel Dorse Körük Lastiği İmdatlı E.M.","EYD 500 05-2 Lastik Ford Cargo Krone Dorse Kögel Dorse Körük Lastiği İmdatlı E.M.","EYD 500 05-2 Lastik Ford Cargo Krone Dorse Kögel Dorse... | Frenciniz","EYD 500 05-2 Lastik Ford Cargo Krone Dorse Kögel Dorse Körük Lastiği İmdatlı E.M. icin stok, fiyat ve uyumluluk teyidi. Uygunluk adaylari: Disk fren imdatlı fren...","EYD 500 05-2 Lastik Ford Cargo Krone Dorse Kögel Dorse Körük Lastiği İmdatlı E.M.","Disk fren imdatlı fren körüğü Lastik | Disk fren imdatlı fren körüğü EYD 500 05-2 | EYD 500 05-2 Lastik | Ford Cargo Krone Dorse Kögel Dorse Körük Lastiği İmdatlı E.M.","https://www.frenciniz.com/urun/833/eyd-500-05-2-lastik-ford-cargo-krone-dorse-kogel-dorse-koruk-lastigi-imdatli-e-m-ekersan","","3080","13.2"
"834","Fren Pabucu","EYD 301 08","","","","no","Ford Cargo Krone Dorse Kögel Dorse Fren Pabucu 5 cm Makarası","EYD 301 08 Ford Cargo Krone Dorse Kögel Dorse Fren Pabucu 5 cm Makarası","EYD 301 08 Ford Cargo Krone Dorse Kögel Dorse Fren Pabucu... | Frenciniz","EYD 301 08 Ford Cargo Krone Dorse Kögel Dorse Fren Pabucu 5 cm Makarası icin stok, fiyat ve uyumluluk teyidi. Uygunluk adaylari: Dorse / treyler, Ağır vasıta...","EYD 301 08 Ford Cargo Krone Dorse Kögel Dorse Fren Pabucu 5 cm Makarası","Dorse / treyler Fren Pabucu | Dorse / treyler EYD 301 08 | EYD 301 08 Fren Pabucu | Ford Cargo Krone Dorse Kögel Dorse Fren Pabucu 5 cm Makarası","https://www.frenciniz.com/urun/834/eyd-301-08-ford-cargo-krone-dorse-kogel-dorse-fren-pabucu-5-cm-makarasi-ekersan","","2872","231"
"835","Fren Pabucu","EYD 300 34","","","","no","Ford Cargo Krone Dorse Kögel Dorse Fren Pabucu EYD 300 34","Ford Cargo Krone Dorse Kögel Dorse Fren Pabucu EYD 300 34","Ford Cargo Krone Dorse Kögel Dorse Fren Pabucu EYD 300 34 | Frenciniz","Ford Cargo Krone Dorse Kögel Dorse Fren Pabucu EYD 300 34 icin stok, fiyat ve uyumluluk teyidi. Uygunluk adaylari: Tır / çekici, Krone dorse, Kögel dorse....","Ford Cargo Krone Dorse Kögel Dorse Fren Pabucu EYD 300 34","Kamyon Fren Pabucu | Kamyon EYD 300 34 | EYD 300 34 Fren Pabucu","https://www.frenciniz.com/urun/835/ford-cargo-krone-dorse-kogel-dorse-fren-pabucu-eyd-300-34-ekersan","","286","3300"
"836","Fren Pabucu","EYD 300 12","(A) E3","","","no","Ford Cargo Krone Dorse Kögel Dorse Fren Pabucu 5 cm","(A) E3 Ford Cargo Krone Dorse Kögel Dorse Fren Pabucu 5 cm","(A) E3 Ford Cargo Krone Dorse Kögel Dorse Fren Pabucu 5 cm | Frenciniz","(A) E3 Ford Cargo Krone Dorse Kögel Dorse Fren Pabucu 5 cm icin stok, fiyat ve uyumluluk teyidi. Uygunluk adaylari: Tır / çekici, Krone dorse, Kögel dorse....","(A) E3 Ford Cargo Krone Dorse Kögel Dorse Fren Pabucu 5 cm","Kamyon Fren Pabucu | Kamyon (A) E3 | (A) E3 Fren Pabucu | EYD 300 12 Fren Pabucu | Ford Cargo Krone Dorse Kögel Dorse Fren Pabucu 5 cm","https://www.frenciniz.com/urun/836/a-e3-ford-cargo-krone-dorse-kogel-dorse-fren-pabucu-5-cm-ekersan","","1","2046"
"837","Burç / Muylu","EYD 300 03","","","","no","Ford Cargo Krone Dorse Kögel Dorse Burç Muylu E.M.","EYD 300 03 Ford Cargo Krone Dorse Kögel Dorse Burç Muylu E.M.","EYD 300 03 Ford Cargo Krone Dorse Kögel Dorse Burç Muylu E.M. | Frenciniz","EYD 300 03 Ford Cargo Krone Dorse Kögel Dorse Burç Muylu E.M. icin stok, fiyat ve uyumluluk teyidi. Uygunluk adaylari: Dorse / treyler, Ağır vasıta dorse...","EYD 300 03 Ford Cargo Krone Dorse Kögel Dorse Burç Muylu E.M.","Dorse / treyler Burç / Muylu | Dorse / treyler EYD 300 03 | EYD 300 03 Burç / Muylu | Ford Cargo Krone Dorse Kögel Dorse Burç Muylu E.M.","https://www.frenciniz.com/urun/837/eyd-300-03-burc-muylu-ford-cargo-krone-dorse-kogel-dorse-burc-muylu-e-m-ekersan","","20","2046"
"838","Yay","EYD 30 05","(A) C4","","","no","BMC Fren Yayı Arka","(A) C4 Dorse Yayi BMC Fren Yayı Arka","(A) C4 Dorse Yayi BMC Fren Yayı Arka | Frenciniz","(A) C4 Dorse Yayi BMC Fren Yayı Arka icin stok, fiyat ve uyumluluk teyidi. Uygunluk adaylari: BMC Probus, BMC Profesyonel, BMC Fatih. OEM/SKU: (A) C4. Stokta...","(A) C4 Dorse Yayi BMC Fren Yayı Arka","BMC Probus Yay | BMC Probus (A) C4 | (A) C4 Yay | EYD 30 05 Yay | BMC Fren Yayı Arka","https://www.frenciniz.com/urun/838/a-c4-dorse-yayi-bmc-fren-yayi-arka-ekersan","","56","85.8"
"839","Yay","EYD 30 01","(A) C4","","","no","BMC Fren Yayı 23 cm Arka","(A) C4 Dorse Yayi BMC Fren Yayı 23 cm Arka","(A) C4 Dorse Yayi BMC Fren Yayı 23 cm Arka | Frenciniz","(A) C4 Dorse Yayi BMC Fren Yayı 23 cm Arka icin stok, fiyat ve uyumluluk teyidi. Uygunluk adaylari: BMC Probus, BMC Profesyonel, BMC Fatih. OEM/SKU: (A) C4....","(A) C4 Dorse Yayi BMC Fren Yayı 23 cm Arka","BMC Probus Yay | BMC Probus (A) C4 | (A) C4 Yay | EYD 30 01 Yay | BMC Fren Yayı 23 cm Arka","https://www.frenciniz.com/urun/839/a-c4-dorse-yayi-bmc-fren-yayi-23-cm-arka-ekersan","","60","85.8"
"840","Perno","EYD 209 11","","","","no","Ford Cargo Krone Dorse Kögel Dorse Perno","EYD 209 11 Ford Cargo Krone Dorse Kögel Dorse Perno","EYD 209 11 Ford Cargo Krone Dorse Kögel Dorse Perno | Frenciniz","EYD 209 11 Ford Cargo Krone Dorse Kögel Dorse Perno icin stok, fiyat ve uyumluluk teyidi. Uygunluk adaylari: Tır / çekici, Krone dorse, Kögel dorse. OEM/SKU: EYD...","EYD 209 11 Ford Cargo Krone Dorse Kögel Dorse Perno","Kamyon Perno | Kamyon EYD 209 11 | EYD 209 11 Perno | Ford Cargo Krone Dorse Kögel Dorse Perno","https://www.frenciniz.com/urun/840/eyd-209-11-ford-cargo-krone-dorse-kogel-dorse-perno-ekersan","","1161","25.08"
"841","Fren Pabucu","EYD 209 03","","","","no","Ford Cargo Krone Dorse Kögel Dorse Fren Pabucu EYD 209 03","Ford Cargo Krone Dorse Kögel Dorse Fren Pabucu EYD 209 03","Ford Cargo Krone Dorse Kögel Dorse Fren Pabucu EYD 209 03 | Frenciniz","Ford Cargo Krone Dorse Kögel Dorse Fren Pabucu EYD 209 03 icin stok, fiyat ve uyumluluk teyidi. Uygunluk adaylari: Dorse / treyler, Ağır vasıta dorse dingili...","Ford Cargo Krone Dorse Kögel Dorse Fren Pabucu EYD 209 03","Dorse / treyler Fren Pabucu | Dorse / treyler EYD 209 03 | EYD 209 03 Fren Pabucu","https://www.frenciniz.com/urun/841/ford-cargo-krone-dorse-kogel-dorse-fren-pabucu-eyd-209-03-ekersan","","1218","633.6"
"842","Disk Bijonu/Civatası","EYD 209 02","","","","no","Ford Cargo Krone Dorse Kögel Dorse Disk Bijonu","EYD 209 02 Ford Cargo Krone Dorse Kögel Dorse Disk Bijonu","EYD 209 02 Ford Cargo Krone Dorse Kögel Dorse Disk Bijonu | Frenciniz","EYD 209 02 Ford Cargo Krone Dorse Kögel Dorse Disk Bijonu icin stok, fiyat ve uyumluluk teyidi. Uygunluk adaylari: Tır / çekici, Krone dorse, Kögel dorse....","EYD 209 02 Ford Cargo Krone Dorse Kögel Dorse Disk Bijonu","Kamyon Disk Bijonu/Civatası | Kamyon EYD 209 02 | EYD 209 02 Disk Bijonu/Civatası | Ford Cargo Krone Dorse Kögel Dorse Disk Bijonu","https://www.frenciniz.com/urun/842/eyd-209-02-ford-cargo-krone-dorse-kogel-dorse-disk-bijonu-ekersan","","68549","50.82"
"843","Fren Diski","EYD 209 01","","","","no","ROR Meritor Knorr WABCO Meritor Haldex Fren Diski EYD 209 01","ROR Meritor Knorr WABCO Meritor Haldex Fren Diski EYD 209 01","ROR Meritor Knorr WABCO Meritor Haldex Fren Diski EYD 209 01 | Frenciniz","ROR Meritor Knorr WABCO Meritor Haldex Fren Diski EYD 209 01 icin stok, fiyat ve uyumluluk teyidi. Uygunluk adaylari: Ağır vasıta kaliper sistemi, Knorr / WABCO...","ROR Meritor Knorr WABCO Meritor Haldex Fren Diski EYD 209 01","Ağır vasıta kaliper sistemi Fren Diski | Ağır vasıta kaliper sistemi EYD 209 01 | EYD 209 01 Fren Diski","https://www.frenciniz.com/urun/843/ror-meritor-knorr-wabco-meritor-haldex-fren-diski-eyd-209-01-ekersan","","862","396"
"844","Fren Pabucu","EYD 206 43-1","30.951.95","","","no","Volvo FH12 FM FL Fren Pabucu 5 cm EYD 206 43-1","30.951.95 Volvo FH12 FM FL Fren Pabucu 5 cm EYD 206 43-1","30.951.95 Volvo FH12 FM FL Fren Pabucu 5 cm EYD 206 43-1 | Frenciniz","30.951.95 Volvo FH12 FM FL Fren Pabucu 5 cm EYD 206 43-1 icin stok, fiyat ve uyumluluk teyidi. Uygunluk adaylari: Volvo FH, Volvo FH12, Volvo FM. OEM/SKU:...","30.951.95 Volvo FH12 FM FL Fren Pabucu 5 cm EYD 206 43-1","Volvo FH Fren Pabucu | Volvo FH 30.951.95 | 30.951.95 Fren Pabucu | EYD 206 43-1 Fren Pabucu | Volvo FH12 FM FL Fren Pabucu 5 cm EYD 206 43-1","https://www.frenciniz.com/urun/844/30-951-95-volvo-fh12-fm-fl-fren-pabucu-5-cm-eyd-206-43-1-ekersan","","17","1102.2"
"845","Fren Pabucu","EYD 206 43","30.951.95","","","no","Volvo FH12 FM FL Fren Pabucu 5 cm EYD 206 43","30.951.95 Volvo FH12 FM FL Fren Pabucu 5 cm EYD 206 43","30.951.95 Volvo FH12 FM FL Fren Pabucu 5 cm EYD 206 43 | Frenciniz","30.951.95 Volvo FH12 FM FL Fren Pabucu 5 cm EYD 206 43 icin stok, fiyat ve uyumluluk teyidi. Uygunluk adaylari: Volvo FH, Volvo FH12, Volvo FM. OEM/SKU:...","30.951.95 Volvo FH12 FM FL Fren Pabucu 5 cm EYD 206 43","Volvo FH Fren Pabucu | Volvo FH 30.951.95 | 30.951.95 Fren Pabucu | EYD 206 43 Fren Pabucu | Volvo FH12 FM FL Fren Pabucu 5 cm EYD 206 43","https://www.frenciniz.com/urun/845/30-951-95-volvo-fh12-fm-fl-fren-pabucu-5-cm-eyd-206-43-ekersan","","17","1102.2"
"846","Fren Pabucu","EYD 206 38","(A) F4 - 30.951.96","","","no","Renault Premium Magnum Kerax Midlum D Serisi Fren Pabucu EYD 206 38","(A) F4 Renault Premium Magnum Kerax Midlum D Serisi Fren Pabucu EYD 206 38","(A) F4 Renault Premium Magnum Kerax Midlum D Serisi Fren... | Frenciniz","(A) F4 Renault Premium Magnum Kerax Midlum D Serisi Fren Pabucu EYD 206 38 icin stok, fiyat ve uyumluluk teyidi. Uygunluk adaylari: Volvo FH, Volvo FH12, Volvo...","(A) F4 Renault Premium Magnum Kerax Midlum D Serisi Fren Pabucu EYD 206 38","Volvo FH Fren Pabucu | Volvo FH (A) F4 | (A) F4 Fren Pabucu | EYD 206 38 Fren Pabucu | Renault Premium Magnum Kerax Midlum D Serisi Fren Pabucu EYD 206 38","https://www.frenciniz.com/urun/846/a-f4-renault-premium-magnum-kerax-midlum-d-serisi-fren-pabucu-eyd-206-38-ekersan","","301","1102.2"
"847","Fren Pabucu","EYD 206 37","(A) F4 - 30.951.96","","","no","Renault Premium Magnum Kerax Midlum D Serisi Fren Pabucu EYD 206 37","(A) F4 Renault Premium Magnum Kerax Midlum D Serisi Fren Pabucu EYD 206 37","(A) F4 Renault Premium Magnum Kerax Midlum D Serisi Fren... | Frenciniz","(A) F4 Renault Premium Magnum Kerax Midlum D Serisi Fren Pabucu EYD 206 37 icin stok, fiyat ve uyumluluk teyidi. Uygunluk adaylari: Volvo FH, Volvo FH12, Volvo...","(A) F4 Renault Premium Magnum Kerax Midlum D Serisi Fren Pabucu EYD 206 37","Volvo FH Fren Pabucu | Volvo FH (A) F4 | (A) F4 Fren Pabucu | EYD 206 37 Fren Pabucu | Renault Premium Magnum Kerax Midlum D Serisi Fren Pabucu EYD 206 37","https://www.frenciniz.com/urun/847/a-f4-renault-premium-magnum-kerax-midlum-d-serisi-fren-pabucu-eyd-206-37-ekersan","","287","1102.2"
"848","Fren Pabucu","EYD 206 23","","","","no","Ford Cargo Fren Pabucu 20 cm EYD 206 23","Ford Cargo Fren Pabucu 20 cm EYD 206 23","Ford Cargo Fren Pabucu 20 cm EYD 206 23 | Frenciniz","Ford Cargo Fren Pabucu 20 cm EYD 206 23 icin stok, fiyat ve uyumluluk teyidi. Uygunluk adaylari: Iveco Eurocargo, Iveco Stralis, Iveco Trakker. OEM/SKU: EYD 206...","Ford Cargo Fren Pabucu 20 cm EYD 206 23","Iveco Eurocargo Fren Pabucu | Iveco Eurocargo EYD 206 23 | EYD 206 23 Fren Pabucu","https://www.frenciniz.com/urun/848/ford-cargo-fren-pabucu-20-cm-eyd-206-23-ekersan","","12","1062.6"
"849","Fren Pabucu","EYD 206 09-1","(A) D3","","","no","MAN TGA TGS TGX TGM Fren Pabucu 22 cm Sol","(A) D3 MAN TGA TGS TGX TGM Fren Pabucu 22 cm Sol","(A) D3 MAN TGA TGS TGX TGM Fren Pabucu 22 cm Sol | Frenciniz","(A) D3 MAN TGA TGS TGX TGM Fren Pabucu 22 cm Sol icin stok, fiyat ve uyumluluk teyidi. Uygunluk adaylari: MAN ağır vasıta, MAN TGA 18.430, MAN TGA 18.460....","(A) D3 MAN TGA TGS TGX TGM Fren Pabucu 22 cm Sol","MAN ağır vasıta Fren Pabucu | MAN ağır vasıta (A) D3 | (A) D3 Fren Pabucu | EYD 206 09-1 Fren Pabucu | MAN TGA TGS TGX TGM Fren Pabucu 22 cm Sol","https://www.frenciniz.com/urun/849/a-d3-man-tga-tgs-tgx-tgm-fren-pabucu-22-cm-sol-ekersan","","18","2211"
"850","Fren Pabucu","EYD 206 09","(A) D3","","","no","MAN TGA TGS TGX TGM Fren Pabucu 22 cm Sağ","(A) D3 MAN TGA TGS TGX TGM Fren Pabucu 22 cm Sağ","(A) D3 MAN TGA TGS TGX TGM Fren Pabucu 22 cm Sağ | Frenciniz","(A) D3 MAN TGA TGS TGX TGM Fren Pabucu 22 cm Sağ icin stok, fiyat ve uyumluluk teyidi. Uygunluk adaylari: MAN ağır vasıta, MAN TGA 18.430, MAN TGA 18.460....","(A) D3 MAN TGA TGS TGX TGM Fren Pabucu 22 cm Sağ","MAN ağır vasıta Fren Pabucu | MAN ağır vasıta (A) D3 | (A) D3 Fren Pabucu | EYD 206 09 Fren Pabucu | MAN TGA TGS TGX TGM Fren Pabucu 22 cm Sağ","https://www.frenciniz.com/urun/850/a-d3-man-tga-tgs-tgx-tgm-fren-pabucu-22-cm-sag-ekersan","","18","2211"
"851","Fren Pabucu","EYD 206 07","(A) G4 - 620.420.00.19","","","no","Mercedes Axor Actros Fren Pabucu 18CM","(A) G4 Mercedes Axor Actros Fren Pabucu 18CM","(A) G4 Mercedes Axor Actros Fren Pabucu 18CM | Frenciniz","(A) G4 Mercedes Axor Actros Fren Pabucu 18CM icin stok, fiyat ve uyumluluk teyidi. Uygunluk adaylari: Mercedes-Benz Actros, Mercedes-Benz Axor, Actros 1840....","(A) G4 Mercedes Axor Actros Fren Pabucu 18CM","Mercedes-Benz Actros Fren Pabucu | Mercedes-Benz Actros (A) G4 | (A) G4 Fren Pabucu | EYD 206 07 Fren Pabucu | Mercedes Axor Actros Fren Pabucu 18CM","https://www.frenciniz.com/urun/851/a-g4-mercedes-axor-actros-fren-pabucu-18cm-ekersan","","23","2145"
"852","Fren Pabucu","EYD 206 06","(A) D3 - 393.420.07.19","","","no","Mercedes Axor Actros Fren Pabucu 16 cm","(A) D3 Mercedes Axor Actros Fren Pabucu 16 cm","(A) D3 Mercedes Axor Actros Fren Pabucu 16 cm | Frenciniz","(A) D3 Mercedes Axor Actros Fren Pabucu 16 cm icin stok, fiyat ve uyumluluk teyidi. Uygunluk adaylari: Mercedes-Benz Actros, Mercedes-Benz Axor, Actros 1840....","(A) D3 Mercedes Axor Actros Fren Pabucu 16 cm","Mercedes-Benz Actros Fren Pabucu | Mercedes-Benz Actros (A) D3 | (A) D3 Fren Pabucu | EYD 206 06 Fren Pabucu | Mercedes Axor Actros Fren Pabucu 16 cm","https://www.frenciniz.com/urun/852/a-d3-mercedes-axor-actros-fren-pabucu-16-cm-ekersan","","12","2145"
"853","Fren Pabucu","EYD 206 05","(A) E3 - 1906410 / 1906368","","","no","Ford Cargo Fren Pabucu 20 cm EYD 206 05","(A) E3 Ford Cargo Fren Pabucu 20 cm EYD 206 05","(A) E3 Ford Cargo Fren Pabucu 20 cm EYD 206 05 | Frenciniz","(A) E3 Ford Cargo Fren Pabucu 20 cm EYD 206 05 icin stok, fiyat ve uyumluluk teyidi. Uygunluk adaylari: Ford Cargo, Ford Cargo 1846, Ford Cargo 3230. OEM/SKU:...","(A) E3 Ford Cargo Fren Pabucu 20 cm EYD 206 05","Ford Cargo Fren Pabucu | Ford Cargo (A) E3 | (A) E3 Fren Pabucu | EYD 206 05 Fren Pabucu | Ford Cargo Fren Pabucu 20 cm EYD 206 05","https://www.frenciniz.com/urun/853/a-e3-ford-cargo-fren-pabucu-20-cm-eyd-206-05-ekersan","","56","924"
"854","Fren Pabucu","EYD 206 04","","","","no","Ford Cargo BMC Fren Pabucu 5 cm","EYD 206 04 Ford Cargo BMC Fren Pabucu 5 cm","EYD 206 04 Ford Cargo BMC Fren Pabucu 5 cm | Frenciniz","EYD 206 04 Ford Cargo BMC Fren Pabucu 5 cm icin stok, fiyat ve uyumluluk teyidi. Uygunluk adaylari: Ford Cargo, BMC Probus, BMC Profesyonel. OEM/SKU: EYD 206 04....","EYD 206 04 Ford Cargo BMC Fren Pabucu 5 cm","Ford Cargo Fren Pabucu | Ford Cargo EYD 206 04 | EYD 206 04 Fren Pabucu | Ford Cargo BMC Fren Pabucu 5 cm","https://www.frenciniz.com/urun/854/eyd-206-04-ford-cargo-bmc-fren-pabucu-5-cm-ekersan","","2","924"
"855","Fren Pabucu","EYD 206 03-1","(A) C3 - 30.900.77","","","no","Volvo FH12 FM FL BMC Fren Pabucu 0CM EYD 206 03-1","(A) C3 Volvo FH12 FM FL BMC Fren Pabucu 0CM EYD 206 03-1","(A) C3 Volvo FH12 FM FL BMC Fren Pabucu 0CM EYD 206 03-1 | Frenciniz","(A) C3 Volvo FH12 FM FL BMC Fren Pabucu 0CM EYD 206 03-1 icin stok, fiyat ve uyumluluk teyidi. Uygunluk adaylari: Volvo FH, Volvo FH12, Volvo FM. OEM/SKU: (A)...","(A) C3 Volvo FH12 FM FL BMC Fren Pabucu 0CM EYD 206 03-1","Volvo FH Fren Pabucu | Volvo FH (A) C3 | (A) C3 Fren Pabucu | EYD 206 03-1 Fren Pabucu | Volvo FH12 FM FL BMC Fren Pabucu 0CM EYD 206 03-1","https://www.frenciniz.com/urun/855/a-c3-volvo-fh12-fm-fl-bmc-fren-pabucu-0cm-eyd-206-03-1-ekersan","","17","924"
"856","Fren Pabucu","EYD 206 03","(A) C3 - 30.900.77","","","no","Volvo FH12 FM FL BMC Fren Pabucu 0CM EYD 206 03","(A) C3 Volvo FH12 FM FL BMC Fren Pabucu 0CM EYD 206 03","(A) C3 Volvo FH12 FM FL BMC Fren Pabucu 0CM EYD 206 03 | Frenciniz","(A) C3 Volvo FH12 FM FL BMC Fren Pabucu 0CM EYD 206 03 icin stok, fiyat ve uyumluluk teyidi. Uygunluk adaylari: Volvo FH, Volvo FH12, Volvo FM. OEM/SKU: (A) C3....","(A) C3 Volvo FH12 FM FL BMC Fren Pabucu 0CM EYD 206 03","Volvo FH Fren Pabucu | Volvo FH (A) C3 | (A) C3 Fren Pabucu | EYD 206 03 Fren Pabucu | Volvo FH12 FM FL BMC Fren Pabucu 0CM EYD 206 03","https://www.frenciniz.com/urun/856/a-c3-volvo-fh12-fm-fl-bmc-fren-pabucu-0cm-eyd-206-03-ekersan","","17","924"
"857","Fren Pabucu","EYD 206 02-1","(A) E4 - 30.900.76","","","no","BMC Fren Pabucu 20 cm EYD 206 02-1","(A) E4 BMC Fren Pabucu 20 cm EYD 206 02-1","(A) E4 BMC Fren Pabucu 20 cm EYD 206 02-1 | Frenciniz","(A) E4 BMC Fren Pabucu 20 cm EYD 206 02-1 icin stok, fiyat ve uyumluluk teyidi. Uygunluk adaylari: BMC Probus, BMC Profesyonel, BMC Fatih. OEM/SKU: (A) E4....","(A) E4 BMC Fren Pabucu 20 cm EYD 206 02-1","BMC Probus Fren Pabucu | BMC Probus (A) E4 | (A) E4 Fren Pabucu | EYD 206 02-1 Fren Pabucu | BMC Fren Pabucu 20 cm EYD 206 02-1","https://www.frenciniz.com/urun/857/a-e4-bmc-fren-pabucu-20-cm-eyd-206-02-1-ekersan","","73","924"
"858","Fren Pabucu","EYD 206 02","(A) E4 - 30.900.76","","","no","BMC Fren Pabucu 20 cm EYD 206 02","(A) E4 BMC Fren Pabucu 20 cm EYD 206 02","(A) E4 BMC Fren Pabucu 20 cm EYD 206 02 | Frenciniz","(A) E4 BMC Fren Pabucu 20 cm EYD 206 02 icin stok, fiyat ve uyumluluk teyidi. Uygunluk adaylari: BMC Probus, BMC Profesyonel, BMC Fatih. OEM/SKU: (A) E4. Stokta...","(A) E4 BMC Fren Pabucu 20 cm EYD 206 02","BMC Probus Fren Pabucu | BMC Probus (A) E4 | (A) E4 Fren Pabucu | EYD 206 02 Fren Pabucu | BMC Fren Pabucu 20 cm EYD 206 02","https://www.frenciniz.com/urun/858/a-e4-bmc-fren-pabucu-20-cm-eyd-206-02-ekersan","","83","924"
"859","Fren Pabucu","EYD 206 01-1","(A) G4 - 30.900.75","","","no","Volvo FH12 FM FL BMC Fren Pabucu 5CM EYD 206 01-1","(A) G4 Volvo FH12 FM FL BMC Fren Pabucu 5CM EYD 206 01-1","(A) G4 Volvo FH12 FM FL BMC Fren Pabucu 5CM EYD 206 01-1 | Frenciniz","(A) G4 Volvo FH12 FM FL BMC Fren Pabucu 5CM EYD 206 01-1 icin stok, fiyat ve uyumluluk teyidi. Uygunluk adaylari: Volvo FH, Volvo FH12, Volvo FM. OEM/SKU: (A)...","(A) G4 Volvo FH12 FM FL BMC Fren Pabucu 5CM EYD 206 01-1","Volvo FH Fren Pabucu | Volvo FH (A) G4 | (A) G4 Fren Pabucu | EYD 206 01-1 Fren Pabucu | Volvo FH12 FM FL BMC Fren Pabucu 5CM EYD 206 01-1","https://www.frenciniz.com/urun/859/a-g4-volvo-fh12-fm-fl-bmc-fren-pabucu-5cm-eyd-206-01-1-ekersan","","85","924"
"860","Fren Pabucu","EYD 206 01","(A) G4 - 30.900.75","","","no","Volvo FH12 FM FL BMC Fren Pabucu 5CM EYD 206 01","(A) G4 Volvo FH12 FM FL BMC Fren Pabucu 5CM EYD 206 01","(A) G4 Volvo FH12 FM FL BMC Fren Pabucu 5CM EYD 206 01 | Frenciniz","(A) G4 Volvo FH12 FM FL BMC Fren Pabucu 5CM EYD 206 01 icin stok, fiyat ve uyumluluk teyidi. Uygunluk adaylari: Volvo FH, Volvo FH12, Volvo FM. OEM/SKU: (A) G4....","(A) G4 Volvo FH12 FM FL BMC Fren Pabucu 5CM EYD 206 01","Volvo FH Fren Pabucu | Volvo FH (A) G4 | (A) G4 Fren Pabucu | EYD 206 01 Fren Pabucu | Volvo FH12 FM FL BMC Fren Pabucu 5CM EYD 206 01","https://www.frenciniz.com/urun/860/a-g4-volvo-fh12-fm-fl-bmc-fren-pabucu-5cm-eyd-206-01-ekersan","","65","924"
"861","Lastik","EYD 205 06","","","","no","Ford Cargo Krone Dorse Kögel Dorse Körük Lastiği İmdatlı EYD 205 06","Lastik Ford Cargo Krone Dorse Kögel Dorse Körük Lastiği İmdatlı EYD 205 06","Lastik Ford Cargo Krone Dorse Kögel Dorse Körük Lastiği... | Frenciniz","Lastik Ford Cargo Krone Dorse Kögel Dorse Körük Lastiği İmdatlı EYD 205 06 icin stok, fiyat ve uyumluluk teyidi. Uygunluk adaylari: Disk fren imdatlı fren...","Lastik Ford Cargo Krone Dorse Kögel Dorse Körük Lastiği İmdatlı EYD 205 06","Disk fren imdatlı fren körüğü Lastik | Disk fren imdatlı fren körüğü EYD 205 06 | EYD 205 06 Lastik | Ford Cargo Krone Dorse Kögel Dorse Körük Lastiği İmdatlı EYD 205 06","https://www.frenciniz.com/urun/861/lastik-ford-cargo-krone-dorse-kogel-dorse-koruk-lastigi-imdatli-eyd-205-06-ekersan","","15","363"
"862","Lastik","EYD 205 03","","","","no","Ford Cargo Krone Dorse Kögel Dorse Körük Lastiği İmdatlı EYD 205 03","Lastik Ford Cargo Krone Dorse Kögel Dorse Körük Lastiği İmdatlı EYD 205 03","Lastik Ford Cargo Krone Dorse Kögel Dorse Körük Lastiği... | Frenciniz","Lastik Ford Cargo Krone Dorse Kögel Dorse Körük Lastiği İmdatlı EYD 205 03 icin stok, fiyat ve uyumluluk teyidi. Uygunluk adaylari: Disk fren imdatlı fren...","Lastik Ford Cargo Krone Dorse Kögel Dorse Körük Lastiği İmdatlı EYD 205 03","Disk fren imdatlı fren körüğü Lastik | Disk fren imdatlı fren körüğü EYD 205 03 | EYD 205 03 Lastik | Ford Cargo Krone Dorse Kögel Dorse Körük Lastiği İmdatlı EYD 205 03","https://www.frenciniz.com/urun/862/lastik-ford-cargo-krone-dorse-kogel-dorse-koruk-lastigi-imdatli-eyd-205-03-ekersan","","25","363"
"863","Perno","EYD 202 06","","","","no","Mercedes Axor Actros Perno EYD 202 06","Mercedes Axor Actros Perno EYD 202 06","Mercedes Axor Actros Perno EYD 202 06 | Frenciniz","Mercedes Axor Actros Perno EYD 202 06 icin stok, fiyat ve uyumluluk teyidi. Uygunluk adaylari: Mercedes-Benz Actros, Mercedes-Benz Axor, Actros 1840. OEM/SKU:...","Mercedes Axor Actros Perno EYD 202 06","Mercedes-Benz Actros Perno | Mercedes-Benz Actros EYD 202 06 | EYD 202 06 Perno","https://www.frenciniz.com/urun/863/mercedes-axor-actros-perno-eyd-202-06-ekersan","","4916","191.4"
"864","Yay","EYD 20 09","(A) B4","","","no","Ford Cargo Fren Yayı Y.M.","(A) B4 Dorse Yayi Ford Cargo Fren Yayı Y.M.","(A) B4 Dorse Yayi Ford Cargo Fren Yayı Y.M. | Frenciniz","(A) B4 Dorse Yayi Ford Cargo Fren Yayı Y.M. icin stok, fiyat ve uyumluluk teyidi. Uygunluk adaylari: Ford Cargo, Ford Cargo 1846, Ford Cargo 3230. OEM/SKU: (A)...","(A) B4 Dorse Yayi Ford Cargo Fren Yayı Y.M.","Ford Cargo Yay | Ford Cargo (A) B4 | (A) B4 Yay | EYD 20 09 Yay | Ford Cargo Fren Yayı Y.M.","https://www.frenciniz.com/urun/864/a-b4-dorse-yayi-ford-cargo-fren-yayi-y-m-ekersan","","70","79.2"
"865","Yay","EYD 20 08","(A) A4","","","no","Ford Cargo BMC Fren Yayı Arka","(A) A4 Dorse Yayi Ford Cargo BMC Fren Yayı Arka","(A) A4 Dorse Yayi Ford Cargo BMC Fren Yayı Arka | Frenciniz","(A) A4 Dorse Yayi Ford Cargo BMC Fren Yayı Arka icin stok, fiyat ve uyumluluk teyidi. Uygunluk adaylari: Ford Cargo, BMC Probus, BMC Profesyonel. OEM/SKU: (A)...","(A) A4 Dorse Yayi Ford Cargo BMC Fren Yayı Arka","Ford Cargo Yay | Ford Cargo (A) A4 | (A) A4 Yay | EYD 20 08 Yay | Ford Cargo BMC Fren Yayı Arka","https://www.frenciniz.com/urun/865/a-a4-dorse-yayi-ford-cargo-bmc-fren-yayi-arka-ekersan","","208","59.4"
"866","Fren Körüğü","EYD 100 71","","","","no","Ford Cargo BPW Dorse Krone Dorse Kögel Dorse Fren Körüğü EYD 100 71","Ford Cargo BPW Dorse Krone Dorse Kögel Dorse Fren Körüğü EYD 100 71","Ford Cargo BPW Dorse Krone Dorse Kögel Dorse Fren Körüğü... | Frenciniz","Ford Cargo BPW Dorse Krone Dorse Kögel Dorse Fren Körüğü EYD 100 71 icin stok, fiyat ve uyumluluk teyidi. Uygunluk adaylari: BPW dorse dingili, BPW ECOPlus...","Ford Cargo BPW Dorse Krone Dorse Kögel Dorse Fren Körüğü EYD 100 71","BPW dorse dingili Fren Körüğü | BPW dorse dingili EYD 100 71 | EYD 100 71 Fren Körüğü","https://www.frenciniz.com/urun/866/ford-cargo-bpw-dorse-krone-dorse-kogel-dorse-fren-korugu-eyd-100-71-ekersan","","287","462"
"867","Fren Körüğü","EYD 100 65","","","","no","Ford Cargo Krone Dorse Kögel Dorse Fren Körüğü EYD 100 65","Ford Cargo Krone Dorse Kögel Dorse Fren Körüğü EYD 100 65","Ford Cargo Krone Dorse Kögel Dorse Fren Körüğü EYD 100 65 | Frenciniz","Ford Cargo Krone Dorse Kögel Dorse Fren Körüğü EYD 100 65 icin stok, fiyat ve uyumluluk teyidi. Uygunluk adaylari: Tır / çekici, Krone dorse, Kögel dorse....","Ford Cargo Krone Dorse Kögel Dorse Fren Körüğü EYD 100 65","Kamyon Fren Körüğü | Kamyon EYD 100 65 | EYD 100 65 Fren Körüğü","https://www.frenciniz.com/urun/867/ford-cargo-krone-dorse-kogel-dorse-fren-korugu-eyd-100-65-ekersan","","240","200.64"
"868","Fren Körüğü","EYD 100 50","","","","no","Ford Cargo Krone Dorse Kögel Dorse Fren Körüğü EYD 100 50","Ford Cargo Krone Dorse Kögel Dorse Fren Körüğü EYD 100 50","Ford Cargo Krone Dorse Kögel Dorse Fren Körüğü EYD 100 50 | Frenciniz","Ford Cargo Krone Dorse Kögel Dorse Fren Körüğü EYD 100 50 icin stok, fiyat ve uyumluluk teyidi. Uygunluk adaylari: Tır / çekici, Krone dorse, Kögel dorse....","Ford Cargo Krone Dorse Kögel Dorse Fren Körüğü EYD 100 50","Kamyon Fren Körüğü | Kamyon EYD 100 50 | EYD 100 50 Fren Körüğü","https://www.frenciniz.com/urun/868/ford-cargo-krone-dorse-kogel-dorse-fren-korugu-eyd-100-50-ekersan","","426","130.02"
"869","Fren Körüğü","EYD 100 41","","","","no","Ford Cargo Krone Dorse Kögel Dorse Fren Körüğü EYD 100 41","Ford Cargo Krone Dorse Kögel Dorse Fren Körüğü EYD 100 41","Ford Cargo Krone Dorse Kögel Dorse Fren Körüğü EYD 100 41 | Frenciniz","Ford Cargo Krone Dorse Kögel Dorse Fren Körüğü EYD 100 41 icin stok, fiyat ve uyumluluk teyidi. Uygunluk adaylari: Tır / çekici, Krone dorse, Kögel dorse....","Ford Cargo Krone Dorse Kögel Dorse Fren Körüğü EYD 100 41","Kamyon Fren Körüğü | Kamyon EYD 100 41 | EYD 100 41 Fren Körüğü","https://www.frenciniz.com/urun/869/ford-cargo-krone-dorse-kogel-dorse-fren-korugu-eyd-100-41-ekersan","","1","120.45"
"870","Fren Körüğü","EYD 100 40","","","","no","Ford Cargo Krone Dorse Kögel Dorse Fren Körüğü EYD 100 40","Ford Cargo Krone Dorse Kögel Dorse Fren Körüğü EYD 100 40","Ford Cargo Krone Dorse Kögel Dorse Fren Körüğü EYD 100 40 | Frenciniz","Ford Cargo Krone Dorse Kögel Dorse Fren Körüğü EYD 100 40 icin stok, fiyat ve uyumluluk teyidi. Uygunluk adaylari: Tır / çekici, Krone dorse, Kögel dorse....","Ford Cargo Krone Dorse Kögel Dorse Fren Körüğü EYD 100 40","Kamyon Fren Körüğü | Kamyon EYD 100 40 | EYD 100 40 Fren Körüğü","https://www.frenciniz.com/urun/870/ford-cargo-krone-dorse-kogel-dorse-fren-korugu-eyd-100-40-ekersan","","188","156.42"
"871","Yay","EYD 10 11","(A) A4","","","no","Ford Cargo Krone Dorse Kögel Dorse Fren Yayı EYD 10 11","(A) A4 Ford Cargo Krone Dorse Kögel Dorse Fren Yayı EYD 10 11","(A) A4 Ford Cargo Krone Dorse Kögel Dorse Fren Yayı EYD 10 11 | Frenciniz","(A) A4 Ford Cargo Krone Dorse Kögel Dorse Fren Yayı EYD 10 11 icin stok, fiyat ve uyumluluk teyidi. Uygunluk adaylari: Dorse / treyler, Ağır vasıta dorse...","(A) A4 Ford Cargo Krone Dorse Kögel Dorse Fren Yayı EYD 10 11","Dorse / treyler Yay | Dorse / treyler (A) A4 | (A) A4 Yay | EYD 10 11 Yay | Ford Cargo Krone Dorse Kögel Dorse Fren Yayı EYD 10 11","https://www.frenciniz.com/urun/871/a-a4-ford-cargo-krone-dorse-kogel-dorse-fren-yayi-eyd-10-11-ekersan","","60","105.6"
"872","Yay","EYD 10 08","(A) C4","","","no","Ford Cargo Krone Dorse Kögel Dorse Fren Yayı Kısa","(A) C4 Ford Cargo Krone Dorse Kögel Dorse Fren Yayı Kısa","(A) C4 Ford Cargo Krone Dorse Kögel Dorse Fren Yayı Kısa | Frenciniz","(A) C4 Ford Cargo Krone Dorse Kögel Dorse Fren Yayı Kısa icin stok, fiyat ve uyumluluk teyidi. Uygunluk adaylari: Krone dorse, Kögel dorse, Schmitz Cargobull....","(A) C4 Ford Cargo Krone Dorse Kögel Dorse Fren Yayı Kısa","Dorse Yay | Dorse (A) C4 | (A) C4 Yay | EYD 10 08 Yay | Ford Cargo Krone Dorse Kögel Dorse Fren Yayı Kısa","https://www.frenciniz.com/urun/872/a-c4-ford-cargo-krone-dorse-kogel-dorse-fren-yayi-kisa-ekersan","","610","52.8"
"873","Yay","EYD 10 07","(A) A4","","","no","Ford Cargo Krone Dorse Kögel Dorse Fren Yayı EYD 10 07","(A) A4 Ford Cargo Krone Dorse Kögel Dorse Fren Yayı EYD 10 07","(A) A4 Ford Cargo Krone Dorse Kögel Dorse Fren Yayı EYD 10 07 | Frenciniz","(A) A4 Ford Cargo Krone Dorse Kögel Dorse Fren Yayı EYD 10 07 icin stok, fiyat ve uyumluluk teyidi. Uygunluk adaylari: Krone dorse, Kögel dorse, Schmitz...","(A) A4 Ford Cargo Krone Dorse Kögel Dorse Fren Yayı EYD 10 07","Dorse Yay | Dorse (A) A4 | (A) A4 Yay | EYD 10 07 Yay | Ford Cargo Krone Dorse Kögel Dorse Fren Yayı EYD 10 07","https://www.frenciniz.com/urun/873/a-a4-ford-cargo-krone-dorse-kogel-dorse-fren-yayi-eyd-10-07-ekersan","","2057","52.8"
"874","Yay","EYD 10 06","(A) B4","","","no","Ford Cargo Krone Dorse Kögel Dorse Fren Yayı Uzun","(A) B4 Ford Cargo Krone Dorse Kögel Dorse Fren Yayı Uzun","(A) B4 Ford Cargo Krone Dorse Kögel Dorse Fren Yayı Uzun | Frenciniz","(A) B4 Ford Cargo Krone Dorse Kögel Dorse Fren Yayı Uzun icin stok, fiyat ve uyumluluk teyidi. Uygunluk adaylari: Krone dorse, Kögel dorse, Schmitz Cargobull....","(A) B4 Ford Cargo Krone Dorse Kögel Dorse Fren Yayı Uzun","Dorse Yay | Dorse (A) B4 | (A) B4 Yay | EYD 10 06 Yay | Ford Cargo Krone Dorse Kögel Dorse Fren Yayı Uzun","https://www.frenciniz.com/urun/874/a-b4-ford-cargo-krone-dorse-kogel-dorse-fren-yayi-uzun-ekersan","","1243","52.8"
"875","Yay","EYD 10 05","(A) C4","","","no","MAN TGA TGS TGX TGM Fren Yayı","(A) C4 Dorse Yayi MAN TGA TGS TGX TGM Fren Yayı","(A) C4 Dorse Yayi MAN TGA TGS TGX TGM Fren Yayı | Frenciniz","(A) C4 Dorse Yayi MAN TGA TGS TGX TGM Fren Yayı icin stok, fiyat ve uyumluluk teyidi. Uygunluk adaylari: MAN ağır vasıta, MAN TGA 18.430, MAN TGA 18.460....","(A) C4 Dorse Yayi MAN TGA TGS TGX TGM Fren Yayı","MAN ağır vasıta Yay | MAN ağır vasıta (A) C4 | (A) C4 Yay | EYD 10 05 Yay | MAN TGA TGS TGX TGM Fren Yayı","https://www.frenciniz.com/urun/875/a-c4-dorse-yayi-man-tga-tgs-tgx-tgm-fren-yayi-ekersan","","11","85.8"
"876","Yay","EYD 10 02","(A) A4","","","no","Mercedes Axor Actros Fren Yayı Ön","(A) A4 Dorse Yayi Mercedes Axor Actros Fren Yayı Ön","(A) A4 Dorse Yayi Mercedes Axor Actros Fren Yayı Ön | Frenciniz","(A) A4 Dorse Yayi Mercedes Axor Actros Fren Yayı Ön icin stok, fiyat ve uyumluluk teyidi. Uygunluk adaylari: Mercedes-Benz Actros, Mercedes-Benz Axor, Actros...","(A) A4 Dorse Yayi Mercedes Axor Actros Fren Yayı Ön","Mercedes-Benz Actros Yay | Mercedes-Benz Actros (A) A4 | (A) A4 Yay | EYD 10 02 Yay | Mercedes Axor Actros Fren Yayı Ön","https://www.frenciniz.com/urun/876/a-a4-dorse-yayi-mercedes-axor-actros-fren-yayi-on-ekersan","","3090","52.8"
"877","Yay","EYD 10 01","(A) A4","","","no","Ford Cargo Krone Dorse Kögel Dorse Fren Yayı EYD 10 01","(A) A4 Ford Cargo Krone Dorse Kögel Dorse Fren Yayı EYD 10 01","(A) A4 Ford Cargo Krone Dorse Kögel Dorse Fren Yayı EYD 10 01 | Frenciniz","(A) A4 Ford Cargo Krone Dorse Kögel Dorse Fren Yayı EYD 10 01 icin stok, fiyat ve uyumluluk teyidi. Uygunluk adaylari: Krone dorse, Kögel dorse, Schmitz...","(A) A4 Ford Cargo Krone Dorse Kögel Dorse Fren Yayı EYD 10 01","Dorse Yay | Dorse (A) A4 | (A) A4 Yay | EYD 10 01 Yay | Ford Cargo Krone Dorse Kögel Dorse Fren Yayı EYD 10 01","https://www.frenciniz.com/urun/877/a-a4-ford-cargo-krone-dorse-kogel-dorse-fren-yayi-eyd-10-01-ekersan","","1390","52.8"
"878","Süspansiyon Körüğü","42941.S","0542940030 , 0542940030","","","no","Ford Cargo SAF Dorse Krone Dorse Kögel Dorse Süspansiyon Körüğü 42941.S","0542940030 Ford Cargo SAF Dorse Krone Dorse Kögel Dorse Süspansiyon Körüğü 42941.S","0542940030 Ford Cargo SAF Dorse Krone Dorse Kögel Dorse... | Frenciniz","0542940030 Ford Cargo SAF Dorse Krone Dorse Kögel Dorse Süspansiyon Körüğü 42941.S icin stok, fiyat ve uyumluluk teyidi. Uygunluk adaylari: SAF dorse dingili...","0542940030 Ford Cargo SAF Dorse Krone Dorse Kögel Dorse Süspansiyon Körüğü 42941.S","SAF dorse dingili Süspansiyon Körüğü | SAF dorse dingili 0542940030 | 0542940030 Süspansiyon Körüğü | 42941.S Süspansiyon Körüğü | Ford Cargo SAF Dorse Krone Dorse Kögel Dorse Süspansiyon Körüğü 42941.S","https://www.frenciniz.com/urun/878/0542940030-ford-cargo-saf-dorse-krone-dorse-kogel-dorse-suspansiyon-korugu-42941-s-ekersan","","53","2112"
"879","Süspansiyon Körüğü","42941.C","0542940281 , 0542940101","","","no","Ford Cargo SAF Dorse Krone Dorse Kögel Dorse Süspansiyon Körüğü 42941.C","0542940281 Ford Cargo SAF Dorse Krone Dorse Kögel Dorse Süspansiyon Körüğü 42941.C","0542940281 Ford Cargo SAF Dorse Krone Dorse Kögel Dorse... | Frenciniz","0542940281 Ford Cargo SAF Dorse Krone Dorse Kögel Dorse Süspansiyon Körüğü 42941.C icin stok, fiyat ve uyumluluk teyidi. Uygunluk adaylari: SAF dorse dingili...","0542940281 Ford Cargo SAF Dorse Krone Dorse Kögel Dorse Süspansiyon Körüğü 42941.C","SAF dorse dingili Süspansiyon Körüğü | SAF dorse dingili 0542940281 | 0542940281 Süspansiyon Körüğü | 42941.C Süspansiyon Körüğü | Ford Cargo SAF Dorse Krone Dorse Kögel Dorse Süspansiyon Körüğü 42941.C","https://www.frenciniz.com/urun/879/0542940281-ford-cargo-saf-dorse-krone-dorse-kogel-dorse-suspansiyon-korugu-42941-c-ekersan","","293","3498"
"880","Süspansiyon Körüğü","42940.S","0542940910 , 0542942560","","","no","Ford Cargo SAF Dorse Krone Dorse Kögel Dorse Süspansiyon Körüğü 42940.S","0542940910 Ford Cargo SAF Dorse Krone Dorse Kögel Dorse Süspansiyon Körüğü 42940.S","0542940910 Ford Cargo SAF Dorse Krone Dorse Kögel Dorse... | Frenciniz","0542940910 Ford Cargo SAF Dorse Krone Dorse Kögel Dorse Süspansiyon Körüğü 42940.S icin stok, fiyat ve uyumluluk teyidi. Uygunluk adaylari: SAF dorse dingili...","0542940910 Ford Cargo SAF Dorse Krone Dorse Kögel Dorse Süspansiyon Körüğü 42940.S","SAF dorse dingili Süspansiyon Körüğü | SAF dorse dingili 0542940910 | 0542940910 Süspansiyon Körüğü | 42940.S Süspansiyon Körüğü | Ford Cargo SAF Dorse Krone Dorse Kögel Dorse Süspansiyon Körüğü 42940.S","https://www.frenciniz.com/urun/880/0542940910-ford-cargo-saf-dorse-krone-dorse-kogel-dorse-suspansiyon-korugu-42940-s-ekersan","","10","2046"
"881","Süspansiyon Körüğü","42889.S","","","","no","DAF Cf Xf Süspansiyon Körüğü 42889.S","DAF Cf Xf Süspansiyon Körüğü 42889.S","DAF Cf Xf Süspansiyon Körüğü 42889.S | Frenciniz","DAF Cf Xf Süspansiyon Körüğü 42889.S icin stok, fiyat ve uyumluluk teyidi. Uygunluk adaylari: DAF XF, DAF CF, DAF CF85. OEM/SKU: 42889.S. Stokta urun, hizli...","DAF Cf Xf Süspansiyon Körüğü 42889.S","DAF XF Süspansiyon Körüğü | DAF XF 42889.S | 42889.S Süspansiyon Körüğü","https://www.frenciniz.com/urun/881/daf-cf-xf-suspansiyon-korugu-42889-s-ekersan","","39","1848"
"882","Süspansiyon Körüğü","42887.S","","","","no","Ford Cargo Süspansiyon Körüğü 42887.S","Ford Cargo Süspansiyon Körüğü 42887.S","Ford Cargo Süspansiyon Körüğü 42887.S | Frenciniz","Ford Cargo Süspansiyon Körüğü 42887.S icin stok, fiyat ve uyumluluk teyidi. Uygunluk adaylari: Ford Cargo, Ford Cargo 1846, Ford Cargo 3230. OEM/SKU: 42887.S....","Ford Cargo Süspansiyon Körüğü 42887.S","Ford Cargo Süspansiyon Körüğü | Ford Cargo 42887.S | 42887.S Süspansiyon Körüğü","https://www.frenciniz.com/urun/882/ford-cargo-suspansiyon-korugu-42887-s-ekersan","","20","1848"
"883","Süspansiyon Körüğü","42881.S","0542940010 , 0542942580","","","no","Ford Cargo SAF Dorse Krone Dorse Kögel Dorse Süspansiyon Körüğü 42881.S","0542940010 Ford Cargo SAF Dorse Krone Dorse Kögel Dorse Süspansiyon Körüğü 42881.S","0542940010 Ford Cargo SAF Dorse Krone Dorse Kögel Dorse... | Frenciniz","0542940010 Ford Cargo SAF Dorse Krone Dorse Kögel Dorse Süspansiyon Körüğü 42881.S icin stok, fiyat ve uyumluluk teyidi. Uygunluk adaylari: SAF dorse dingili...","0542940010 Ford Cargo SAF Dorse Krone Dorse Kögel Dorse Süspansiyon Körüğü 42881.S","SAF dorse dingili Süspansiyon Körüğü | SAF dorse dingili 0542940010 | 0542940010 Süspansiyon Körüğü | 42881.S Süspansiyon Körüğü | Ford Cargo SAF Dorse Krone Dorse Kögel Dorse Süspansiyon Körüğü 42881.S","https://www.frenciniz.com/urun/883/0542940010-ford-cargo-saf-dorse-krone-dorse-kogel-dorse-suspansiyon-korugu-42881-s-ekersan","","153","2442"
"884","Süspansiyon Körüğü","42836.S1","0067504","","","no","Ford Cargo Krone Dorse Kögel Dorse Süspansiyon Körüğü 42836.S1","0067504 Ford Cargo Krone Dorse Kögel Dorse Süspansiyon Körüğü 42836.S1","0067504 Ford Cargo Krone Dorse Kögel Dorse Süspansiyon... | Frenciniz","0067504 Ford Cargo Krone Dorse Kögel Dorse Süspansiyon Körüğü 42836.S1 icin stok, fiyat ve uyumluluk teyidi. Uygunluk adaylari: Tır / çekici, Krone dorse, Kögel...","0067504 Ford Cargo Krone Dorse Kögel Dorse Süspansiyon Körüğü 42836.S1","Dorse Süspansiyon Körüğü | Dorse 0067504 | 0067504 Süspansiyon Körüğü | 42836.S1 Süspansiyon Körüğü | Ford Cargo Krone Dorse Kögel Dorse Süspansiyon Körüğü 42836.S1","https://www.frenciniz.com/urun/884/0067504-ford-cargo-krone-dorse-kogel-dorse-suspansiyon-korugu-42836-s1-ekersan","","106","1881"
"885","Süspansiyon Körüğü","42836.C1","1697678 , 0388165","","","no","DAF Cf Xf Süspansiyon Körüğü 42836.C1","1697678 DAF Cf Xf Süspansiyon Körüğü 42836.C1","1697678 DAF Cf Xf Süspansiyon Körüğü 42836.C1 | Frenciniz","1697678 DAF Cf Xf Süspansiyon Körüğü 42836.C1 icin stok, fiyat ve uyumluluk teyidi. Uygunluk adaylari: DAF XF, DAF CF, DAF CF85. OEM/SKU: 1697678. Stokta urun...","1697678 DAF Cf Xf Süspansiyon Körüğü 42836.C1","DAF XF Süspansiyon Körüğü | DAF XF 1697678 | 1697678 Süspansiyon Körüğü | 42836.C1 Süspansiyon Körüğü | DAF Cf Xf Süspansiyon Körüğü 42836.C1","https://www.frenciniz.com/urun/885/1697678-daf-cf-xf-suspansiyon-korugu-42836-c1-ekersan","","279","2772"
"886","Süspansiyon Körüğü","428185.S","","","","no","Ford Cargo Krone Dorse Kögel Dorse Süspansiyon Körüğü 428185.S","Ford Cargo Krone Dorse Kögel Dorse Süspansiyon Körüğü 428185.S","Ford Cargo Krone Dorse Kögel Dorse Süspansiyon Körüğü 428185.S | Frenciniz","Ford Cargo Krone Dorse Kögel Dorse Süspansiyon Körüğü 428185.S icin stok, fiyat ve uyumluluk teyidi. Uygunluk adaylari: Schmitz Cargobull dorse, Krone dorse...","Ford Cargo Krone Dorse Kögel Dorse Süspansiyon Körüğü 428185.S","Schmitz Cargobull dorse Süspansiyon Körüğü | Schmitz Cargobull dorse 428185.S | 428185.S Süspansiyon Körüğü","https://www.frenciniz.com/urun/886/ford-cargo-krone-dorse-kogel-dorse-suspansiyon-korugu-428185-s-ekersan","","6","2244"
"887","Süspansiyon Körüğü","42813.S","","","","no","Ford Cargo Krone Dorse Kögel Dorse Süspansiyon Körüğü 42813.S","Ford Cargo Krone Dorse Kögel Dorse Süspansiyon Körüğü 42813.S","Ford Cargo Krone Dorse Kögel Dorse Süspansiyon Körüğü 42813.S | Frenciniz","Ford Cargo Krone Dorse Kögel Dorse Süspansiyon Körüğü 42813.S icin stok, fiyat ve uyumluluk teyidi. Uygunluk adaylari: Tır / çekici, Krone dorse, Kögel dorse....","Ford Cargo Krone Dorse Kögel Dorse Süspansiyon Körüğü 42813.S","Dorse Süspansiyon Körüğü | Dorse 42813.S | 42813.S Süspansiyon Körüğü","https://www.frenciniz.com/urun/887/ford-cargo-krone-dorse-kogel-dorse-suspansiyon-korugu-42813-s-ekersan","","667","1815"
"888","Süspansiyon Körüğü","42813.C","2229000300 , 2229210300","","","no","Volvo FH12 FM FL Süspansiyon Körüğü 42813.C","2229000300 Volvo FH12 FM FL Süspansiyon Körüğü 42813.C","2229000300 Volvo FH12 FM FL Süspansiyon Körüğü 42813.C | Frenciniz","2229000300 Volvo FH12 FM FL Süspansiyon Körüğü 42813.C icin stok, fiyat ve uyumluluk teyidi. Uygunluk adaylari: Volvo FH, Volvo FM, Volvo FL. OEM/SKU:...","2229000300 Volvo FH12 FM FL Süspansiyon Körüğü 42813.C","Volvo FH Süspansiyon Körüğü | Volvo FH 2229000300 | 2229000300 Süspansiyon Körüğü | 42813.C Süspansiyon Körüğü | Volvo FH12 FM FL Süspansiyon Körüğü 42813.C","https://www.frenciniz.com/urun/888/2229000300-volvo-fh12-fm-fl-suspansiyon-korugu-42813-c-ekersan","","152","2772"
"889","Süspansiyon Körüğü","42810.S","016010S","","","no","Ford Cargo Krone Dorse Kögel Dorse Süspansiyon Körüğü 42810.S","016010S Ford Cargo Krone Dorse Kögel Dorse Süspansiyon Körüğü 42810.S","016010S Ford Cargo Krone Dorse Kögel Dorse Süspansiyon... | Frenciniz","016010S Ford Cargo Krone Dorse Kögel Dorse Süspansiyon Körüğü 42810.S icin stok, fiyat ve uyumluluk teyidi. Uygunluk adaylari: Tır / çekici, Krone dorse, Kögel...","016010S Ford Cargo Krone Dorse Kögel Dorse Süspansiyon Körüğü 42810.S","Dorse Süspansiyon Körüğü | Dorse 016010S | 016010S Süspansiyon Körüğü | 42810.S Süspansiyon Körüğü | Ford Cargo Krone Dorse Kögel Dorse Süspansiyon Körüğü 42810.S","https://www.frenciniz.com/urun/889/016010s-ford-cargo-krone-dorse-kogel-dorse-suspansiyon-korugu-42810-s-ekersan","","52","1848"
"890","Süspansiyon Körüğü","42810.C16","","","","no","Ford Cargo Krone Dorse Kögel Dorse Süspansiyon Körüğü Kısa 42810.C16","Ford Cargo Krone Dorse Kögel Dorse Süspansiyon Körüğü Kısa 42810.C16","Ford Cargo Krone Dorse Kögel Dorse Süspansiyon Körüğü Kısa... | Frenciniz","Ford Cargo Krone Dorse Kögel Dorse Süspansiyon Körüğü Kısa 42810.C16 icin stok, fiyat ve uyumluluk teyidi. Uygunluk adaylari: Tır / çekici, Krone dorse, Kögel...","Ford Cargo Krone Dorse Kögel Dorse Süspansiyon Körüğü Kısa 42810.C16","Dorse Süspansiyon Körüğü | Dorse 42810.C16 | 42810.C16 Süspansiyon Körüğü","https://www.frenciniz.com/urun/890/ford-cargo-krone-dorse-kogel-dorse-suspansiyon-korugu-kisa-42810-c16-ekersan","","22","3102"
"891","Süspansiyon Körüğü","427804.S","","","","no","Volvo FH12 FM FL Süspansiyon Körüğü 427804.S","Volvo FH12 FM FL Süspansiyon Körüğü 427804.S","Volvo FH12 FM FL Süspansiyon Körüğü 427804.S | Frenciniz","Volvo FH12 FM FL Süspansiyon Körüğü 427804.S icin stok, fiyat ve uyumluluk teyidi. Uygunluk adaylari: Volvo FH, Volvo FH12, Volvo FM. OEM/SKU: 427804.S. Stokta...","Volvo FH12 FM FL Süspansiyon Körüğü 427804.S","Volvo FH Süspansiyon Körüğü | Volvo FH 427804.S | 427804.S Süspansiyon Körüğü","https://www.frenciniz.com/urun/891/volvo-fh12-fm-fl-suspansiyon-korugu-427804-s-ekersan","","91","1755.6"
"892","Süspansiyon Körüğü","427804.C","20582209 , 20531986","","","no","Volvo FH12 FM FL Süspansiyon Körüğü 427804.C","20582209 Volvo FH12 FM FL Süspansiyon Körüğü 427804.C","20582209 Volvo FH12 FM FL Süspansiyon Körüğü 427804.C | Frenciniz","20582209 Volvo FH12 FM FL Süspansiyon Körüğü 427804.C icin stok, fiyat ve uyumluluk teyidi. Uygunluk adaylari: Volvo FH, Volvo FM, Volvo FL. OEM/SKU: 20582209....","20582209 Volvo FH12 FM FL Süspansiyon Körüğü 427804.C","Volvo FH Süspansiyon Körüğü | Volvo FH 20582209 | 20582209 Süspansiyon Körüğü | 427804.C Süspansiyon Körüğü | Volvo FH12 FM FL Süspansiyon Körüğü 427804.C","https://www.frenciniz.com/urun/892/20582209-volvo-fh12-fm-fl-suspansiyon-korugu-427804-c-ekersan","","71","2706"
"893","Süspansiyon Körüğü","427803.S","","","","no","Volvo FH12 FM FL Süspansiyon Körüğü 427803.S","Volvo FH12 FM FL Süspansiyon Körüğü 427803.S","Volvo FH12 FM FL Süspansiyon Körüğü 427803.S | Frenciniz","Volvo FH12 FM FL Süspansiyon Körüğü 427803.S icin stok, fiyat ve uyumluluk teyidi. Uygunluk adaylari: Volvo FH, Volvo FH12, Volvo FM. OEM/SKU: 427803.S. Stokta...","Volvo FH12 FM FL Süspansiyon Körüğü 427803.S","Volvo FH Süspansiyon Körüğü | Volvo FH 427803.S | 427803.S Süspansiyon Körüğü","https://www.frenciniz.com/urun/893/volvo-fh12-fm-fl-suspansiyon-korugu-427803-s-ekersan","","81","1848"
"894","Süspansiyon Körüğü","427803.C","21961374 , 20582206 , 20427800","","","no","Volvo FH12 FM FL Süspansiyon Körüğü 427803.C","21961374 Volvo FH12 FM FL Süspansiyon Körüğü 427803.C","21961374 Volvo FH12 FM FL Süspansiyon Körüğü 427803.C | Frenciniz","21961374 Volvo FH12 FM FL Süspansiyon Körüğü 427803.C icin stok, fiyat ve uyumluluk teyidi. Uygunluk adaylari: Volvo FH, Volvo FM, Volvo FL. OEM/SKU: 21961374....","21961374 Volvo FH12 FM FL Süspansiyon Körüğü 427803.C","Volvo FH Süspansiyon Körüğü | Volvo FH 21961374 | 21961374 Süspansiyon Körüğü | 427803.C Süspansiyon Körüğü | Volvo FH12 FM FL Süspansiyon Körüğü 427803.C","https://www.frenciniz.com/urun/894/21961374-volvo-fh12-fm-fl-suspansiyon-korugu-427803-c-ekersan","","95","2805"
"895","Süspansiyon Körüğü","42722.C","","","","no","BMC Süspansiyon Körüğü 42722.C","BMC Süspansiyon Körüğü 42722.C","BMC Süspansiyon Körüğü 42722.C | Frenciniz","BMC Süspansiyon Körüğü 42722.C icin stok, fiyat ve uyumluluk teyidi. Uygunluk adaylari: BMC Probus, BMC Profesyonel, BMC Fatih. OEM/SKU: 42722.C. Stokta urun...","BMC Süspansiyon Körüğü 42722.C","BMC Probus Süspansiyon Körüğü | BMC Probus 42722.C | 42722.C Süspansiyon Körüğü","https://www.frenciniz.com/urun/895/bmc-suspansiyon-korugu-42722-c-ekersan","","41","4092"
"896","Süspansiyon Körüğü","42720.R","3873280101 , 81436010033 , 1629193 , 0220024100","","","no","Mercedes Travego Tourismo MAN Fortuna Otobüs Süspansiyon Körüğü 42720.R","3873280101 Mercedes Travego Tourismo MAN Fortuna Otobüs Süspansiyon Körüğü 42720.R","3873280101 Mercedes Travego Tourismo MAN Fortuna Otobüs... | Frenciniz","3873280101 Mercedes Travego Tourismo MAN Fortuna Otobüs Süspansiyon Körüğü 42720.R icin stok, fiyat ve uyumluluk teyidi. Uygunluk adaylari: MAN Fortuna otobüs...","3873280101 Mercedes Travego Tourismo MAN Fortuna Otobüs Süspansiyon Körüğü 42720.R","MAN Fortuna otobüs Süspansiyon Körüğü | MAN Fortuna otobüs 3873280101 | 3873280101 Süspansiyon Körüğü | 42720.R Süspansiyon Körüğü | Mercedes Travego Tourismo MAN Fortuna Otobüs Süspansiyon Körüğü 42720.R","https://www.frenciniz.com/urun/896/3873280101-mercedes-travego-tourismo-man-fortuna-otobus-suspansiyon-korugu-42720-r-ekersan","","90","1188"
"897","Süspansiyon Körüğü","426418.S","","","","no","Volvo FH12 FM FL Süspansiyon Körüğü 426418.S","Volvo FH12 FM FL Süspansiyon Körüğü 426418.S","Volvo FH12 FM FL Süspansiyon Körüğü 426418.S | Frenciniz","Volvo FH12 FM FL Süspansiyon Körüğü 426418.S icin stok, fiyat ve uyumluluk teyidi. Uygunluk adaylari: Volvo FH, Volvo FH12, Volvo FM. OEM/SKU: 426418.S. Stokta...","Volvo FH12 FM FL Süspansiyon Körüğü 426418.S","Volvo FH Süspansiyon Körüğü | Volvo FH 426418.S | 426418.S Süspansiyon Körüğü","https://www.frenciniz.com/urun/897/volvo-fh12-fm-fl-suspansiyon-korugu-426418-s-ekersan","","157","1782"
"898","Süspansiyon Körüğü","426416.S","","","","no","Ford Cargo Krone Dorse Kögel Dorse Süspansiyon Körüğü 426416.S","Ford Cargo Krone Dorse Kögel Dorse Süspansiyon Körüğü 426416.S","Ford Cargo Krone Dorse Kögel Dorse Süspansiyon Körüğü 426416.S | Frenciniz","Ford Cargo Krone Dorse Kögel Dorse Süspansiyon Körüğü 426416.S icin stok, fiyat ve uyumluluk teyidi. Uygunluk adaylari: Tır / çekici, Krone dorse, Kögel dorse....","Ford Cargo Krone Dorse Kögel Dorse Süspansiyon Körüğü 426416.S","Dorse Süspansiyon Körüğü | Dorse 426416.S | 426416.S Süspansiyon Körüğü","https://www.frenciniz.com/urun/898/ford-cargo-krone-dorse-kogel-dorse-suspansiyon-korugu-426416-s-ekersan","","95","1848"
"899","Süspansiyon Körüğü","426416.C","21961456 , 21961456 , 20374510","","","no","Volvo FH12 FM FL Süspansiyon Körüğü 426416.C","21961456 Volvo FH12 FM FL Süspansiyon Körüğü 426416.C","21961456 Volvo FH12 FM FL Süspansiyon Körüğü 426416.C | Frenciniz","21961456 Volvo FH12 FM FL Süspansiyon Körüğü 426416.C icin stok, fiyat ve uyumluluk teyidi. Uygunluk adaylari: Volvo FH, Volvo FM, Volvo FL. OEM/SKU: 21961456....","21961456 Volvo FH12 FM FL Süspansiyon Körüğü 426416.C","Volvo FH Süspansiyon Körüğü | Volvo FH 21961456 | 21961456 Süspansiyon Körüğü | 426416.C Süspansiyon Körüğü | Volvo FH12 FM FL Süspansiyon Körüğü 426416.C","https://www.frenciniz.com/urun/899/21961456-volvo-fh12-fm-fl-suspansiyon-korugu-426416-c-ekersan","","79","2640"
"900","Süspansiyon Körüğü","426318.S","016512S , 016512S","","","no","Ford Cargo Krone Dorse Kögel Dorse Süspansiyon Körüğü 426318.S","016512S Ford Cargo Krone Dorse Kögel Dorse Süspansiyon Körüğü 426318.S","016512S Ford Cargo Krone Dorse Kögel Dorse Süspansiyon... | Frenciniz","016512S Ford Cargo Krone Dorse Kögel Dorse Süspansiyon Körüğü 426318.S icin stok, fiyat ve uyumluluk teyidi. Uygunluk adaylari: Tır / çekici, Krone dorse, Kögel...","016512S Ford Cargo Krone Dorse Kögel Dorse Süspansiyon Körüğü 426318.S","Dorse Süspansiyon Körüğü | Dorse 016512S | 016512S Süspansiyon Körüğü | 426318.S Süspansiyon Körüğü | Ford Cargo Krone Dorse Kögel Dorse Süspansiyon Körüğü 426318.S","https://www.frenciniz.com/urun/900/016512s-ford-cargo-krone-dorse-kogel-dorse-suspansiyon-korugu-426318-s-ekersan","","5","2112"
"901","Süspansiyon Körüğü","424915.C","20757541 , 20757541 , 20757541 , 20757541","","","no","Volvo FH12 FM FL Süspansiyon Körüğü 424915.C","20757541 Volvo FH12 FM FL Süspansiyon Körüğü 424915.C","20757541 Volvo FH12 FM FL Süspansiyon Körüğü 424915.C | Frenciniz","20757541 Volvo FH12 FM FL Süspansiyon Körüğü 424915.C icin stok, fiyat ve uyumluluk teyidi. Uygunluk adaylari: Volvo FH, Volvo FM, Volvo FL. OEM/SKU: 20757541....","20757541 Volvo FH12 FM FL Süspansiyon Körüğü 424915.C","Volvo FH Süspansiyon Körüğü | Volvo FH 20757541 | 20757541 Süspansiyon Körüğü | 424915.C Süspansiyon Körüğü | Volvo FH12 FM FL Süspansiyon Körüğü 424915.C","https://www.frenciniz.com/urun/901/20757541-volvo-fh12-fm-fl-suspansiyon-korugu-424915-c-ekersan","","14","4026"
"902","Süspansiyon Körüğü","424913.S04","1379393","","","no","Volvo FH12 FM FL Süspansiyon Körüğü 424913.S04","1379393 Volvo FH12 FM FL Süspansiyon Körüğü 424913.S04","1379393 Volvo FH12 FM FL Süspansiyon Körüğü 424913.S04 | Frenciniz","1379393 Volvo FH12 FM FL Süspansiyon Körüğü 424913.S04 icin stok, fiyat ve uyumluluk teyidi. Uygunluk adaylari: Volvo FH, Volvo FM, Volvo FL. OEM/SKU: 1379393....","1379393 Volvo FH12 FM FL Süspansiyon Körüğü 424913.S04","Volvo FH Süspansiyon Körüğü | Volvo FH 1379393 | 1379393 Süspansiyon Körüğü | 424913.S04 Süspansiyon Körüğü | Volvo FH12 FM FL Süspansiyon Körüğü 424913.S04","https://www.frenciniz.com/urun/902/1379393-volvo-fh12-fm-fl-suspansiyon-korugu-424913-s04-ekersan","","138","2468.4"
"903","Süspansiyon Körüğü","424913.C02","1379392 , 1440294","","","no","Volvo FH12 FM FL Süspansiyon Körüğü 424913.C02","1379392 Volvo FH12 FM FL Süspansiyon Körüğü 424913.C02","1379392 Volvo FH12 FM FL Süspansiyon Körüğü 424913.C02 | Frenciniz","1379392 Volvo FH12 FM FL Süspansiyon Körüğü 424913.C02 icin stok, fiyat ve uyumluluk teyidi. Uygunluk adaylari: Volvo FH, Volvo FM, Volvo FL. OEM/SKU: 1379392....","1379392 Volvo FH12 FM FL Süspansiyon Körüğü 424913.C02","Volvo FH Süspansiyon Körüğü | Volvo FH 1379392 | 1379392 Süspansiyon Körüğü | 424913.C02 Süspansiyon Körüğü | Volvo FH12 FM FL Süspansiyon Körüğü 424913.C02","https://www.frenciniz.com/urun/903/1379392-volvo-fh12-fm-fl-suspansiyon-korugu-424913-c02-ekersan","","93","3564"
"904","Süspansiyon Körüğü","424912.S10","(B) L1","","","no","Ford Cargo Krone Dorse Kögel Dorse Süspansiyon Körüğü 424912.S10","(B) L1 Ford Cargo Krone Dorse Kögel Dorse Süspansiyon Körüğü 424912.S10","(B) L1 Ford Cargo Krone Dorse Kögel Dorse Süspansiyon... | Frenciniz","(B) L1 Ford Cargo Krone Dorse Kögel Dorse Süspansiyon Körüğü 424912.S10 icin stok, fiyat ve uyumluluk teyidi. Uygunluk adaylari: Tır / çekici, Krone dorse, Kögel...","(B) L1 Ford Cargo Krone Dorse Kögel Dorse Süspansiyon Körüğü 424912.S10","Dorse Süspansiyon Körüğü | Dorse (B) L1 | (B) L1 Süspansiyon Körüğü | 424912.S10 Süspansiyon Körüğü | Ford Cargo Krone Dorse Kögel Dorse Süspansiyon Körüğü 424912.S10","https://www.frenciniz.com/urun/904/b-l1-ford-cargo-krone-dorse-kogel-dorse-suspansiyon-korugu-424912-s10-ekersan","","12","2508"
"905","Süspansiyon Körüğü","424912.S08","5001832067","","","no","Renault Premium Magnum Kerax Midlum D Serisi Süspansiyon Körüğü 424912.S08","5001832067 Renault Premium Magnum Kerax Midlum D Serisi Süspansiyon Körüğü 424912.S08","5001832067 Renault Premium Magnum Kerax Midlum D Serisi... | Frenciniz","5001832067 Renault Premium Magnum Kerax Midlum D Serisi Süspansiyon Körüğü 424912.S08 icin stok, fiyat ve uyumluluk teyidi. Uygunluk adaylari: Renault Trucks...","5001832067 Renault Premium Magnum Kerax Midlum D Serisi Süspansiyon Körüğü 424912.S08","Renault Trucks Midlum Süspansiyon Körüğü | Renault Trucks Midlum 5001832067 | 5001832067 Süspansiyon Körüğü | 424912.S08 Süspansiyon Körüğü | Renault Premium Magnum Kerax Midlum D Serisi Süspansiyon Körüğü 424912.S08","https://www.frenciniz.com/urun/905/5001832067-renault-premium-magnum-kerax-midlum-d-serisi-suspansiyon-korugu-424912-s08-ekersan","","115","2613.6"
"906","Süspansiyon Körüğü","424912.C10","5010557355 , 7422025556","","","no","Renault Premium Magnum Kerax Midlum D Serisi Süspansiyon Körüğü 424912.C10","5010557355 Renault Premium Magnum Kerax Midlum D Serisi Süspansiyon Körüğü 424912.C10","5010557355 Renault Premium Magnum Kerax Midlum D Serisi... | Frenciniz","5010557355 Renault Premium Magnum Kerax Midlum D Serisi Süspansiyon Körüğü 424912.C10 icin stok, fiyat ve uyumluluk teyidi. Uygunluk adaylari: Renault Trucks...","5010557355 Renault Premium Magnum Kerax Midlum D Serisi Süspansiyon Körüğü 424912.C10","Renault Trucks Midlum Süspansiyon Körüğü | Renault Trucks Midlum 5010557355 | 5010557355 Süspansiyon Körüğü | 424912.C10 Süspansiyon Körüğü | Renault Premium Magnum Kerax Midlum D Serisi Süspansiyon Körüğü 424912.C10","https://www.frenciniz.com/urun/906/5010557355-renault-premium-magnum-kerax-midlum-d-serisi-suspansiyon-korugu-424912-c10-ekersan","","20","3564"
"907","Süspansiyon Körüğü","424912.C07","5010294307 , MLF7063","","","no","Renault Premium Magnum Kerax Midlum D Serisi Süspansiyon Körüğü 424912.C07","5010294307 Renault Premium Magnum Kerax Midlum D Serisi Süspansiyon Körüğü 424912.C07","5010294307 Renault Premium Magnum Kerax Midlum D Serisi... | Frenciniz","5010294307 Renault Premium Magnum Kerax Midlum D Serisi Süspansiyon Körüğü 424912.C07 icin stok, fiyat ve uyumluluk teyidi. Uygunluk adaylari: Renault Trucks...","5010294307 Renault Premium Magnum Kerax Midlum D Serisi Süspansiyon Körüğü 424912.C07","Renault Trucks Midlum Süspansiyon Körüğü | Renault Trucks Midlum 5010294307 | 5010294307 Süspansiyon Körüğü | 424912.C07 Süspansiyon Körüğü | Renault Premium Magnum Kerax Midlum D Serisi Süspansiyon Körüğü 424912.C07","https://www.frenciniz.com/urun/907/5010294307-renault-premium-magnum-kerax-midlum-d-serisi-suspansiyon-korugu-424912-c07-ekersan","","79","3696"
"908","Süspansiyon Körüğü","424882.S02","81436010151 , 81436010176","","","no","MAN Ford Cargo Krone Dorse Kögel Dorse Süspansiyon Körüğü 424882.S02","81436010151 MAN Ford Cargo Krone Dorse Kögel Dorse Süspansiyon Körüğü 424882.S02","81436010151 MAN Ford Cargo Krone Dorse Kögel Dorse... | Frenciniz","81436010151 MAN Ford Cargo Krone Dorse Kögel Dorse Süspansiyon Körüğü 424882.S02 icin stok, fiyat ve uyumluluk teyidi. Uygunluk adaylari: Tır / çekici, Krone...","81436010151 MAN Ford Cargo Krone Dorse Kögel Dorse Süspansiyon Körüğü 424882.S02","Dorse Süspansiyon Körüğü | Dorse 81436010151 | 81436010151 Süspansiyon Körüğü | 424882.S02 Süspansiyon Körüğü | MAN Ford Cargo Krone Dorse Kögel Dorse Süspansiyon Körüğü 424882.S02","https://www.frenciniz.com/urun/908/81436010151-man-ford-cargo-krone-dorse-kogel-dorse-suspansiyon-korugu-424882-s02-ekersan","","140","1980"
"909","Süspansiyon Körüğü","424881.CP","0542943410","","","no","Ford Cargo SAF Dorse Krone Dorse Kögel Dorse Süspansiyon Körüğü Kısa","0542943410 Ford Cargo SAF Dorse Krone Dorse Kögel Dorse Süspansiyon Körüğü Kısa","0542943410 Ford Cargo SAF Dorse Krone Dorse Kögel Dorse... | Frenciniz","0542943410 Ford Cargo SAF Dorse Krone Dorse Kögel Dorse Süspansiyon Körüğü Kısa icin stok, fiyat ve uyumluluk teyidi. Uygunluk adaylari: SAF dorse dingili, SAF...","0542943410 Ford Cargo SAF Dorse Krone Dorse Kögel Dorse Süspansiyon Körüğü Kısa","SAF dorse dingili Süspansiyon Körüğü | SAF dorse dingili 0542943410 | 0542943410 Süspansiyon Körüğü | 424881.CP Süspansiyon Körüğü | Ford Cargo SAF Dorse Krone Dorse Kögel Dorse Süspansiyon Körüğü Kısa","https://www.frenciniz.com/urun/909/0542943410-ford-cargo-saf-dorse-krone-dorse-kogel-dorse-suspansiyon-korugu-kisa-ekersan","","4","3564"
"910","Süspansiyon Körüğü","424718.S","","","","no","Volvo FH12 FM FL Süspansiyon Körüğü 424718.S","Volvo FH12 FM FL Süspansiyon Körüğü 424718.S","Volvo FH12 FM FL Süspansiyon Körüğü 424718.S | Frenciniz","Volvo FH12 FM FL Süspansiyon Körüğü 424718.S icin stok, fiyat ve uyumluluk teyidi. Uygunluk adaylari: Volvo FH, Volvo FH12, Volvo FM. OEM/SKU: 424718.S. Stokta...","Volvo FH12 FM FL Süspansiyon Körüğü 424718.S","Volvo FH Süspansiyon Körüğü | Volvo FH 424718.S | 424718.S Süspansiyon Körüğü","https://www.frenciniz.com/urun/910/volvo-fh12-fm-fl-suspansiyon-korugu-424718-s-ekersan","","84","1617"
"911","Süspansiyon Körüğü","424713.S","MLF7098","","","no","Ford Cargo Krone Dorse Kögel Dorse Süspansiyon Körüğü 424713.S","MLF7098 Ford Cargo Krone Dorse Kögel Dorse Süspansiyon Körüğü 424713.S","MLF7098 Ford Cargo Krone Dorse Kögel Dorse Süspansiyon... | Frenciniz","MLF7098 Ford Cargo Krone Dorse Kögel Dorse Süspansiyon Körüğü 424713.S icin stok, fiyat ve uyumluluk teyidi. Uygunluk adaylari: Tır / çekici, Krone dorse, Kögel...","MLF7098 Ford Cargo Krone Dorse Kögel Dorse Süspansiyon Körüğü 424713.S","Dorse Süspansiyon Körüğü | Dorse MLF7098 | MLF7098 Süspansiyon Körüğü | 424713.S Süspansiyon Körüğü | Ford Cargo Krone Dorse Kögel Dorse Süspansiyon Körüğü 424713.S","https://www.frenciniz.com/urun/911/mlf7098-ford-cargo-krone-dorse-kogel-dorse-suspansiyon-korugu-424713-s-ekersan","","66","2032.8"
"912","Süspansiyon Körüğü","424713.C02","(B) K4","","","no","Ford Cargo Krone Dorse Kögel Dorse Süspansiyon Körüğü 424713.C02","(B) K4 Ford Cargo Krone Dorse Kögel Dorse Süspansiyon Körüğü 424713.C02","(B) K4 Ford Cargo Krone Dorse Kögel Dorse Süspansiyon... | Frenciniz","(B) K4 Ford Cargo Krone Dorse Kögel Dorse Süspansiyon Körüğü 424713.C02 icin stok, fiyat ve uyumluluk teyidi. Uygunluk adaylari: Tır / çekici, Krone dorse, Kögel...","(B) K4 Ford Cargo Krone Dorse Kögel Dorse Süspansiyon Körüğü 424713.C02","Dorse Süspansiyon Körüğü | Dorse (B) K4 | (B) K4 Süspansiyon Körüğü | 424713.C02 Süspansiyon Körüğü | Ford Cargo Krone Dorse Kögel Dorse Süspansiyon Körüğü 424713.C02","https://www.frenciniz.com/urun/912/b-k4-ford-cargo-krone-dorse-kogel-dorse-suspansiyon-korugu-424713-c02-ekersan","","11","3036"
"913","Süspansiyon Körüğü","424390.C01","9423205221 , 9423200421","","","no","Mercedes Axor Actros Süspansiyon Körüğü 424390.C01","9423205221 Mercedes Axor Actros Süspansiyon Körüğü 424390.C01","9423205221 Mercedes Axor Actros Süspansiyon Körüğü 424390.C01 | Frenciniz","9423205221 Mercedes Axor Actros Süspansiyon Körüğü 424390.C01 icin stok, fiyat ve uyumluluk teyidi. Uygunluk adaylari: Mercedes-Benz Actros, Mercedes-Benz Axor...","9423205221 Mercedes Axor Actros Süspansiyon Körüğü 424390.C01","Mercedes-Benz Actros Süspansiyon Körüğü | Mercedes-Benz Actros 9423205221 | 9423205221 Süspansiyon Körüğü | 424390.C01 Süspansiyon Körüğü | Mercedes Axor Actros Süspansiyon Körüğü 424390.C01","https://www.frenciniz.com/urun/913/9423205221-mercedes-axor-actros-suspansiyon-korugu-424390-c01-ekersan","","24","2541"
"914","Süspansiyon Körüğü","424183.S2","(A) E1","","","no","Ford Cargo Krone Dorse Kögel Dorse Süspansiyon Körüğü 424183.S2","(A) E1 Ford Cargo Krone Dorse Kögel Dorse Süspansiyon Körüğü 424183.S2","(A) E1 Ford Cargo Krone Dorse Kögel Dorse Süspansiyon... | Frenciniz","(A) E1 Ford Cargo Krone Dorse Kögel Dorse Süspansiyon Körüğü 424183.S2 icin stok, fiyat ve uyumluluk teyidi. Uygunluk adaylari: Tır / çekici, Krone dorse, Kögel...","(A) E1 Ford Cargo Krone Dorse Kögel Dorse Süspansiyon Körüğü 424183.S2","Dorse Süspansiyon Körüğü | Dorse (A) E1 | (A) E1 Süspansiyon Körüğü | 424183.S2 Süspansiyon Körüğü | Ford Cargo Krone Dorse Kögel Dorse Süspansiyon Körüğü 424183.S2","https://www.frenciniz.com/urun/914/a-e1-ford-cargo-krone-dorse-kogel-dorse-suspansiyon-korugu-424183-s2-ekersan","","83","2026.2"
"915","Süspansiyon Körüğü","424159.C06","MLF7127","","","no","Ford Cargo Krone Dorse Kögel Dorse Süspansiyon Körüğü 424159.C06","MLF7127 Ford Cargo Krone Dorse Kögel Dorse Süspansiyon Körüğü 424159.C06","MLF7127 Ford Cargo Krone Dorse Kögel Dorse Süspansiyon... | Frenciniz","MLF7127 Ford Cargo Krone Dorse Kögel Dorse Süspansiyon Körüğü 424159.C06 icin stok, fiyat ve uyumluluk teyidi. Uygunluk adaylari: Tır / çekici, Krone dorse...","MLF7127 Ford Cargo Krone Dorse Kögel Dorse Süspansiyon Körüğü 424159.C06","Dorse Süspansiyon Körüğü | Dorse MLF7127 | MLF7127 Süspansiyon Körüğü | 424159.C06 Süspansiyon Körüğü | Ford Cargo Krone Dorse Kögel Dorse Süspansiyon Körüğü 424159.C06","https://www.frenciniz.com/urun/915/mlf7127-ford-cargo-krone-dorse-kogel-dorse-suspansiyon-korugu-424159-c06-ekersan","","31","3194.4"
"916","Süspansiyon Körüğü","424158.S02","(B) K2","","","no","Ford Cargo Krone Dorse Kögel Dorse Süspansiyon Körüğü 424158.S02","(B) K2 Ford Cargo Krone Dorse Kögel Dorse Süspansiyon Körüğü 424158.S02","(B) K2 Ford Cargo Krone Dorse Kögel Dorse Süspansiyon... | Frenciniz","(B) K2 Ford Cargo Krone Dorse Kögel Dorse Süspansiyon Körüğü 424158.S02 icin stok, fiyat ve uyumluluk teyidi. Uygunluk adaylari: Tır / çekici, Krone dorse, Kögel...","(B) K2 Ford Cargo Krone Dorse Kögel Dorse Süspansiyon Körüğü 424158.S02","Dorse Süspansiyon Körüğü | Dorse (B) K2 | (B) K2 Süspansiyon Körüğü | 424158.S02 Süspansiyon Körüğü | Ford Cargo Krone Dorse Kögel Dorse Süspansiyon Körüğü 424158.S02","https://www.frenciniz.com/urun/916/b-k2-ford-cargo-krone-dorse-kogel-dorse-suspansiyon-korugu-424158-s02-ekersan","","155","2112"
"917","Süspansiyon Körüğü","424023.S","","","","no","Ford Cargo Krone Dorse Kögel Dorse Süspansiyon Körüğü 424023.S","Ford Cargo Krone Dorse Kögel Dorse Süspansiyon Körüğü 424023.S","Ford Cargo Krone Dorse Kögel Dorse Süspansiyon Körüğü 424023.S | Frenciniz","Ford Cargo Krone Dorse Kögel Dorse Süspansiyon Körüğü 424023.S icin stok, fiyat ve uyumluluk teyidi. Uygunluk adaylari: Tır / çekici, Krone dorse, Kögel dorse....","Ford Cargo Krone Dorse Kögel Dorse Süspansiyon Körüğü 424023.S","Dorse Süspansiyon Körüğü | Dorse 424023.S | 424023.S Süspansiyon Körüğü","https://www.frenciniz.com/urun/917/ford-cargo-krone-dorse-kogel-dorse-suspansiyon-korugu-424023-s-ekersan","","68","1980"
"918","Süspansiyon Körüğü","424023.C03","3229003100 , 3229213100","","","no","Ford Cargo Krone Dorse Kögel Dorse Süspansiyon Körüğü 424023.C03","3229003100 Ford Cargo Krone Dorse Kögel Dorse Süspansiyon Körüğü 424023.C03","3229003100 Ford Cargo Krone Dorse Kögel Dorse Süspansiyon... | Frenciniz","3229003100 Ford Cargo Krone Dorse Kögel Dorse Süspansiyon Körüğü 424023.C03 icin stok, fiyat ve uyumluluk teyidi. Uygunluk adaylari: Tır / çekici, Krone dorse...","3229003100 Ford Cargo Krone Dorse Kögel Dorse Süspansiyon Körüğü 424023.C03","Dorse Süspansiyon Körüğü | Dorse 3229003100 | 3229003100 Süspansiyon Körüğü | 424023.C03 Süspansiyon Körüğü | Ford Cargo Krone Dorse Kögel Dorse Süspansiyon Körüğü 424023.C03","https://www.frenciniz.com/urun/918/3229003100-ford-cargo-krone-dorse-kogel-dorse-suspansiyon-korugu-424023-c03-ekersan","","54","3234"
"919","Süspansiyon Körüğü","424022.S05","","","","no","Ford Cargo Krone Dorse Kögel Dorse Süspansiyon Körüğü 424022.S05","Ford Cargo Krone Dorse Kögel Dorse Süspansiyon Körüğü 424022.S05","Ford Cargo Krone Dorse Kögel Dorse Süspansiyon Körüğü... | Frenciniz","Ford Cargo Krone Dorse Kögel Dorse Süspansiyon Körüğü 424022.S05 icin stok, fiyat ve uyumluluk teyidi. Uygunluk adaylari: Tır / çekici, Krone dorse, Kögel dorse....","Ford Cargo Krone Dorse Kögel Dorse Süspansiyon Körüğü 424022.S05","Dorse Süspansiyon Körüğü | Dorse 424022.S05 | 424022.S05 Süspansiyon Körüğü","https://www.frenciniz.com/urun/919/ford-cargo-krone-dorse-kogel-dorse-suspansiyon-korugu-424022-s05-ekersan","","49","1848"
"920","Süspansiyon Körüğü","424022.S02","3229003300","","","no","Ford Cargo Krone Dorse Kögel Dorse Süspansiyon Körüğü 424022.S02","3229003300 Ford Cargo Krone Dorse Kögel Dorse Süspansiyon Körüğü 424022.S02","3229003300 Ford Cargo Krone Dorse Kögel Dorse Süspansiyon... | Frenciniz","3229003300 Ford Cargo Krone Dorse Kögel Dorse Süspansiyon Körüğü 424022.S02 icin stok, fiyat ve uyumluluk teyidi. Uygunluk adaylari: Tır / çekici, Krone dorse...","3229003300 Ford Cargo Krone Dorse Kögel Dorse Süspansiyon Körüğü 424022.S02","Dorse Süspansiyon Körüğü | Dorse 3229003300 | 3229003300 Süspansiyon Körüğü | 424022.S02 Süspansiyon Körüğü | Ford Cargo Krone Dorse Kögel Dorse Süspansiyon Körüğü 424022.S02","https://www.frenciniz.com/urun/920/3229003300-ford-cargo-krone-dorse-kogel-dorse-suspansiyon-korugu-424022-s02-ekersan","","40","1848"
"921","Süspansiyon Körüğü","424022.CP03","3229003300","","","no","Ford Cargo Krone Dorse Kögel Dorse Süspansiyon Körüğü 424022.CP03","3229003300 Ford Cargo Krone Dorse Kögel Dorse Süspansiyon Körüğü 424022.CP03","3229003300 Ford Cargo Krone Dorse Kögel Dorse Süspansiyon... | Frenciniz","3229003300 Ford Cargo Krone Dorse Kögel Dorse Süspansiyon Körüğü 424022.CP03 icin stok, fiyat ve uyumluluk teyidi. Uygunluk adaylari: Tır / çekici, Krone dorse...","3229003300 Ford Cargo Krone Dorse Kögel Dorse Süspansiyon Körüğü 424022.CP03","Dorse Süspansiyon Körüğü | Dorse 3229003300 | 3229003300 Süspansiyon Körüğü | 424022.CP03 Süspansiyon Körüğü | Ford Cargo Krone Dorse Kögel Dorse Süspansiyon Körüğü 424022.CP03","https://www.frenciniz.com/urun/921/3229003300-ford-cargo-krone-dorse-kogel-dorse-suspansiyon-korugu-424022-cp03-ekersan","","45","2508"
"922","Süspansiyon Körüğü","424004.C03","MLF7091 , 2229000700","","","no","Ford Cargo SAF Dorse Krone Dorse Kögel Dorse Süspansiyon Körüğü 424004.C03","MLF7091 Ford Cargo SAF Dorse Krone Dorse Kögel Dorse Süspansiyon Körüğü 424004.C03","MLF7091 Ford Cargo SAF Dorse Krone Dorse Kögel Dorse... | Frenciniz","MLF7091 Ford Cargo SAF Dorse Krone Dorse Kögel Dorse Süspansiyon Körüğü 424004.C03 icin stok, fiyat ve uyumluluk teyidi. Uygunluk adaylari: SAF dorse dingili...","MLF7091 Ford Cargo SAF Dorse Krone Dorse Kögel Dorse Süspansiyon Körüğü 424004.C03","SAF dorse dingili Süspansiyon Körüğü | SAF dorse dingili MLF7091 | MLF7091 Süspansiyon Körüğü | 424004.C03 Süspansiyon Körüğü | Ford Cargo SAF Dorse Krone Dorse Kögel Dorse Süspansiyon Körüğü 424004.C03","https://www.frenciniz.com/urun/922/mlf7091-ford-cargo-saf-dorse-krone-dorse-kogel-dorse-suspansiyon-korugu-424004-c03-ekersan","","94","3234"
"923","Süspansiyon Körüğü","423608.S","1903608S , 1774804S","1903608-scania-pgr-suspansiyon-korugu","13","no","1903608 Scania P G R Suspansiyon Korugu 423608.S","1903608 Scania P G R Suspansiyon Korugu 423608.S","1903608 Scania P G R Suspansiyon Korugu 423608.S | Frenciniz","1903608 Scania P G R Suspansiyon Korugu 423608.S icin stok, fiyat ve uyumluluk teyidi. Uygunluk adaylari: Tır / çekici, Krone dorse, Kögel dorse. OEM/SKU:...","1903608 koruk","scania 1903608 suspansiyon korugu | scania hava korugu | 1774804 koruk | 1903608 Scania P G R Suspansiyon Korugu 423608.S | 1903608 suspansiyon korugu | 1774804 suspansiyon korugu | 2198915 suspansiyon korugu","https://www.frenciniz.com/urun/923/1903608-scania-p-g-r-suspansiyon-korugu-423608-s-ekersan","https://www.frenciniz.com/1903608-scania-pgr-suspansiyon-korugu","52","2475"
"924","Süspansiyon Körüğü","423608.C","1903608 , 1774804","1903608-scania-pgr-suspansiyon-korugu","13","no","1903608 Scania P G R Suspansiyon Korugu 423608.C","1903608 Scania P G R Suspansiyon Korugu 423608.C","1903608 Scania P G R Suspansiyon Korugu 423608.C | Frenciniz","1903608 Scania P G R Suspansiyon Korugu 423608.C icin stok, fiyat ve uyumluluk teyidi. Uygunluk adaylari: Scania P/G/R serisi, Scania P serisi, Scania G420....","1903608 koruk","scania 1903608 suspansiyon korugu | scania hava korugu | 1774804 koruk | 1903608 Scania P G R Suspansiyon Korugu 423608.C | 1903608 suspansiyon korugu | 1774804 suspansiyon korugu | 2198915 suspansiyon korugu","https://www.frenciniz.com/urun/924/1903608-scania-p-g-r-suspansiyon-korugu-423608-c-ekersan","https://www.frenciniz.com/1903608-scania-pgr-suspansiyon-korugu","191","3610.2"
"925","Süspansiyon Körüğü","422211.P01","21221395","","","no","Ford Cargo Krone Dorse Kögel Dorse Süspansiyon Körüğü 422211.P01","21221395 Ford Cargo Krone Dorse Kögel Dorse Süspansiyon Körüğü 422211.P01","21221395 Ford Cargo Krone Dorse Kögel Dorse Süspansiyon... | Frenciniz","21221395 Ford Cargo Krone Dorse Kögel Dorse Süspansiyon Körüğü 422211.P01 icin stok, fiyat ve uyumluluk teyidi. Uygunluk adaylari: Tır / çekici, Krone dorse...","21221395 Ford Cargo Krone Dorse Kögel Dorse Süspansiyon Körüğü 422211.P01","Dorse Süspansiyon Körüğü | Dorse 21221395 | 21221395 Süspansiyon Körüğü | 422211.P01 Süspansiyon Körüğü | Ford Cargo Krone Dorse Kögel Dorse Süspansiyon Körüğü 422211.P01","https://www.frenciniz.com/urun/925/21221395-ford-cargo-krone-dorse-kogel-dorse-suspansiyon-korugu-422211-p01-ekersan","","213","1056"
"926","Somun / Cıvata","ESS 320 10","","","","no","Ford Cargo Krone Dorse Kögel Dorse Bijon Somunu M22*1,5 DPS","ESS 320 10 Ford Cargo Krone Dorse Kögel Dorse Bijon Somunu M22*1,5 DPS","ESS 320 10 Ford Cargo Krone Dorse Kögel Dorse Bijon Somunu... | Frenciniz","ESS 320 10 Ford Cargo Krone Dorse Kögel Dorse Bijon Somunu M22*1,5 DPS icin stok, fiyat ve uyumluluk teyidi. Uygunluk adaylari: Tır / çekici, Krone dorse, Kögel...","ESS 320 10 Ford Cargo Krone Dorse Kögel Dorse Bijon Somunu M22*1,5 DPS","Kamyon Somun / Cıvata | Kamyon ESS 320 10 | ESS 320 10 Somun / Cıvata | Ford Cargo Krone Dorse Kögel Dorse Bijon Somunu M22*1,5 DPS","https://www.frenciniz.com/urun/926/ess-320-10-ford-cargo-krone-dorse-kogel-dorse-bijon-somunu-m22-1-5-dps-ekersan","","5986","75.57"
"927","Somun / Cıvata","ESS 300 22","","","","no","Ford Cargo Krone Dorse Kögel Dorse Bijon Somunu Kısa ESS 300 22","Ford Cargo Krone Dorse Kögel Dorse Bijon Somunu Kısa ESS 300 22","Ford Cargo Krone Dorse Kögel Dorse Bijon Somunu Kısa ESS... | Frenciniz","Ford Cargo Krone Dorse Kögel Dorse Bijon Somunu Kısa ESS 300 22 icin stok, fiyat ve uyumluluk teyidi. Uygunluk adaylari: Tır / çekici, Krone dorse, Kögel dorse....","Ford Cargo Krone Dorse Kögel Dorse Bijon Somunu Kısa ESS 300 22","Kamyon Somun / Cıvata | Kamyon ESS 300 22 | ESS 300 22 Somun / Cıvata","https://www.frenciniz.com/urun/927/ford-cargo-krone-dorse-kogel-dorse-bijon-somunu-kisa-ess-300-22-ekersan","","1810","189.69"
"928","Somun / Cıvata","ESS 300 20","-","","","no","Ford Cargo Krone Dorse Kögel Dorse Bijon Somunu Kısa ESS 300 20","Ford Cargo Krone Dorse Kögel Dorse Bijon Somunu Kısa ESS 300 20","Ford Cargo Krone Dorse Kögel Dorse Bijon Somunu Kısa ESS... | Frenciniz","Ford Cargo Krone Dorse Kögel Dorse Bijon Somunu Kısa ESS 300 20 icin stok, fiyat ve uyumluluk teyidi. Uygunluk adaylari: Tır / çekici, Krone dorse, Kögel dorse....","Ford Cargo Krone Dorse Kögel Dorse Bijon Somunu Kısa ESS 300 20","Kamyon Somun / Cıvata | Kamyon ESS 300 20 | ESS 300 20 Somun / Cıvata","https://www.frenciniz.com/urun/928/ford-cargo-krone-dorse-kogel-dorse-bijon-somunu-kisa-ess-300-20-ekersan","","7973","188.31"
"929","Somun / Cıvata","ESS 300 12","","","","no","Ford Cargo Krone Dorse Kögel Dorse Bijon Somunu Uzun ESS 300 12","Ford Cargo Krone Dorse Kögel Dorse Bijon Somunu Uzun ESS 300 12","Ford Cargo Krone Dorse Kögel Dorse Bijon Somunu Uzun ESS... | Frenciniz","Ford Cargo Krone Dorse Kögel Dorse Bijon Somunu Uzun ESS 300 12 icin stok, fiyat ve uyumluluk teyidi. Uygunluk adaylari: Tır / çekici, Krone dorse, Kögel dorse....","Ford Cargo Krone Dorse Kögel Dorse Bijon Somunu Uzun ESS 300 12","Kamyon Somun / Cıvata | Kamyon ESS 300 12 | ESS 300 12 Somun / Cıvata","https://www.frenciniz.com/urun/929/ford-cargo-krone-dorse-kogel-dorse-bijon-somunu-uzun-ess-300-12-ekersan","","1885","189.69"
"930","Somun / Cıvata","ESS 300 10","-","","","no","Ford Cargo Krone Dorse Kögel Dorse Bijon Somunu Uzun ESS 300 10","Ford Cargo Krone Dorse Kögel Dorse Bijon Somunu Uzun ESS 300 10","Ford Cargo Krone Dorse Kögel Dorse Bijon Somunu Uzun ESS... | Frenciniz","Ford Cargo Krone Dorse Kögel Dorse Bijon Somunu Uzun ESS 300 10 icin stok, fiyat ve uyumluluk teyidi. Uygunluk adaylari: Tır / çekici, Krone dorse, Kögel dorse....","Ford Cargo Krone Dorse Kögel Dorse Bijon Somunu Uzun ESS 300 10","Kamyon Somun / Cıvata | Kamyon ESS 300 10 | ESS 300 10 Somun / Cıvata","https://www.frenciniz.com/urun/930/ford-cargo-krone-dorse-kogel-dorse-bijon-somunu-uzun-ess-300-10-ekersan","","2636","188.31"
"931","Somun / Cıvata","ESS 180 10","-","","","no","Ford Cargo Krone Dorse Kögel Dorse Bijon Somunu ESS 180 10","Ford Cargo Krone Dorse Kögel Dorse Bijon Somunu ESS 180 10","Ford Cargo Krone Dorse Kögel Dorse Bijon Somunu ESS 180 10 | Frenciniz","Ford Cargo Krone Dorse Kögel Dorse Bijon Somunu ESS 180 10 icin stok, fiyat ve uyumluluk teyidi. Uygunluk adaylari: Tır / çekici, Krone dorse, Kögel dorse....","Ford Cargo Krone Dorse Kögel Dorse Bijon Somunu ESS 180 10","Kamyon Somun / Cıvata | Kamyon ESS 180 10 | ESS 180 10 Somun / Cıvata","https://www.frenciniz.com/urun/931/ford-cargo-krone-dorse-kogel-dorse-bijon-somunu-ess-180-10-ekersan","","150","74.09"
"932","Somun / Cıvata","ESS 171 10","-","","","no","Ford Cargo Krone Dorse Kögel Dorse Bijon Somunu ESS 171 10","Ford Cargo Krone Dorse Kögel Dorse Bijon Somunu ESS 171 10","Ford Cargo Krone Dorse Kögel Dorse Bijon Somunu ESS 171 10 | Frenciniz","Ford Cargo Krone Dorse Kögel Dorse Bijon Somunu ESS 171 10 icin stok, fiyat ve uyumluluk teyidi. Uygunluk adaylari: Tır / çekici, Krone dorse, Kögel dorse....","Ford Cargo Krone Dorse Kögel Dorse Bijon Somunu ESS 171 10","Kamyon Somun / Cıvata | Kamyon ESS 171 10 | ESS 171 10 Somun / Cıvata","https://www.frenciniz.com/urun/932/ford-cargo-krone-dorse-kogel-dorse-bijon-somunu-ess-171-10-ekersan","","24994","78.76"
"933","Somun / Cıvata","ESS 170 10","-","","","no","Ford Cargo Krone Dorse Kögel Dorse Bijon Somunu ESS 170 10","Ford Cargo Krone Dorse Kögel Dorse Bijon Somunu ESS 170 10","Ford Cargo Krone Dorse Kögel Dorse Bijon Somunu ESS 170 10 | Frenciniz","Ford Cargo Krone Dorse Kögel Dorse Bijon Somunu ESS 170 10 icin stok, fiyat ve uyumluluk teyidi. Uygunluk adaylari: Tır / çekici, Krone dorse, Kögel dorse....","Ford Cargo Krone Dorse Kögel Dorse Bijon Somunu ESS 170 10","Kamyon Somun / Cıvata | Kamyon ESS 170 10 | ESS 170 10 Somun / Cıvata","https://www.frenciniz.com/urun/933/ford-cargo-krone-dorse-kogel-dorse-bijon-somunu-ess-170-10-ekersan","","6510","78.76"
"934","Somun / Cıvata","ESS 140 10","","","","no","Ford Cargo Bijon Somunu Arka","ESS 140 10 Ford Cargo Bijon Somunu Arka","ESS 140 10 Ford Cargo Bijon Somunu Arka | Frenciniz","ESS 140 10 Ford Cargo Bijon Somunu Arka icin stok, fiyat ve uyumluluk teyidi. Uygunluk adaylari: Ford Cargo, Ford Cargo 1846, Ford Cargo 3230. OEM/SKU: ESS 140...","ESS 140 10 Ford Cargo Bijon Somunu Arka","Ford Cargo Somun / Cıvata | Ford Cargo ESS 140 10 | ESS 140 10 Somun / Cıvata | Ford Cargo Bijon Somunu Arka","https://www.frenciniz.com/urun/934/ess-140-10-ford-cargo-bijon-somunu-arka-ekersan","","20","39.48"
"935","Somun / Cıvata","ESS 131 10","-","","","no","Ford Cargo Krone Dorse Kögel Dorse Bijon Somunu ESS 131 10","Ford Cargo Krone Dorse Kögel Dorse Bijon Somunu ESS 131 10","Ford Cargo Krone Dorse Kögel Dorse Bijon Somunu ESS 131 10 | Frenciniz","Ford Cargo Krone Dorse Kögel Dorse Bijon Somunu ESS 131 10 icin stok, fiyat ve uyumluluk teyidi. Uygunluk adaylari: Tır / çekici, Krone dorse, Kögel dorse....","Ford Cargo Krone Dorse Kögel Dorse Bijon Somunu ESS 131 10","Kamyon Somun / Cıvata | Kamyon ESS 131 10 | ESS 131 10 Somun / Cıvata","https://www.frenciniz.com/urun/935/ford-cargo-krone-dorse-kogel-dorse-bijon-somunu-ess-131-10-ekersan","","62","60.2"
"936","Somun / Cıvata","ESS 120 10","-","","","no","Mercedes Axor Actros MAN TGA TGS TGX TGM Bijon Somunu Uzun","ESS 120 10 Mercedes Axor Actros MAN TGA TGS TGX TGM Bijon Somunu Uzun","ESS 120 10 Mercedes Axor Actros MAN TGA TGS TGX TGM Bijon... | Frenciniz","ESS 120 10 Mercedes Axor Actros MAN TGA TGS TGX TGM Bijon Somunu Uzun icin stok, fiyat ve uyumluluk teyidi. Uygunluk adaylari: MAN ağır vasıta, Mercedes-Benz...","ESS 120 10 Mercedes Axor Actros MAN TGA TGS TGX TGM Bijon Somunu Uzun","MAN ağır vasıta Somun / Cıvata | MAN ağır vasıta ESS 120 10 | ESS 120 10 Somun / Cıvata | Mercedes Axor Actros MAN TGA TGS TGX TGM Bijon Somunu Uzun","https://www.frenciniz.com/urun/936/ess-120-10-mercedes-axor-actros-man-tga-tgs-tgx-tgm-bijon-somunu-uzun-ekersan","","5816","60.2"
"937","Somun / Cıvata","ESS 080 10","-","","","no","Ford Cargo Krone Dorse Kögel Dorse Bijon Somunu ESS 080 10","Ford Cargo Krone Dorse Kögel Dorse Bijon Somunu ESS 080 10","Ford Cargo Krone Dorse Kögel Dorse Bijon Somunu ESS 080 10 | Frenciniz","Ford Cargo Krone Dorse Kögel Dorse Bijon Somunu ESS 080 10 icin stok, fiyat ve uyumluluk teyidi. Uygunluk adaylari: Tır / çekici, Krone dorse, Kögel dorse....","Ford Cargo Krone Dorse Kögel Dorse Bijon Somunu ESS 080 10","Kamyon Somun / Cıvata | Kamyon ESS 080 10 | ESS 080 10 Somun / Cıvata","https://www.frenciniz.com/urun/937/ford-cargo-krone-dorse-kogel-dorse-bijon-somunu-ess-080-10-ekersan","","764","60.2"
"938","Somun / Cıvata","ESS 029 10","-","","","no","Ford Cargo Krone Dorse Kögel Dorse Bijon Somunu 18x1","ESS 029 10 Ford Cargo Krone Dorse Kögel Dorse Bijon Somunu 18x1","ESS 029 10 Ford Cargo Krone Dorse Kögel Dorse Bijon Somunu... | Frenciniz","ESS 029 10 Ford Cargo Krone Dorse Kögel Dorse Bijon Somunu 18x1 icin stok, fiyat ve uyumluluk teyidi. Uygunluk adaylari: Tır / çekici, Krone dorse, Kögel dorse....","ESS 029 10 Ford Cargo Krone Dorse Kögel Dorse Bijon Somunu 18x1","Kamyon Somun / Cıvata | Kamyon ESS 029 10 | ESS 029 10 Somun / Cıvata | Ford Cargo Krone Dorse Kögel Dorse Bijon Somunu 18x1","https://www.frenciniz.com/urun/938/ess-029-10-ford-cargo-krone-dorse-kogel-dorse-bijon-somunu-18x1-ekersan","","12133","74.09"
"939","Somun / Cıvata","ESS 028 10","-","","","no","Ford Cargo Krone Dorse Kögel Dorse Bijon Somunu ESS 028 10","Ford Cargo Krone Dorse Kögel Dorse Bijon Somunu ESS 028 10","Ford Cargo Krone Dorse Kögel Dorse Bijon Somunu ESS 028 10 | Frenciniz","Ford Cargo Krone Dorse Kögel Dorse Bijon Somunu ESS 028 10 icin stok, fiyat ve uyumluluk teyidi. Uygunluk adaylari: Tır / çekici, Krone dorse, Kögel dorse....","Ford Cargo Krone Dorse Kögel Dorse Bijon Somunu ESS 028 10","Kamyon Somun / Cıvata | Kamyon ESS 028 10 | ESS 028 10 Somun / Cıvata","https://www.frenciniz.com/urun/939/ford-cargo-krone-dorse-kogel-dorse-bijon-somunu-ess-028-10-ekersan","","14995","74.09"
"940","Somun / Cıvata","ESS 025 20-3","","","","no","Ford Cargo Krone Dorse Kögel Dorse Bijon Somunu Dakromatlı Kısa","ESS 025 20-3 Ford Cargo Krone Dorse Kögel Dorse Bijon Somunu Dakromatlı Kısa","ESS 025 20-3 Ford Cargo Krone Dorse Kögel Dorse Bijon... | Frenciniz","ESS 025 20-3 Ford Cargo Krone Dorse Kögel Dorse Bijon Somunu Dakromatlı Kısa icin stok, fiyat ve uyumluluk teyidi. Uygunluk adaylari: Tır / çekici, Krone dorse...","ESS 025 20-3 Ford Cargo Krone Dorse Kögel Dorse Bijon Somunu Dakromatlı Kısa","Kamyon Somun / Cıvata | Kamyon ESS 025 20-3 | ESS 025 20-3 Somun / Cıvata | Ford Cargo Krone Dorse Kögel Dorse Bijon Somunu Dakromatlı Kısa","https://www.frenciniz.com/urun/940/ess-025-20-3-ford-cargo-krone-dorse-kogel-dorse-bijon-somunu-dakromatli-kisa-ekersan","","55436","73.37"
"941","Somun / Cıvata","ESS 025 20","81455030056 - 81455030026","","","no","MAN Ford Cargo Krone Dorse Kögel Dorse Bijon Somunu","81455030056 MAN Ford Cargo Krone Dorse Kögel Dorse Bijon Somunu","81455030056 MAN Ford Cargo Krone Dorse Kögel Dorse Bijon... | Frenciniz","81455030056 MAN Ford Cargo Krone Dorse Kögel Dorse Bijon Somunu icin stok, fiyat ve uyumluluk teyidi. Uygunluk adaylari: Tır / çekici, Krone dorse, Kögel dorse....","81455030056 MAN Ford Cargo Krone Dorse Kögel Dorse Bijon Somunu","Kamyon Somun / Cıvata | Kamyon 81455030056 | 81455030056 Somun / Cıvata | ESS 025 20 Somun / Cıvata | MAN Ford Cargo Krone Dorse Kögel Dorse Bijon Somunu","https://www.frenciniz.com/urun/941/81455030056-man-ford-cargo-krone-dorse-kogel-dorse-bijon-somunu-ekersan","","91042","74.09"
"942","Somun / Cıvata","ESS 024 11-L","-","","","no","Ford Cargo Krone Dorse Kögel Dorse Bijon Somunu ESS 024 11-L","Ford Cargo Krone Dorse Kögel Dorse Bijon Somunu ESS 024 11-L","Ford Cargo Krone Dorse Kögel Dorse Bijon Somunu ESS 024 11-L | Frenciniz","Ford Cargo Krone Dorse Kögel Dorse Bijon Somunu ESS 024 11-L icin stok, fiyat ve uyumluluk teyidi. Uygunluk adaylari: Tır / çekici, Krone dorse, Kögel dorse....","Ford Cargo Krone Dorse Kögel Dorse Bijon Somunu ESS 024 11-L","Kamyon Somun / Cıvata | Kamyon ESS 024 11-L | ESS 024 11-L Somun / Cıvata","https://www.frenciniz.com/urun/942/ford-cargo-krone-dorse-kogel-dorse-bijon-somunu-ess-024-11-l-ekersan","","90","74.09"
"943","Somun / Cıvata","ESS 024 10-R","","","","no","Volvo FH12 FM FL Bijon Somunu","ESS 024 10-R Volvo FH12 FM FL Bijon Somunu","ESS 024 10-R Volvo FH12 FM FL Bijon Somunu | Frenciniz","ESS 024 10-R Volvo FH12 FM FL Bijon Somunu icin stok, fiyat ve uyumluluk teyidi. Uygunluk adaylari: Volvo FH, Volvo FH12, Volvo FM. OEM/SKU: ESS 024 10-R. Stokta...","ESS 024 10-R Volvo FH12 FM FL Bijon Somunu","Volvo FH Somun / Cıvata | Volvo FH ESS 024 10-R | ESS 024 10-R Somun / Cıvata | Volvo FH12 FM FL Bijon Somunu","https://www.frenciniz.com/urun/943/ess-024-10-r-volvo-fh12-fm-fl-bijon-somunu-ekersan","","748","74.09"
"944","Somun / Cıvata","ESS 023 10-R","","","","no","Ford Cargo Krone Dorse Kögel Dorse Bijon Somunu ESS 023 10-R","Ford Cargo Krone Dorse Kögel Dorse Bijon Somunu ESS 023 10-R","Ford Cargo Krone Dorse Kögel Dorse Bijon Somunu ESS 023 10-R | Frenciniz","Ford Cargo Krone Dorse Kögel Dorse Bijon Somunu ESS 023 10-R icin stok, fiyat ve uyumluluk teyidi. Uygunluk adaylari: Tır / çekici, Krone dorse, Kögel dorse....","Ford Cargo Krone Dorse Kögel Dorse Bijon Somunu ESS 023 10-R","Kamyon Somun / Cıvata | Kamyon ESS 023 10-R | ESS 023 10-R Somun / Cıvata","https://www.frenciniz.com/urun/944/ford-cargo-krone-dorse-kogel-dorse-bijon-somunu-ess-023-10-r-ekersan","","11047","74.09"
"945","Somun / Cıvata","ESS 020 10","-","","","no","Ford Cargo Krone Dorse Kögel Dorse Bijon Somunu ESS 020 10","Ford Cargo Krone Dorse Kögel Dorse Bijon Somunu ESS 020 10","Ford Cargo Krone Dorse Kögel Dorse Bijon Somunu ESS 020 10 | Frenciniz","Ford Cargo Krone Dorse Kögel Dorse Bijon Somunu ESS 020 10 icin stok, fiyat ve uyumluluk teyidi. Uygunluk adaylari: Tır / çekici, Krone dorse, Kögel dorse....","Ford Cargo Krone Dorse Kögel Dorse Bijon Somunu ESS 020 10","Kamyon Somun / Cıvata | Kamyon ESS 020 10 | ESS 020 10 Somun / Cıvata","https://www.frenciniz.com/urun/945/ford-cargo-krone-dorse-kogel-dorse-bijon-somunu-ess-020-10-ekersan","","100000","74.09"
"946","Porya","ESP.22.08","","","","no","Ford Cargo Krone Dorse Kögel Dorse Porya E.M.","ESP.22.08 Ford Cargo Krone Dorse Kögel Dorse Porya E.M.","ESP.22.08 Ford Cargo Krone Dorse Kögel Dorse Porya E.M. | Frenciniz","ESP.22.08 Ford Cargo Krone Dorse Kögel Dorse Porya E.M. icin stok, fiyat ve uyumluluk teyidi. Uygunluk adaylari: Yerel dorse dingil grubu, Dorse / treyler, Ağır...","ESP.22.08 Ford Cargo Krone Dorse Kögel Dorse Porya E.M.","Yerel dorse dingil grubu Porya | Yerel dorse dingil grubu ESP.22.08 | ESP.22.08 Porya | Ford Cargo Krone Dorse Kögel Dorse Porya E.M.","https://www.frenciniz.com/urun/946/esp-22-08-ford-cargo-krone-dorse-kogel-dorse-porya-e-m-ekersan","","1","4488"
"947","Porya","ESP.22.06.01","","","","no","Ford Cargo Krone Dorse Kögel Dorse Porya ESP.22.06.01","Ford Cargo Krone Dorse Kögel Dorse Porya ESP.22.06.01","Ford Cargo Krone Dorse Kögel Dorse Porya ESP.22.06.01 | Frenciniz","Ford Cargo Krone Dorse Kögel Dorse Porya ESP.22.06.01 icin stok, fiyat ve uyumluluk teyidi. Uygunluk adaylari: Yerel dorse dingil grubu, Dorse / treyler, Ağır...","Ford Cargo Krone Dorse Kögel Dorse Porya ESP.22.06.01","Yerel dorse dingil grubu Porya | Yerel dorse dingil grubu ESP.22.06.01 | ESP.22.06.01 Porya","https://www.frenciniz.com/urun/947/ford-cargo-krone-dorse-kogel-dorse-porya-esp-22-06-01-ekersan","","1","6527.4"
"948","Porya","ESP.22.05.01","","","","no","Ford Cargo Krone Dorse Kögel Dorse Porya ESP.22.05.01","Ford Cargo Krone Dorse Kögel Dorse Porya ESP.22.05.01","Ford Cargo Krone Dorse Kögel Dorse Porya ESP.22.05.01 | Frenciniz","Ford Cargo Krone Dorse Kögel Dorse Porya ESP.22.05.01 icin stok, fiyat ve uyumluluk teyidi. Uygunluk adaylari: Yerel dorse dingil grubu, Dorse / treyler, Ağır...","Ford Cargo Krone Dorse Kögel Dorse Porya ESP.22.05.01","Yerel dorse dingil grubu Porya | Yerel dorse dingil grubu ESP.22.05.01 | ESP.22.05.01 Porya","https://www.frenciniz.com/urun/948/ford-cargo-krone-dorse-kogel-dorse-porya-esp-22-05-01-ekersan","","1","6375.6"
"949","Porya","ESP.22.04.01","","","","no","Ford Cargo Krone Dorse Kögel Dorse Porya ESP.22.04.01","Ford Cargo Krone Dorse Kögel Dorse Porya ESP.22.04.01","Ford Cargo Krone Dorse Kögel Dorse Porya ESP.22.04.01 | Frenciniz","Ford Cargo Krone Dorse Kögel Dorse Porya ESP.22.04.01 icin stok, fiyat ve uyumluluk teyidi. Uygunluk adaylari: Dorse / treyler, Ağır vasıta dorse dingili, Yerel...","Ford Cargo Krone Dorse Kögel Dorse Porya ESP.22.04.01","Dorse / treyler Porya | Dorse / treyler ESP.22.04.01 | ESP.22.04.01 Porya","https://www.frenciniz.com/urun/949/ford-cargo-krone-dorse-kogel-dorse-porya-esp-22-04-01-ekersan","","3","6375.6"
"950","Porya","ESP.22.03.01","","","","no","Ford Cargo Krone Dorse Kögel Dorse Porya ESP.22.03.01","Ford Cargo Krone Dorse Kögel Dorse Porya ESP.22.03.01","Ford Cargo Krone Dorse Kögel Dorse Porya ESP.22.03.01 | Frenciniz","Ford Cargo Krone Dorse Kögel Dorse Porya ESP.22.03.01 icin stok, fiyat ve uyumluluk teyidi. Uygunluk adaylari: Yerel dorse dingil grubu, Dorse / treyler, Ağır...","Ford Cargo Krone Dorse Kögel Dorse Porya ESP.22.03.01","Yerel dorse dingil grubu Porya | Yerel dorse dingil grubu ESP.22.03.01 | ESP.22.03.01 Porya","https://www.frenciniz.com/urun/950/ford-cargo-krone-dorse-kogel-dorse-porya-esp-22-03-01-ekersan","","4","7134.6"
"951","Kızak","KIZAK 10503","K012619, 2379697","29171-bpw-kogel-dorse-fren-balatasi","11","no","29171 BPW Kogel Dorse Disk Fren Balatasi KIZAK 10503","29171 BPW Kogel Dorse Disk Fren Balatasi KIZAK 10503","29171 BPW Kogel Dorse Disk Fren Balatasi KIZAK 10503 | Frenciniz","29171 BPW Kogel Dorse Disk Fren Balatasi KIZAK 10503 icin stok, fiyat ve uyumluluk teyidi. Uygunluk adaylari: BPW dorse dingili, BPW ECOPlus dingil, BPW treyler....","29171 fren balatasi","29171 bpw dorse balata | kogel dorse 29171 | bpw kogel fren balatasi | 29171 BPW Kogel Dorse Disk Fren Balatasi KIZAK 10503 | 29158 fren balatasi | 0509290060 fren balatasi | BPW dorse dingili Kızak","https://www.frenciniz.com/urun/951/29171-bpw-kogel-dorse-disk-fren-balatasi-kizak-10503-ekersan","https://www.frenciniz.com/29171-bpw-kogel-dorse-fren-balatasi","3","3960"
"952","Fren Körüğü","8138","","","","no","Ford Cargo Krone Dorse Kögel Dorse 16/24 D/D İmdatlı Fren Körüğü Disk Tipi 8138","Ford Cargo Krone Dorse Kögel Dorse 16/24 D/D İmdatlı Fren Körüğü Disk Tipi 8138","Ford Cargo Krone Dorse Kögel Dorse 16/24 D/D İmdatlı Fren... | Frenciniz","Ford Cargo Krone Dorse Kögel Dorse 16/24 D/D İmdatlı Fren Körüğü Disk Tipi 8138 icin stok, fiyat ve uyumluluk teyidi. Uygunluk adaylari: Disk fren imdatlı fren...","Ford Cargo Krone Dorse Kögel Dorse 16/24 D/D İmdatlı Fren Körüğü Disk Tipi 8138","Disk fren imdatlı fren körüğü Fren Körüğü | Disk fren imdatlı fren körüğü 8138 | 8138 Fren Körüğü","https://www.frenciniz.com/urun/952/ford-cargo-krone-dorse-kogel-dorse-16-24-d-d-imdatli-fren-korugu-disk-tipi-8138-ekersan","","797","2772"
"953","Fren Körüğü","8132","8642644620329","","","no","Ford Cargo Krone Dorse Kögel Dorse 20/24 D/P İmdatlı Fren Körüğü 64 mm Disk Tipi","8642644620329 Ford Cargo Krone Dorse Kögel Dorse 20/24 D/P İmdatlı Fren Körüğü 64 mm Disk Tipi","8642644620329 Ford Cargo Krone Dorse Kögel Dorse 20/24 D/P... | Frenciniz","8642644620329 Ford Cargo Krone Dorse Kögel Dorse 20/24 D/P İmdatlı Fren Körüğü 64 mm Disk Tipi icin stok, fiyat ve uyumluluk teyidi. Uygunluk adaylari: Disk fren...","8642644620329 Ford Cargo Krone Dorse Kögel Dorse 20/24 D/P İmdatlı Fren Körüğü 64 mm Disk Tipi","Disk fren imdatlı fren körüğü Fren Körüğü | Disk fren imdatlı fren körüğü 8642644620329 | 8642644620329 Fren Körüğü | 8132 Fren Körüğü | Ford Cargo Krone Dorse Kögel Dorse 20/24 D/P İmdatlı Fren Körüğü 64 mm Disk Tipi","https://www.frenciniz.com/urun/953/8642644620329-ford-cargo-krone-dorse-kogel-dorse-20-24-d-p-imdatli-fren-korugu-64-mm-disk-tipi","","1170","3432"
"954","Fren Körüğü","8131","","","","no","Renault Premium Magnum Kerax Midlum D Serisi İmdatlı Fren Körüğü Servis 8131","Renault Premium Magnum Kerax Midlum D Serisi İmdatlı Fren Körüğü Servis 8131","Renault Premium Magnum Kerax Midlum D Serisi İmdatlı Fren... | Frenciniz","Renault Premium Magnum Kerax Midlum D Serisi İmdatlı Fren Körüğü Servis 8131 icin stok, fiyat ve uyumluluk teyidi. Uygunluk adaylari: Renault Trucks, Disk fren...","Renault Premium Magnum Kerax Midlum D Serisi İmdatlı Fren Körüğü Servis 8131","Renault Trucks Fren Körüğü | Renault Trucks 8131 | 8131 Fren Körüğü","https://www.frenciniz.com/urun/954/renault-premium-magnum-kerax-midlum-d-serisi-imdatli-fren-korugu-servis-8131-ekersan","","1351","1320"
"955","Fren Körüğü","8129","","","","no","Renault Premium Magnum Kerax Midlum D Serisi İmdatlı Fren Körüğü Servis 8129","Renault Premium Magnum Kerax Midlum D Serisi İmdatlı Fren Körüğü Servis 8129","Renault Premium Magnum Kerax Midlum D Serisi İmdatlı Fren... | Frenciniz","Renault Premium Magnum Kerax Midlum D Serisi İmdatlı Fren Körüğü Servis 8129 icin stok, fiyat ve uyumluluk teyidi. Uygunluk adaylari: Renault Trucks, Disk fren...","Renault Premium Magnum Kerax Midlum D Serisi İmdatlı Fren Körüğü Servis 8129","Renault Trucks Fren Körüğü | Renault Trucks 8129 | 8129 Fren Körüğü","https://www.frenciniz.com/urun/955/renault-premium-magnum-kerax-midlum-d-serisi-imdatli-fren-korugu-servis-8129-ekersan","","751","1320"
"956","Fren Körüğü","8127","(A) A2","","","no","Ford Cargo Krone Dorse Kögel Dorse İmdatlı Fren Körüğü 8127","(A) A2 Ford Cargo Krone Dorse Kögel Dorse İmdatlı Fren Körüğü 8127","(A) A2 Ford Cargo Krone Dorse Kögel Dorse İmdatlı Fren... | Frenciniz","(A) A2 Ford Cargo Krone Dorse Kögel Dorse İmdatlı Fren Körüğü 8127 icin stok, fiyat ve uyumluluk teyidi. Uygunluk adaylari: Ford Cargo, Disk fren imdatlı fren...","(A) A2 Ford Cargo Krone Dorse Kögel Dorse İmdatlı Fren Körüğü 8127","Ford Cargo Fren Körüğü | Ford Cargo (A) A2 | (A) A2 Fren Körüğü | 8127 Fren Körüğü | Ford Cargo Krone Dorse Kögel Dorse İmdatlı Fren Körüğü 8127","https://www.frenciniz.com/urun/956/a-a2-ford-cargo-krone-dorse-kogel-dorse-imdatli-fren-korugu-8127-ekersan","","38","3168"
"957","Fren Körüğü","8125","8682644620305","","","no","Mercedes Travego Tourismo Ford Cargo 16/24 D/P İmdatlı Fren Körüğü Disk Tipi","8682644620305 Mercedes Travego Tourismo Ford Cargo 16/24 D/P İmdatlı Fren Körüğü Disk Tipi","8682644620305 Mercedes Travego Tourismo Ford Cargo 16/24... | Frenciniz","8682644620305 Mercedes Travego Tourismo Ford Cargo 16/24 D/P İmdatlı Fren Körüğü Disk Tipi icin stok, fiyat ve uyumluluk teyidi. Uygunluk adaylari: Mercedes-Benz...","8682644620305 Mercedes Travego Tourismo Ford Cargo 16/24 D/P İmdatlı Fren Körüğü Disk Tipi","Mercedes-Benz Travego Fren Körüğü | Mercedes-Benz Travego 8682644620305 | 8682644620305 Fren Körüğü | 8125 Fren Körüğü | Mercedes Travego Tourismo Ford Cargo 16/24 D/P İmdatlı Fren Körüğü Disk Tipi","https://www.frenciniz.com/urun/957/8682644620305-mercedes-travego-tourismo-ford-cargo-16-24-d-p-imdatli-fren-korugu-disk-tipi","","175","3300"
"958","Fren Körüğü","8121-1","8682644620268","","","no","Ford Cargo Krone Dorse Kögel Dorse 24/24 D/P İmdatlı Fren Körüğü 64 mm Disk Tipi","8682644620268 Ford Cargo Krone Dorse Kögel Dorse 24/24 D/P İmdatlı Fren Körüğü 64 mm Disk Tipi","8682644620268 Ford Cargo Krone Dorse Kögel Dorse 24/24 D/P... | Frenciniz","8682644620268 Ford Cargo Krone Dorse Kögel Dorse 24/24 D/P İmdatlı Fren Körüğü 64 mm Disk Tipi icin stok, fiyat ve uyumluluk teyidi. Uygunluk adaylari: Disk fren...","8682644620268 Ford Cargo Krone Dorse Kögel Dorse 24/24 D/P İmdatlı Fren Körüğü 64 mm Disk Tipi","Disk fren imdatlı fren körüğü Fren Körüğü | Disk fren imdatlı fren körüğü 8682644620268 | 8682644620268 Fren Körüğü | 8121-1 Fren Körüğü | Ford Cargo Krone Dorse Kögel Dorse 24/24 D/P İmdatlı Fren Körüğü 64 mm Disk Tipi","https://www.frenciniz.com/urun/958/8682644620268-ford-cargo-krone-dorse-kogel-dorse-24-24-d-p-imdatli-fren-korugu-64-mm-disk-tipi","","582","3300"
"959","Fren Körüğü","8120","(A) B2","","","no","Ford Cargo Krone Dorse Kögel Dorse İmdatlı Fren Körüğü 8120","(A) B2 Ford Cargo Krone Dorse Kögel Dorse İmdatlı Fren Körüğü 8120","(A) B2 Ford Cargo Krone Dorse Kögel Dorse İmdatlı Fren... | Frenciniz","(A) B2 Ford Cargo Krone Dorse Kögel Dorse İmdatlı Fren Körüğü 8120 icin stok, fiyat ve uyumluluk teyidi. Uygunluk adaylari: Ford Cargo, Disk fren imdatlı fren...","(A) B2 Ford Cargo Krone Dorse Kögel Dorse İmdatlı Fren Körüğü 8120","Ford Cargo Fren Körüğü | Ford Cargo (A) B2 | (A) B2 Fren Körüğü | 8120 Fren Körüğü | Ford Cargo Krone Dorse Kögel Dorse İmdatlı Fren Körüğü 8120","https://www.frenciniz.com/urun/959/a-b2-ford-cargo-krone-dorse-kogel-dorse-imdatli-fren-korugu-8120-ekersan","","87","3168"
"960","Fren Körüğü","8111","","","","no","Ford Cargo Krone Dorse Kögel Dorse 24/30 D/P İmdatlı Fren Körüğü Kısa Disk Tipi","8111 Ford Cargo Krone Dorse Kögel Dorse 24/30 D/P İmdatlı Fren Körüğü Kısa Disk Tipi","8111 Ford Cargo Krone Dorse Kögel Dorse 24/30 D/P İmdatlı... | Frenciniz","8111 Ford Cargo Krone Dorse Kögel Dorse 24/30 D/P İmdatlı Fren Körüğü Kısa Disk Tipi icin stok, fiyat ve uyumluluk teyidi. Uygunluk adaylari: Disk fren imdatlı...","8111 Ford Cargo Krone Dorse Kögel Dorse 24/30 D/P İmdatlı Fren Körüğü Kısa Disk Tipi","Disk fren imdatlı fren körüğü Fren Körüğü | Disk fren imdatlı fren körüğü 8111 | 8111 Fren Körüğü | Ford Cargo Krone Dorse Kögel Dorse 24/30 D/P İmdatlı Fren Körüğü Kısa Disk Tipi","https://www.frenciniz.com/urun/960/8111-ford-cargo-krone-dorse-kogel-dorse-24-30-d-p-imdatli-fren-korugu-kisa-disk-tipi-ekersan","","405","3630"
"961","Fren Körüğü","8110","8682644620176-8682644620183-8682644620190","","","no","Renault Premium Magnum Kerax Midlum D Serisi İmdatlı Fren Körüğü Servis 8110","8682644620176 Renault Premium Magnum Kerax Midlum D Serisi İmdatlı Fren Körüğü Servis 8110","8682644620176 Renault Premium Magnum Kerax Midlum D Serisi... | Frenciniz","8682644620176 Renault Premium Magnum Kerax Midlum D Serisi İmdatlı Fren Körüğü Servis 8110 icin stok, fiyat ve uyumluluk teyidi. Uygunluk adaylari: Renault...","8682644620176 Renault Premium Magnum Kerax Midlum D Serisi İmdatlı Fren Körüğü Servis 8110","Renault Trucks Fren Körüğü | Renault Trucks 8682644620176 | 8682644620176 Fren Körüğü | 8110 Fren Körüğü | Renault Premium Magnum Kerax Midlum D Serisi İmdatlı Fren Körüğü Servis 8110","https://www.frenciniz.com/urun/961/8682644620176-renault-premium-magnum-kerax-midlum-d-serisi-imdatli-fren-korugu-servis-8110","","1075","1320"
"962","Fren Körüğü","8109","8682644620022","","","no","Renault Premium Magnum Kerax Midlum D Serisi İmdatlı Fren Körüğü Servis 8109","8682644620022 Renault Premium Magnum Kerax Midlum D Serisi İmdatlı Fren Körüğü Servis 8109","8682644620022 Renault Premium Magnum Kerax Midlum D Serisi... | Frenciniz","8682644620022 Renault Premium Magnum Kerax Midlum D Serisi İmdatlı Fren Körüğü Servis 8109 icin stok, fiyat ve uyumluluk teyidi. Uygunluk adaylari: Renault...","8682644620022 Renault Premium Magnum Kerax Midlum D Serisi İmdatlı Fren Körüğü Servis 8109","Renault Trucks Fren Körüğü | Renault Trucks 8682644620022 | 8682644620022 Fren Körüğü | 8109 Fren Körüğü | Renault Premium Magnum Kerax Midlum D Serisi İmdatlı Fren Körüğü Servis 8109","https://www.frenciniz.com/urun/962/8682644620022-renault-premium-magnum-kerax-midlum-d-serisi-imdatli-fren-korugu-servis-8109","","1251","1267.2"
"963","Fren Körüğü","8106-1","","","","no","Ford Cargo Krone Dorse Kögel Dorse 24/24 D/P İmdatlı Fren Körüğü M22 64 mm Disk Tipi","8106-1 Ford Cargo Krone Dorse Kögel Dorse 24/24 D/P İmdatlı Fren Körüğü M22 64 mm Disk Tipi","8106-1 Ford Cargo Krone Dorse Kögel Dorse 24/24 D/P... | Frenciniz","8106-1 Ford Cargo Krone Dorse Kögel Dorse 24/24 D/P İmdatlı Fren Körüğü M22 64 mm Disk Tipi icin stok, fiyat ve uyumluluk teyidi. Uygunluk adaylari: Disk fren...","8106-1 Ford Cargo Krone Dorse Kögel Dorse 24/24 D/P İmdatlı Fren Körüğü M22 64 mm Disk Tipi","Disk fren imdatlı fren körüğü Fren Körüğü | Disk fren imdatlı fren körüğü 8106-1 | 8106-1 Fren Körüğü | Ford Cargo Krone Dorse Kögel Dorse 24/24 D/P İmdatlı Fren Körüğü M22 64 mm Disk Tipi","https://www.frenciniz.com/urun/963/8106-1-ford-cargo-krone-dorse-kogel-dorse-24-24-d-p-imdatli-fren-korugu-m22-64-mm-disk-tipi","","1","3300"
"964","Fren Körüğü","8106","","","","no","Ford Cargo Krone Dorse Kögel Dorse 24/24 D/P İmdatlı Fren Körüğü M16 Disk Tipi","8106 Ford Cargo Krone Dorse Kögel Dorse 24/24 D/P İmdatlı Fren Körüğü M16 Disk Tipi","8106 Ford Cargo Krone Dorse Kögel Dorse 24/24 D/P İmdatlı... | Frenciniz","8106 Ford Cargo Krone Dorse Kögel Dorse 24/24 D/P İmdatlı Fren Körüğü M16 Disk Tipi icin stok, fiyat ve uyumluluk teyidi. Uygunluk adaylari: Disk fren imdatlı...","8106 Ford Cargo Krone Dorse Kögel Dorse 24/24 D/P İmdatlı Fren Körüğü M16 Disk Tipi","Disk fren imdatlı fren körüğü Fren Körüğü | Disk fren imdatlı fren körüğü 8106 | 8106 Fren Körüğü | Ford Cargo Krone Dorse Kögel Dorse 24/24 D/P İmdatlı Fren Körüğü M16 Disk Tipi","https://www.frenciniz.com/urun/964/8106-ford-cargo-krone-dorse-kogel-dorse-24-24-d-p-imdatli-fren-korugu-m16-disk-tipi-ekersan","","250","3300"
"965","Fren Körüğü","8105","8682644620367","","","no","Ford Cargo Krone Dorse Kögel Dorse 30/24 D/P İmdatlı Fren Körüğü M22 Disk Tipi","8682644620367 Ford Cargo Krone Dorse Kögel Dorse 30/24 D/P İmdatlı Fren Körüğü M22 Disk Tipi","8682644620367 Ford Cargo Krone Dorse Kögel Dorse 30/24 D/P... | Frenciniz","8682644620367 Ford Cargo Krone Dorse Kögel Dorse 30/24 D/P İmdatlı Fren Körüğü M22 Disk Tipi icin stok, fiyat ve uyumluluk teyidi. Uygunluk adaylari: Disk fren...","8682644620367 Ford Cargo Krone Dorse Kögel Dorse 30/24 D/P İmdatlı Fren Körüğü M22 Disk Tipi","Disk fren imdatlı fren körüğü Fren Körüğü | Disk fren imdatlı fren körüğü 8682644620367 | 8682644620367 Fren Körüğü | 8105 Fren Körüğü | Ford Cargo Krone Dorse Kögel Dorse 30/24 D/P İmdatlı Fren Körüğü M22 Disk Tipi","https://www.frenciniz.com/urun/965/8682644620367-ford-cargo-krone-dorse-kogel-dorse-30-24-d-p-imdatli-fren-korugu-m22-disk-tipi","","259","3432"
"966","Fren Körüğü","8104-1","","","","no","Ford Cargo Krone Dorse Kögel Dorse 30/30 D/P İmdatlı Fren Körüğü Disk Tipi 8104-1","Ford Cargo Krone Dorse Kögel Dorse 30/30 D/P İmdatlı Fren Körüğü Disk Tipi 8104-1","Ford Cargo Krone Dorse Kögel Dorse 30/30 D/P İmdatlı Fren... | Frenciniz","Ford Cargo Krone Dorse Kögel Dorse 30/30 D/P İmdatlı Fren Körüğü Disk Tipi 8104-1 icin stok, fiyat ve uyumluluk teyidi. Uygunluk adaylari: Disk fren imdatlı fren...","Ford Cargo Krone Dorse Kögel Dorse 30/30 D/P İmdatlı Fren Körüğü Disk Tipi 8104-1","Disk fren imdatlı fren körüğü Fren Körüğü | Disk fren imdatlı fren körüğü 8104-1 | 8104-1 Fren Körüğü","https://www.frenciniz.com/urun/966/ford-cargo-krone-dorse-kogel-dorse-30-30-d-p-imdatli-fren-korugu-disk-tipi-8104-1-ekersan","","2","3630"
"967","Fren Körüğü","8104","","","","no","Ford Cargo Krone Dorse Kögel Dorse 30/30 D/P İmdatlı Fren Körüğü Disk Tipi 8104","Ford Cargo Krone Dorse Kögel Dorse 30/30 D/P İmdatlı Fren Körüğü Disk Tipi 8104","Ford Cargo Krone Dorse Kögel Dorse 30/30 D/P İmdatlı Fren... | Frenciniz","Ford Cargo Krone Dorse Kögel Dorse 30/30 D/P İmdatlı Fren Körüğü Disk Tipi 8104 icin stok, fiyat ve uyumluluk teyidi. Uygunluk adaylari: Disk fren imdatlı fren...","Ford Cargo Krone Dorse Kögel Dorse 30/30 D/P İmdatlı Fren Körüğü Disk Tipi 8104","Disk fren imdatlı fren körüğü Fren Körüğü | Disk fren imdatlı fren körüğü 8104 | 8104 Fren Körüğü","https://www.frenciniz.com/urun/967/ford-cargo-krone-dorse-kogel-dorse-30-30-d-p-imdatli-fren-korugu-disk-tipi-8104-ekersan","","1946","3432"
"968","Fren Körüğü","8103","8682644620435","","","no","Ford Cargo Krone Dorse Kögel Dorse 24/30 D/D İmdatlı Fren Körüğü Disk Tipi 8103","8682644620435 Ford Cargo Krone Dorse Kögel Dorse 24/30 D/D İmdatlı Fren Körüğü Disk Tipi 8103","8682644620435 Ford Cargo Krone Dorse Kögel Dorse 24/30 D/D... | Frenciniz","8682644620435 Ford Cargo Krone Dorse Kögel Dorse 24/30 D/D İmdatlı Fren Körüğü Disk Tipi 8103 icin stok, fiyat ve uyumluluk teyidi. Uygunluk adaylari: Disk fren...","8682644620435 Ford Cargo Krone Dorse Kögel Dorse 24/30 D/D İmdatlı Fren Körüğü Disk Tipi 8103","Disk fren imdatlı fren körüğü Fren Körüğü | Disk fren imdatlı fren körüğü 8682644620435 | 8682644620435 Fren Körüğü | 8103 Fren Körüğü | Ford Cargo Krone Dorse Kögel Dorse 24/30 D/D İmdatlı Fren Körüğü Disk Tipi 8103","https://www.frenciniz.com/urun/968/8682644620435-ford-cargo-krone-dorse-kogel-dorse-24-30-d-d-imdatli-fren-korugu-disk-tipi-8103","","1032","2772"
"969","Fren Körüğü","8101","","","","no","Ford Cargo Krone Dorse Kögel Dorse 30/30 D/D İmdatlı Fren Körüğü Disk Tipi 8101","Ford Cargo Krone Dorse Kögel Dorse 30/30 D/D İmdatlı Fren Körüğü Disk Tipi 8101","Ford Cargo Krone Dorse Kögel Dorse 30/30 D/D İmdatlı Fren... | Frenciniz","Ford Cargo Krone Dorse Kögel Dorse 30/30 D/D İmdatlı Fren Körüğü Disk Tipi 8101 icin stok, fiyat ve uyumluluk teyidi. Uygunluk adaylari: Disk fren imdatlı fren...","Ford Cargo Krone Dorse Kögel Dorse 30/30 D/D İmdatlı Fren Körüğü Disk Tipi 8101","Disk fren imdatlı fren körüğü Fren Körüğü | Disk fren imdatlı fren körüğü 8101 | 8101 Fren Körüğü","https://www.frenciniz.com/urun/969/ford-cargo-krone-dorse-kogel-dorse-30-30-d-d-imdatli-fren-korugu-disk-tipi-8101-ekersan","","822","2772"
"970","Porya","70.02020","","","","no","Ford Cargo Krone Dorse Kögel Dorse Porya Kapağı M152.00x2.50","70.02020 Ford Cargo Krone Dorse Kögel Dorse Porya Kapağı M152.00x2.50","70.02020 Ford Cargo Krone Dorse Kögel Dorse Porya Kapağı... | Frenciniz","70.02020 Ford Cargo Krone Dorse Kögel Dorse Porya Kapağı M152.00x2.50 icin stok, fiyat ve uyumluluk teyidi. Uygunluk adaylari: Dorse / treyler, Ağır vasıta dorse...","70.02020 Ford Cargo Krone Dorse Kögel Dorse Porya Kapağı M152.00x2.50","Dorse / treyler Porya | Dorse / treyler 70.02020 | 70.02020 Porya | Ford Cargo Krone Dorse Kögel Dorse Porya Kapağı M152.00x2.50","https://www.frenciniz.com/urun/970/70-02020-ford-cargo-krone-dorse-kogel-dorse-porya-kapagi-m152-00x2-50-ekersan","","37","396"
"971","Kaliper","60-6310","","","","no","ROR Meritor Knorr WABCO Kaliper 60-6310","ROR Meritor Knorr WABCO Kaliper 60-6310","ROR Meritor Knorr WABCO Kaliper 60-6310 | Frenciniz","ROR Meritor Knorr WABCO Kaliper 60-6310 icin stok, fiyat ve uyumluluk teyidi. Uygunluk adaylari: Ağır vasıta kaliper sistemi, Knorr / WABCO / Meritor kaliper...","ROR Meritor Knorr WABCO Kaliper 60-6310","Ağır vasıta kaliper sistemi Kaliper | Ağır vasıta kaliper sistemi 60-6310 | 60-6310 Kaliper","https://www.frenciniz.com/urun/971/ror-meritor-knorr-wabco-kaliper-60-6310-ekersan","","1","5237.76"
"972","Fren Körüğü","8122-1","8682644620299","","","no","Ford Cargo Krone Dorse Kögel Dorse 16/24 D/P İmdatlı Fren Körüğü 64 mm Disk Tipi","8682644620299 Ford Cargo Krone Dorse Kögel Dorse 16/24 D/P İmdatlı Fren Körüğü 64 mm Disk Tipi","8682644620299 Ford Cargo Krone Dorse Kögel Dorse 16/24 D/P... | Frenciniz","8682644620299 Ford Cargo Krone Dorse Kögel Dorse 16/24 D/P İmdatlı Fren Körüğü 64 mm Disk Tipi icin stok, fiyat ve uyumluluk teyidi. Uygunluk adaylari: Disk fren...","8682644620299 Ford Cargo Krone Dorse Kögel Dorse 16/24 D/P İmdatlı Fren Körüğü 64 mm Disk Tipi","Disk fren imdatlı fren körüğü Fren Körüğü | Disk fren imdatlı fren körüğü 8682644620299 | 8682644620299 Fren Körüğü | 8122-1 Fren Körüğü | Ford Cargo Krone Dorse Kögel Dorse 16/24 D/P İmdatlı Fren Körüğü 64 mm Disk Tipi","https://www.frenciniz.com/urun/972/8682644620299-ford-cargo-krone-dorse-kogel-dorse-16-24-d-p-imdatli-fren-korugu-64-mm-disk-tipi","","1985","3300"
"973","Perno","429002","","","","no","Ford Cargo Krone Dorse Kögel Dorse Perno 40x12 mm","429002 Ford Cargo Krone Dorse Kögel Dorse Perno 40x12 mm","429002 Ford Cargo Krone Dorse Kögel Dorse Perno 40x12 mm | Frenciniz","429002 Ford Cargo Krone Dorse Kögel Dorse Perno 40x12 mm icin stok, fiyat ve uyumluluk teyidi. Uygunluk adaylari: Tır / çekici, Krone dorse, Kögel dorse....","429002 Ford Cargo Krone Dorse Kögel Dorse Perno 40x12 mm","Kamyon Perno | Kamyon 429002 | 429002 Perno | Ford Cargo Krone Dorse Kögel Dorse Perno 40x12 mm","https://www.frenciniz.com/urun/973/429002-ford-cargo-krone-dorse-kogel-dorse-perno-40x12-mm-ekersan","","703","22.44"
"974","Kaliper Ayar Mekanizması","427138","","","","no","ROR Meritor Knorr WABCO Kaliper Ayar Mekanizması 427138","ROR Meritor Knorr WABCO Kaliper Ayar Mekanizması 427138","ROR Meritor Knorr WABCO Kaliper Ayar Mekanizması 427138 | Frenciniz","ROR Meritor Knorr WABCO Kaliper Ayar Mekanizması 427138 icin stok, fiyat ve uyumluluk teyidi. Uygunluk adaylari: Ağır vasıta kaliper sistemi, Knorr / WABCO /...","ROR Meritor Knorr WABCO Kaliper Ayar Mekanizması 427138","Ağır vasıta kaliper sistemi Kaliper Ayar Mekanizması | Ağır vasıta kaliper sistemi 427138 | 427138 Kaliper Ayar Mekanizması","https://www.frenciniz.com/urun/974/ror-meritor-knorr-wabco-kaliper-ayar-mekanizmasi-427138-ekersan","","21","3762"
"975","Kaliper Perno Tamir Takımı","427120","3434386100","","","no","ROR Meritor Knorr WABCO Kaliper Perno Tamir Takımı 427120","3434386100 ROR Meritor Knorr WABCO Kaliper Perno Tamir Takımı 427120","3434386100 ROR Meritor Knorr WABCO Kaliper Perno Tamir... | Frenciniz","3434386100 ROR Meritor Knorr WABCO Kaliper Perno Tamir Takımı 427120 icin stok, fiyat ve uyumluluk teyidi. Uygunluk adaylari: Ağır vasıta kaliper sistemi, Knorr...","3434386100 ROR Meritor Knorr WABCO Kaliper Perno Tamir Takımı 427120","Ağır vasıta kaliper sistemi Kaliper Perno Tamir Takımı | Ağır vasıta kaliper sistemi 3434386100 | 3434386100 Kaliper Perno Tamir Takımı | 427120 Kaliper Perno Tamir Takımı | ROR Meritor Knorr WABCO Kaliper Perno Tamir Takımı 427120","https://www.frenciniz.com/urun/975/3434386100-ror-meritor-knorr-wabco-kaliper-perno-tamir-takimi-427120-ekersan","","302","983.4"
"976","Kaliper Kapak/Conta","426124","","","","no","ROR Meritor Knorr WABCO Kaliper Kapak Conta 426124","ROR Meritor Knorr WABCO Kaliper Kapak Conta 426124","ROR Meritor Knorr WABCO Kaliper Kapak Conta 426124 | Frenciniz","ROR Meritor Knorr WABCO Kaliper Kapak Conta 426124 icin stok, fiyat ve uyumluluk teyidi. Uygunluk adaylari: Ağır vasıta kaliper sistemi, Knorr / WABCO / Meritor...","ROR Meritor Knorr WABCO Kaliper Kapak Conta 426124","Ağır vasıta kaliper sistemi Kaliper Kapak/Conta | Ağır vasıta kaliper sistemi 426124 | 426124 Kaliper Kapak/Conta","https://www.frenciniz.com/urun/976/ror-meritor-knorr-wabco-kaliper-kapak-conta-426124-ekersan","","5","752.4"
"977","Kaliper Perno Tamir Takımı","426123","","","","no","ROR Meritor Knorr WABCO Kaliper Perno Tamir Takımı 426123","ROR Meritor Knorr WABCO Kaliper Perno Tamir Takımı 426123","ROR Meritor Knorr WABCO Kaliper Perno Tamir Takımı 426123 | Frenciniz","ROR Meritor Knorr WABCO Kaliper Perno Tamir Takımı 426123 icin stok, fiyat ve uyumluluk teyidi. Uygunluk adaylari: Ağır vasıta kaliper sistemi, Knorr / WABCO /...","ROR Meritor Knorr WABCO Kaliper Perno Tamir Takımı 426123","Ağır vasıta kaliper sistemi Kaliper Perno Tamir Takımı | Ağır vasıta kaliper sistemi 426123 | 426123 Kaliper Perno Tamir Takımı","https://www.frenciniz.com/urun/977/ror-meritor-knorr-wabco-kaliper-perno-tamir-takimi-426123-ekersan","","436","1254"
"978","Süspansiyon Körüğü","425299","","","","no","Ford Cargo Krone Dorse Kögel Dorse Süspansiyon Körüğü Uzun","425299 Ford Cargo Krone Dorse Kögel Dorse Süspansiyon Körüğü Uzun","425299 Ford Cargo Krone Dorse Kögel Dorse Süspansiyon... | Frenciniz","425299 Ford Cargo Krone Dorse Kögel Dorse Süspansiyon Körüğü Uzun icin stok, fiyat ve uyumluluk teyidi. Uygunluk adaylari: Tır / çekici, Krone dorse, Kögel...","425299 Ford Cargo Krone Dorse Kögel Dorse Süspansiyon Körüğü Uzun","Dorse Süspansiyon Körüğü | Dorse 425299 | 425299 Süspansiyon Körüğü | Ford Cargo Krone Dorse Kögel Dorse Süspansiyon Körüğü Uzun","https://www.frenciniz.com/urun/978/425299-ford-cargo-krone-dorse-kogel-dorse-suspansiyon-korugu-uzun-ekersan","","8","660"
"979","Süspansiyon Körüğü","425298","","","","no","Ford Cargo Krone Dorse Kögel Dorse Süspansiyon Körüğü Kısa 425298","Ford Cargo Krone Dorse Kögel Dorse Süspansiyon Körüğü Kısa 425298","Ford Cargo Krone Dorse Kögel Dorse Süspansiyon Körüğü Kısa... | Frenciniz","Ford Cargo Krone Dorse Kögel Dorse Süspansiyon Körüğü Kısa 425298 icin stok, fiyat ve uyumluluk teyidi. Uygunluk adaylari: Tır / çekici, Krone dorse, Kögel...","Ford Cargo Krone Dorse Kögel Dorse Süspansiyon Körüğü Kısa 425298","Dorse Süspansiyon Körüğü | Dorse 425298 | 425298 Süspansiyon Körüğü","https://www.frenciniz.com/urun/979/ford-cargo-krone-dorse-kogel-dorse-suspansiyon-korugu-kisa-425298-ekersan","","8","567.6"
"980","Kaliper Ayar Mekanizması","425268","","","","no","Ford Cargo Krone Dorse Kögel Dorse Kaliper Ayar Mekanizması 425268","Ford Cargo Krone Dorse Kögel Dorse Kaliper Ayar Mekanizması 425268","Ford Cargo Krone Dorse Kögel Dorse Kaliper Ayar... | Frenciniz","Ford Cargo Krone Dorse Kögel Dorse Kaliper Ayar Mekanizması 425268 icin stok, fiyat ve uyumluluk teyidi. Uygunluk adaylari: Tır / çekici, Krone dorse, Kögel...","Ford Cargo Krone Dorse Kögel Dorse Kaliper Ayar Mekanizması 425268","Kamyon Kaliper Ayar Mekanizması | Kamyon 425268 | 425268 Kaliper Ayar Mekanizması","https://www.frenciniz.com/urun/980/ford-cargo-krone-dorse-kogel-dorse-kaliper-ayar-mekanizmasi-425268-ekersan","","5","1782"
"981","Kaliper Toz Lastiği","425245","","","","no","Ford Cargo Kaliper Toz Lastiği","425245 Ford Cargo Kaliper Toz Lastiği","425245 Ford Cargo Kaliper Toz Lastiği | Frenciniz","425245 Ford Cargo Kaliper Toz Lastiği icin stok, fiyat ve uyumluluk teyidi. Uygunluk adaylari: Iveco Eurocargo, Iveco Stralis, Iveco Trakker. OEM/SKU: 425245....","425245 Ford Cargo Kaliper Toz Lastiği","Iveco Eurocargo Kaliper Toz Lastiği | Iveco Eurocargo 425245 | 425245 Kaliper Toz Lastiği | Ford Cargo Kaliper Toz Lastiği","https://www.frenciniz.com/urun/981/425245-ford-cargo-kaliper-toz-lastigi-ekersan","","24","99"
"982","Kaliper Toz Lastiği","425224","","","","no","Ford Cargo Krone Dorse Kögel Dorse Kaliper Toz Lastiği 425224","Ford Cargo Krone Dorse Kögel Dorse Kaliper Toz Lastiği 425224","Ford Cargo Krone Dorse Kögel Dorse Kaliper Toz Lastiği 425224 | Frenciniz","Ford Cargo Krone Dorse Kögel Dorse Kaliper Toz Lastiği 425224 icin stok, fiyat ve uyumluluk teyidi. Uygunluk adaylari: Tır / çekici, Krone dorse, Kögel dorse....","Ford Cargo Krone Dorse Kögel Dorse Kaliper Toz Lastiği 425224","Kamyon Kaliper Toz Lastiği | Kamyon 425224 | 425224 Kaliper Toz Lastiği","https://www.frenciniz.com/urun/982/ford-cargo-krone-dorse-kogel-dorse-kaliper-toz-lastigi-425224-ekersan","","25","145.2"
"983","Kaliper Toz Lastiği","425210","","","","no","Ford Cargo Krone Dorse Kögel Dorse Kaliper Toz Lastiği 425210","Ford Cargo Krone Dorse Kögel Dorse Kaliper Toz Lastiği 425210","Ford Cargo Krone Dorse Kögel Dorse Kaliper Toz Lastiği 425210 | Frenciniz","Ford Cargo Krone Dorse Kögel Dorse Kaliper Toz Lastiği 425210 icin stok, fiyat ve uyumluluk teyidi. Uygunluk adaylari: Tır / çekici, Krone dorse, Kögel dorse....","Ford Cargo Krone Dorse Kögel Dorse Kaliper Toz Lastiği 425210","Kamyon Kaliper Toz Lastiği | Kamyon 425210 | 425210 Kaliper Toz Lastiği","https://www.frenciniz.com/urun/983/ford-cargo-krone-dorse-kogel-dorse-kaliper-toz-lastigi-425210-ekersan","","61","92.4"
"984","Kaliper Ayar Mekanizması","425101","5001868118 - 3097100 - 272908 - 8550978","","","no","Ford Cargo Krone Dorse Kögel Dorse Kaliper Ayar Mekanizması Sağ","5001868118 Ford Cargo Krone Dorse Kögel Dorse Kaliper Ayar Mekanizması Sağ","5001868118 Ford Cargo Krone Dorse Kögel Dorse Kaliper Ayar... | Frenciniz","5001868118 Ford Cargo Krone Dorse Kögel Dorse Kaliper Ayar Mekanizması Sağ icin stok, fiyat ve uyumluluk teyidi. Uygunluk adaylari: Tır / çekici, Krone dorse...","5001868118 Ford Cargo Krone Dorse Kögel Dorse Kaliper Ayar Mekanizması Sağ","Kamyon Kaliper Ayar Mekanizması | Kamyon 5001868118 | 5001868118 Kaliper Ayar Mekanizması | 425101 Kaliper Ayar Mekanizması | Ford Cargo Krone Dorse Kögel Dorse Kaliper Ayar Mekanizması Sağ","https://www.frenciniz.com/urun/984/5001868118-ford-cargo-krone-dorse-kogel-dorse-kaliper-ayar-mekanizmasi-sag-ekersan","","13","640.2"
"985","Kaliper Ayar Mekanizması","425100","5001868117 - 3097099 - 272909 - 8550978","","","no","Ford Cargo Krone Dorse Kögel Dorse Kaliper Ayar Mekanizması Sol","5001868117 Ford Cargo Krone Dorse Kögel Dorse Kaliper Ayar Mekanizması Sol","5001868117 Ford Cargo Krone Dorse Kögel Dorse Kaliper Ayar... | Frenciniz","5001868117 Ford Cargo Krone Dorse Kögel Dorse Kaliper Ayar Mekanizması Sol icin stok, fiyat ve uyumluluk teyidi. Uygunluk adaylari: Tır / çekici, Krone dorse...","5001868117 Ford Cargo Krone Dorse Kögel Dorse Kaliper Ayar Mekanizması Sol","Kamyon Kaliper Ayar Mekanizması | Kamyon 5001868117 | 5001868117 Kaliper Ayar Mekanizması | 425100 Kaliper Ayar Mekanizması | Ford Cargo Krone Dorse Kögel Dorse Kaliper Ayar Mekanizması Sol","https://www.frenciniz.com/urun/985/5001868117-ford-cargo-krone-dorse-kogel-dorse-kaliper-ayar-mekanizmasi-sol-ekersan","","42","640.2"
"986","Kaliper Ayar Mekanizması","422158","","","","no","ROR Meritor Knorr WABCO Kaliper Ayar Mekanizması Uzun","422158 ROR Meritor Knorr WABCO Kaliper Ayar Mekanizması Uzun","422158 ROR Meritor Knorr WABCO Kaliper Ayar Mekanizması Uzun | Frenciniz","422158 ROR Meritor Knorr WABCO Kaliper Ayar Mekanizması Uzun icin stok, fiyat ve uyumluluk teyidi. Uygunluk adaylari: Ağır vasıta kaliper sistemi, Knorr / WABCO...","422158 ROR Meritor Knorr WABCO Kaliper Ayar Mekanizması Uzun","Ağır vasıta kaliper sistemi Kaliper Ayar Mekanizması | Ağır vasıta kaliper sistemi 422158 | 422158 Kaliper Ayar Mekanizması | ROR Meritor Knorr WABCO Kaliper Ayar Mekanizması Uzun","https://www.frenciniz.com/urun/986/422158-ror-meritor-knorr-wabco-kaliper-ayar-mekanizmasi-uzun-ekersan","","135","1247.4"
"987","Kaliper Ayar Mekanizması","422152","","","","no","ROR Meritor Knorr WABCO Kaliper Ayar Mekanizması Kısa","422152 ROR Meritor Knorr WABCO Kaliper Ayar Mekanizması Kısa","422152 ROR Meritor Knorr WABCO Kaliper Ayar Mekanizması Kısa | Frenciniz","422152 ROR Meritor Knorr WABCO Kaliper Ayar Mekanizması Kısa icin stok, fiyat ve uyumluluk teyidi. Uygunluk adaylari: Ağır vasıta kaliper sistemi, Knorr / WABCO...","422152 ROR Meritor Knorr WABCO Kaliper Ayar Mekanizması Kısa","Ağır vasıta kaliper sistemi Kaliper Ayar Mekanizması | Ağır vasıta kaliper sistemi 422152 | 422152 Kaliper Ayar Mekanizması | ROR Meritor Knorr WABCO Kaliper Ayar Mekanizması Kısa","https://www.frenciniz.com/urun/987/422152-ror-meritor-knorr-wabco-kaliper-ayar-mekanizmasi-kisa-ekersan","","87","1247.4"
"988","Fren Balatası","422121","","","","no","ROR Meritor Knorr WABCO Meritor Haldex Disk Fren Balatası 422121","ROR Meritor Knorr WABCO Meritor Haldex Disk Fren Balatası 422121","ROR Meritor Knorr WABCO Meritor Haldex Disk Fren Balatası... | Frenciniz","ROR Meritor Knorr WABCO Meritor Haldex Disk Fren Balatası 422121 icin stok, fiyat ve uyumluluk teyidi. Uygunluk adaylari: Ağır vasıta kaliper sistemi, Knorr /...","ROR Meritor Knorr WABCO Meritor Haldex Disk Fren Balatası 422121","Ağır vasıta kaliper sistemi Fren Balatası | Ağır vasıta kaliper sistemi 422121 | 422121 Fren Balatası","https://www.frenciniz.com/urun/988/ror-meritor-knorr-wabco-meritor-haldex-disk-fren-balatasi-422121-ekersan","","4","534.6"
"989","Fren Balatası","422120","","","","no","ROR Meritor Knorr WABCO Meritor Haldex Disk Fren Balatası Sol","422120 ROR Meritor Knorr WABCO Meritor Haldex Disk Fren Balatası Sol","422120 ROR Meritor Knorr WABCO Meritor Haldex Disk Fren... | Frenciniz","422120 ROR Meritor Knorr WABCO Meritor Haldex Disk Fren Balatası Sol icin stok, fiyat ve uyumluluk teyidi. Uygunluk adaylari: Ağır vasıta kaliper sistemi, Knorr...","422120 ROR Meritor Knorr WABCO Meritor Haldex Disk Fren Balatası Sol","Ağır vasıta kaliper sistemi Fren Balatası | Ağır vasıta kaliper sistemi 422120 | 422120 Fren Balatası | ROR Meritor Knorr WABCO Meritor Haldex Disk Fren Balatası Sol","https://www.frenciniz.com/urun/989/422120-ror-meritor-knorr-wabco-meritor-haldex-disk-fren-balatasi-sol-ekersan","","6","534.6"
"990","Kaliper Kapak/Conta","422119","","","","no","ROR Meritor Knorr WABCO Kaliper Kapak Conta 422119","ROR Meritor Knorr WABCO Kaliper Kapak Conta 422119","ROR Meritor Knorr WABCO Kaliper Kapak Conta 422119 | Frenciniz","ROR Meritor Knorr WABCO Kaliper Kapak Conta 422119 icin stok, fiyat ve uyumluluk teyidi. Uygunluk adaylari: Ağır vasıta kaliper sistemi, Knorr / WABCO / Meritor...","ROR Meritor Knorr WABCO Kaliper Kapak Conta 422119","Ağır vasıta kaliper sistemi Kaliper Kapak/Conta | Ağır vasıta kaliper sistemi 422119 | 422119 Kaliper Kapak/Conta","https://www.frenciniz.com/urun/990/ror-meritor-knorr-wabco-kaliper-kapak-conta-422119-ekersan","","3","270.6"
"991","Kaliper Tamir Takımı","422115","","","","no","ROR Meritor Knorr WABCO Kaliper Tamir Takımı 422115","ROR Meritor Knorr WABCO Kaliper Tamir Takımı 422115","ROR Meritor Knorr WABCO Kaliper Tamir Takımı 422115 | Frenciniz","ROR Meritor Knorr WABCO Kaliper Tamir Takımı 422115 icin stok, fiyat ve uyumluluk teyidi. Uygunluk adaylari: Ağır vasıta kaliper sistemi, Knorr / WABCO / Meritor...","ROR Meritor Knorr WABCO Kaliper Tamir Takımı 422115","Ağır vasıta kaliper sistemi Kaliper Tamir Takımı | Ağır vasıta kaliper sistemi 422115 | 422115 Kaliper Tamir Takımı","https://www.frenciniz.com/urun/991/ror-meritor-knorr-wabco-kaliper-tamir-takimi-422115-ekersan","","164","706.2"
"992","Kaliper Ayar Mekanizması","421236","(A) B3","","","no","Mercedes Axor Kaliper Ayar Mekanizması Y.M.","(A) B3 Mercedes Axor Kaliper Ayar Mekanizması Y.M.","(A) B3 Mercedes Axor Kaliper Ayar Mekanizması Y.M. | Frenciniz","(A) B3 Mercedes Axor Kaliper Ayar Mekanizması Y.M. icin stok, fiyat ve uyumluluk teyidi. Uygunluk adaylari: Mercedes-Benz Axor, Axor 1840, Axor 1843. OEM/SKU:...","(A) B3 Mercedes Axor Kaliper Ayar Mekanizması Y.M.","Mercedes-Benz Axor Kaliper Ayar Mekanizması | Mercedes-Benz Axor (A) B3 | (A) B3 Kaliper Ayar Mekanizması | 421236 Kaliper Ayar Mekanizması | Mercedes Axor Kaliper Ayar Mekanizması Y.M.","https://www.frenciniz.com/urun/992/a-b3-mercedes-axor-kaliper-ayar-mekanizmasi-y-m-ekersan","","1770","158.4"
"993","Kaliper Toz Lastiği","421235","","","","no","ROR Meritor Knorr WABCO Kaliper Toz Lastiği 69 mm 54 mm","421235 ROR Meritor Knorr WABCO Kaliper Toz Lastiği 69 mm 54 mm","421235 ROR Meritor Knorr WABCO Kaliper Toz Lastiği 69 mm 54 mm | Frenciniz","421235 ROR Meritor Knorr WABCO Kaliper Toz Lastiği 69 mm 54 mm icin stok, fiyat ve uyumluluk teyidi. Uygunluk adaylari: Ağır vasıta kaliper sistemi, Knorr /...","421235 ROR Meritor Knorr WABCO Kaliper Toz Lastiği 69 mm 54 mm","Ağır vasıta kaliper sistemi Kaliper Toz Lastiği | Ağır vasıta kaliper sistemi 421235 | 421235 Kaliper Toz Lastiği | ROR Meritor Knorr WABCO Kaliper Toz Lastiği 69 mm 54 mm","https://www.frenciniz.com/urun/993/421235-ror-meritor-knorr-wabco-kaliper-toz-lastigi-69-mm-54-mm-ekersan","","400","369.6"
"994","Kaliper Tamir Takımı","421225","","","","no","ROR Meritor Knorr WABCO Kaliper Tamir Takımı 421225","ROR Meritor Knorr WABCO Kaliper Tamir Takımı 421225","ROR Meritor Knorr WABCO Kaliper Tamir Takımı 421225 | Frenciniz","ROR Meritor Knorr WABCO Kaliper Tamir Takımı 421225 icin stok, fiyat ve uyumluluk teyidi. Uygunluk adaylari: Ağır vasıta kaliper sistemi, Knorr / WABCO / Meritor...","ROR Meritor Knorr WABCO Kaliper Tamir Takımı 421225","Ağır vasıta kaliper sistemi Kaliper Tamir Takımı | Ağır vasıta kaliper sistemi 421225 | 421225 Kaliper Tamir Takımı","https://www.frenciniz.com/urun/994/ror-meritor-knorr-wabco-kaliper-tamir-takimi-421225-ekersan","","261","745.8"
"995","Kaliper","421202","","","","no","ROR Meritor Knorr WABCO Kaliper 421202","ROR Meritor Knorr WABCO Kaliper 421202","ROR Meritor Knorr WABCO Kaliper 421202 | Frenciniz","ROR Meritor Knorr WABCO Kaliper 421202 icin stok, fiyat ve uyumluluk teyidi. Uygunluk adaylari: Ağır vasıta kaliper sistemi, Knorr / WABCO / Meritor kaliper...","ROR Meritor Knorr WABCO Kaliper 421202","Ağır vasıta kaliper sistemi Kaliper | Ağır vasıta kaliper sistemi 421202 | 421202 Kaliper","https://www.frenciniz.com/urun/995/ror-meritor-knorr-wabco-kaliper-421202-ekersan","","20","356.4"
"996","Kaliper Kapak/Conta","421201","","","","no","ROR Meritor Knorr WABCO Kaliper Kapak Conta 421201","ROR Meritor Knorr WABCO Kaliper Kapak Conta 421201","ROR Meritor Knorr WABCO Kaliper Kapak Conta 421201 | Frenciniz","ROR Meritor Knorr WABCO Kaliper Kapak Conta 421201 icin stok, fiyat ve uyumluluk teyidi. Uygunluk adaylari: Ağır vasıta kaliper sistemi, Knorr / WABCO / Meritor...","ROR Meritor Knorr WABCO Kaliper Kapak Conta 421201","Ağır vasıta kaliper sistemi Kaliper Kapak/Conta | Ağır vasıta kaliper sistemi 421201 | 421201 Kaliper Kapak/Conta","https://www.frenciniz.com/urun/996/ror-meritor-knorr-wabco-kaliper-kapak-conta-421201-ekersan","","2","653.4"
"997","Kaliper Tamir Takımı","421186","","","","no","ROR Meritor Knorr WABCO Kaliper Tamir Takımı 113 mm 421186","ROR Meritor Knorr WABCO Kaliper Tamir Takımı 113 mm 421186","ROR Meritor Knorr WABCO Kaliper Tamir Takımı 113 mm 421186 | Frenciniz","ROR Meritor Knorr WABCO Kaliper Tamir Takımı 113 mm 421186 icin stok, fiyat ve uyumluluk teyidi. Uygunluk adaylari: Ağır vasıta kaliper sistemi, Knorr / WABCO /...","ROR Meritor Knorr WABCO Kaliper Tamir Takımı 113 mm 421186","Ağır vasıta kaliper sistemi Kaliper Tamir Takımı | Ağır vasıta kaliper sistemi 421186 | 421186 Kaliper Tamir Takımı","https://www.frenciniz.com/urun/997/ror-meritor-knorr-wabco-kaliper-tamir-takimi-113-mm-421186-ekersan","","240","745.8"
"998","Kaliper Tamir Takımı","421184","","","","no","ROR Meritor Knorr WABCO Kaliper Tamir Takımı 421184","ROR Meritor Knorr WABCO Kaliper Tamir Takımı 421184","ROR Meritor Knorr WABCO Kaliper Tamir Takımı 421184 | Frenciniz","ROR Meritor Knorr WABCO Kaliper Tamir Takımı 421184 icin stok, fiyat ve uyumluluk teyidi. Uygunluk adaylari: Ağır vasıta kaliper sistemi, Knorr / WABCO / Meritor...","ROR Meritor Knorr WABCO Kaliper Tamir Takımı 421184","Ağır vasıta kaliper sistemi Kaliper Tamir Takımı | Ağır vasıta kaliper sistemi 421184 | 421184 Kaliper Tamir Takımı","https://www.frenciniz.com/urun/998/ror-meritor-knorr-wabco-kaliper-tamir-takimi-421184-ekersan","","247","745.8"
"999","Burç / Muylu","421181","","","","no","Ford Cargo Krone Dorse Kögel Dorse Burç Muylu Kısa","421181 Ford Cargo Krone Dorse Kögel Dorse Burç Muylu Kısa","421181 Ford Cargo Krone Dorse Kögel Dorse Burç Muylu Kısa | Frenciniz","421181 Ford Cargo Krone Dorse Kögel Dorse Burç Muylu Kısa icin stok, fiyat ve uyumluluk teyidi. Uygunluk adaylari: Tır / çekici, Krone dorse, Kögel dorse....","421181 Ford Cargo Krone Dorse Kögel Dorse Burç Muylu Kısa","Dorse Burç / Muylu | Dorse 421181 | 421181 Burç / Muylu | Ford Cargo Krone Dorse Kögel Dorse Burç Muylu Kısa","https://www.frenciniz.com/urun/999/421181-burc-muylu-ford-cargo-krone-dorse-kogel-dorse-burc-muylu-kisa-ekersan","","1","151.8"
"1000","Kaliper Perno Tamir Takımı","421164","","","","no","ROR Meritor Knorr WABCO Kaliper Perno Tamir Takımı 421164","ROR Meritor Knorr WABCO Kaliper Perno Tamir Takımı 421164","ROR Meritor Knorr WABCO Kaliper Perno Tamir Takımı 421164 | Frenciniz","ROR Meritor Knorr WABCO Kaliper Perno Tamir Takımı 421164 icin stok, fiyat ve uyumluluk teyidi. Uygunluk adaylari: Ağır vasıta kaliper sistemi, Knorr / WABCO /...","ROR Meritor Knorr WABCO Kaliper Perno Tamir Takımı 421164","Ağır vasıta kaliper sistemi Kaliper Perno Tamir Takımı | Ağır vasıta kaliper sistemi 421164 | 421164 Kaliper Perno Tamir Takımı","https://www.frenciniz.com/urun/1000/ror-meritor-knorr-wabco-kaliper-perno-tamir-takimi-421164-ekersan","","180","448.8"
"1001","Kaliper","421162","","","","no","ROR Meritor Knorr WABCO Kaliper 421162","ROR Meritor Knorr WABCO Kaliper 421162","ROR Meritor Knorr WABCO Kaliper 421162 | Frenciniz","ROR Meritor Knorr WABCO Kaliper 421162 icin stok, fiyat ve uyumluluk teyidi. Uygunluk adaylari: Ağır vasıta kaliper sistemi, Knorr / WABCO / Meritor kaliper...","ROR Meritor Knorr WABCO Kaliper 421162","Ağır vasıta kaliper sistemi Kaliper | Ağır vasıta kaliper sistemi 421162 | 421162 Kaliper","https://www.frenciniz.com/urun/1001/ror-meritor-knorr-wabco-kaliper-421162-ekersan","","225","118.8"
"1002","Kaliper Perno Tamir Takımı","421161","0004204382","","","no","ROR Meritor Knorr WABCO Kaliper Perno Tamir Takımı 421161","0004204382 ROR Meritor Knorr WABCO Kaliper Perno Tamir Takımı 421161","0004204382 ROR Meritor Knorr WABCO Kaliper Perno Tamir... | Frenciniz","0004204382 ROR Meritor Knorr WABCO Kaliper Perno Tamir Takımı 421161 icin stok, fiyat ve uyumluluk teyidi. Uygunluk adaylari: Ağır vasıta kaliper sistemi, Knorr...","0004204382 ROR Meritor Knorr WABCO Kaliper Perno Tamir Takımı 421161","Ağır vasıta kaliper sistemi Kaliper Perno Tamir Takımı | Ağır vasıta kaliper sistemi 0004204382 | 0004204382 Kaliper Perno Tamir Takımı | 421161 Kaliper Perno Tamir Takımı | ROR Meritor Knorr WABCO Kaliper Perno Tamir Takımı 421161","https://www.frenciniz.com/urun/1002/0004204382-ror-meritor-knorr-wabco-kaliper-perno-tamir-takimi-421161-ekersan","","272","891"
"1003","Sensör","421152","","","","no","Ford Cargo Krone Dorse Kögel Dorse Sensör 421152","ABS Sensoru Ford Cargo Krone Dorse Kögel Dorse Sensör 421152","ABS Sensoru Ford Cargo Krone Dorse Kögel Dorse Sensör 421152 | Frenciniz","ABS Sensoru Ford Cargo Krone Dorse Kögel Dorse Sensör 421152 icin stok, fiyat ve uyumluluk teyidi. Uygunluk adaylari: Tır / çekici, Krone dorse, Kögel dorse....","ABS Sensoru Ford Cargo Krone Dorse Kögel Dorse Sensör 421152","Kamyon Sensör | Kamyon 421152 | 421152 Sensör | Ford Cargo Krone Dorse Kögel Dorse Sensör 421152","https://www.frenciniz.com/urun/1003/abs-sensoru-ford-cargo-krone-dorse-kogel-dorse-sensor-421152-ekersan","","2","653.4"
"1004","Kaliper Tamir Takımı","421147","","","","no","ROR Meritor Knorr WABCO Kaliper Tamir Takımı 421147","ROR Meritor Knorr WABCO Kaliper Tamir Takımı 421147","ROR Meritor Knorr WABCO Kaliper Tamir Takımı 421147 | Frenciniz","ROR Meritor Knorr WABCO Kaliper Tamir Takımı 421147 icin stok, fiyat ve uyumluluk teyidi. Uygunluk adaylari: Ağır vasıta kaliper sistemi, Knorr / WABCO / Meritor...","ROR Meritor Knorr WABCO Kaliper Tamir Takımı 421147","Ağır vasıta kaliper sistemi Kaliper Tamir Takımı | Ağır vasıta kaliper sistemi 421147 | 421147 Kaliper Tamir Takımı","https://www.frenciniz.com/urun/1004/ror-meritor-knorr-wabco-kaliper-tamir-takimi-421147-ekersan","","18","270.6"
"1005","Kaliper Tamir Takımı","421146","","","","no","ROR Meritor Knorr WABCO Kaliper Tamir Takımı 421146","ROR Meritor Knorr WABCO Kaliper Tamir Takımı 421146","ROR Meritor Knorr WABCO Kaliper Tamir Takımı 421146 | Frenciniz","ROR Meritor Knorr WABCO Kaliper Tamir Takımı 421146 icin stok, fiyat ve uyumluluk teyidi. Uygunluk adaylari: Ağır vasıta kaliper sistemi, Knorr / WABCO / Meritor...","ROR Meritor Knorr WABCO Kaliper Tamir Takımı 421146","Ağır vasıta kaliper sistemi Kaliper Tamir Takımı | Ağır vasıta kaliper sistemi 421146 | 421146 Kaliper Tamir Takımı","https://www.frenciniz.com/urun/1005/ror-meritor-knorr-wabco-kaliper-tamir-takimi-421146-ekersan","","333","270.6"
"1006","Kaliper Ayar Mekanizması","421139","","","","no","ROR Meritor Knorr WABCO Kaliper Ayar Mekanizması 421139","ROR Meritor Knorr WABCO Kaliper Ayar Mekanizması 421139","ROR Meritor Knorr WABCO Kaliper Ayar Mekanizması 421139 | Frenciniz","ROR Meritor Knorr WABCO Kaliper Ayar Mekanizması 421139 icin stok, fiyat ve uyumluluk teyidi. Uygunluk adaylari: Ağır vasıta kaliper sistemi, Knorr / WABCO /...","ROR Meritor Knorr WABCO Kaliper Ayar Mekanizması 421139","Ağır vasıta kaliper sistemi Kaliper Ayar Mekanizması | Ağır vasıta kaliper sistemi 421139 | 421139 Kaliper Ayar Mekanizması","https://www.frenciniz.com/urun/1006/ror-meritor-knorr-wabco-kaliper-ayar-mekanizmasi-421139-ekersan","","292","165"
"1007","Kaliper Ayar Mekanizması","421138","(A) C3","","","no","ROR Meritor Knorr WABCO Kaliper Ayar Mekanizması 421138","(A) C3 ROR Meritor Knorr WABCO Kaliper Ayar Mekanizması 421138","(A) C3 ROR Meritor Knorr WABCO Kaliper Ayar Mekanizması 421138 | Frenciniz","(A) C3 ROR Meritor Knorr WABCO Kaliper Ayar Mekanizması 421138 icin stok, fiyat ve uyumluluk teyidi. Uygunluk adaylari: Ağır vasıta kaliper sistemi, Knorr /...","(A) C3 ROR Meritor Knorr WABCO Kaliper Ayar Mekanizması 421138","Ağır vasıta kaliper sistemi Kaliper Ayar Mekanizması | Ağır vasıta kaliper sistemi (A) C3 | (A) C3 Kaliper Ayar Mekanizması | 421138 Kaliper Ayar Mekanizması | ROR Meritor Knorr WABCO Kaliper Ayar Mekanizması 421138","https://www.frenciniz.com/urun/1007/a-c3-ror-meritor-knorr-wabco-kaliper-ayar-mekanizmasi-421138-ekersan","","3873","158.4"
"1008","Kaliper Kilavuz Pim Takimi","421137","","","","no","ROR Meritor Knorr WABCO Kaliper Kılavuz Pim Takımı 421137","ROR Meritor Knorr WABCO Kaliper Kılavuz Pim Takımı 421137","ROR Meritor Knorr WABCO Kaliper Kılavuz Pim Takımı 421137 | Frenciniz","ROR Meritor Knorr WABCO Kaliper Kılavuz Pim Takımı 421137 icin stok, fiyat ve uyumluluk teyidi. Uygunluk adaylari: Ağır vasıta kaliper sistemi, Knorr / WABCO /...","ROR Meritor Knorr WABCO Kaliper Kılavuz Pim Takımı 421137","Ağır vasıta kaliper sistemi Kaliper Kilavuz Pim Takimi | Ağır vasıta kaliper sistemi 421137 | 421137 Kaliper Kilavuz Pim Takimi","https://www.frenciniz.com/urun/1008/kaliper-kilavuz-pim-takimi-ror-meritor-knorr-wabco-kaliper-kilavuz-pim-takimi-421137-ekersan","","318","660"
"1009","Kaliper Kilavuz Pim Takimi","421132","","","","no","ROR Meritor Knorr WABCO Kaliper Kılavuz Pim Takımı 421132","ROR Meritor Knorr WABCO Kaliper Kılavuz Pim Takımı 421132","ROR Meritor Knorr WABCO Kaliper Kılavuz Pim Takımı 421132 | Frenciniz","ROR Meritor Knorr WABCO Kaliper Kılavuz Pim Takımı 421132 icin stok, fiyat ve uyumluluk teyidi. Uygunluk adaylari: Ağır vasıta kaliper sistemi, Knorr / WABCO /...","ROR Meritor Knorr WABCO Kaliper Kılavuz Pim Takımı 421132","Ağır vasıta kaliper sistemi Kaliper Kilavuz Pim Takimi | Ağır vasıta kaliper sistemi 421132 | 421132 Kaliper Kilavuz Pim Takimi","https://www.frenciniz.com/urun/1009/kaliper-kilavuz-pim-takimi-ror-meritor-knorr-wabco-kaliper-kilavuz-pim-takimi-421132-ekersan","","134","673.2"
"1010","Kaliper Kilavuz Pim Takimi","421131","","","","no","ROR Meritor Knorr WABCO Kaliper Kılavuz Pim Takımı 421131","ROR Meritor Knorr WABCO Kaliper Kılavuz Pim Takımı 421131","ROR Meritor Knorr WABCO Kaliper Kılavuz Pim Takımı 421131 | Frenciniz","ROR Meritor Knorr WABCO Kaliper Kılavuz Pim Takımı 421131 icin stok, fiyat ve uyumluluk teyidi. Uygunluk adaylari: Ağır vasıta kaliper sistemi, Knorr / WABCO /...","ROR Meritor Knorr WABCO Kaliper Kılavuz Pim Takımı 421131","Ağır vasıta kaliper sistemi Kaliper Kilavuz Pim Takimi | Ağır vasıta kaliper sistemi 421131 | 421131 Kaliper Kilavuz Pim Takimi","https://www.frenciniz.com/urun/1010/kaliper-kilavuz-pim-takimi-ror-meritor-knorr-wabco-kaliper-kilavuz-pim-takimi-421131-ekersan","","2","673.2"
"1011","Kaliper Ayar Mekanizması","421128","","","","no","ROR Meritor Knorr WABCO Kaliper Ayar Mekanizması 421128","ROR Meritor Knorr WABCO Kaliper Ayar Mekanizması 421128","ROR Meritor Knorr WABCO Kaliper Ayar Mekanizması 421128 | Frenciniz","ROR Meritor Knorr WABCO Kaliper Ayar Mekanizması 421128 icin stok, fiyat ve uyumluluk teyidi. Uygunluk adaylari: Ağır vasıta kaliper sistemi, Knorr / WABCO /...","ROR Meritor Knorr WABCO Kaliper Ayar Mekanizması 421128","Ağır vasıta kaliper sistemi Kaliper Ayar Mekanizması | Ağır vasıta kaliper sistemi 421128 | 421128 Kaliper Ayar Mekanizması","https://www.frenciniz.com/urun/1011/ror-meritor-knorr-wabco-kaliper-ayar-mekanizmasi-421128-ekersan","","240","620.4"
"1012","Kaliper Ayar Mekanizması","421127","","","","no","ROR Meritor Knorr WABCO Kaliper Ayar Mekanizması 421127","ROR Meritor Knorr WABCO Kaliper Ayar Mekanizması 421127","ROR Meritor Knorr WABCO Kaliper Ayar Mekanizması 421127 | Frenciniz","ROR Meritor Knorr WABCO Kaliper Ayar Mekanizması 421127 icin stok, fiyat ve uyumluluk teyidi. Uygunluk adaylari: Ağır vasıta kaliper sistemi, Knorr / WABCO /...","ROR Meritor Knorr WABCO Kaliper Ayar Mekanizması 421127","Ağır vasıta kaliper sistemi Kaliper Ayar Mekanizması | Ağır vasıta kaliper sistemi 421127 | 421127 Kaliper Ayar Mekanizması","https://www.frenciniz.com/urun/1012/ror-meritor-knorr-wabco-kaliper-ayar-mekanizmasi-421127-ekersan","","641","178.2"
"1013","Kaliper Tamir Takımı","421124","","","","no","ROR Meritor Knorr WABCO Kaliper Tamir Takımı 421124","ROR Meritor Knorr WABCO Kaliper Tamir Takımı 421124","ROR Meritor Knorr WABCO Kaliper Tamir Takımı 421124 | Frenciniz","ROR Meritor Knorr WABCO Kaliper Tamir Takımı 421124 icin stok, fiyat ve uyumluluk teyidi. Uygunluk adaylari: Ağır vasıta kaliper sistemi, Knorr / WABCO / Meritor...","ROR Meritor Knorr WABCO Kaliper Tamir Takımı 421124","Ağır vasıta kaliper sistemi Kaliper Tamir Takımı | Ağır vasıta kaliper sistemi 421124 | 421124 Kaliper Tamir Takımı","https://www.frenciniz.com/urun/1013/ror-meritor-knorr-wabco-kaliper-tamir-takimi-421124-ekersan","","1","699.6"
"1014","Kaliper Toz Lastiği","421106","0980102630 - 3434380400 - 0004200682 - 0004203982 - 81508226007 - 81508226022 - 81508226032 - 1743421 - 1746824 - 1756389","","","no","ROR Meritor Knorr WABCO Kaliper Toz Lastiği 74 mm","0980102630 ROR Meritor Knorr WABCO Kaliper Toz Lastiği 74 mm","0980102630 ROR Meritor Knorr WABCO Kaliper Toz Lastiği 74 mm | Frenciniz","0980102630 ROR Meritor Knorr WABCO Kaliper Toz Lastiği 74 mm icin stok, fiyat ve uyumluluk teyidi. Uygunluk adaylari: Ağır vasıta kaliper sistemi, Knorr / WABCO...","0980102630 ROR Meritor Knorr WABCO Kaliper Toz Lastiği 74 mm","Ağır vasıta kaliper sistemi Kaliper Toz Lastiği | Ağır vasıta kaliper sistemi 0980102630 | 0980102630 Kaliper Toz Lastiği | 421106 Kaliper Toz Lastiği | ROR Meritor Knorr WABCO Kaliper Toz Lastiği 74 mm","https://www.frenciniz.com/urun/1014/0980102630-ror-meritor-knorr-wabco-kaliper-toz-lastigi-74-mm-ekersan","","132","369.6"
"1015","Kaliper Toz Lastiği","421101","","","","no","ROR Meritor Knorr WABCO Kaliper Toz Lastiği 69 mm 421101","ROR Meritor Knorr WABCO Kaliper Toz Lastiği 69 mm 421101","ROR Meritor Knorr WABCO Kaliper Toz Lastiği 69 mm 421101 | Frenciniz","ROR Meritor Knorr WABCO Kaliper Toz Lastiği 69 mm 421101 icin stok, fiyat ve uyumluluk teyidi. Uygunluk adaylari: Ağır vasıta kaliper sistemi, Knorr / WABCO /...","ROR Meritor Knorr WABCO Kaliper Toz Lastiği 69 mm 421101","Ağır vasıta kaliper sistemi Kaliper Toz Lastiği | Ağır vasıta kaliper sistemi 421101 | 421101 Kaliper Toz Lastiği","https://www.frenciniz.com/urun/1015/ror-meritor-knorr-wabco-kaliper-toz-lastigi-69-mm-421101-ekersan","","160","336.6"
"1016","Kaliper Toz Lastiği","421100","42541413 - 0004202382 - 0004204082 - 0004204282 - 81508226020 - 81508226031 - 3434381400 - 1622785 - 1689313","","","no","ROR Meritor Knorr WABCO Kaliper Toz Lastiği 69 mm 421100","42541413 ROR Meritor Knorr WABCO Kaliper Toz Lastiği 69 mm 421100","42541413 ROR Meritor Knorr WABCO Kaliper Toz Lastiği 69 mm... | Frenciniz","42541413 ROR Meritor Knorr WABCO Kaliper Toz Lastiği 69 mm 421100 icin stok, fiyat ve uyumluluk teyidi. Uygunluk adaylari: Ağır vasıta kaliper sistemi, Knorr /...","42541413 ROR Meritor Knorr WABCO Kaliper Toz Lastiği 69 mm 421100","Ağır vasıta kaliper sistemi Kaliper Toz Lastiği | Ağır vasıta kaliper sistemi 42541413 | 42541413 Kaliper Toz Lastiği | 421100 Kaliper Toz Lastiği | ROR Meritor Knorr WABCO Kaliper Toz Lastiği 69 mm 421100","https://www.frenciniz.com/urun/1016/42541413-ror-meritor-knorr-wabco-kaliper-toz-lastigi-69-mm-421100-ekersan","","1890","369.6"
"1017","Fren Balatası","42325/1-300","29279","29279-man-tga-tgs-tgx-fren-balatasi","3","no","29279 MAN TGA TGS TGX Disk Fren Balatasi 42325/1-300","29279 MAN TGA TGS TGX Disk Fren Balatasi 42325/1-300","29279 MAN TGA TGS TGX Disk Fren Balatasi 42325/1-300 | Frenciniz","29279 MAN TGA TGS TGX Disk Fren Balatasi 42325/1-300 icin stok, fiyat ve uyumluluk teyidi. Uygunluk adaylari: MAN TGA, MAN TGS, MAN TGX. OEM/SKU: 29279. Stokta...","29279 fren balatasi","man 29279 balata | man tga tgs tgx fren balatasi | tgx 29279 balata | 29279 MAN TGA TGS TGX Disk Fren Balatasi 42325/1-300 | 81508206065 fren balatasi | 81508205112 fren balatasi | MAN TGA Fren Balatası","https://www.frenciniz.com/urun/1017/29279-man-tga-tgs-tgx-disk-fren-balatasi-42325-1-300-ekersan","https://www.frenciniz.com/29279-man-tga-tgs-tgx-fren-balatasi","16","2059.2"
"1018","Fren Balatası","42313/2-300","29246","29246-mercedes-axor-actros-fren-balatasi","1","no","29246 Mercedes Axor Actros On Disk Fren Balatasi 42313/2-300","29246 Mercedes Axor Actros On Disk Fren Balatasi 42313/2-300","29246 Mercedes Axor Actros On Disk Fren Balatasi 42313/2-300 | Frenciniz","29246 Mercedes Axor Actros On Disk Fren Balatasi 42313/2-300 icin stok, fiyat ve uyumluluk teyidi. Uygunluk adaylari: Ağır vasıta disk fren balata sistemi, Knorr...","29246 fren balatasi","29246 mercedes axor balata | mercedes axor 29246 | actros 29246 fren balatasi | 29246 Mercedes Axor Actros On Disk Fren Balatasi 42313/2-300 | 0064201420 fren balatasi | 0064205220 fren balatasi | 0004217210 fren balatasi","https://www.frenciniz.com/urun/1018/29246-mercedes-axor-actros-on-disk-fren-balatasi-42313-2-300-ekersan","https://www.frenciniz.com/29246-mercedes-axor-actros-fren-balatasi","78","2138.4"
"1019","Kaliper Kapak/Conta","30-3694","640 322 928 2, 81.50822.6040","","","no","ROR Meritor Knorr WABCO Kaliper Kapak Conta 30-3694","640 322 928 2 ROR Meritor Knorr WABCO Kaliper Kapak Conta 30-3694","640 322 928 2 ROR Meritor Knorr WABCO Kaliper Kapak Conta... | Frenciniz","640 322 928 2 ROR Meritor Knorr WABCO Kaliper Kapak Conta 30-3694 icin stok, fiyat ve uyumluluk teyidi. Uygunluk adaylari: Tır / çekici, Krone dorse, Kögel...","640 322 928 2 ROR Meritor Knorr WABCO Kaliper Kapak Conta 30-3694","Kamyon Kaliper Kapak/Conta | Kamyon 640 322 928 2 | 640 322 928 2 Kaliper Kapak/Conta | 30-3694 Kaliper Kapak/Conta | ROR Meritor Knorr WABCO Kaliper Kapak Conta 30-3694","https://www.frenciniz.com/urun/1019/640-322-928-2-ror-meritor-knorr-wabco-kaliper-kapak-conta-30-3694-ekersan","","6","1746.36"
"1020","Kaliper Tamir Takımı (Maxx22)","30-3684","","","","no","ROR Meritor Knorr WABCO MAXX22 Kaliper Tamir Takımı 30-3684","ROR Meritor Knorr WABCO MAXX22 Kaliper Tamir Takımı 30-3684","ROR Meritor Knorr WABCO MAXX22 Kaliper Tamir Takımı 30-3684 | Frenciniz","ROR Meritor Knorr WABCO MAXX22 Kaliper Tamir Takımı 30-3684 icin stok, fiyat ve uyumluluk teyidi. Uygunluk adaylari: WABCO PAN17/PAN19/PAN22 kaliper sistemi...","ROR Meritor Knorr WABCO MAXX22 Kaliper Tamir Takımı 30-3684","WABCO PAN17/PAN19/PAN22 kaliper sistemi Kaliper Tamir Takımı (Maxx22) | WABCO PAN17/PAN19/PAN22 kaliper sistemi 30-3684 | 30-3684 Kaliper Tamir Takımı (Maxx22)","https://www.frenciniz.com/urun/1020/kaliper-tamir-takimi-maxx22-ror-meritor-knorr-wabco-maxx22-kaliper-tamir-takimi-30-3684-ekersan","","10","612.48"
"1021","Kaliper Ayar Mekanizması","30-3579","","","","no","ROR Meritor Knorr WABCO Kaliper Ayar Mekanizması 30-3579","ROR Meritor Knorr WABCO Kaliper Ayar Mekanizması 30-3579","ROR Meritor Knorr WABCO Kaliper Ayar Mekanizması 30-3579 | Frenciniz","ROR Meritor Knorr WABCO Kaliper Ayar Mekanizması 30-3579 icin stok, fiyat ve uyumluluk teyidi. Uygunluk adaylari: Ağır vasıta kaliper sistemi, Knorr / WABCO /...","ROR Meritor Knorr WABCO Kaliper Ayar Mekanizması 30-3579","Ağır vasıta kaliper sistemi Kaliper Ayar Mekanizması | Ağır vasıta kaliper sistemi 30-3579 | 30-3579 Kaliper Ayar Mekanizması","https://www.frenciniz.com/urun/1021/ror-meritor-knorr-wabco-kaliper-ayar-mekanizmasi-30-3579-ekersan","","9","1737.12"
"1022","Fren Balatası","30-3530","","","","no","Ford Cargo Krone Dorse Kögel Dorse Disk Fren Balatası Sağ 30-3530","Ford Cargo Krone Dorse Kögel Dorse Disk Fren Balatası Sağ 30-3530","Ford Cargo Krone Dorse Kögel Dorse Disk Fren Balatası Sağ... | Frenciniz","Ford Cargo Krone Dorse Kögel Dorse Disk Fren Balatası Sağ 30-3530 icin stok, fiyat ve uyumluluk teyidi. Uygunluk adaylari: WABCO PAN17/PAN19/PAN22 kaliper...","Ford Cargo Krone Dorse Kögel Dorse Disk Fren Balatası Sağ 30-3530","WABCO PAN17/PAN19/PAN22 kaliper sistemi Fren Balatası | WABCO PAN17/PAN19/PAN22 kaliper sistemi 30-3530 | 30-3530 Fren Balatası","https://www.frenciniz.com/urun/1022/ford-cargo-krone-dorse-kogel-dorse-disk-fren-balatasi-sag-30-3530-ekersan","","2","743.16"
"1023","Kaliper Tamir Takımı","30-3510","","","","no","ROR Meritor Knorr WABCO Kaliper Tamir Takımı 30-3510","ROR Meritor Knorr WABCO Kaliper Tamir Takımı 30-3510","ROR Meritor Knorr WABCO Kaliper Tamir Takımı 30-3510 | Frenciniz","ROR Meritor Knorr WABCO Kaliper Tamir Takımı 30-3510 icin stok, fiyat ve uyumluluk teyidi. Uygunluk adaylari: Ağır vasıta kaliper sistemi, Knorr / WABCO /...","ROR Meritor Knorr WABCO Kaliper Tamir Takımı 30-3510","Ağır vasıta kaliper sistemi Kaliper Tamir Takımı | Ağır vasıta kaliper sistemi 30-3510 | 30-3510 Kaliper Tamir Takımı","https://www.frenciniz.com/urun/1023/ror-meritor-knorr-wabco-kaliper-tamir-takimi-30-3510-ekersan","","1","984.72"
"1024","Fren Balatası","42242/1-290","29125","","","no","Volvo FH12 FM FL Disk Fren Balatası","29125 Volvo FH12 FM FL Disk Fren Balatası","29125 Volvo FH12 FM FL Disk Fren Balatası | Frenciniz","29125 Volvo FH12 FM FL Disk Fren Balatası icin stok, fiyat ve uyumluluk teyidi. Uygunluk adaylari: Volvo FH, Volvo FH12/FH16, Volvo FM. OEM/SKU: 29125. Stokta...","29125 Volvo FH12 FM FL Disk Fren Balatası","Volvo FH Fren Balatası | Volvo FH 29125 | 29125 Fren Balatası | 42242/1-290 Fren Balatası | Volvo FH12 FM FL Disk Fren Balatası","https://www.frenciniz.com/urun/1024/29125-volvo-fh12-fm-fl-disk-fren-balatasi-ekersan","","8","1980"
"1025","Fren Balatası","42232/2-290","29159 , 29126","29159-29126-saf-dorse-fren-balatasi","4","no","29159 29126 SAF Dorse Disk Fren Balatasi 42232/2-290","29159 29126 SAF Dorse Disk Fren Balatasi 42232/2-290","29159 29126 SAF Dorse Disk Fren Balatasi 42232/2-290 | Frenciniz","29159 29126 SAF Dorse Disk Fren Balatasi 42232/2-290 icin stok, fiyat ve uyumluluk teyidi. Uygunluk adaylari: Ağır vasıta disk fren balata sistemi, Knorr / WABCO...","29159 fren balatasi","29159 saf dorse balata | 29126 fren balatasi | saf dorse fren balatasi | 29159 29126 SAF Dorse Disk Fren Balatasi 42232/2-290 | 03057008400 fren balatasi | 3057008400 fren balatasi | Ağır vasıta disk fren balata sistemi Fren Balatası","https://www.frenciniz.com/urun/1025/29159-29126-saf-dorse-disk-fren-balatasi-42232-2-290-ekersan","https://www.frenciniz.com/29159-29126-saf-dorse-fren-balatasi","138","1900.8"
"1026","Fren Balatası","42200/7-290","29165 - 29215","29165-29215-bpw-atego-dorse-fren-balatasi","5","no","29165 29215 BPW Atego Dorse Disk Fren Balatasi 42200/7-290","29165 29215 BPW Atego Dorse Disk Fren Balatasi 42200/7-290","29165 29215 BPW Atego Dorse Disk Fren Balatasi 42200/7-290 | Frenciniz","29165 29215 BPW Atego Dorse Disk Fren Balatasi 42200/7-290 icin stok, fiyat ve uyumluluk teyidi. Uygunluk adaylari: BPW dorse dingili, BPW treyler, BPW ECOPlus....","29165 fren balatasi","29215 fren balatasi | bpw atego 29165 | bpw dorse fren balatasi | 29165 29215 BPW Atego Dorse Disk Fren Balatasi 42200/7-290 | BPW dorse dingili Fren Balatası | BPW dorse dingili 29165 | 42200/7-290 Fren Balatası","https://www.frenciniz.com/urun/1026/29165-29215-bpw-atego-dorse-disk-fren-balatasi-42200-7-290-ekersan","https://www.frenciniz.com/29165-29215-bpw-atego-dorse-fren-balatasi","196","1900.8"
"1027","Kaliper Ayar Mekanizması","20-2601","","","","no","ROR Meritor Knorr WABCO Kaliper Ayar Mekanizması 20-2601","ROR Meritor Knorr WABCO Kaliper Ayar Mekanizması 20-2601","ROR Meritor Knorr WABCO Kaliper Ayar Mekanizması 20-2601 | Frenciniz","ROR Meritor Knorr WABCO Kaliper Ayar Mekanizması 20-2601 icin stok, fiyat ve uyumluluk teyidi. Uygunluk adaylari: Ağır vasıta kaliper sistemi, Knorr / WABCO /...","ROR Meritor Knorr WABCO Kaliper Ayar Mekanizması 20-2601","Ağır vasıta kaliper sistemi Kaliper Ayar Mekanizması | Ağır vasıta kaliper sistemi 20-2601 | 20-2601 Kaliper Ayar Mekanizması","https://www.frenciniz.com/urun/1027/ror-meritor-knorr-wabco-kaliper-ayar-mekanizmasi-20-2601-ekersan","","3","4583.04"
"1028","Kaliper Tamir Takımı","20-2487","","","","no","ROR Meritor Knorr WABCO Kaliper Tamir Takımı 123MM","20-2487 ROR Meritor Knorr WABCO Kaliper Tamir Takımı 123MM","20-2487 ROR Meritor Knorr WABCO Kaliper Tamir Takımı 123MM | Frenciniz","20-2487 ROR Meritor Knorr WABCO Kaliper Tamir Takımı 123MM icin stok, fiyat ve uyumluluk teyidi. Uygunluk adaylari: Meritor ELSA/DUCO kaliper sistemi, Volvo...","20-2487 ROR Meritor Knorr WABCO Kaliper Tamir Takımı 123MM","Meritor ELSA/DUCO kaliper sistemi Kaliper Tamir Takımı | Meritor ELSA/DUCO kaliper sistemi 20-2487 | 20-2487 Kaliper Tamir Takımı | ROR Meritor Knorr WABCO Kaliper Tamir Takımı 123MM","https://www.frenciniz.com/urun/1028/20-2487-ror-meritor-knorr-wabco-kaliper-tamir-takimi-123mm-ekersan","","4","1638.12"
"1029","Kaliper Ayar Mekanizması","20-2471","MCK1111, 3092265, SJ4102","","","no","ROR Meritor Knorr Meritor Kaliper Ayar Mekanizması Sol 20-2471","MCK1111 ROR Meritor Knorr Meritor Kaliper Ayar Mekanizması Sol 20-2471","MCK1111 ROR Meritor Knorr Meritor Kaliper Ayar Mekanizması... | Frenciniz","MCK1111 ROR Meritor Knorr Meritor Kaliper Ayar Mekanizması Sol 20-2471 icin stok, fiyat ve uyumluluk teyidi. Uygunluk adaylari: Meritor ELSA/DUCO kaliper...","MCK1111 ROR Meritor Knorr Meritor Kaliper Ayar Mekanizması Sol 20-2471","Meritor ELSA/DUCO kaliper sistemi Kaliper Ayar Mekanizması | Meritor ELSA/DUCO kaliper sistemi MCK1111 | MCK1111 Kaliper Ayar Mekanizması | 20-2471 Kaliper Ayar Mekanizması | ROR Meritor Knorr Meritor Kaliper Ayar Mekanizması Sol 20-2471","https://www.frenciniz.com/urun/1029/mck1111-ror-meritor-knorr-meritor-kaliper-ayar-mekanizmasi-sol-20-2471-ekersan","","8","1507.44"
"1030","Kaliper Ayar Mekanizması","20-2470","MCK1112, 3092266, SJ4103","","","no","ROR Meritor Knorr Meritor Kaliper Ayar Mekanizması Sağ 20-2470","MCK1112 ROR Meritor Knorr Meritor Kaliper Ayar Mekanizması Sağ 20-2470","MCK1112 ROR Meritor Knorr Meritor Kaliper Ayar Mekanizması... | Frenciniz","MCK1112 ROR Meritor Knorr Meritor Kaliper Ayar Mekanizması Sağ 20-2470 icin stok, fiyat ve uyumluluk teyidi. Uygunluk adaylari: Meritor ELSA/DUCO kaliper...","MCK1112 ROR Meritor Knorr Meritor Kaliper Ayar Mekanizması Sağ 20-2470","Meritor ELSA/DUCO kaliper sistemi Kaliper Ayar Mekanizması | Meritor ELSA/DUCO kaliper sistemi MCK1112 | MCK1112 Kaliper Ayar Mekanizması | 20-2470 Kaliper Ayar Mekanizması | ROR Meritor Knorr Meritor Kaliper Ayar Mekanizması Sağ 20-2470","https://www.frenciniz.com/urun/1030/mck1112-ror-meritor-knorr-meritor-kaliper-ayar-mekanizmasi-sag-20-2470-ekersan","","4","1507.44"
"1031","Fren Balatası","42182/6-300","29167-29216-29270","","","no","ROR Meritor Knorr WABCO Meritor Haldex Disk Fren Balatası 42182/6-300","29167 ROR Meritor Knorr WABCO Meritor Haldex Disk Fren Balatası 42182/6-300","29167 ROR Meritor Knorr WABCO Meritor Haldex Disk Fren... | Frenciniz","29167 ROR Meritor Knorr WABCO Meritor Haldex Disk Fren Balatası 42182/6-300 icin stok, fiyat ve uyumluluk teyidi. Uygunluk adaylari: Ağır vasıta disk fren balata...","29167 ROR Meritor Knorr WABCO Meritor Haldex Disk Fren Balatası 42182/6-300","Ağır vasıta disk fren balata sistemi Fren Balatası | Ağır vasıta disk fren balata sistemi 29167 | 29167 Fren Balatası | 42182/6-300 Fren Balatası | ROR Meritor Knorr WABCO Meritor Haldex Disk Fren Balatası 42182/6-300","https://www.frenciniz.com/urun/1031/29167-ror-meritor-knorr-wabco-meritor-haldex-disk-fren-balatasi-42182-6-300-ekersan","","94","2059.2"
"1032","Fren Balatası","42117/1-250","29011","","","no","ROR Meritor Knorr WABCO Meritor Haldex Disk Fren Balatası 42117/1-250","29011 ROR Meritor Knorr WABCO Meritor Haldex Disk Fren Balatası 42117/1-250","29011 ROR Meritor Knorr WABCO Meritor Haldex Disk Fren... | Frenciniz","29011 ROR Meritor Knorr WABCO Meritor Haldex Disk Fren Balatası 42117/1-250 icin stok, fiyat ve uyumluluk teyidi. Uygunluk adaylari: Ağır vasıta disk fren balata...","29011 ROR Meritor Knorr WABCO Meritor Haldex Disk Fren Balatası 42117/1-250","Ağır vasıta disk fren balata sistemi Fren Balatası | Ağır vasıta disk fren balata sistemi 29011 | 29011 Fren Balatası | 42117/1-250 Fren Balatası | ROR Meritor Knorr WABCO Meritor Haldex Disk Fren Balatası 42117/1-250","https://www.frenciniz.com/urun/1032/29011-ror-meritor-knorr-wabco-meritor-haldex-disk-fren-balatasi-42117-1-250-ekersan","","65","2059.2"
"1033","Perçin","1000 820","(A) C4","","","no","Ford Cargo Krone Dorse Kögel Dorse Fren Pabucu Perçini 8/20","(A) C4 Ford Cargo Krone Dorse Kögel Dorse Fren Pabucu Perçini 8/20","(A) C4 Ford Cargo Krone Dorse Kögel Dorse Fren Pabucu... | Frenciniz","(A) C4 Ford Cargo Krone Dorse Kögel Dorse Fren Pabucu Perçini 8/20 icin stok, fiyat ve uyumluluk teyidi. Uygunluk adaylari: Tır / çekici, Krone dorse, Kögel...","(A) C4 Ford Cargo Krone Dorse Kögel Dorse Fren Pabucu Perçini 8/20","Kamyon Perçin | Kamyon (A) C4 | (A) C4 Perçin | 1000 820 Perçin | Ford Cargo Krone Dorse Kögel Dorse Fren Pabucu Perçini 8/20","https://www.frenciniz.com/urun/1033/a-c4-ford-cargo-krone-dorse-kogel-dorse-fren-pabucu-percini-8-20-ekersan","","191","594"
"1034","Perçin","1000 817","(A) D4","","","no","Ford Cargo Krone Dorse Kögel Dorse Fren Pabucu Perçini 1000 817","(A) D4 Ford Cargo Krone Dorse Kögel Dorse Fren Pabucu Perçini 1000 817","(A) D4 Ford Cargo Krone Dorse Kögel Dorse Fren Pabucu... | Frenciniz","(A) D4 Ford Cargo Krone Dorse Kögel Dorse Fren Pabucu Perçini 1000 817 icin stok, fiyat ve uyumluluk teyidi. Uygunluk adaylari: Tır / çekici, Krone dorse, Kögel...","(A) D4 Ford Cargo Krone Dorse Kögel Dorse Fren Pabucu Perçini 1000 817","Kamyon Perçin | Kamyon (A) D4 | (A) D4 Perçin | 1000 817 Perçin | Ford Cargo Krone Dorse Kögel Dorse Fren Pabucu Perçini 1000 817","https://www.frenciniz.com/urun/1034/a-d4-ford-cargo-krone-dorse-kogel-dorse-fren-pabucu-percini-1000-817-ekersan","","34","594"
"1035","Perçin","1000 617","(A) D4","","","no","Ford Cargo Krone Dorse Kögel Dorse Fren Pabucu Perçini 1000 617","(A) D4 Ford Cargo Krone Dorse Kögel Dorse Fren Pabucu Perçini 1000 617","(A) D4 Ford Cargo Krone Dorse Kögel Dorse Fren Pabucu... | Frenciniz","(A) D4 Ford Cargo Krone Dorse Kögel Dorse Fren Pabucu Perçini 1000 617 icin stok, fiyat ve uyumluluk teyidi. Uygunluk adaylari: Tır / çekici, Krone dorse, Kögel...","(A) D4 Ford Cargo Krone Dorse Kögel Dorse Fren Pabucu Perçini 1000 617","Kamyon Perçin | Kamyon (A) D4 | (A) D4 Perçin | 1000 617 Perçin | Ford Cargo Krone Dorse Kögel Dorse Fren Pabucu Perçini 1000 617","https://www.frenciniz.com/urun/1035/a-d4-ford-cargo-krone-dorse-kogel-dorse-fren-pabucu-percini-1000-617-ekersan","","59","594"
"1036","Kaliper Tamir Takımı (Wabco)","10-1403","","","","no","ROR Meritor Knorr WABCO WABCO Kaliper Tamir Takımı 10-1403","ROR Meritor Knorr WABCO WABCO Kaliper Tamir Takımı 10-1403","ROR Meritor Knorr WABCO WABCO Kaliper Tamir Takımı 10-1403 | Frenciniz","ROR Meritor Knorr WABCO WABCO Kaliper Tamir Takımı 10-1403 icin stok, fiyat ve uyumluluk teyidi. Uygunluk adaylari: Tır / çekici, Krone dorse, Kögel dorse....","ROR Meritor Knorr WABCO WABCO Kaliper Tamir Takımı 10-1403","Kamyon Kaliper Tamir Takımı (Wabco) | Kamyon 10-1403 | 10-1403 Kaliper Tamir Takımı (Wabco)","https://www.frenciniz.com/urun/1036/kaliper-tamir-takimi-wabco-ror-meritor-knorr-wabco-wabco-kaliper-tamir-takimi-10-1403-ekersan","","3","340.56"
"1037","Kaliper Kapak/Conta","10-1400","","","","no","ROR Meritor Knorr WABCO Kaliper Kapak Conta 10-1400","ROR Meritor Knorr WABCO Kaliper Kapak Conta 10-1400","ROR Meritor Knorr WABCO Kaliper Kapak Conta 10-1400 | Frenciniz","ROR Meritor Knorr WABCO Kaliper Kapak Conta 10-1400 icin stok, fiyat ve uyumluluk teyidi. Uygunluk adaylari: Ağır vasıta kaliper sistemi, Knorr / WABCO / Meritor...","ROR Meritor Knorr WABCO Kaliper Kapak Conta 10-1400","Ağır vasıta kaliper sistemi Kaliper Kapak/Conta | Ağır vasıta kaliper sistemi 10-1400 | 10-1400 Kaliper Kapak/Conta","https://www.frenciniz.com/urun/1037/ror-meritor-knorr-wabco-kaliper-kapak-conta-10-1400-ekersan","","4","330"
"1038","Kaliper Tamir Takımı","10-1320","K001915, K048389K50, K099604K50, 0004204682, 81508226019, 81508226034, 81508226037, 1477675, 1527631, 2121646, 1639100, 1847716,","","","no","ROR Meritor Knorr WABCO Kaliper Tamir Takımı 10-1320","K001915 ROR Meritor Knorr WABCO Kaliper Tamir Takımı 10-1320","K001915 ROR Meritor Knorr WABCO Kaliper Tamir Takımı 10-1320 | Frenciniz","K001915 ROR Meritor Knorr WABCO Kaliper Tamir Takımı 10-1320 icin stok, fiyat ve uyumluluk teyidi. Uygunluk adaylari: Ağır vasıta kaliper sistemi, Knorr / WABCO...","K001915 ROR Meritor Knorr WABCO Kaliper Tamir Takımı 10-1320","Ağır vasıta kaliper sistemi Kaliper Tamir Takımı | Ağır vasıta kaliper sistemi K001915 | K001915 Kaliper Tamir Takımı | 10-1320 Kaliper Tamir Takımı | ROR Meritor Knorr WABCO Kaliper Tamir Takımı 10-1320","https://www.frenciniz.com/urun/1038/k001915-ror-meritor-knorr-wabco-kaliper-tamir-takimi-10-1320-ekersan","","5","1244.76"
"1039","Kaliper","10-1299","","","","no","ROR Meritor Knorr WABCO Kaliper 10-1299","ROR Meritor Knorr WABCO Kaliper 10-1299","ROR Meritor Knorr WABCO Kaliper 10-1299 | Frenciniz","ROR Meritor Knorr WABCO Kaliper 10-1299 icin stok, fiyat ve uyumluluk teyidi. Uygunluk adaylari: Ağır vasıta kaliper sistemi, Knorr / WABCO / Meritor kaliper...","ROR Meritor Knorr WABCO Kaliper 10-1299","Ağır vasıta kaliper sistemi Kaliper | Ağır vasıta kaliper sistemi 10-1299 | 10-1299 Kaliper","https://www.frenciniz.com/urun/1039/ror-meritor-knorr-wabco-kaliper-10-1299-ekersan","","16","1834.8"
"1040","Kaliper Tamir Takımı","10-1277","","","","no","ROR Meritor Knorr WABCO Kaliper Tamir Takımı 10-1277","ROR Meritor Knorr WABCO Kaliper Tamir Takımı 10-1277","ROR Meritor Knorr WABCO Kaliper Tamir Takımı 10-1277 | Frenciniz","ROR Meritor Knorr WABCO Kaliper Tamir Takımı 10-1277 icin stok, fiyat ve uyumluluk teyidi. Uygunluk adaylari: Ağır vasıta kaliper sistemi, Knorr / WABCO /...","ROR Meritor Knorr WABCO Kaliper Tamir Takımı 10-1277","Ağır vasıta kaliper sistemi Kaliper Tamir Takımı | Ağır vasıta kaliper sistemi 10-1277 | 10-1277 Kaliper Tamir Takımı","https://www.frenciniz.com/urun/1040/ror-meritor-knorr-wabco-kaliper-tamir-takimi-10-1277-ekersan","","3","1038.84"
"1041","Fren Balatası","10-1260","K000133, II19712004, II30679004, 0004202582, 13C3305630AA","","","no","Mercedes Axor Actros Scania P G R Ford Cargo Disk Fren Balatası","K000133 Mercedes Axor Actros Scania P G R Ford Cargo Disk Fren Balatası","K000133 Mercedes Axor Actros Scania P G R Ford Cargo Disk... | Frenciniz","K000133 Mercedes Axor Actros Scania P G R Ford Cargo Disk Fren Balatası icin stok, fiyat ve uyumluluk teyidi. Uygunluk adaylari: Ford Cargo, Knorr-Bremse...","K000133 Mercedes Axor Actros Scania P G R Ford Cargo Disk Fren Balatası","Ford Cargo Fren Balatası | Ford Cargo K000133 | K000133 Fren Balatası | 10-1260 Fren Balatası | Mercedes Axor Actros Scania P G R Ford Cargo Disk Fren Balatası","https://www.frenciniz.com/urun/1041/k000133-mercedes-axor-actros-scania-p-g-r-ford-cargo-disk-fren-balatasi-ekersan","","1","208.56"
"1042","Lastik","10-1242","","","","no","Ford Cargo Krone Dorse Kögel Dorse Körük Lastiği","10-1242 Lastik Ford Cargo Krone Dorse Kögel Dorse Körük Lastiği","10-1242 Lastik Ford Cargo Krone Dorse Kögel Dorse Körük... | Frenciniz","10-1242 Lastik Ford Cargo Krone Dorse Kögel Dorse Körük Lastiği icin stok, fiyat ve uyumluluk teyidi. Uygunluk adaylari: Tır / çekici, Krone dorse, Kögel dorse....","10-1242 Lastik Ford Cargo Krone Dorse Kögel Dorse Körük Lastiği","Kamyon Lastik | Kamyon 10-1242 | 10-1242 Lastik | Ford Cargo Krone Dorse Kögel Dorse Körük Lastiği","https://www.frenciniz.com/urun/1042/10-1242-lastik-ford-cargo-krone-dorse-kogel-dorse-koruk-lastigi-ekersan","","20","133.32"
"1043","Kaliper Tamir Takımı","10-1160","II179320065, II304130065, 1746824, 1759811, 0980102630, 81508226007, 81508226022, 0004200682, 0004203982, 3434380400, 1390429,","","","no","ROR Meritor Knorr WABCO Kaliper Tamir Takımı 10-1160","II179320065 ROR Meritor Knorr WABCO Kaliper Tamir Takımı 10-1160","II179320065 ROR Meritor Knorr WABCO Kaliper Tamir Takımı... | Frenciniz","II179320065 ROR Meritor Knorr WABCO Kaliper Tamir Takımı 10-1160 icin stok, fiyat ve uyumluluk teyidi. Uygunluk adaylari: Ağır vasıta kaliper sistemi, Knorr /...","II179320065 ROR Meritor Knorr WABCO Kaliper Tamir Takımı 10-1160","Ağır vasıta kaliper sistemi Kaliper Tamir Takımı | Ağır vasıta kaliper sistemi II179320065 | II179320065 Kaliper Tamir Takımı | 10-1160 Kaliper Tamir Takımı | ROR Meritor Knorr WABCO Kaliper Tamir Takımı 10-1160","https://www.frenciniz.com/urun/1043/ii179320065-ror-meritor-knorr-wabco-kaliper-tamir-takimi-10-1160-ekersan","","18","471.24"
"1044","Kaliper Ayar Mekanizması","10-1154","","","","no","Ford Cargo Krone Dorse Kögel Dorse Kaliper Ayar Mekanizması 10-1154","Ford Cargo Krone Dorse Kögel Dorse Kaliper Ayar Mekanizması 10-1154","Ford Cargo Krone Dorse Kögel Dorse Kaliper Ayar... | Frenciniz","Ford Cargo Krone Dorse Kögel Dorse Kaliper Ayar Mekanizması 10-1154 icin stok, fiyat ve uyumluluk teyidi. Uygunluk adaylari: Tır / çekici, Krone dorse, Kögel...","Ford Cargo Krone Dorse Kögel Dorse Kaliper Ayar Mekanizması 10-1154","Kamyon Kaliper Ayar Mekanizması | Kamyon 10-1154 | 10-1154 Kaliper Ayar Mekanizması","https://www.frenciniz.com/urun/1044/ford-cargo-krone-dorse-kogel-dorse-kaliper-ayar-mekanizmasi-10-1154-ekersan","","1","831.6"
"1045","Kaliper","10-1153","","","","no","ROR Meritor Knorr WABCO Kaliper 10-1153","ROR Meritor Knorr WABCO Kaliper 10-1153","ROR Meritor Knorr WABCO Kaliper 10-1153 | Frenciniz","ROR Meritor Knorr WABCO Kaliper 10-1153 icin stok, fiyat ve uyumluluk teyidi. Uygunluk adaylari: Ağır vasıta kaliper sistemi, Knorr / WABCO / Meritor kaliper...","ROR Meritor Knorr WABCO Kaliper 10-1153","Ağır vasıta kaliper sistemi Kaliper | Ağır vasıta kaliper sistemi 10-1153 | 10-1153 Kaliper","https://www.frenciniz.com/urun/1045/ror-meritor-knorr-wabco-kaliper-10-1153-ekersan","","1","917.4"
"1046","Kaliper","10-1152","","","","no","ROR Meritor Knorr WABCO Kaliper 10-1152","ROR Meritor Knorr WABCO Kaliper 10-1152","ROR Meritor Knorr WABCO Kaliper 10-1152 | Frenciniz","ROR Meritor Knorr WABCO Kaliper 10-1152 icin stok, fiyat ve uyumluluk teyidi. Uygunluk adaylari: Ağır vasıta kaliper sistemi, Knorr / WABCO / Meritor kaliper...","ROR Meritor Knorr WABCO Kaliper 10-1152","Ağır vasıta kaliper sistemi Kaliper | Ağır vasıta kaliper sistemi 10-1152 | 10-1152 Kaliper","https://www.frenciniz.com/urun/1046/ror-meritor-knorr-wabco-kaliper-10-1152-ekersan","","8","939.84"
"1047","Kaliper","10-1151","CKSK.17.1","","","no","ROR Meritor Knorr WABCO Kaliper 10-1151","CKSK.17.1 ROR Meritor Knorr WABCO Kaliper 10-1151","CKSK.17.1 ROR Meritor Knorr WABCO Kaliper 10-1151 | Frenciniz","CKSK.17.1 ROR Meritor Knorr WABCO Kaliper 10-1151 icin stok, fiyat ve uyumluluk teyidi. Uygunluk adaylari: Knorr-Bremse SB/SN/SK kaliper sistemi, Scania 4/P/G/R...","CKSK.17.1 ROR Meritor Knorr WABCO Kaliper 10-1151","Knorr-Bremse SB/SN/SK kaliper sistemi Kaliper | Knorr-Bremse SB/SN/SK kaliper sistemi CKSK.17.1 | CKSK.17.1 Kaliper | 10-1151 Kaliper | ROR Meritor Knorr WABCO Kaliper 10-1151","https://www.frenciniz.com/urun/1047/cksk-17-1-ror-meritor-knorr-wabco-kaliper-10-1151-ekersan","","6","939.84"
"1048","Kaliper","10-1134","","","","no","ROR Meritor Knorr WABCO Kaliper 10-1134","ROR Meritor Knorr WABCO Kaliper 10-1134","ROR Meritor Knorr WABCO Kaliper 10-1134 | Frenciniz","ROR Meritor Knorr WABCO Kaliper 10-1134 icin stok, fiyat ve uyumluluk teyidi. Uygunluk adaylari: Ağır vasıta kaliper sistemi, Knorr / WABCO / Meritor kaliper...","ROR Meritor Knorr WABCO Kaliper 10-1134","Ağır vasıta kaliper sistemi Kaliper | Ağır vasıta kaliper sistemi 10-1134 | 10-1134 Kaliper","https://www.frenciniz.com/urun/1048/ror-meritor-knorr-wabco-kaliper-10-1134-ekersan","","10","493.68"
"1049","Kaliper Tamir Takımı (Wabco)","10-1093","","","","no","ROR Meritor Knorr WABCO WABCO Kaliper Tamir Takımı 10-1093","ROR Meritor Knorr WABCO WABCO Kaliper Tamir Takımı 10-1093","ROR Meritor Knorr WABCO WABCO Kaliper Tamir Takımı 10-1093 | Frenciniz","ROR Meritor Knorr WABCO WABCO Kaliper Tamir Takımı 10-1093 icin stok, fiyat ve uyumluluk teyidi. Uygunluk adaylari: Knorr-Bremse SB/SN/SK kaliper sistemi, Scania...","ROR Meritor Knorr WABCO WABCO Kaliper Tamir Takımı 10-1093","Knorr-Bremse SB/SN/SK kaliper sistemi Kaliper Tamir Takımı (Wabco) | Knorr-Bremse SB/SN/SK kaliper sistemi 10-1093 | 10-1093 Kaliper Tamir Takımı (Wabco)","https://www.frenciniz.com/urun/1049/kaliper-tamir-takimi-wabco-ror-meritor-knorr-wabco-wabco-kaliper-tamir-takimi-10-1093-ekersan","","6","1082.4"
"1050","Kaliper Tamir Takımı (Wabco)","10-1080","","","","no","ROR Meritor Knorr WABCO WABCO Kaliper Tamir Takımı 10-1080","ROR Meritor Knorr WABCO WABCO Kaliper Tamir Takımı 10-1080","ROR Meritor Knorr WABCO WABCO Kaliper Tamir Takımı 10-1080 | Frenciniz","ROR Meritor Knorr WABCO WABCO Kaliper Tamir Takımı 10-1080 icin stok, fiyat ve uyumluluk teyidi. Uygunluk adaylari: Knorr-Bremse SB/SN/SK kaliper sistemi, Scania...","ROR Meritor Knorr WABCO WABCO Kaliper Tamir Takımı 10-1080","Knorr-Bremse SB/SN/SK kaliper sistemi Kaliper Tamir Takımı (Wabco) | Knorr-Bremse SB/SN/SK kaliper sistemi 10-1080 | 10-1080 Kaliper Tamir Takımı (Wabco)","https://www.frenciniz.com/urun/1050/kaliper-tamir-takimi-wabco-ror-meritor-knorr-wabco-wabco-kaliper-tamir-takimi-10-1080-ekersan","","1","219.12"
"1051","Kaliper Tamir Takımı (Wabco)","10-1071","","","","no","ROR Meritor Knorr WABCO WABCO Kaliper Tamir Takımı 10-1071","ROR Meritor Knorr WABCO WABCO Kaliper Tamir Takımı 10-1071","ROR Meritor Knorr WABCO WABCO Kaliper Tamir Takımı 10-1071 | Frenciniz","ROR Meritor Knorr WABCO WABCO Kaliper Tamir Takımı 10-1071 icin stok, fiyat ve uyumluluk teyidi. Uygunluk adaylari: Knorr-Bremse SB/SN/SK kaliper sistemi, Scania...","ROR Meritor Knorr WABCO WABCO Kaliper Tamir Takımı 10-1071","Knorr-Bremse SB/SN/SK kaliper sistemi Kaliper Tamir Takımı (Wabco) | Knorr-Bremse SB/SN/SK kaliper sistemi 10-1071 | 10-1071 Kaliper Tamir Takımı (Wabco)","https://www.frenciniz.com/urun/1051/kaliper-tamir-takimi-wabco-ror-meritor-knorr-wabco-wabco-kaliper-tamir-takimi-10-1071-ekersan","","20","231"
"1052","Kaliper Tamir Takımı (Wabco)","10-1050","","","","no","ROR Meritor Knorr WABCO WABCO Kaliper Tamir Takımı 10-1050","ROR Meritor Knorr WABCO WABCO Kaliper Tamir Takımı 10-1050","ROR Meritor Knorr WABCO WABCO Kaliper Tamir Takımı 10-1050 | Frenciniz","ROR Meritor Knorr WABCO WABCO Kaliper Tamir Takımı 10-1050 icin stok, fiyat ve uyumluluk teyidi. Uygunluk adaylari: Knorr-Bremse SB/SN/SK kaliper sistemi, Scania...","ROR Meritor Knorr WABCO WABCO Kaliper Tamir Takımı 10-1050","Knorr-Bremse SB/SN/SK kaliper sistemi Kaliper Tamir Takımı (Wabco) | Knorr-Bremse SB/SN/SK kaliper sistemi 10-1050 | 10-1050 Kaliper Tamir Takımı (Wabco)","https://www.frenciniz.com/urun/1052/kaliper-tamir-takimi-wabco-ror-meritor-knorr-wabco-wabco-kaliper-tamir-takimi-10-1050-ekersan","","3","372.24"
"1053","Porya","EYD.075099","","","","no","Ford Cargo SAF Dorse Krone Dorse Kögel Dorse Porya Kapağı EYD.075099","Ford Cargo SAF Dorse Krone Dorse Kögel Dorse Porya Kapağı EYD.075099","Ford Cargo SAF Dorse Krone Dorse Kögel Dorse Porya Kapağı... | Frenciniz","Ford Cargo SAF Dorse Krone Dorse Kögel Dorse Porya Kapağı EYD.075099 icin stok, fiyat ve uyumluluk teyidi. Uygunluk adaylari: SAF dorse dingili, SAF Holland...","Ford Cargo SAF Dorse Krone Dorse Kögel Dorse Porya Kapağı EYD.075099","SAF dorse dingili Porya | SAF dorse dingili EYD.075099 | EYD.075099 Porya","https://www.frenciniz.com/urun/1053/ford-cargo-saf-dorse-krone-dorse-kogel-dorse-porya-kapagi-eyd-075099-ekersan","","1623","224.4"
"1054","Porya","EYD.075074","","","","no","Ford Cargo SAF Dorse Krone Dorse Kögel Dorse Porya Kapağı EYD.075074","Ford Cargo SAF Dorse Krone Dorse Kögel Dorse Porya Kapağı EYD.075074","Ford Cargo SAF Dorse Krone Dorse Kögel Dorse Porya Kapağı... | Frenciniz","Ford Cargo SAF Dorse Krone Dorse Kögel Dorse Porya Kapağı EYD.075074 icin stok, fiyat ve uyumluluk teyidi. Uygunluk adaylari: SAF dorse dingili, SAF Holland...","Ford Cargo SAF Dorse Krone Dorse Kögel Dorse Porya Kapağı EYD.075074","SAF dorse dingili Porya | SAF dorse dingili EYD.075074 | EYD.075074 Porya","https://www.frenciniz.com/urun/1054/ford-cargo-saf-dorse-krone-dorse-kogel-dorse-porya-kapagi-eyd-075074-ekersan","","35","224.4"
"1055","Porya","EYD.0170064","","","","no","Ford Cargo BPW Dorse Krone Dorse Kögel Dorse Porya Kapağı EYD.0170064","Ford Cargo BPW Dorse Krone Dorse Kögel Dorse Porya Kapağı EYD.0170064","Ford Cargo BPW Dorse Krone Dorse Kögel Dorse Porya Kapağı... | Frenciniz","Ford Cargo BPW Dorse Krone Dorse Kögel Dorse Porya Kapağı EYD.0170064 icin stok, fiyat ve uyumluluk teyidi. Uygunluk adaylari: BPW dorse dingili, BPW ECOPlus...","Ford Cargo BPW Dorse Krone Dorse Kögel Dorse Porya Kapağı EYD.0170064","BPW dorse dingili Porya | BPW dorse dingili EYD.0170064 | EYD.0170064 Porya","https://www.frenciniz.com/urun/1055/ford-cargo-bpw-dorse-krone-dorse-kogel-dorse-porya-kapagi-eyd-0170064-ekersan","","40","396"
