"slug","heading","title","description","priority","matchedProducts","categories","topProducts"
"mercedes-actros-fren-diski","Mercedes Actros Fren Diski","Mercedes Actros Fren Diski Fiyatları ve Stok | Frenciniz","Mercedes Actros Fren Diski icin fren diski urunlerinde stok ve fiyat secenekleri. OEM/parca kodu, eski parca fotografi veya sase ile uyumluluk teyidi, ayni gun kargo ve WhatsApp teklif.","0.86","24","fren-diski|fren-diski-abs-li","231:Fren Diski Mercedes Actros Axor 1840 3340 4140 | 234:Fren Diski Mercedes Actros Axor 1840 3340 4140 | 227:Fren Diski Mercedes Actros Axor 1840 3340 4140 | 233:Fren Diski Mercedes Actros Axor 1840 3340 4140 | 235:Fren Diski Mercedes Actros Axor 1840 3340 4140"
"mercedes-actros-axor-fren-diski","Mercedes Actros Axor Fren Diski","Mercedes Actros Axor Fren Diski Fiyat ve Stok | Frenciniz","Mercedes Actros Axor Fren Diski icin fren diski urunlerinde stok ve fiyat secenekleri. OEM/parca kodu, eski parca fotografi veya sase ile uyumluluk teyidi, ayni gun kargo ve WhatsApp teklif.","0.88","24","fren-diski|fren-diski-abs-li","231:Fren Diski Mercedes Actros Axor 1840 3340 4140 | 234:Fren Diski Mercedes Actros Axor 1840 3340 4140 | 227:Fren Diski Mercedes Actros Axor 1840 3340 4140 | 233:Fren Diski Mercedes Actros Axor 1840 3340 4140 | 235:Fren Diski Mercedes Actros Axor 1840 3340 4140"
"mercedes-axor-fren-diski","Mercedes Axor Fren Diski","Mercedes Axor Fren Diski ve Fren Parçaları | Frenciniz","Mercedes Axor Fren Diski icin fren diski urunlerinde stok ve fiyat secenekleri. OEM/parca kodu, eski parca fotografi veya sase ile uyumluluk teyidi, ayni gun kargo ve WhatsApp teklif.","0.84","24","fren-diski|fren-diski-abs-li","231:Fren Diski Mercedes Actros Axor 1840 3340 4140 | 234:Fren Diski Mercedes Actros Axor 1840 3340 4140 | 227:Fren Diski Mercedes Actros Axor 1840 3340 4140 | 233:Fren Diski Mercedes Actros Axor 1840 3340 4140 | 235:Fren Diski Mercedes Actros Axor 1840 3340 4140"
"mercedes-atego-fren-diski","Mercedes Atego Fren Diski","Mercedes Atego Fren Diski ve Fren Aksamı | Frenciniz","Mercedes Atego Fren Diski icin fren diski urunlerinde stok ve fiyat secenekleri. OEM/parca kodu, eski parca fotografi veya sase ile uyumluluk teyidi, ayni gun kargo ve WhatsApp teklif.","0.82","24","fren-diski|fren-diski-abs-li","231:Fren Diski Mercedes Actros Axor 1840 3340 4140 | 234:Fren Diski Mercedes Actros Axor 1840 3340 4140 | 227:Fren Diski Mercedes Actros Axor 1840 3340 4140 | 233:Fren Diski Mercedes Actros Axor 1840 3340 4140 | 235:Fren Diski Mercedes Actros Axor 1840 3340 4140"
"man-tga-fren-diski","MAN TGA Fren Diski","MAN TGA Fren Diski Fiyat ve Stok | Frenciniz","MAN TGA Fren Diski icin fren diski urunlerinde stok ve fiyat secenekleri. OEM/parca kodu, eski parca fotografi veya sase ile uyumluluk teyidi, ayni gun kargo ve WhatsApp teklif.","0.86","24","fren-diski|fren-diski-abs-li","224:Fren Diski MAN TGA TGS TGX 40.360 40.460 | 223:Fren Diski MAN TGA TGS TGX 40.360 40.460 | 226:Fren Diski MAN TGA TGS TGX 40.360 40.460 | 225:Fren Diski MAN TGA TGS TGX 40.360 40.460 | 72:Fren Diski MAN TGA TGS TGX 40.360 40.460"
"man-tgs-tgx-fren-diski","MAN TGS TGX Fren Diski","MAN TGS TGX Fren Diski ve Fren Parçaları | Frenciniz","MAN TGS TGX Fren Diski icin fren diski urunlerinde stok ve fiyat secenekleri. OEM/parca kodu, eski parca fotografi veya sase ile uyumluluk teyidi, ayni gun kargo ve WhatsApp teklif.","0.82","24","fren-diski|fren-diski-abs-li|disk-bijonu-civatasi|kaliper","224:Fren Diski MAN TGA TGS TGX 40.360 40.460 | 223:Fren Diski MAN TGA TGS TGX 40.360 40.460 | 226:Fren Diski MAN TGA TGS TGX 40.360 40.460 | 11:Disk Bijonu MAN TGA TGS TGX 40.360 40.460 | 225:Fren Diski MAN TGA TGS TGX 40.360 40.460"
"volvo-fh-fren-diski","Volvo FH Fren Diski","Volvo FH Fren Diski ve Ağır Vasıta Fren Aksamı | Frenciniz","Volvo FH Fren Diski icin fren diski urunlerinde stok ve fiyat secenekleri. OEM/parca kodu, eski parca fotografi veya sase ile uyumluluk teyidi, ayni gun kargo ve WhatsApp teklif.","0.84","24","fren-diski|fren-diski-abs-li","175:Fren Diski Volvo FH FM FL | 280:Fren Diski Volvo FH FM FL | 279:Fren Diski Volvo FH FM FL | 84:Fren Diski Volvo FH FM FL | 41:Fren Diski Volvo FH FM FL 410"
"scania-bijon","Scania Bijon","Scania Bijon ve Disk Bijonu Fiyatları | Frenciniz","Scania Bijon icin bijon urunlerinde stok ve fiyat secenekleri. OEM/parca kodu, eski parca fotografi veya sase ile uyumluluk teyidi, ayni gun kargo ve WhatsApp teklif.","0.84","24","bijon|disk-bijonu-civatasi|somun-civata","351:Bijon Scania G420 R420 DPS Arka | 384:Bijon Scania G420 R420 | 288:Bijon Scania G420 R420 | 286:Bijon Scania G420 R420 | 287:Bijon Scania G420 R420"
"ford-cargo-fren-kampanasi","Ford Cargo Fren Kampanası","Ford Cargo Fren Kampanası ve Fren Parçaları | Frenciniz","Ford Cargo Fren Kampanası icin fren kampanası urunlerinde stok ve fiyat secenekleri. OEM/parca kodu, eski parca fotografi veya sase ile uyumluluk teyidi, ayni gun kargo ve WhatsApp teklif.","0.82","24","fren-kampanasi|bijon|fren-diski","322:Bijon Ford Cargo 1833 1846 2532 3232 | 133:Fren Kampanası Ford Cargo 1833 1846 2532 3232 | 31:Bijon Ford Cargo 1833 1846 2532 3232 115 mm | 135:Fren Kampanası Ford Cargo 1833 1846 2532 3232 Ön Arka 2524-3227-3230 | 74:Fren Diski Ford Cargo 1833 1846 2532 3232 Ön Arka"
"renault-premium-fren-parcalari","Renault Premium Fren Parçaları","Renault Premium Fren Diski, Kampana ve Cırcır | Frenciniz","Renault Premium Fren Parçaları icin fren parçası urunlerinde stok ve fiyat secenekleri. OEM/parca kodu, eski parca fotografi veya sase ile uyumluluk teyidi, ayni gun kargo ve WhatsApp teklif.","0.8","24","fren-diski|fren-kampanasi|otomatik-fren-circiri|fren-circiri","108:Fren Kampanası Renault Midlum Premium Magnum | 207:Fren Diski Renault Premium Magnum Kerax Midlum 10 Delik Ön 220 | 107:Fren Kampanası Renault Midlum Premium Magnum | 47:Otomatik Fren Cırcırı Renault Midlum Premium Magnum | 205:Fren Diski Renault Premium Magnum Kerax Midlum Ön 150"
"bpw-dorse-fren-kampanasi","BPW Dorse Fren Kampanası","BPW Dorse Fren Kampanası Fiyat ve Stok | Frenciniz","BPW Dorse Fren Kampanası icin fren kampanası urunlerinde stok ve fiyat secenekleri. OEM/parca kodu, eski parca fotografi veya sase ile uyumluluk teyidi, ayni gun kargo ve WhatsApp teklif.","0.88","24","fren-kampanasi|porya|bijon","377:Bijon BPW ECOPlus | 375:Bijon BPW ECOPlus | 379:Bijon BPW ECOPlus | 376:Bijon BPW ECOPlus | 378:Bijon BPW ECOPlus"
"saf-dorse-porya-kapagi","SAF Dorse Porya Kapağı","SAF Dorse Porya Kapağı ve Fren Parçaları | Frenciniz","SAF Dorse Porya Kapağı icin porya kapağı urunlerinde stok ve fiyat secenekleri. OEM/parca kodu, eski parca fotografi veya sase ile uyumluluk teyidi, ayni gun kargo ve WhatsApp teklif.","0.86","24","porya|fren-diski|fren-kampanasi|bijon","373:Bijon SAF Holland 73 mm | 371:Bijon SAF Holland | 372:Bijon SAF Holland | 374:Bijon SAF Holland 83 mm YM | 369:Bijon SAF Holland"
"krone-dorse-fren-parcalari","Krone Dorse Fren Parçaları","Krone Dorse Fren Diski, Kampana ve Bijon | Frenciniz","Krone Dorse Fren Parçaları icin dorse fren parçası urunlerinde stok ve fiyat secenekleri. OEM/parca kodu, eski parca fotografi veya sase ile uyumluluk teyidi, ayni gun kargo ve WhatsApp teklif.","0.78","24","fren-diski|fren-kampanasi|bijon|porya","161:Fren Diski Kögel Krone | 7:Fren Diski Krone Göbekli 430 | 56:Bijon Mercedes Actros Axor 1840 3340 4140 | 373:Bijon SAF Holland 73 mm | 351:Bijon Scania G420 R420 DPS Arka"
"agir-vasita-otomatik-fren-circiri","Otomatik Fren Cırcırı","Otomatik Fren Cırcırı Fiyatları | Frenciniz","Otomatik Fren Cırcırı icin fren cırcırı urunlerinde stok ve fiyat secenekleri. OEM/parca kodu, eski parca fotografi veya sase ile uyumluluk teyidi, ayni gun kargo ve WhatsApp teklif.","0.86","23","otomatik-fren-circiri","51:Otomatik Fren Cırcırı Mercedes Actros Axor 1840 3340 4140 | 52:Otomatik Fren Cırcırı Mercedes Actros Axor 1840 3340 4140 | 62:Otomatik Fren Cırcırı MAN TGA TGS TGX 40.360 40.460 | 55:Otomatik Fren Cırcırı MAN TGA TGS TGX 40.360 40.460 | 66:Otomatik Fren Cırcırı MAN TGA TGS TGX 40.360 40.460"
"agir-vasita-mekanik-fren-circiri","Mekanik Fren Cırcırı","Mekanik Fren Cırcırı ve Fren Ayar Parçaları | Frenciniz","Mekanik Fren Cırcırı icin fren cırcırı urunlerinde stok ve fiyat secenekleri. OEM/parca kodu, eski parca fotografi veya sase ile uyumluluk teyidi, ayni gun kargo ve WhatsApp teklif.","0.8","24","mekanik-fren-circiri|fren-circiri","1:Mekanik Fren Cırcırı 7 Delik 10 Kanal EUR | 420:Mekanik Fren Cırcırı 7 Delik 10 Kanal | 283:Mekanik Fren Cırcırı 3 Delik 10 Kanal | 418:Mekanik Fren Cırcırı Mercedes Actros Axor 1840 3340 4140 | 417:Mekanik Fren Cırcırı Mercedes Actros Axor 1840 3340 4140 Sol"
"agir-vasita-kaliper-tamir-takimi","Kaliper Tamir Takımı","Kaliper Tamir Takımı, Perno ve Toz Lastiği | Frenciniz","Kaliper Tamir Takımı icin tamir takımı urunlerinde stok ve fiyat secenekleri. OEM/parca kodu, eski parca fotografi veya sase ile uyumluluk teyidi, ayni gun kargo ve WhatsApp teklif.","0.88","24","kaliper-tamir-takimi|kaliper-perno-tamir-takimi|kaliper-toz-lastigi|kaliper-kapak-conta|kaliper-ayar-mekanizmasi","1007:Kaliper Ayar Civatası | 1016:Kaliper Toz Lastiği Tamir Takımı (Ø 69 mm) | 992:KLİPER AYAR CİVATASI (AXOR YM 3 YİVLİ CİVATA) | 1012:Kaliper Ayar Mekanizması (Yaylı) | 975:Kaliper Perno Tamir Takımı Knorr WABCO Meritor"
"knorr-wabco-kaliper-tamir-takimi","Knorr Wabco Kaliper Tamir Takımı","Knorr Wabco Kaliper Tamir Takımı | Frenciniz","Knorr Wabco Kaliper Tamir Takımı icin kaliper tamir takımı urunlerinde stok ve fiyat secenekleri. OEM/parca kodu, eski parca fotografi veya sase ile uyumluluk teyidi, ayni gun kargo ve WhatsApp teklif.","0.82","24","kaliper-tamir-takimi|kaliper-tamir-takimi-wabco|kaliper-kapak-conta|kaliper-ayar-mekanizmasi","1005:Kaliper Masura Bilya Takımı Knorr WABCO Meritor | 994:Kaliper Masura Bilya Yatağı Knorr WABCO Meritor | 991:Kaliper Masura Bilya Yatağı Knorr WABCO Meritor | 1004:Kaliper Masura Bilya Takımı Knorr WABCO Meritor | 1040:Kaliper Masura Bilya Yatağı Knorr WABCO Meritor"
"abs-sensoru-ebs-modulator","ABS Sensörü ve EBS Modülatör","ABS Sensörü, EBS Modülatör ve Kablo | Frenciniz","ABS Sensörü ve EBS Modülatör icin sensör modülatör urunlerinde stok ve fiyat secenekleri. OEM/parca kodu, eski parca fotografi veya sase ile uyumluluk teyidi, ayni gun kargo ve WhatsApp teklif.","0.86","24","abs-sensoru-modulu-kablo|ebs-modulator|sensor|elektrik-kablosu","600:EBS UZATMA SENSÖRÜ KNORR  4 MT | 677:EBS UZATMA KABLOSU WABCO 3 MT | 645:EBS ANA HAT KABLOSU 12 MT. | 537:24V 15'Lİ EBS KABLOSU | 574:EBS PARK BUTONU REKORLU 9710029120"
"agir-vasita-fren-korugu","Fren Körüğü","Fren Körüğü Fiyatları ve Ağır Vasıta Körükleri | Frenciniz","Fren Körüğü icin fren körüğü urunlerinde stok ve fiyat secenekleri. OEM/parca kodu, eski parca fotografi veya sase ile uyumluluk teyidi, ayni gun kargo ve WhatsApp teklif.","0.86","24","fren-korugu","972:Fren Körüğü Disk imdatlı körüğü Kampana imdatlı körüğü körüğü 64 mm | 962:Fren Körüğü Disk imdatlı körüğü Kampana imdatlı körüğü körüğü | 557:Fren Körüğü Disk imdatlı körüğü Kampana imdatlı körüğü körüğü | 953:Fren Körüğü Disk imdatlı körüğü Kampana imdatlı körüğü körüğü 64 mm | 961:Fren Körüğü Disk imdatlı körüğü Kampana imdatlı körüğü körüğü"
"agir-vasita-suspansiyon-korugu","Süspansiyon Körüğü","Süspansiyon Körüğü ve Hava Körüğü | Frenciniz","Süspansiyon Körüğü icin körük urunlerinde stok ve fiyat secenekleri. OEM/parca kodu, eski parca fotografi veya sase ile uyumluluk teyidi, ayni gun kargo ve WhatsApp teklif.","0.84","24","suspansiyon-korugu","879:Komple Körük Metal Piston SAF Holland | 883:Pistonsuz Körük SAF Holland | 888:Komple Körük Metal Piston Volvo FH FM FL | 908:Pistonsuz Körük MAN TGA TGS TGX 40.360 40.460 | 902:Pistonsuz Körük Volvo FH FM FL"
"agir-vasita-fren-balatasi","Ağır Vasıta Fren Balatası","Ağır Vasıta Fren Balatası ve Disk Balatası | Frenciniz","Ağır Vasıta Fren Balatası icin fren balatası urunlerinde stok ve fiyat secenekleri. OEM/parca kodu, eski parca fotografi veya sase ile uyumluluk teyidi, ayni gun kargo ve WhatsApp teklif.","0.88","24","fren-balatasi|fren-pabucu|percin","801:Fren Pabucu BPW ECOPlus 20 cm | 657:Disk Balatası Mercedes Actros Axor 1840 3340 4140 | 481:Fren Balatası Mercedes Actros Axor 1840 3340 4140 | 641:Disk Balatası Knorr WABCO Meritor | 834:Fren Pabucu 5 cm"
"dorse-bijon-somun","Dorse Bijon ve Somun","Dorse Bijon, Somun ve Disk Civatası | Frenciniz","Dorse Bijon ve Somun icin bijon somun urunlerinde stok ve fiyat secenekleri. OEM/parca kodu, eski parca fotografi veya sase ile uyumluluk teyidi, ayni gun kargo ve WhatsApp teklif.","0.84","24","bijon|somun-civata|disk-bijonu-civatasi","373:Bijon SAF Holland 73 mm | 377:Bijon BPW ECOPlus | 329:Disk Bijonu Mercedes Actros Axor 1840 3340 4140 | 371:Bijon SAF Holland | 375:Bijon BPW ECOPlus"
"ekersan-fren-diski","Ekersan Fren Diski","Ekersan Fren Diski ve Ağır Vasıta Diskleri | Frenciniz","Ekersan Fren Diski icin fren diski urunlerinde stok ve fiyat secenekleri. OEM/parca kodu, eski parca fotografi veya sase ile uyumluluk teyidi, ayni gun kargo ve WhatsApp teklif.","0.88","24","fren-diski|fren-diski-abs-li","231:Fren Diski Mercedes Actros Axor 1840 3340 4140 | 234:Fren Diski Mercedes Actros Axor 1840 3340 4140 | 186:Fren Diski BPW ECOPlus | 843:Fren Diski EYD 209 01 | 216:Fren Diski Iveco Eurocargo Stralis"
"porya-kapagi","Porya Kapağı","Porya Kapağı, Rulman ve Keçe | Frenciniz","Porya Kapağı icin porya kapağı urunlerinde stok ve fiyat secenekleri. OEM/parca kodu, eski parca fotografi veya sase ile uyumluluk teyidi, ayni gun kargo ve WhatsApp teklif.","0.82","24","porya|kece","655:Porya BPW ECOPlus | 743:Porya SAF Holland | 744:Porya SAF Holland | 565:Porya BPW ECOPlus | 742:Porya SAF Holland"
"mercedes-actros-fren-kampanasi","Mercedes Actros Fren Kampanası","Mercedes Actros Fren Kampanası | Fiyat ve Stok | Frenciniz","Mercedes Actros Fren Kampanası icin fren kampanası urunlerinde stok ve fiyat secenekleri. OEM/parca kodu, eski parca fotografi veya sase ile uyumluluk teyidi, ayni gun kargo ve WhatsApp teklif.","0.88","24","fren-kampanasi","153:Fren Kampanası Mercedes Actros Axor 1840 3340 4140 | 18:Fren Kampanası Mercedes Actros Axor 1840 3340 4140 | 156:Fren Kampanası Mercedes Actros Axor 1840 3340 4140 18 cm Ön 2521-2524-3031 | 157:Fren Kampanası Mercedes Actros Axor 1840 3340 4140 22 cm Arka 2517-2521 | 82:Fren Kampanası Mercedes Actros Axor 1840 3340 4140"
"mercedes-actros-fren-balatasi","Mercedes Actros Fren Balatası","Mercedes Actros Fren Balatası | Fiyat ve Stok | Frenciniz","Mercedes Actros Fren Balatası icin fren balatası urunlerinde stok ve fiyat secenekleri. OEM/parca kodu, eski parca fotografi veya sase ile uyumluluk teyidi, ayni gun kargo ve WhatsApp teklif.","0.88","24","fren-balatasi|fren-pabucu|percin","481:Fren Balatası Mercedes Actros Axor 1840 3340 4140 | 479:Fren Balatası Mercedes Actros Axor 1840 3340 4140 | 644:Fren Pabucu Mercedes Actros Axor 1840 3340 4140 22 cm | 733:Fren Balatası Mercedes Actros Axor 1840 3340 4140 430 440 450 460 | 724:Fren Balatası Mercedes Actros Axor 1840 3340 4140"
"mercedes-actros-fren-korugu","Mercedes Actros Fren Körüğü","Mercedes Actros Fren Körüğü | Fiyat ve Stok | Frenciniz","Mercedes Actros Fren Körüğü icin fren körüğü urunlerinde stok ve fiyat secenekleri. OEM/parca kodu, eski parca fotografi veya sase ile uyumluluk teyidi, ayni gun kargo ve WhatsApp teklif.","0.87","24","fren-korugu","637:Pistonsuz Körük Mercedes Actros Axor 1840 3340 4140 | 913:Komple Körük Metal Piston Mercedes Actros Axor 1840 3340 4140 | 519:Körük Lastiği Mercedes Actros Axor 1840 3340 4140 69 mm | 660:Komple Körük Metal Piston Mercedes Actros Axor 1840 3340 4140 | 56:Bijon Mercedes Actros Axor 1840 3340 4140"
"mercedes-actros-suspansiyon-korugu","Mercedes Actros Süspansiyon Körüğü","Mercedes Actros Süspansiyon Körüğü | Fiyat ve Stok | Frenciniz","Mercedes Actros Süspansiyon Körüğü icin süspansiyon körüğü urunlerinde stok ve fiyat secenekleri. OEM/parca kodu, eski parca fotografi veya sase ile uyumluluk teyidi, ayni gun kargo ve WhatsApp teklif.","0.87","24","suspansiyon-korugu","637:Pistonsuz Körük Mercedes Actros Axor 1840 3340 4140 | 913:Komple Körük Metal Piston Mercedes Actros Axor 1840 3340 4140 | 660:Komple Körük Metal Piston Mercedes Actros Axor 1840 3340 4140 | 896:Roll Körük MAN TGA TGS TGX 40.360 40.460 | 430:Roll Körük MAN TGA TGS TGX 40.360 40.460"
"mercedes-actros-bijon-somun","Mercedes Actros Bijon Somun","Mercedes Actros Bijon Somun | Fiyat ve Stok | Frenciniz","Mercedes Actros Bijon Somun icin bijon ve somun urunlerinde stok ve fiyat secenekleri. OEM/parca kodu, eski parca fotografi veya sase ile uyumluluk teyidi, ayni gun kargo ve WhatsApp teklif.","0.87","24","bijon|disk-bijonu-civatasi|somun-civata","936:Bijon Somunu Mercedes Actros Axor 1840 3340 4140 | 327:Disk Bijonu Mercedes Actros Axor 1840 3340 4140 | 329:Disk Bijonu Mercedes Actros Axor 1840 3340 4140 | 326:Disk Bijonu Mercedes Actros Axor 1840 3340 4140 YM | 24:Disk Bijonu Mercedes Actros Axor 1840 3340 4140"
"mercedes-actros-kaliper-tamir-takimi","Mercedes Actros Kaliper Tamir Takımı","Mercedes Actros Kaliper Tamir Takımı | Fiyat ve Stok | Frenciniz","Mercedes Actros Kaliper Tamir Takımı icin kaliper tamir takımı urunlerinde stok ve fiyat secenekleri. OEM/parca kodu, eski parca fotografi veya sase ile uyumluluk teyidi, ayni gun kargo ve WhatsApp teklif.","0.87","24","kaliper-tamir-takimi|kaliper-perno-tamir-takimi|kaliper-toz-lastigi|kaliper-kapak-conta|kaliper-ayar-mekanizmasi|kaliper-kilavuz-pim-takimi","1002:Kaliper Perno Tamir Takımı Mercedes Actros Axor 1840 3340 4140 | 1016:Kaliper Toz Lastiği Tamir Takımı (Ø 69 mm) | 1014:Kaliper Toz Lastiği Tamir Takımı (Ø 74 mm) | 530:SB6/SB7 PERNO TAMİR TAKIMI | 527:Perno Tamir Takımı"
"mercedes-actros-otomatik-fren-circiri","Mercedes Actros Otomatik Fren Cırcırı","Mercedes Actros Otomatik Fren Cırcırı | Fiyat ve Stok | Frenciniz","Mercedes Actros Otomatik Fren Cırcırı icin otomatik fren cırcırı urunlerinde stok ve fiyat secenekleri. OEM/parca kodu, eski parca fotografi veya sase ile uyumluluk teyidi, ayni gun kargo ve WhatsApp teklif.","0.87","24","otomatik-fren-circiri|fren-circiri","51:Otomatik Fren Cırcırı Mercedes Actros Axor 1840 3340 4140 | 52:Otomatik Fren Cırcırı Mercedes Actros Axor 1840 3340 4140 | 15:Fren Cırcırı Mercedes Actros Axor 1840 3340 4140 Ön SAĞ | 14:Fren Cırcırı Mercedes Actros Axor 1840 3340 4140 Ön Sol | 85:Fren Cırcırı Mercedes Actros Axor 1840 3340 4140 SAĞ"
"mercedes-axor-fren-kampanasi","Mercedes Axor Fren Kampanası","Mercedes Axor Fren Kampanası | Fiyat ve Stok | Frenciniz","Mercedes Axor Fren Kampanası icin fren kampanası urunlerinde stok ve fiyat secenekleri. OEM/parca kodu, eski parca fotografi veya sase ile uyumluluk teyidi, ayni gun kargo ve WhatsApp teklif.","0.87","24","fren-kampanasi","153:Fren Kampanası Mercedes Actros Axor 1840 3340 4140 | 18:Fren Kampanası Mercedes Actros Axor 1840 3340 4140 | 156:Fren Kampanası Mercedes Actros Axor 1840 3340 4140 18 cm Ön 2521-2524-3031 | 157:Fren Kampanası Mercedes Actros Axor 1840 3340 4140 22 cm Arka 2517-2521 | 82:Fren Kampanası Mercedes Actros Axor 1840 3340 4140"
"mercedes-axor-fren-balatasi","Mercedes Axor Fren Balatası","Mercedes Axor Fren Balatası | Fiyat ve Stok | Frenciniz","Mercedes Axor Fren Balatası icin fren balatası urunlerinde stok ve fiyat secenekleri. OEM/parca kodu, eski parca fotografi veya sase ile uyumluluk teyidi, ayni gun kargo ve WhatsApp teklif.","0.87","24","fren-balatasi|fren-pabucu|percin","481:Fren Balatası Mercedes Actros Axor 1840 3340 4140 | 479:Fren Balatası Mercedes Actros Axor 1840 3340 4140 | 644:Fren Pabucu Mercedes Actros Axor 1840 3340 4140 22 cm | 733:Fren Balatası Mercedes Actros Axor 1840 3340 4140 430 440 450 460 | 724:Fren Balatası Mercedes Actros Axor 1840 3340 4140"
"mercedes-axor-fren-korugu","Mercedes Axor Fren Körüğü","Mercedes Axor Fren Körüğü | Fiyat ve Stok | Frenciniz","Mercedes Axor Fren Körüğü icin fren körüğü urunlerinde stok ve fiyat secenekleri. OEM/parca kodu, eski parca fotografi veya sase ile uyumluluk teyidi, ayni gun kargo ve WhatsApp teklif.","0.86","24","fren-korugu","637:Pistonsuz Körük Mercedes Actros Axor 1840 3340 4140 | 913:Komple Körük Metal Piston Mercedes Actros Axor 1840 3340 4140 | 519:Körük Lastiği Mercedes Actros Axor 1840 3340 4140 69 mm | 660:Komple Körük Metal Piston Mercedes Actros Axor 1840 3340 4140 | 56:Bijon Mercedes Actros Axor 1840 3340 4140"
"mercedes-axor-bijon-somun","Mercedes Axor Bijon Somun","Mercedes Axor Bijon Somun | Fiyat ve Stok | Frenciniz","Mercedes Axor Bijon Somun icin bijon ve somun urunlerinde stok ve fiyat secenekleri. OEM/parca kodu, eski parca fotografi veya sase ile uyumluluk teyidi, ayni gun kargo ve WhatsApp teklif.","0.86","24","bijon|disk-bijonu-civatasi|somun-civata","936:Bijon Somunu Mercedes Actros Axor 1840 3340 4140 | 327:Disk Bijonu Mercedes Actros Axor 1840 3340 4140 | 329:Disk Bijonu Mercedes Actros Axor 1840 3340 4140 | 326:Disk Bijonu Mercedes Actros Axor 1840 3340 4140 YM | 24:Disk Bijonu Mercedes Actros Axor 1840 3340 4140"
"mercedes-axor-kaliper-tamir-takimi","Mercedes Axor Kaliper Tamir Takımı","Mercedes Axor Kaliper Tamir Takımı | Fiyat ve Stok | Frenciniz","Mercedes Axor Kaliper Tamir Takımı icin kaliper tamir takımı urunlerinde stok ve fiyat secenekleri. OEM/parca kodu, eski parca fotografi veya sase ile uyumluluk teyidi, ayni gun kargo ve WhatsApp teklif.","0.86","24","kaliper-tamir-takimi|kaliper-perno-tamir-takimi|kaliper-toz-lastigi|kaliper-kapak-conta|kaliper-ayar-mekanizmasi|kaliper-kilavuz-pim-takimi","1002:Kaliper Perno Tamir Takımı Mercedes Actros Axor 1840 3340 4140 | 1016:Kaliper Toz Lastiği Tamir Takımı (Ø 69 mm) | 1014:Kaliper Toz Lastiği Tamir Takımı (Ø 74 mm) | 530:SB6/SB7 PERNO TAMİR TAKIMI | 992:KLİPER AYAR CİVATASI (AXOR YM 3 YİVLİ CİVATA)"
"mercedes-axor-otomatik-fren-circiri","Mercedes Axor Otomatik Fren Cırcırı","Mercedes Axor Otomatik Fren Cırcırı | Fiyat ve Stok | Frenciniz","Mercedes Axor Otomatik Fren Cırcırı icin otomatik fren cırcırı urunlerinde stok ve fiyat secenekleri. OEM/parca kodu, eski parca fotografi veya sase ile uyumluluk teyidi, ayni gun kargo ve WhatsApp teklif.","0.86","24","otomatik-fren-circiri|fren-circiri","51:Otomatik Fren Cırcırı Mercedes Actros Axor 1840 3340 4140 | 52:Otomatik Fren Cırcırı Mercedes Actros Axor 1840 3340 4140 | 15:Fren Cırcırı Mercedes Actros Axor 1840 3340 4140 Ön SAĞ | 14:Fren Cırcırı Mercedes Actros Axor 1840 3340 4140 Ön Sol | 85:Fren Cırcırı Mercedes Actros Axor 1840 3340 4140 SAĞ"
"mercedes-actros-1840-fren-diski","Mercedes Actros 1840 Fren Diski","Mercedes Actros 1840 Fren Diski | Fiyat ve Stok | Frenciniz","Mercedes Actros 1840 Fren Diski icin fren diski urunlerinde stok ve fiyat secenekleri. OEM/parca kodu, eski parca fotografi veya sase ile uyumluluk teyidi, ayni gun kargo ve WhatsApp teklif.","0.90","24","fren-diski|fren-diski-abs-li","231:Fren Diski Mercedes Actros Axor 1840 3340 4140 | 234:Fren Diski Mercedes Actros Axor 1840 3340 4140 | 227:Fren Diski Mercedes Actros Axor 1840 3340 4140 | 233:Fren Diski Mercedes Actros Axor 1840 3340 4140 | 235:Fren Diski Mercedes Actros Axor 1840 3340 4140"
"mercedes-actros-1840-fren-kampanasi","Mercedes Actros 1840 Fren Kampanası","Mercedes Actros 1840 Fren Kampanası | Fiyat ve Stok | Frenciniz","Mercedes Actros 1840 Fren Kampanası icin fren kampanası urunlerinde stok ve fiyat secenekleri. OEM/parca kodu, eski parca fotografi veya sase ile uyumluluk teyidi, ayni gun kargo ve WhatsApp teklif.","0.90","24","fren-kampanasi","153:Fren Kampanası Mercedes Actros Axor 1840 3340 4140 | 18:Fren Kampanası Mercedes Actros Axor 1840 3340 4140 | 156:Fren Kampanası Mercedes Actros Axor 1840 3340 4140 18 cm Ön 2521-2524-3031 | 157:Fren Kampanası Mercedes Actros Axor 1840 3340 4140 22 cm Arka 2517-2521 | 82:Fren Kampanası Mercedes Actros Axor 1840 3340 4140"
"mercedes-actros-1840-fren-balatasi","Mercedes Actros 1840 Fren Balatası","Mercedes Actros 1840 Fren Balatası | Fiyat ve Stok | Frenciniz","Mercedes Actros 1840 Fren Balatası icin fren balatası urunlerinde stok ve fiyat secenekleri. OEM/parca kodu, eski parca fotografi veya sase ile uyumluluk teyidi, ayni gun kargo ve WhatsApp teklif.","0.90","24","fren-balatasi|fren-pabucu|percin","481:Fren Balatası Mercedes Actros Axor 1840 3340 4140 | 479:Fren Balatası Mercedes Actros Axor 1840 3340 4140 | 644:Fren Pabucu Mercedes Actros Axor 1840 3340 4140 22 cm | 733:Fren Balatası Mercedes Actros Axor 1840 3340 4140 430 440 450 460 | 724:Fren Balatası Mercedes Actros Axor 1840 3340 4140"
"mercedes-actros-1840-bijon-somun","Mercedes Actros 1840 Bijon Somun","Mercedes Actros 1840 Bijon Somun | Fiyat ve Stok | Frenciniz","Mercedes Actros 1840 Bijon Somun icin bijon ve somun urunlerinde stok ve fiyat secenekleri. OEM/parca kodu, eski parca fotografi veya sase ile uyumluluk teyidi, ayni gun kargo ve WhatsApp teklif.","0.89","24","bijon|disk-bijonu-civatasi|somun-civata","936:Bijon Somunu Mercedes Actros Axor 1840 3340 4140 | 327:Disk Bijonu Mercedes Actros Axor 1840 3340 4140 | 329:Disk Bijonu Mercedes Actros Axor 1840 3340 4140 | 326:Disk Bijonu Mercedes Actros Axor 1840 3340 4140 YM | 24:Disk Bijonu Mercedes Actros Axor 1840 3340 4140"
"mercedes-actros-1840-kaliper-tamir-takimi","Mercedes Actros 1840 Kaliper Tamir Takımı","Mercedes Actros 1840 Kaliper Tamir Takımı | Fiyat ve Stok | Frenciniz","Mercedes Actros 1840 Kaliper Tamir Takımı icin kaliper tamir takımı urunlerinde stok ve fiyat secenekleri. OEM/parca kodu, eski parca fotografi veya sase ile uyumluluk teyidi, ayni gun kargo ve WhatsApp teklif.","0.89","24","kaliper-tamir-takimi|kaliper-perno-tamir-takimi|kaliper-toz-lastigi|kaliper-kapak-conta|kaliper-ayar-mekanizmasi|kaliper-kilavuz-pim-takimi","1002:Kaliper Perno Tamir Takımı Mercedes Actros Axor 1840 3340 4140 | 1016:Kaliper Toz Lastiği Tamir Takımı (Ø 69 mm) | 1014:Kaliper Toz Lastiği Tamir Takımı (Ø 74 mm) | 527:Perno Tamir Takımı | 530:SB6/SB7 PERNO TAMİR TAKIMI"
"mercedes-actros-3340-fren-diski","Mercedes Actros 3340 Fren Diski","Mercedes Actros 3340 Fren Diski | Fiyat ve Stok | Frenciniz","Mercedes Actros 3340 Fren Diski icin fren diski urunlerinde stok ve fiyat secenekleri. OEM/parca kodu, eski parca fotografi veya sase ile uyumluluk teyidi, ayni gun kargo ve WhatsApp teklif.","0.90","24","fren-diski|fren-diski-abs-li","231:Fren Diski Mercedes Actros Axor 1840 3340 4140 | 234:Fren Diski Mercedes Actros Axor 1840 3340 4140 | 227:Fren Diski Mercedes Actros Axor 1840 3340 4140 | 233:Fren Diski Mercedes Actros Axor 1840 3340 4140 | 235:Fren Diski Mercedes Actros Axor 1840 3340 4140"
"mercedes-actros-3340-fren-kampanasi","Mercedes Actros 3340 Fren Kampanası","Mercedes Actros 3340 Fren Kampanası | Fiyat ve Stok | Frenciniz","Mercedes Actros 3340 Fren Kampanası icin fren kampanası urunlerinde stok ve fiyat secenekleri. OEM/parca kodu, eski parca fotografi veya sase ile uyumluluk teyidi, ayni gun kargo ve WhatsApp teklif.","0.90","24","fren-kampanasi","153:Fren Kampanası Mercedes Actros Axor 1840 3340 4140 | 18:Fren Kampanası Mercedes Actros Axor 1840 3340 4140 | 156:Fren Kampanası Mercedes Actros Axor 1840 3340 4140 18 cm Ön 2521-2524-3031 | 157:Fren Kampanası Mercedes Actros Axor 1840 3340 4140 22 cm Arka 2517-2521 | 82:Fren Kampanası Mercedes Actros Axor 1840 3340 4140"
"mercedes-actros-3340-fren-balatasi","Mercedes Actros 3340 Fren Balatası","Mercedes Actros 3340 Fren Balatası | Fiyat ve Stok | Frenciniz","Mercedes Actros 3340 Fren Balatası icin fren balatası urunlerinde stok ve fiyat secenekleri. OEM/parca kodu, eski parca fotografi veya sase ile uyumluluk teyidi, ayni gun kargo ve WhatsApp teklif.","0.90","24","fren-balatasi|fren-pabucu|percin","481:Fren Balatası Mercedes Actros Axor 1840 3340 4140 | 479:Fren Balatası Mercedes Actros Axor 1840 3340 4140 | 644:Fren Pabucu Mercedes Actros Axor 1840 3340 4140 22 cm | 733:Fren Balatası Mercedes Actros Axor 1840 3340 4140 430 440 450 460 | 724:Fren Balatası Mercedes Actros Axor 1840 3340 4140"
"mercedes-actros-3340-bijon-somun","Mercedes Actros 3340 Bijon Somun","Mercedes Actros 3340 Bijon Somun | Fiyat ve Stok | Frenciniz","Mercedes Actros 3340 Bijon Somun icin bijon ve somun urunlerinde stok ve fiyat secenekleri. OEM/parca kodu, eski parca fotografi veya sase ile uyumluluk teyidi, ayni gun kargo ve WhatsApp teklif.","0.89","24","bijon|disk-bijonu-civatasi|somun-civata","936:Bijon Somunu Mercedes Actros Axor 1840 3340 4140 | 327:Disk Bijonu Mercedes Actros Axor 1840 3340 4140 | 329:Disk Bijonu Mercedes Actros Axor 1840 3340 4140 | 326:Disk Bijonu Mercedes Actros Axor 1840 3340 4140 YM | 24:Disk Bijonu Mercedes Actros Axor 1840 3340 4140"
"mercedes-actros-3340-kaliper-tamir-takimi","Mercedes Actros 3340 Kaliper Tamir Takımı","Mercedes Actros 3340 Kaliper Tamir Takımı | Fiyat ve Stok | Frenciniz","Mercedes Actros 3340 Kaliper Tamir Takımı icin kaliper tamir takımı urunlerinde stok ve fiyat secenekleri. OEM/parca kodu, eski parca fotografi veya sase ile uyumluluk teyidi, ayni gun kargo ve WhatsApp teklif.","0.89","24","kaliper-tamir-takimi|kaliper-perno-tamir-takimi|kaliper-toz-lastigi|kaliper-kapak-conta|kaliper-ayar-mekanizmasi|kaliper-kilavuz-pim-takimi","1016:Kaliper Toz Lastiği Tamir Takımı (Ø 69 mm) | 1002:Kaliper Perno Tamir Takımı Mercedes Actros Axor 1840 3340 4140 | 1014:Kaliper Toz Lastiği Tamir Takımı (Ø 74 mm) | 530:SB6/SB7 PERNO TAMİR TAKIMI | 1043:KALİPER PİSTON TM.TK."
"mercedes-axor-1840-fren-diski","Mercedes Axor 1840 Fren Diski","Mercedes Axor 1840 Fren Diski | Fiyat ve Stok | Frenciniz","Mercedes Axor 1840 Fren Diski icin fren diski urunlerinde stok ve fiyat secenekleri. OEM/parca kodu, eski parca fotografi veya sase ile uyumluluk teyidi, ayni gun kargo ve WhatsApp teklif.","0.89","24","fren-diski|fren-diski-abs-li","231:Fren Diski Mercedes Actros Axor 1840 3340 4140 | 234:Fren Diski Mercedes Actros Axor 1840 3340 4140 | 227:Fren Diski Mercedes Actros Axor 1840 3340 4140 | 233:Fren Diski Mercedes Actros Axor 1840 3340 4140 | 235:Fren Diski Mercedes Actros Axor 1840 3340 4140"
"mercedes-axor-1840-fren-kampanasi","Mercedes Axor 1840 Fren Kampanası","Mercedes Axor 1840 Fren Kampanası | Fiyat ve Stok | Frenciniz","Mercedes Axor 1840 Fren Kampanası icin fren kampanası urunlerinde stok ve fiyat secenekleri. OEM/parca kodu, eski parca fotografi veya sase ile uyumluluk teyidi, ayni gun kargo ve WhatsApp teklif.","0.89","24","fren-kampanasi","153:Fren Kampanası Mercedes Actros Axor 1840 3340 4140 | 18:Fren Kampanası Mercedes Actros Axor 1840 3340 4140 | 156:Fren Kampanası Mercedes Actros Axor 1840 3340 4140 18 cm Ön 2521-2524-3031 | 157:Fren Kampanası Mercedes Actros Axor 1840 3340 4140 22 cm Arka 2517-2521 | 82:Fren Kampanası Mercedes Actros Axor 1840 3340 4140"
"mercedes-axor-1840-fren-balatasi","Mercedes Axor 1840 Fren Balatası","Mercedes Axor 1840 Fren Balatası | Fiyat ve Stok | Frenciniz","Mercedes Axor 1840 Fren Balatası icin fren balatası urunlerinde stok ve fiyat secenekleri. OEM/parca kodu, eski parca fotografi veya sase ile uyumluluk teyidi, ayni gun kargo ve WhatsApp teklif.","0.89","24","fren-balatasi|fren-pabucu|percin","481:Fren Balatası Mercedes Actros Axor 1840 3340 4140 | 479:Fren Balatası Mercedes Actros Axor 1840 3340 4140 | 644:Fren Pabucu Mercedes Actros Axor 1840 3340 4140 22 cm | 733:Fren Balatası Mercedes Actros Axor 1840 3340 4140 430 440 450 460 | 724:Fren Balatası Mercedes Actros Axor 1840 3340 4140"
"mercedes-axor-1840-bijon-somun","Mercedes Axor 1840 Bijon Somun","Mercedes Axor 1840 Bijon Somun | Fiyat ve Stok | Frenciniz","Mercedes Axor 1840 Bijon Somun icin bijon ve somun urunlerinde stok ve fiyat secenekleri. OEM/parca kodu, eski parca fotografi veya sase ile uyumluluk teyidi, ayni gun kargo ve WhatsApp teklif.","0.88","24","bijon|disk-bijonu-civatasi|somun-civata","936:Bijon Somunu Mercedes Actros Axor 1840 3340 4140 | 327:Disk Bijonu Mercedes Actros Axor 1840 3340 4140 | 329:Disk Bijonu Mercedes Actros Axor 1840 3340 4140 | 326:Disk Bijonu Mercedes Actros Axor 1840 3340 4140 YM | 24:Disk Bijonu Mercedes Actros Axor 1840 3340 4140"
"mercedes-axor-1840-otomatik-fren-circiri","Mercedes Axor 1840 Otomatik Fren Cırcırı","Mercedes Axor 1840 Otomatik Fren Cırcırı | Fiyat ve Stok | Frenciniz","Mercedes Axor 1840 Otomatik Fren Cırcırı icin otomatik fren cırcırı urunlerinde stok ve fiyat secenekleri. OEM/parca kodu, eski parca fotografi veya sase ile uyumluluk teyidi, ayni gun kargo ve WhatsApp teklif.","0.88","24","otomatik-fren-circiri|fren-circiri","51:Otomatik Fren Cırcırı Mercedes Actros Axor 1840 3340 4140 | 52:Otomatik Fren Cırcırı Mercedes Actros Axor 1840 3340 4140 | 28:Fren Cırcırı Mercedes Travego Tourismo Ön R-L | 416:Fren Cırcırı Mercedes Travego Tourismo Arka R-L | 15:Fren Cırcırı Mercedes Actros Axor 1840 3340 4140 Ön SAĞ"
"mercedes-axor-3340-fren-diski","Mercedes Axor 3340 Fren Diski","Mercedes Axor 3340 Fren Diski | Fiyat ve Stok | Frenciniz","Mercedes Axor 3340 Fren Diski icin fren diski urunlerinde stok ve fiyat secenekleri. OEM/parca kodu, eski parca fotografi veya sase ile uyumluluk teyidi, ayni gun kargo ve WhatsApp teklif.","0.89","24","fren-diski|fren-diski-abs-li","231:Fren Diski Mercedes Actros Axor 1840 3340 4140 | 234:Fren Diski Mercedes Actros Axor 1840 3340 4140 | 227:Fren Diski Mercedes Actros Axor 1840 3340 4140 | 233:Fren Diski Mercedes Actros Axor 1840 3340 4140 | 235:Fren Diski Mercedes Actros Axor 1840 3340 4140"
"mercedes-axor-3340-fren-kampanasi","Mercedes Axor 3340 Fren Kampanası","Mercedes Axor 3340 Fren Kampanası | Fiyat ve Stok | Frenciniz","Mercedes Axor 3340 Fren Kampanası icin fren kampanası urunlerinde stok ve fiyat secenekleri. OEM/parca kodu, eski parca fotografi veya sase ile uyumluluk teyidi, ayni gun kargo ve WhatsApp teklif.","0.89","24","fren-kampanasi","153:Fren Kampanası Mercedes Actros Axor 1840 3340 4140 | 18:Fren Kampanası Mercedes Actros Axor 1840 3340 4140 | 156:Fren Kampanası Mercedes Actros Axor 1840 3340 4140 18 cm Ön 2521-2524-3031 | 157:Fren Kampanası Mercedes Actros Axor 1840 3340 4140 22 cm Arka 2517-2521 | 82:Fren Kampanası Mercedes Actros Axor 1840 3340 4140"
"mercedes-axor-3340-fren-balatasi","Mercedes Axor 3340 Fren Balatası","Mercedes Axor 3340 Fren Balatası | Fiyat ve Stok | Frenciniz","Mercedes Axor 3340 Fren Balatası icin fren balatası urunlerinde stok ve fiyat secenekleri. OEM/parca kodu, eski parca fotografi veya sase ile uyumluluk teyidi, ayni gun kargo ve WhatsApp teklif.","0.89","24","fren-balatasi|fren-pabucu|percin","481:Fren Balatası Mercedes Actros Axor 1840 3340 4140 | 479:Fren Balatası Mercedes Actros Axor 1840 3340 4140 | 644:Fren Pabucu Mercedes Actros Axor 1840 3340 4140 22 cm | 733:Fren Balatası Mercedes Actros Axor 1840 3340 4140 430 440 450 460 | 724:Fren Balatası Mercedes Actros Axor 1840 3340 4140"
"mercedes-axor-3340-bijon-somun","Mercedes Axor 3340 Bijon Somun","Mercedes Axor 3340 Bijon Somun | Fiyat ve Stok | Frenciniz","Mercedes Axor 3340 Bijon Somun icin bijon ve somun urunlerinde stok ve fiyat secenekleri. OEM/parca kodu, eski parca fotografi veya sase ile uyumluluk teyidi, ayni gun kargo ve WhatsApp teklif.","0.88","24","bijon|disk-bijonu-civatasi|somun-civata","936:Bijon Somunu Mercedes Actros Axor 1840 3340 4140 | 327:Disk Bijonu Mercedes Actros Axor 1840 3340 4140 | 329:Disk Bijonu Mercedes Actros Axor 1840 3340 4140 | 326:Disk Bijonu Mercedes Actros Axor 1840 3340 4140 YM | 24:Disk Bijonu Mercedes Actros Axor 1840 3340 4140"
"mercedes-axor-3340-otomatik-fren-circiri","Mercedes Axor 3340 Otomatik Fren Cırcırı","Mercedes Axor 3340 Otomatik Fren Cırcırı | Fiyat ve Stok | Frenciniz","Mercedes Axor 3340 Otomatik Fren Cırcırı icin otomatik fren cırcırı urunlerinde stok ve fiyat secenekleri. OEM/parca kodu, eski parca fotografi veya sase ile uyumluluk teyidi, ayni gun kargo ve WhatsApp teklif.","0.88","24","otomatik-fren-circiri|fren-circiri","51:Otomatik Fren Cırcırı Mercedes Actros Axor 1840 3340 4140 | 52:Otomatik Fren Cırcırı Mercedes Actros Axor 1840 3340 4140 | 28:Fren Cırcırı Mercedes Travego Tourismo Ön R-L | 416:Fren Cırcırı Mercedes Travego Tourismo Arka R-L | 15:Fren Cırcırı Mercedes Actros Axor 1840 3340 4140 Ön SAĞ"
"mercedes-atego-fren-kampanasi","Mercedes Atego Fren Kampanası","Mercedes Atego Fren Kampanası | Fiyat ve Stok | Frenciniz","Mercedes Atego Fren Kampanası icin fren kampanası urunlerinde stok ve fiyat secenekleri. OEM/parca kodu, eski parca fotografi veya sase ile uyumluluk teyidi, ayni gun kargo ve WhatsApp teklif.","0.84","24","fren-kampanasi","156:Fren Kampanası Mercedes Actros Axor 1840 3340 4140 18 cm Ön 2521-2524-3031 | 153:Fren Kampanası Mercedes Actros Axor 1840 3340 4140 | 18:Fren Kampanası Mercedes Actros Axor 1840 3340 4140 | 157:Fren Kampanası Mercedes Actros Axor 1840 3340 4140 22 cm Arka 2517-2521 | 82:Fren Kampanası Mercedes Actros Axor 1840 3340 4140"
"mercedes-atego-fren-balatasi","Mercedes Atego Fren Balatası","Mercedes Atego Fren Balatası | Fiyat ve Stok | Frenciniz","Mercedes Atego Fren Balatası icin fren balatası urunlerinde stok ve fiyat secenekleri. OEM/parca kodu, eski parca fotografi veya sase ile uyumluluk teyidi, ayni gun kargo ve WhatsApp teklif.","0.84","24","fren-balatasi|fren-pabucu|percin","481:Fren Balatası Mercedes Actros Axor 1840 3340 4140 | 479:Fren Balatası Mercedes Actros Axor 1840 3340 4140 | 644:Fren Pabucu Mercedes Actros Axor 1840 3340 4140 22 cm | 733:Fren Balatası Mercedes Actros Axor 1840 3340 4140 430 440 450 460 | 724:Fren Balatası Mercedes Actros Axor 1840 3340 4140"
"mercedes-atego-fren-korugu","Mercedes Atego Fren Körüğü","Mercedes Atego Fren Körüğü | Fiyat ve Stok | Frenciniz","Mercedes Atego Fren Körüğü icin fren körüğü urunlerinde stok ve fiyat secenekleri. OEM/parca kodu, eski parca fotografi veya sase ile uyumluluk teyidi, ayni gun kargo ve WhatsApp teklif.","0.83","24","fren-korugu","957:Fren Körüğü Mercedes Travego Tourismo | 972:Fren Körüğü Disk imdatlı körüğü Kampana imdatlı körüğü körüğü 64 mm | 962:Fren Körüğü Disk imdatlı körüğü Kampana imdatlı körüğü körüğü | 557:Fren Körüğü Disk imdatlı körüğü Kampana imdatlı körüğü körüğü | 953:Fren Körüğü Disk imdatlı körüğü Kampana imdatlı körüğü körüğü 64 mm"
"mercedes-atego-bijon-somun","Mercedes Atego Bijon Somun","Mercedes Atego Bijon Somun | Fiyat ve Stok | Frenciniz","Mercedes Atego Bijon Somun icin bijon ve somun urunlerinde stok ve fiyat secenekleri. OEM/parca kodu, eski parca fotografi veya sase ile uyumluluk teyidi, ayni gun kargo ve WhatsApp teklif.","0.83","24","bijon|disk-bijonu-civatasi|somun-civata","936:Bijon Somunu Mercedes Actros Axor 1840 3340 4140 | 327:Disk Bijonu Mercedes Actros Axor 1840 3340 4140 | 329:Disk Bijonu Mercedes Actros Axor 1840 3340 4140 | 326:Disk Bijonu Mercedes Actros Axor 1840 3340 4140 YM | 24:Disk Bijonu Mercedes Actros Axor 1840 3340 4140"
"mercedes-atego-kaliper-tamir-takimi","Mercedes Atego Kaliper Tamir Takımı","Mercedes Atego Kaliper Tamir Takımı | Fiyat ve Stok | Frenciniz","Mercedes Atego Kaliper Tamir Takımı icin kaliper tamir takımı urunlerinde stok ve fiyat secenekleri. OEM/parca kodu, eski parca fotografi veya sase ile uyumluluk teyidi, ayni gun kargo ve WhatsApp teklif.","0.83","24","kaliper-tamir-takimi|kaliper-perno-tamir-takimi|kaliper-toz-lastigi|kaliper-kapak-conta|kaliper-ayar-mekanizmasi|kaliper-kilavuz-pim-takimi","1016:Kaliper Toz Lastiği Tamir Takımı (Ø 69 mm) | 1002:Kaliper Perno Tamir Takımı Mercedes Actros Axor 1840 3340 4140 | 1014:Kaliper Toz Lastiği Tamir Takımı (Ø 74 mm) | 527:Perno Tamir Takımı | 530:SB6/SB7 PERNO TAMİR TAKIMI"
"man-tga-fren-kampanasi","MAN TGA Fren Kampanası","MAN TGA Fren Kampanası | Fiyat ve Stok | Frenciniz","MAN TGA Fren Kampanası icin fren kampanası urunlerinde stok ve fiyat secenekleri. OEM/parca kodu, eski parca fotografi veya sase ile uyumluluk teyidi, ayni gun kargo ve WhatsApp teklif.","0.88","24","fren-kampanasi","151:Fren Kampanası MAN TGA TGS TGX 40.360 40.460 | 152:Fren Kampanası MAN TGA TGS TGX 40.360 40.460 | 150:Fren Kampanası MAN TGA TGS TGX 40.360 40.460 | 149:Fren Kampanası MAN TGA TGS TGX 40.360 40.460 153 | 97:Fren Kampanası ESK 160 29 S"
"man-tga-fren-balatasi","MAN TGA Fren Balatası","MAN TGA Fren Balatası | Fiyat ve Stok | Frenciniz","MAN TGA Fren Balatası icin fren balatası urunlerinde stok ve fiyat secenekleri. OEM/parca kodu, eski parca fotografi veya sase ile uyumluluk teyidi, ayni gun kargo ve WhatsApp teklif.","0.88","24","fren-balatasi|fren-pabucu|percin","723:Fren Balatası MAN TGA TGS TGX 40.360 40.460 | 720:Fren Balatası MAN TGA TGS TGX 40.360 40.460 | 849:Fren Pabucu MAN TGA TGS TGX 40.360 40.460 22 cm Sol | 719:Fren Balatası MAN TGA TGS TGX 40.360 40.460 | 690:Fren Balatası Mercedes Actros Axor 1840 3340 4140"
"man-tga-bijon-somun","MAN TGA Bijon Somun","MAN TGA Bijon Somun | Fiyat ve Stok | Frenciniz","MAN TGA Bijon Somun icin bijon ve somun urunlerinde stok ve fiyat secenekleri. OEM/parca kodu, eski parca fotografi veya sase ile uyumluluk teyidi, ayni gun kargo ve WhatsApp teklif.","0.87","24","bijon|disk-bijonu-civatasi|somun-civata","11:Disk Bijonu MAN TGA TGS TGX 40.360 40.460 | 941:Döner Pullu Somun MAN TGA TGS TGX 40.360 40.460 | 236:Bijon MAN TGA TGS TGX 40.360 40.460 73 mm Arka | 344:Bijon MAN TGA TGS TGX 40.360 40.460 | 50:Bijon MAN TGA TGS TGX 40.360 40.460 58 mm"
"man-tga-kaliper-tamir-takimi","MAN TGA Kaliper Tamir Takımı","MAN TGA Kaliper Tamir Takımı | Fiyat ve Stok | Frenciniz","MAN TGA Kaliper Tamir Takımı icin kaliper tamir takımı urunlerinde stok ve fiyat secenekleri. OEM/parca kodu, eski parca fotografi veya sase ile uyumluluk teyidi, ayni gun kargo ve WhatsApp teklif.","0.87","24","kaliper-tamir-takimi|kaliper-perno-tamir-takimi|kaliper-toz-lastigi|kaliper-kapak-conta|kaliper-ayar-mekanizmasi|kaliper-kilavuz-pim-takimi","1016:Kaliper Toz Lastiği Tamir Takımı (Ø 69 mm) | 1014:Kaliper Toz Lastiği Tamir Takımı (Ø 74 mm) | 527:Perno Tamir Takımı | 530:SB6/SB7 PERNO TAMİR TAKIMI | 555:FRENCO SB6/SB7 PERNO TAMİR TAKIMI"
"man-tga-otomatik-fren-circiri","MAN TGA Otomatik Fren Cırcırı","MAN TGA Otomatik Fren Cırcırı | Fiyat ve Stok | Frenciniz","MAN TGA Otomatik Fren Cırcırı icin otomatik fren cırcırı urunlerinde stok ve fiyat secenekleri. OEM/parca kodu, eski parca fotografi veya sase ile uyumluluk teyidi, ayni gun kargo ve WhatsApp teklif.","0.87","24","otomatik-fren-circiri|fren-circiri","62:Otomatik Fren Cırcırı MAN TGA TGS TGX 40.360 40.460 | 55:Otomatik Fren Cırcırı MAN TGA TGS TGX 40.360 40.460 | 66:Otomatik Fren Cırcırı MAN TGA TGS TGX 40.360 40.460 | 65:Otomatik Fren Cırcırı MAN TGA TGS TGX 40.360 40.460 | 403:Otomatik Fren Cırcırı MAN TGA TGS TGX 40.360 40.460"
"man-tga-mekanik-fren-circiri","MAN TGA Mekanik Fren Cırcırı","MAN TGA Mekanik Fren Cırcırı | Fiyat ve Stok | Frenciniz","MAN TGA Mekanik Fren Cırcırı icin mekanik fren cırcırı urunlerinde stok ve fiyat secenekleri. OEM/parca kodu, eski parca fotografi veya sase ile uyumluluk teyidi, ayni gun kargo ve WhatsApp teklif.","0.86","24","mekanik-fren-circiri|fren-circiri","402:Fren Cırcırı MAN TGA TGS TGX 40.360 40.460 SAĞ | 401:Fren Cırcırı MAN TGA TGS TGX 40.360 40.460 Sol | 1:Mekanik Fren Cırcırı 7 Delik 10 Kanal EUR | 420:Mekanik Fren Cırcırı 7 Delik 10 Kanal | 283:Mekanik Fren Cırcırı 3 Delik 10 Kanal"
"man-40-360-fren-diski","MAN 40.360 Fren Diski","MAN 40.360 Fren Diski | Fiyat ve Stok | Frenciniz","MAN 40.360 Fren Diski icin fren diski urunlerinde stok ve fiyat secenekleri. OEM/parca kodu, eski parca fotografi veya sase ile uyumluluk teyidi, ayni gun kargo ve WhatsApp teklif.","0.89","24","fren-diski|fren-diski-abs-li","224:Fren Diski MAN TGA TGS TGX 40.360 40.460 | 223:Fren Diski MAN TGA TGS TGX 40.360 40.460 | 226:Fren Diski MAN TGA TGS TGX 40.360 40.460 | 225:Fren Diski MAN TGA TGS TGX 40.360 40.460 | 72:Fren Diski MAN TGA TGS TGX 40.360 40.460"
"man-40-360-fren-kampanasi","MAN 40.360 Fren Kampanası","MAN 40.360 Fren Kampanası | Fiyat ve Stok | Frenciniz","MAN 40.360 Fren Kampanası icin fren kampanası urunlerinde stok ve fiyat secenekleri. OEM/parca kodu, eski parca fotografi veya sase ile uyumluluk teyidi, ayni gun kargo ve WhatsApp teklif.","0.89","24","fren-kampanasi","151:Fren Kampanası MAN TGA TGS TGX 40.360 40.460 | 152:Fren Kampanası MAN TGA TGS TGX 40.360 40.460 | 150:Fren Kampanası MAN TGA TGS TGX 40.360 40.460 | 149:Fren Kampanası MAN TGA TGS TGX 40.360 40.460 153 | 97:Fren Kampanası ESK 160 29 S"
"man-40-360-fren-balatasi","MAN 40.360 Fren Balatası","MAN 40.360 Fren Balatası | Fiyat ve Stok | Frenciniz","MAN 40.360 Fren Balatası icin fren balatası urunlerinde stok ve fiyat secenekleri. OEM/parca kodu, eski parca fotografi veya sase ile uyumluluk teyidi, ayni gun kargo ve WhatsApp teklif.","0.89","24","fren-balatasi|fren-pabucu|percin","723:Fren Balatası MAN TGA TGS TGX 40.360 40.460 | 720:Fren Balatası MAN TGA TGS TGX 40.360 40.460 | 849:Fren Pabucu MAN TGA TGS TGX 40.360 40.460 22 cm Sol | 719:Fren Balatası MAN TGA TGS TGX 40.360 40.460 | 850:Fren Pabucu MAN TGA TGS TGX 40.360 40.460 22 cm SAĞ"
"man-40-360-bijon-somun","MAN 40.360 Bijon Somun","MAN 40.360 Bijon Somun | Fiyat ve Stok | Frenciniz","MAN 40.360 Bijon Somun icin bijon ve somun urunlerinde stok ve fiyat secenekleri. OEM/parca kodu, eski parca fotografi veya sase ile uyumluluk teyidi, ayni gun kargo ve WhatsApp teklif.","0.88","24","bijon|disk-bijonu-civatasi|somun-civata","11:Disk Bijonu MAN TGA TGS TGX 40.360 40.460 | 941:Döner Pullu Somun MAN TGA TGS TGX 40.360 40.460 | 236:Bijon MAN TGA TGS TGX 40.360 40.460 73 mm Arka | 344:Bijon MAN TGA TGS TGX 40.360 40.460 | 50:Bijon MAN TGA TGS TGX 40.360 40.460 58 mm"
"man-40-360-kaliper-tamir-takimi","MAN 40.360 Kaliper Tamir Takımı","MAN 40.360 Kaliper Tamir Takımı | Fiyat ve Stok | Frenciniz","MAN 40.360 Kaliper Tamir Takımı icin kaliper tamir takımı urunlerinde stok ve fiyat secenekleri. OEM/parca kodu, eski parca fotografi veya sase ile uyumluluk teyidi, ayni gun kargo ve WhatsApp teklif.","0.88","24","kaliper-tamir-takimi|kaliper-perno-tamir-takimi|kaliper-toz-lastigi|kaliper-kapak-conta|kaliper-ayar-mekanizmasi|kaliper-kilavuz-pim-takimi","527:Perno Tamir Takımı | 530:SB6/SB7 PERNO TAMİR TAKIMI | 555:FRENCO SB6/SB7 PERNO TAMİR TAKIMI | 1016:Kaliper Toz Lastiği Tamir Takımı (Ø 69 mm) | 1014:Kaliper Toz Lastiği Tamir Takımı (Ø 74 mm)"
"man-40-460-fren-diski","MAN 40.460 Fren Diski","MAN 40.460 Fren Diski | Fiyat ve Stok | Frenciniz","MAN 40.460 Fren Diski icin fren diski urunlerinde stok ve fiyat secenekleri. OEM/parca kodu, eski parca fotografi veya sase ile uyumluluk teyidi, ayni gun kargo ve WhatsApp teklif.","0.89","24","fren-diski|fren-diski-abs-li","224:Fren Diski MAN TGA TGS TGX 40.360 40.460 | 223:Fren Diski MAN TGA TGS TGX 40.360 40.460 | 226:Fren Diski MAN TGA TGS TGX 40.360 40.460 | 225:Fren Diski MAN TGA TGS TGX 40.360 40.460 | 72:Fren Diski MAN TGA TGS TGX 40.360 40.460"
"man-40-460-fren-kampanasi","MAN 40.460 Fren Kampanası","MAN 40.460 Fren Kampanası | Fiyat ve Stok | Frenciniz","MAN 40.460 Fren Kampanası icin fren kampanası urunlerinde stok ve fiyat secenekleri. OEM/parca kodu, eski parca fotografi veya sase ile uyumluluk teyidi, ayni gun kargo ve WhatsApp teklif.","0.89","24","fren-kampanasi","151:Fren Kampanası MAN TGA TGS TGX 40.360 40.460 | 152:Fren Kampanası MAN TGA TGS TGX 40.360 40.460 | 150:Fren Kampanası MAN TGA TGS TGX 40.360 40.460 | 149:Fren Kampanası MAN TGA TGS TGX 40.360 40.460 153 | 97:Fren Kampanası ESK 160 29 S"
"man-40-460-fren-balatasi","MAN 40.460 Fren Balatası","MAN 40.460 Fren Balatası | Fiyat ve Stok | Frenciniz","MAN 40.460 Fren Balatası icin fren balatası urunlerinde stok ve fiyat secenekleri. OEM/parca kodu, eski parca fotografi veya sase ile uyumluluk teyidi, ayni gun kargo ve WhatsApp teklif.","0.89","24","fren-balatasi|fren-pabucu|percin","723:Fren Balatası MAN TGA TGS TGX 40.360 40.460 | 720:Fren Balatası MAN TGA TGS TGX 40.360 40.460 | 849:Fren Pabucu MAN TGA TGS TGX 40.360 40.460 22 cm Sol | 719:Fren Balatası MAN TGA TGS TGX 40.360 40.460 | 850:Fren Pabucu MAN TGA TGS TGX 40.360 40.460 22 cm SAĞ"
"man-40-460-bijon-somun","MAN 40.460 Bijon Somun","MAN 40.460 Bijon Somun | Fiyat ve Stok | Frenciniz","MAN 40.460 Bijon Somun icin bijon ve somun urunlerinde stok ve fiyat secenekleri. OEM/parca kodu, eski parca fotografi veya sase ile uyumluluk teyidi, ayni gun kargo ve WhatsApp teklif.","0.88","24","bijon|disk-bijonu-civatasi|somun-civata","11:Disk Bijonu MAN TGA TGS TGX 40.360 40.460 | 941:Döner Pullu Somun MAN TGA TGS TGX 40.360 40.460 | 236:Bijon MAN TGA TGS TGX 40.360 40.460 73 mm Arka | 344:Bijon MAN TGA TGS TGX 40.360 40.460 | 50:Bijon MAN TGA TGS TGX 40.360 40.460 58 mm"
"man-40-460-kaliper-tamir-takimi","MAN 40.460 Kaliper Tamir Takımı","MAN 40.460 Kaliper Tamir Takımı | Fiyat ve Stok | Frenciniz","MAN 40.460 Kaliper Tamir Takımı icin kaliper tamir takımı urunlerinde stok ve fiyat secenekleri. OEM/parca kodu, eski parca fotografi veya sase ile uyumluluk teyidi, ayni gun kargo ve WhatsApp teklif.","0.88","24","kaliper-tamir-takimi|kaliper-perno-tamir-takimi|kaliper-toz-lastigi|kaliper-kapak-conta|kaliper-ayar-mekanizmasi|kaliper-kilavuz-pim-takimi","527:Perno Tamir Takımı | 530:SB6/SB7 PERNO TAMİR TAKIMI | 555:FRENCO SB6/SB7 PERNO TAMİR TAKIMI | 1016:Kaliper Toz Lastiği Tamir Takımı (Ø 69 mm) | 1014:Kaliper Toz Lastiği Tamir Takımı (Ø 74 mm)"
"man-tgs-tgx-fren-kampanasi","MAN TGS TGX Fren Kampanası","MAN TGS TGX Fren Kampanası | Fiyat ve Stok | Frenciniz","MAN TGS TGX Fren Kampanası icin fren kampanası urunlerinde stok ve fiyat secenekleri. OEM/parca kodu, eski parca fotografi veya sase ile uyumluluk teyidi, ayni gun kargo ve WhatsApp teklif.","0.86","24","fren-kampanasi","151:Fren Kampanası MAN TGA TGS TGX 40.360 40.460 | 152:Fren Kampanası MAN TGA TGS TGX 40.360 40.460 | 150:Fren Kampanası MAN TGA TGS TGX 40.360 40.460 | 149:Fren Kampanası MAN TGA TGS TGX 40.360 40.460 153 | 97:Fren Kampanası ESK 160 29 S"
"man-tgs-tgx-fren-balatasi","MAN TGS TGX Fren Balatası","MAN TGS TGX Fren Balatası | Fiyat ve Stok | Frenciniz","MAN TGS TGX Fren Balatası icin fren balatası urunlerinde stok ve fiyat secenekleri. OEM/parca kodu, eski parca fotografi veya sase ile uyumluluk teyidi, ayni gun kargo ve WhatsApp teklif.","0.86","24","fren-balatasi|fren-pabucu|percin","723:Fren Balatası MAN TGA TGS TGX 40.360 40.460 | 720:Fren Balatası MAN TGA TGS TGX 40.360 40.460 | 849:Fren Pabucu MAN TGA TGS TGX 40.360 40.460 22 cm Sol | 719:Fren Balatası MAN TGA TGS TGX 40.360 40.460 | 850:Fren Pabucu MAN TGA TGS TGX 40.360 40.460 22 cm SAĞ"
"man-tgs-tgx-suspansiyon-korugu","MAN TGS TGX Süspansiyon Körüğü","MAN TGS TGX Süspansiyon Körüğü | Fiyat ve Stok | Frenciniz","MAN TGS TGX Süspansiyon Körüğü icin süspansiyon körüğü urunlerinde stok ve fiyat secenekleri. OEM/parca kodu, eski parca fotografi veya sase ile uyumluluk teyidi, ayni gun kargo ve WhatsApp teklif.","0.85","24","suspansiyon-korugu","908:Pistonsuz Körük MAN TGA TGS TGX 40.360 40.460 | 896:Roll Körük MAN TGA TGS TGX 40.360 40.460 | 447:Roll Körük MAN TGA TGS TGX 40.360 40.460 | 430:Roll Körük MAN TGA TGS TGX 40.360 40.460 | 448:Pistonsuz Körük MAN TGA TGS TGX 40.360 40.460"
"man-tgs-tgx-bijon-somun","MAN TGS TGX Bijon Somun","MAN TGS TGX Bijon Somun | Fiyat ve Stok | Frenciniz","MAN TGS TGX Bijon Somun icin bijon ve somun urunlerinde stok ve fiyat secenekleri. OEM/parca kodu, eski parca fotografi veya sase ile uyumluluk teyidi, ayni gun kargo ve WhatsApp teklif.","0.85","24","bijon|disk-bijonu-civatasi|somun-civata","11:Disk Bijonu MAN TGA TGS TGX 40.360 40.460 | 941:Döner Pullu Somun MAN TGA TGS TGX 40.360 40.460 | 236:Bijon MAN TGA TGS TGX 40.360 40.460 73 mm Arka | 344:Bijon MAN TGA TGS TGX 40.360 40.460 | 50:Bijon MAN TGA TGS TGX 40.360 40.460 58 mm"
"man-tgs-tgx-kaliper-tamir-takimi","MAN TGS TGX Kaliper Tamir Takımı","MAN TGS TGX Kaliper Tamir Takımı | Fiyat ve Stok | Frenciniz","MAN TGS TGX Kaliper Tamir Takımı icin kaliper tamir takımı urunlerinde stok ve fiyat secenekleri. OEM/parca kodu, eski parca fotografi veya sase ile uyumluluk teyidi, ayni gun kargo ve WhatsApp teklif.","0.85","24","kaliper-tamir-takimi|kaliper-perno-tamir-takimi|kaliper-toz-lastigi|kaliper-kapak-conta|kaliper-ayar-mekanizmasi|kaliper-kilavuz-pim-takimi","527:Perno Tamir Takımı | 530:SB6/SB7 PERNO TAMİR TAKIMI | 555:FRENCO SB6/SB7 PERNO TAMİR TAKIMI | 1019:MAXX 22 SENSÖRLÜ KAPAK | 1016:Kaliper Toz Lastiği Tamir Takımı (Ø 69 mm)"
"man-tgs-tgx-abs-sensoru-ebs-modulator","MAN TGS TGX ABS Sensörü EBS Modülatör","MAN TGS TGX ABS Sensörü EBS Modülatör | Fiyat ve Stok | Frenciniz","MAN TGS TGX ABS Sensörü EBS Modülatör icin ABS sensörü ve EBS modülatör urunlerinde stok ve fiyat secenekleri. OEM/parca kodu, eski parca fotografi veya sase ile uyumluluk teyidi, ayni gun kargo ve WhatsApp teklif.","0.85","24","abs-sensoru-modulu-kablo|ebs-modulator|sensor|elektrik-kablosu","457:MAN ABS SENSÖRÜ ÖN SAĞ 150CM | 458:MAN ABS SENSÖRÜ ÖN SOL 150 CM | 433:MAN ABS SENSÖRÜ SAĞ 300CM | 434:MAN ABS SENSÖRÜ SOL 300CM | 600:EBS UZATMA SENSÖRÜ KNORR  4 MT"
"man-fortuna-otobus-fren-diski","MAN Fortuna Otobüs Fren Diski","MAN Fortuna Otobüs Fren Diski | Fiyat ve Stok | Frenciniz","MAN Fortuna Otobüs Fren Diski icin fren diski urunlerinde stok ve fiyat secenekleri. OEM/parca kodu, eski parca fotografi veya sase ile uyumluluk teyidi, ayni gun kargo ve WhatsApp teklif.","0.86","24","fren-diski|fren-diski-abs-li","169:Fren Diski Mercedes Travego Tourismo | 843:Fren Diski EYD 209 01 | 216:Fren Diski Iveco Eurocargo Stralis | 679:Fren Diski EYD 91 21 | 175:Fren Diski Volvo FH FM FL"
"man-fortuna-otobus-fren-kampanasi","MAN Fortuna Otobüs Fren Kampanası","MAN Fortuna Otobüs Fren Kampanası | Fiyat ve Stok | Frenciniz","MAN Fortuna Otobüs Fren Kampanası icin fren kampanası urunlerinde stok ve fiyat secenekleri. OEM/parca kodu, eski parca fotografi veya sase ile uyumluluk teyidi, ayni gun kargo ve WhatsApp teklif.","0.86","24","fren-kampanasi","97:Fren Kampanası ESK 160 29 S | 91:Fren Kampanası 420 200 246 687 | 271:Fren Kampanası ESK 070 12 | 95:Fren Kampanası EM | 73:Fren Kampanası ESK 090 15"
"man-fortuna-otobus-fren-balatasi","MAN Fortuna Otobüs Fren Balatası","MAN Fortuna Otobüs Fren Balatası | Fiyat ve Stok | Frenciniz","MAN Fortuna Otobüs Fren Balatası icin fren balatası urunlerinde stok ve fiyat secenekleri. OEM/parca kodu, eski parca fotografi veya sase ile uyumluluk teyidi, ayni gun kargo ve WhatsApp teklif.","0.86","24","fren-balatasi|fren-pabucu|percin","834:Fren Pabucu 5 cm | 841:Fren Pabucu EYD 209 03 | 483:Fren Balatası PWR K002 | 727:Fren Balatası Knorr WABCO Meritor | 482:Fren Balatası PWR K003"
"man-fortuna-otobus-fren-korugu","MAN Fortuna Otobüs Fren Körüğü","MAN Fortuna Otobüs Fren Körüğü | Fiyat ve Stok | Frenciniz","MAN Fortuna Otobüs Fren Körüğü icin fren körüğü urunlerinde stok ve fiyat secenekleri. OEM/parca kodu, eski parca fotografi veya sase ile uyumluluk teyidi, ayni gun kargo ve WhatsApp teklif.","0.85","24","fren-korugu","957:Fren Körüğü Mercedes Travego Tourismo | 896:Roll Körük MAN TGA TGS TGX 40.360 40.460 | 972:Fren Körüğü Disk imdatlı körüğü Kampana imdatlı körüğü körüğü 64 mm | 962:Fren Körüğü Disk imdatlı körüğü Kampana imdatlı körüğü körüğü | 557:Fren Körüğü Disk imdatlı körüğü Kampana imdatlı körüğü körüğü"
"man-fortuna-otobus-suspansiyon-korugu","MAN Fortuna Otobüs Süspansiyon Körüğü","MAN Fortuna Otobüs Süspansiyon Körüğü | Fiyat ve Stok | Frenciniz","MAN Fortuna Otobüs Süspansiyon Körüğü icin süspansiyon körüğü urunlerinde stok ve fiyat secenekleri. OEM/parca kodu, eski parca fotografi veya sase ile uyumluluk teyidi, ayni gun kargo ve WhatsApp teklif.","0.85","24","suspansiyon-korugu","896:Roll Körük MAN TGA TGS TGX 40.360 40.460 | 430:Roll Körük MAN TGA TGS TGX 40.360 40.460 | 888:Komple Körük Metal Piston Volvo FH FM FL | 902:Pistonsuz Körük Volvo FH FM FL | 894:Komple Körük Metal Piston Volvo FH FM FL"
"man-fortuna-otobus-bijon-somun","MAN Fortuna Otobüs Bijon Somun","MAN Fortuna Otobüs Bijon Somun | Fiyat ve Stok | Frenciniz","MAN Fortuna Otobüs Bijon Somun icin bijon ve somun urunlerinde stok ve fiyat secenekleri. OEM/parca kodu, eski parca fotografi veya sase ile uyumluluk teyidi, ayni gun kargo ve WhatsApp teklif.","0.85","24","bijon|disk-bijonu-civatasi|somun-civata","305:Disk Bijonu Iveco Eurocargo Stralis 65 mm | 307:Disk Bijonu Iveco Eurocargo Stralis | 308:Disk Bijonu Iveco Eurocargo Stralis Arka | 11:Disk Bijonu MAN TGA TGS TGX 40.360 40.460 | 945:Bijon Somunu ESS 020 10"
"man-fortuna-otobus-kaliper-tamir-takimi","MAN Fortuna Otobüs Kaliper Tamir Takımı","MAN Fortuna Otobüs Kaliper Tamir Takımı | Fiyat ve Stok | Frenciniz","MAN Fortuna Otobüs Kaliper Tamir Takımı icin kaliper tamir takımı urunlerinde stok ve fiyat secenekleri. OEM/parca kodu, eski parca fotografi veya sase ile uyumluluk teyidi, ayni gun kargo ve WhatsApp teklif.","0.85","24","kaliper-tamir-takimi|kaliper-perno-tamir-takimi|kaliper-toz-lastigi|kaliper-kapak-conta|kaliper-ayar-mekanizmasi|kaliper-kilavuz-pim-takimi","527:Perno Tamir Takımı | 1016:Kaliper Toz Lastiği Tamir Takımı (Ø 69 mm) | 1014:Kaliper Toz Lastiği Tamir Takımı (Ø 74 mm) | 530:SB6/SB7 PERNO TAMİR TAKIMI | 555:FRENCO SB6/SB7 PERNO TAMİR TAKIMI"
"volvo-fh-fren-kampanasi","Volvo FH/FM Fren Kampanası","Volvo FH/FM Fren Kampanası | Fiyat ve Stok | Frenciniz","Volvo FH/FM Fren Kampanası icin fren kampanası urunlerinde stok ve fiyat secenekleri. OEM/parca kodu, eski parca fotografi veya sase ile uyumluluk teyidi, ayni gun kargo ve WhatsApp teklif.","0.86","24","fren-kampanasi","97:Fren Kampanası ESK 160 29 S | 133:Fren Kampanası Ford Cargo 1833 1846 2532 3232 | 151:Fren Kampanası MAN TGA TGS TGX 40.360 40.460 | 152:Fren Kampanası MAN TGA TGS TGX 40.360 40.460 | 145:Fren Kampanası BMC Probus Profesyonel Fatih Pro 20 cm 220 822 827"
"volvo-fh-fren-balatasi","Volvo FH/FM Fren Balatası","Volvo FH/FM Fren Balatası | Fiyat ve Stok | Frenciniz","Volvo FH/FM Fren Balatası icin fren balatası urunlerinde stok ve fiyat secenekleri. OEM/parca kodu, eski parca fotografi veya sase ile uyumluluk teyidi, ayni gun kargo ve WhatsApp teklif.","0.86","24","fren-balatasi|fren-pabucu|percin","846:Fren Pabucu Renault Premium Magnum Kerax Midlum Volvo FH FH12 FM FL BMC Probus Profesyonel | 847:Fren Pabucu Renault Premium Magnum Kerax Midlum Volvo FH FH12 FM FL BMC Probus Profesyonel | 859:Fren Pabucu Volvo FH FH12 FM FL BMC Probus Profesyonel Fatih Pro 5 cm | 860:Fren Pabucu Volvo FH FH12 FM FL BMC Probus Profesyonel Fatih Pro 5 cm | 844:Fren Pabucu Volvo FH FH12 FM FL 5 cm"
"volvo-fh-suspansiyon-korugu","Volvo FH/FM Süspansiyon Körüğü","Volvo FH/FM Süspansiyon Körüğü | Fiyat ve Stok | Frenciniz","Volvo FH/FM Süspansiyon Körüğü icin süspansiyon körüğü urunlerinde stok ve fiyat secenekleri. OEM/parca kodu, eski parca fotografi veya sase ile uyumluluk teyidi, ayni gun kargo ve WhatsApp teklif.","0.85","24","suspansiyon-korugu","888:Komple Körük Metal Piston Volvo FH FM FL | 902:Pistonsuz Körük Volvo FH FM FL | 894:Komple Körük Metal Piston Volvo FH FM FL | 903:Komple Körük Metal Piston Volvo FH FM FL | 899:Komple Körük Metal Piston Volvo FH FM FL"
"volvo-fh-bijon-somun","Volvo FH/FM Bijon Somun","Volvo FH/FM Bijon Somun | Fiyat ve Stok | Frenciniz","Volvo FH/FM Bijon Somun icin bijon ve somun urunlerinde stok ve fiyat secenekleri. OEM/parca kodu, eski parca fotografi veya sase ile uyumluluk teyidi, ayni gun kargo ve WhatsApp teklif.","0.85","24","bijon|disk-bijonu-civatasi|somun-civata","388:Bijon Volvo FH FH12 FM FL 117 mm 27 mm Arka | 386:Bijon Volvo FH FH12 FM FL 110 mm Arka | 382:Bijon Volvo FH FH12 FM FL 100 mm Arka | 384:Bijon Scania G420 R420 | 286:Bijon Scania G420 R420"
"volvo-fh-kaliper-tamir-takimi","Volvo FH/FM Kaliper Tamir Takımı","Volvo FH/FM Kaliper Tamir Takımı | Fiyat ve Stok | Frenciniz","Volvo FH/FM Kaliper Tamir Takımı icin kaliper tamir takımı urunlerinde stok ve fiyat secenekleri. OEM/parca kodu, eski parca fotografi veya sase ile uyumluluk teyidi, ayni gun kargo ve WhatsApp teklif.","0.85","24","kaliper-tamir-takimi|kaliper-perno-tamir-takimi|kaliper-toz-lastigi|kaliper-kapak-conta|kaliper-ayar-mekanizmasi|kaliper-kilavuz-pim-takimi","513:ELSA195-225 PERNO TM TK (TEK ÇİZGİLİ) | 642:FRENCOO DUCO TOZ LASTİĞİ TK | 687:DUCO AYAR MEKANİZMASI TM TK SOL | 688:DUCO AYAR MEKANİZMASI TM TK SAĞ | 1029:DUCO AYAR MEKANİZMASI SOL"
"volvo-fh12-fren-diski","Volvo FH12 Fren Diski","Volvo FH12 Fren Diski | Fiyat ve Stok | Frenciniz","Volvo FH12 Fren Diski icin fren diski urunlerinde stok ve fiyat secenekleri. OEM/parca kodu, eski parca fotografi veya sase ile uyumluluk teyidi, ayni gun kargo ve WhatsApp teklif.","0.88","24","fren-diski|fren-diski-abs-li","41:Fren Diski Volvo FH FM FL 410 | 175:Fren Diski Volvo FH FM FL | 280:Fren Diski Volvo FH FM FL | 279:Fren Diski Volvo FH FM FL | 84:Fren Diski Volvo FH FM FL"
"volvo-fh12-fren-kampanasi","Volvo FH12 Fren Kampanası","Volvo FH12 Fren Kampanası | Fiyat ve Stok | Frenciniz","Volvo FH12 Fren Kampanası icin fren kampanası urunlerinde stok ve fiyat secenekleri. OEM/parca kodu, eski parca fotografi veya sase ile uyumluluk teyidi, ayni gun kargo ve WhatsApp teklif.","0.88","24","fren-kampanasi","97:Fren Kampanası ESK 160 29 S | 133:Fren Kampanası Ford Cargo 1833 1846 2532 3232 | 151:Fren Kampanası MAN TGA TGS TGX 40.360 40.460 | 152:Fren Kampanası MAN TGA TGS TGX 40.360 40.460 | 145:Fren Kampanası BMC Probus Profesyonel Fatih Pro 20 cm 220 822 827"
"volvo-fh12-fren-balatasi","Volvo FH12 Fren Balatası","Volvo FH12 Fren Balatası | Fiyat ve Stok | Frenciniz","Volvo FH12 Fren Balatası icin fren balatası urunlerinde stok ve fiyat secenekleri. OEM/parca kodu, eski parca fotografi veya sase ile uyumluluk teyidi, ayni gun kargo ve WhatsApp teklif.","0.88","24","fren-balatasi|fren-pabucu|percin","846:Fren Pabucu Renault Premium Magnum Kerax Midlum Volvo FH FH12 FM FL BMC Probus Profesyonel | 847:Fren Pabucu Renault Premium Magnum Kerax Midlum Volvo FH FH12 FM FL BMC Probus Profesyonel | 859:Fren Pabucu Volvo FH FH12 FM FL BMC Probus Profesyonel Fatih Pro 5 cm | 860:Fren Pabucu Volvo FH FH12 FM FL BMC Probus Profesyonel Fatih Pro 5 cm | 844:Fren Pabucu Volvo FH FH12 FM FL 5 cm"
"volvo-fh12-suspansiyon-korugu","Volvo FH12 Süspansiyon Körüğü","Volvo FH12 Süspansiyon Körüğü | Fiyat ve Stok | Frenciniz","Volvo FH12 Süspansiyon Körüğü icin süspansiyon körüğü urunlerinde stok ve fiyat secenekleri. OEM/parca kodu, eski parca fotografi veya sase ile uyumluluk teyidi, ayni gun kargo ve WhatsApp teklif.","0.87","24","suspansiyon-korugu","888:Komple Körük Metal Piston Volvo FH FM FL | 902:Pistonsuz Körük Volvo FH FM FL | 894:Komple Körük Metal Piston Volvo FH FM FL | 903:Komple Körük Metal Piston Volvo FH FM FL | 899:Komple Körük Metal Piston Volvo FH FM FL"
"volvo-fh12-bijon-somun","Volvo FH12 Bijon Somun","Volvo FH12 Bijon Somun | Fiyat ve Stok | Frenciniz","Volvo FH12 Bijon Somun icin bijon ve somun urunlerinde stok ve fiyat secenekleri. OEM/parca kodu, eski parca fotografi veya sase ile uyumluluk teyidi, ayni gun kargo ve WhatsApp teklif.","0.87","24","bijon|disk-bijonu-civatasi|somun-civata","388:Bijon Volvo FH FH12 FM FL 117 mm 27 mm Arka | 386:Bijon Volvo FH FH12 FM FL 110 mm Arka | 382:Bijon Volvo FH FH12 FM FL 100 mm Arka | 384:Bijon Scania G420 R420 | 286:Bijon Scania G420 R420"
"scania-r-g-fren-diski","Scania R/G Fren Diski","Scania R/G Fren Diski | Fiyat ve Stok | Frenciniz","Scania R/G Fren Diski icin fren diski urunlerinde stok ve fiyat secenekleri. OEM/parca kodu, eski parca fotografi veya sase ile uyumluluk teyidi, ayni gun kargo ve WhatsApp teklif.","0.86","24","fren-diski|fren-diski-abs-li","203:Fren Diski Scania G420 R420 | 182:Fren Diski Scania G420 R420 | 87:Fren Diski Scania G420 R420 Ön Arka | 169:Fren Diski Mercedes Travego Tourismo | 186:Fren Diski BPW ECOPlus"
"scania-r-g-fren-kampanasi","Scania R/G Fren Kampanası","Scania R/G Fren Kampanası | Fiyat ve Stok | Frenciniz","Scania R/G Fren Kampanası icin fren kampanası urunlerinde stok ve fiyat secenekleri. OEM/parca kodu, eski parca fotografi veya sase ile uyumluluk teyidi, ayni gun kargo ve WhatsApp teklif.","0.86","24","fren-kampanasi","97:Fren Kampanası ESK 160 29 S | 133:Fren Kampanası Ford Cargo 1833 1846 2532 3232 | 151:Fren Kampanası MAN TGA TGS TGX 40.360 40.460 | 152:Fren Kampanası MAN TGA TGS TGX 40.360 40.460 | 145:Fren Kampanası BMC Probus Profesyonel Fatih Pro 20 cm 220 822 827"
"scania-r-g-fren-balatasi","Scania R/G Fren Balatası","Scania R/G Fren Balatası | Fiyat ve Stok | Frenciniz","Scania R/G Fren Balatası icin fren balatası urunlerinde stok ve fiyat secenekleri. OEM/parca kodu, eski parca fotografi veya sase ile uyumluluk teyidi, ayni gun kargo ve WhatsApp teklif.","0.86","24","fren-balatasi|fren-pabucu|percin","801:Fren Pabucu BPW ECOPlus 20 cm | 834:Fren Pabucu 5 cm | 841:Fren Pabucu EYD 209 03 | 772:Fren Pabucu BPW ECOPlus | 771:Fren Pabucu BPW ECOPlus"
"scania-r-g-bijon-somun","Scania R/G Bijon Somun","Scania R/G Bijon Somun | Fiyat ve Stok | Frenciniz","Scania R/G Bijon Somun icin bijon ve somun urunlerinde stok ve fiyat secenekleri. OEM/parca kodu, eski parca fotografi veya sase ile uyumluluk teyidi, ayni gun kargo ve WhatsApp teklif.","0.85","24","bijon|disk-bijonu-civatasi|somun-civata","284:Disk Bijonu Scania G420 R420 96 mm Arka Y.M | 351:Bijon Scania G420 R420 DPS Arka | 288:Bijon Scania G420 R420 | 287:Bijon Scania G420 R420 | 54:Bijon Scania G420 R420"
"scania-r-g-kaliper-tamir-takimi","Scania R/G Kaliper Tamir Takımı","Scania R/G Kaliper Tamir Takımı | Fiyat ve Stok | Frenciniz","Scania R/G Kaliper Tamir Takımı icin kaliper tamir takımı urunlerinde stok ve fiyat secenekleri. OEM/parca kodu, eski parca fotografi veya sase ile uyumluluk teyidi, ayni gun kargo ve WhatsApp teklif.","0.85","24","kaliper-tamir-takimi|kaliper-perno-tamir-takimi|kaliper-toz-lastigi|kaliper-kapak-conta|kaliper-ayar-mekanizmasi|kaliper-kilavuz-pim-takimi","527:Perno Tamir Takımı | 530:SB6/SB7 PERNO TAMİR TAKIMI | 555:FRENCO SB6/SB7 PERNO TAMİR TAKIMI | 1016:Kaliper Toz Lastiği Tamir Takımı (Ø 69 mm) | 975:Kaliper Perno Tamir Takımı Knorr WABCO Meritor"
"scania-r-g-otomatik-fren-circiri","Scania R/G Otomatik Fren Cırcırı","Scania R/G Otomatik Fren Cırcırı | Fiyat ve Stok | Frenciniz","Scania R/G Otomatik Fren Cırcırı icin otomatik fren cırcırı urunlerinde stok ve fiyat secenekleri. OEM/parca kodu, eski parca fotografi veya sase ile uyumluluk teyidi, ayni gun kargo ve WhatsApp teklif.","0.85","24","otomatik-fren-circiri|fren-circiri","405:Fren Cırcırı Scania G420 R420 SAĞ | 406:Fren Cırcırı Scania G420 R420 Sol | 47:Otomatik Fren Cırcırı Renault Midlum Premium Magnum | 48:Otomatik Fren Cırcırı Renault Midlum Premium Magnum | 19:Otomatik Fren Cırcırı Renault Midlum Premium Magnum"
"scania-g420-fren-diski","Scania G420 Fren Diski","Scania G420 Fren Diski | Fiyat ve Stok | Frenciniz","Scania G420 Fren Diski icin fren diski urunlerinde stok ve fiyat secenekleri. OEM/parca kodu, eski parca fotografi veya sase ile uyumluluk teyidi, ayni gun kargo ve WhatsApp teklif.","0.89","24","fren-diski|fren-diski-abs-li","203:Fren Diski Scania G420 R420 | 182:Fren Diski Scania G420 R420 | 87:Fren Diski Scania G420 R420 Ön Arka | 169:Fren Diski Mercedes Travego Tourismo | 231:Fren Diski Mercedes Actros Axor 1840 3340 4140"
"scania-g420-fren-kampanasi","Scania G420 Fren Kampanası","Scania G420 Fren Kampanası | Fiyat ve Stok | Frenciniz","Scania G420 Fren Kampanası icin fren kampanası urunlerinde stok ve fiyat secenekleri. OEM/parca kodu, eski parca fotografi veya sase ile uyumluluk teyidi, ayni gun kargo ve WhatsApp teklif.","0.89","24","fren-kampanasi","97:Fren Kampanası ESK 160 29 S | 133:Fren Kampanası Ford Cargo 1833 1846 2532 3232 | 151:Fren Kampanası MAN TGA TGS TGX 40.360 40.460 | 152:Fren Kampanası MAN TGA TGS TGX 40.360 40.460 | 145:Fren Kampanası BMC Probus Profesyonel Fatih Pro 20 cm 220 822 827"
"scania-g420-fren-balatasi","Scania G420 Fren Balatası","Scania G420 Fren Balatası | Fiyat ve Stok | Frenciniz","Scania G420 Fren Balatası icin fren balatası urunlerinde stok ve fiyat secenekleri. OEM/parca kodu, eski parca fotografi veya sase ile uyumluluk teyidi, ayni gun kargo ve WhatsApp teklif.","0.89","24","fren-balatasi|fren-pabucu|percin","801:Fren Pabucu BPW ECOPlus 20 cm | 834:Fren Pabucu 5 cm | 841:Fren Pabucu EYD 209 03 | 772:Fren Pabucu BPW ECOPlus | 771:Fren Pabucu BPW ECOPlus"
"scania-g420-bijon-somun","Scania G420 Bijon Somun","Scania G420 Bijon Somun | Fiyat ve Stok | Frenciniz","Scania G420 Bijon Somun icin bijon ve somun urunlerinde stok ve fiyat secenekleri. OEM/parca kodu, eski parca fotografi veya sase ile uyumluluk teyidi, ayni gun kargo ve WhatsApp teklif.","0.88","24","bijon|disk-bijonu-civatasi|somun-civata","284:Disk Bijonu Scania G420 R420 96 mm Arka Y.M | 351:Bijon Scania G420 R420 DPS Arka | 384:Bijon Scania G420 R420 | 288:Bijon Scania G420 R420 | 286:Bijon Scania G420 R420"
"scania-g420-kaliper-tamir-takimi","Scania G420 Kaliper Tamir Takımı","Scania G420 Kaliper Tamir Takımı | Fiyat ve Stok | Frenciniz","Scania G420 Kaliper Tamir Takımı icin kaliper tamir takımı urunlerinde stok ve fiyat secenekleri. OEM/parca kodu, eski parca fotografi veya sase ile uyumluluk teyidi, ayni gun kargo ve WhatsApp teklif.","0.88","24","kaliper-tamir-takimi|kaliper-perno-tamir-takimi|kaliper-toz-lastigi|kaliper-kapak-conta|kaliper-ayar-mekanizmasi|kaliper-kilavuz-pim-takimi","527:Perno Tamir Takımı | 530:SB6/SB7 PERNO TAMİR TAKIMI | 555:FRENCO SB6/SB7 PERNO TAMİR TAKIMI | 1016:Kaliper Toz Lastiği Tamir Takımı (Ø 69 mm) | 975:Kaliper Perno Tamir Takımı Knorr WABCO Meritor"
"scania-r420-fren-diski","Scania R420 Fren Diski","Scania R420 Fren Diski | Fiyat ve Stok | Frenciniz","Scania R420 Fren Diski icin fren diski urunlerinde stok ve fiyat secenekleri. OEM/parca kodu, eski parca fotografi veya sase ile uyumluluk teyidi, ayni gun kargo ve WhatsApp teklif.","0.89","24","fren-diski|fren-diski-abs-li","203:Fren Diski Scania G420 R420 | 182:Fren Diski Scania G420 R420 | 87:Fren Diski Scania G420 R420 Ön Arka | 169:Fren Diski Mercedes Travego Tourismo | 231:Fren Diski Mercedes Actros Axor 1840 3340 4140"
"scania-r420-fren-kampanasi","Scania R420 Fren Kampanası","Scania R420 Fren Kampanası | Fiyat ve Stok | Frenciniz","Scania R420 Fren Kampanası icin fren kampanası urunlerinde stok ve fiyat secenekleri. OEM/parca kodu, eski parca fotografi veya sase ile uyumluluk teyidi, ayni gun kargo ve WhatsApp teklif.","0.89","24","fren-kampanasi","97:Fren Kampanası ESK 160 29 S | 133:Fren Kampanası Ford Cargo 1833 1846 2532 3232 | 151:Fren Kampanası MAN TGA TGS TGX 40.360 40.460 | 152:Fren Kampanası MAN TGA TGS TGX 40.360 40.460 | 145:Fren Kampanası BMC Probus Profesyonel Fatih Pro 20 cm 220 822 827"
"scania-r420-fren-balatasi","Scania R420 Fren Balatası","Scania R420 Fren Balatası | Fiyat ve Stok | Frenciniz","Scania R420 Fren Balatası icin fren balatası urunlerinde stok ve fiyat secenekleri. OEM/parca kodu, eski parca fotografi veya sase ile uyumluluk teyidi, ayni gun kargo ve WhatsApp teklif.","0.89","24","fren-balatasi|fren-pabucu|percin","801:Fren Pabucu BPW ECOPlus 20 cm | 834:Fren Pabucu 5 cm | 841:Fren Pabucu EYD 209 03 | 772:Fren Pabucu BPW ECOPlus | 771:Fren Pabucu BPW ECOPlus"
"scania-r420-bijon-somun","Scania R420 Bijon Somun","Scania R420 Bijon Somun | Fiyat ve Stok | Frenciniz","Scania R420 Bijon Somun icin bijon ve somun urunlerinde stok ve fiyat secenekleri. OEM/parca kodu, eski parca fotografi veya sase ile uyumluluk teyidi, ayni gun kargo ve WhatsApp teklif.","0.88","24","bijon|disk-bijonu-civatasi|somun-civata","284:Disk Bijonu Scania G420 R420 96 mm Arka Y.M | 351:Bijon Scania G420 R420 DPS Arka | 288:Bijon Scania G420 R420 | 287:Bijon Scania G420 R420 | 54:Bijon Scania G420 R420"
"scania-r420-kaliper-tamir-takimi","Scania R420 Kaliper Tamir Takımı","Scania R420 Kaliper Tamir Takımı | Fiyat ve Stok | Frenciniz","Scania R420 Kaliper Tamir Takımı icin kaliper tamir takımı urunlerinde stok ve fiyat secenekleri. OEM/parca kodu, eski parca fotografi veya sase ile uyumluluk teyidi, ayni gun kargo ve WhatsApp teklif.","0.88","24","kaliper-tamir-takimi|kaliper-perno-tamir-takimi|kaliper-toz-lastigi|kaliper-kapak-conta|kaliper-ayar-mekanizmasi|kaliper-kilavuz-pim-takimi","527:Perno Tamir Takımı | 530:SB6/SB7 PERNO TAMİR TAKIMI | 555:FRENCO SB6/SB7 PERNO TAMİR TAKIMI | 1016:Kaliper Toz Lastiği Tamir Takımı (Ø 69 mm) | 975:Kaliper Perno Tamir Takımı Knorr WABCO Meritor"
"daf-xf-cf-fren-diski","DAF XF/CF Fren Diski","DAF XF/CF Fren Diski | Fiyat ve Stok | Frenciniz","DAF XF/CF Fren Diski icin fren diski urunlerinde stok ve fiyat secenekleri. OEM/parca kodu, eski parca fotografi veya sase ile uyumluluk teyidi, ayni gun kargo ve WhatsApp teklif.","0.84","24","fren-diski|fren-diski-abs-li","199:Fren Diski ROR Meritor | 231:Fren Diski Mercedes Actros Axor 1840 3340 4140 | 234:Fren Diski Mercedes Actros Axor 1840 3340 4140 | 186:Fren Diski BPW ECOPlus | 843:Fren Diski EYD 209 01"
"daf-xf-cf-fren-kampanasi","DAF XF/CF Fren Kampanası","DAF XF/CF Fren Kampanası | Fiyat ve Stok | Frenciniz","DAF XF/CF Fren Kampanası icin fren kampanası urunlerinde stok ve fiyat secenekleri. OEM/parca kodu, eski parca fotografi veya sase ile uyumluluk teyidi, ayni gun kargo ve WhatsApp teklif.","0.84","24","fren-kampanasi","97:Fren Kampanası ESK 160 29 S | 133:Fren Kampanası Ford Cargo 1833 1846 2532 3232 | 151:Fren Kampanası MAN TGA TGS TGX 40.360 40.460 | 152:Fren Kampanası MAN TGA TGS TGX 40.360 40.460 | 145:Fren Kampanası BMC Probus Profesyonel Fatih Pro 20 cm 220 822 827"
"daf-xf-cf-fren-balatasi","DAF XF/CF Fren Balatası","DAF XF/CF Fren Balatası | Fiyat ve Stok | Frenciniz","DAF XF/CF Fren Balatası icin fren balatası urunlerinde stok ve fiyat secenekleri. OEM/parca kodu, eski parca fotografi veya sase ile uyumluluk teyidi, ayni gun kargo ve WhatsApp teklif.","0.84","24","fren-balatasi|fren-pabucu|percin","648:Disk Balatası Renault Midlum Iveco Eurocargo MAN L2000 M2000 | 801:Fren Pabucu BPW ECOPlus 20 cm | 834:Fren Pabucu 5 cm | 841:Fren Pabucu EYD 209 03 | 772:Fren Pabucu BPW ECOPlus"
"daf-xf-cf-bijon-somun","DAF XF/CF Bijon Somun","DAF XF/CF Bijon Somun | Fiyat ve Stok | Frenciniz","DAF XF/CF Bijon Somun icin bijon ve somun urunlerinde stok ve fiyat secenekleri. OEM/parca kodu, eski parca fotografi veya sase ile uyumluluk teyidi, ayni gun kargo ve WhatsApp teklif.","0.83","24","bijon|disk-bijonu-civatasi|somun-civata","395:Bijon DAF CF XF | 398:Bijon DAF CF XF | 394:Bijon DAF CF XF | 396:Bijon DAF CF XF | 397:Bijon DAF CF XF"
"daf-xf-cf-kaliper-tamir-takimi","DAF XF/CF Kaliper Tamir Takımı","DAF XF/CF Kaliper Tamir Takımı | Fiyat ve Stok | Frenciniz","DAF XF/CF Kaliper Tamir Takımı icin kaliper tamir takımı urunlerinde stok ve fiyat secenekleri. OEM/parca kodu, eski parca fotografi veya sase ile uyumluluk teyidi, ayni gun kargo ve WhatsApp teklif.","0.83","24","kaliper-tamir-takimi|kaliper-perno-tamir-takimi|kaliper-toz-lastigi|kaliper-kapak-conta|kaliper-ayar-mekanizmasi|kaliper-kilavuz-pim-takimi","527:Perno Tamir Takımı | 530:SB6/SB7 PERNO TAMİR TAKIMI | 555:FRENCO SB6/SB7 PERNO TAMİR TAKIMI | 513:ELSA195-225 PERNO TM TK (TEK ÇİZGİLİ) | 642:FRENCOO DUCO TOZ LASTİĞİ TK"
"daf-xf-cf-otomatik-fren-circiri","DAF XF/CF Otomatik Fren Cırcırı","DAF XF/CF Otomatik Fren Cırcırı | Fiyat ve Stok | Frenciniz","DAF XF/CF Otomatik Fren Cırcırı icin otomatik fren cırcırı urunlerinde stok ve fiyat secenekleri. OEM/parca kodu, eski parca fotografi veya sase ile uyumluluk teyidi, ayni gun kargo ve WhatsApp teklif.","0.83","24","otomatik-fren-circiri|fren-circiri","51:Otomatik Fren Cırcırı Mercedes Actros Axor 1840 3340 4140 | 52:Otomatik Fren Cırcırı Mercedes Actros Axor 1840 3340 4140 | 62:Otomatik Fren Cırcırı MAN TGA TGS TGX 40.360 40.460 | 55:Otomatik Fren Cırcırı MAN TGA TGS TGX 40.360 40.460 | 66:Otomatik Fren Cırcırı MAN TGA TGS TGX 40.360 40.460"
"iveco-stralis-eurocargo-fren-diski","Iveco Stralis Eurocargo Fren Diski","Iveco Stralis Eurocargo Fren Diski | Fiyat ve Stok | Frenciniz","Iveco Stralis Eurocargo Fren Diski icin fren diski urunlerinde stok ve fiyat secenekleri. OEM/parca kodu, eski parca fotografi veya sase ile uyumluluk teyidi, ayni gun kargo ve WhatsApp teklif.","0.83","24","fren-diski|fren-diski-abs-li","216:Fren Diski Iveco Eurocargo Stralis | 220:Fren Diski Iveco Eurocargo Stralis | 215:Fren Diski Iveco Eurocargo Stralis Trakker 6 cm 14 Delik Ön 220 | 210:Fren Diski Iveco Eurocargo Stralis Trakker Arka 110 | 212:Fren Diski Iveco Eurocargo Stralis Trakker Arka 220"
"iveco-stralis-eurocargo-fren-kampanasi","Iveco Stralis Eurocargo Fren Kampanası","Iveco Stralis Eurocargo Fren Kampanası | Fiyat ve Stok | Frenciniz","Iveco Stralis Eurocargo Fren Kampanası icin fren kampanası urunlerinde stok ve fiyat secenekleri. OEM/parca kodu, eski parca fotografi veya sase ile uyumluluk teyidi, ayni gun kargo ve WhatsApp teklif.","0.83","24","fren-kampanasi","126:Fren Kampanası Iveco Eurocargo Stralis | 104:Fren Kampanası Iveco Eurocargo Stralis | 123:Fren Kampanası Iveco Eurocargo Stralis | 125:Fren Kampanası Iveco Eurocargo Eurotech Stralis | 124:Fren Kampanası Iveco Eurocargo Eurotech Stralis"
"iveco-stralis-eurocargo-fren-balatasi","Iveco Stralis Eurocargo Fren Balatası","Iveco Stralis Eurocargo Fren Balatası | Fiyat ve Stok | Frenciniz","Iveco Stralis Eurocargo Fren Balatası icin fren balatası urunlerinde stok ve fiyat secenekleri. OEM/parca kodu, eski parca fotografi veya sase ile uyumluluk teyidi, ayni gun kargo ve WhatsApp teklif.","0.83","24","fren-balatasi|fren-pabucu|percin","848:Fren Pabucu Iveco Eurocargo Stralis Trakker 20 cm | 648:Disk Balatası Renault Midlum Iveco Eurocargo MAN L2000 M2000 | 801:Fren Pabucu BPW ECOPlus 20 cm | 834:Fren Pabucu 5 cm | 841:Fren Pabucu EYD 209 03"
"iveco-stralis-eurocargo-bijon-somun","Iveco Stralis Eurocargo Bijon Somun","Iveco Stralis Eurocargo Bijon Somun | Fiyat ve Stok | Frenciniz","Iveco Stralis Eurocargo Bijon Somun icin bijon ve somun urunlerinde stok ve fiyat secenekleri. OEM/parca kodu, eski parca fotografi veya sase ile uyumluluk teyidi, ayni gun kargo ve WhatsApp teklif.","0.82","24","bijon|disk-bijonu-civatasi|somun-civata","305:Disk Bijonu Iveco Eurocargo Stralis 65 mm | 307:Disk Bijonu Iveco Eurocargo Stralis | 308:Disk Bijonu Iveco Eurocargo Stralis Arka | 310:Bijon Iveco Eurocargo Stralis | 312:Bijon Iveco Eurocargo Stralis"
"iveco-stralis-eurocargo-kaliper-tamir-takimi","Iveco Stralis Eurocargo Kaliper Tamir Takımı","Iveco Stralis Eurocargo Kaliper Tamir Takımı | Fiyat ve Stok | Frenciniz","Iveco Stralis Eurocargo Kaliper Tamir Takımı icin kaliper tamir takımı urunlerinde stok ve fiyat secenekleri. OEM/parca kodu, eski parca fotografi veya sase ile uyumluluk teyidi, ayni gun kargo ve WhatsApp teklif.","0.82","24","kaliper-tamir-takimi|kaliper-perno-tamir-takimi|kaliper-toz-lastigi|kaliper-kapak-conta|kaliper-ayar-mekanizmasi|kaliper-kilavuz-pim-takimi","527:Perno Tamir Takımı | 530:SB6/SB7 PERNO TAMİR TAKIMI | 555:FRENCO SB6/SB7 PERNO TAMİR TAKIMI | 981:Ø 410 DUBLEX GRUBU TOZ LASTİĞİ (SİLİKON) İVECO 902 | 529:Ayar Mekanizması"
"iveco-stralis-eurocargo-otomatik-fren-circiri","Iveco Stralis Eurocargo Otomatik Fren Cırcırı","Iveco Stralis Eurocargo Otomatik Fren Cırcırı | Fiyat ve Stok | Frenciniz","Iveco Stralis Eurocargo Otomatik Fren Cırcırı icin otomatik fren cırcırı urunlerinde stok ve fiyat secenekleri. OEM/parca kodu, eski parca fotografi veya sase ile uyumluluk teyidi, ayni gun kargo ve WhatsApp teklif.","0.82","24","otomatik-fren-circiri|fren-circiri","51:Otomatik Fren Cırcırı Mercedes Actros Axor 1840 3340 4140 | 52:Otomatik Fren Cırcırı Mercedes Actros Axor 1840 3340 4140 | 62:Otomatik Fren Cırcırı MAN TGA TGS TGX 40.360 40.460 | 55:Otomatik Fren Cırcırı MAN TGA TGS TGX 40.360 40.460 | 66:Otomatik Fren Cırcırı MAN TGA TGS TGX 40.360 40.460"
"renault-premium-fren-diski","Renault Premium/Magnum Fren Diski","Renault Premium/Magnum Fren Diski | Fiyat ve Stok | Frenciniz","Renault Premium/Magnum Fren Diski icin fren diski urunlerinde stok ve fiyat secenekleri. OEM/parca kodu, eski parca fotografi veya sase ile uyumluluk teyidi, ayni gun kargo ve WhatsApp teklif.","0.83","24","fren-diski|fren-diski-abs-li","207:Fren Diski Renault Premium Magnum Kerax Midlum 10 Delik Ön 220 | 205:Fren Diski Renault Premium Magnum Kerax Midlum Ön 150 | 209:Fren Diski Renault Midlum Premium Magnum | 12:Fren Diski Renault Midlum Premium Magnum | 206:Fren Diski Renault Midlum Premium Magnum"
"renault-premium-fren-kampanasi","Renault Premium/Magnum Fren Kampanası","Renault Premium/Magnum Fren Kampanası | Fiyat ve Stok | Frenciniz","Renault Premium/Magnum Fren Kampanası icin fren kampanası urunlerinde stok ve fiyat secenekleri. OEM/parca kodu, eski parca fotografi veya sase ile uyumluluk teyidi, ayni gun kargo ve WhatsApp teklif.","0.83","24","fren-kampanasi","108:Fren Kampanası Renault Midlum Premium Magnum | 107:Fren Kampanası Renault Midlum Premium Magnum | 97:Fren Kampanası ESK 160 29 S | 133:Fren Kampanası Ford Cargo 1833 1846 2532 3232 | 151:Fren Kampanası MAN TGA TGS TGX 40.360 40.460"
"renault-premium-fren-balatasi","Renault Premium/Magnum Fren Balatası","Renault Premium/Magnum Fren Balatası | Fiyat ve Stok | Frenciniz","Renault Premium/Magnum Fren Balatası icin fren balatası urunlerinde stok ve fiyat secenekleri. OEM/parca kodu, eski parca fotografi veya sase ile uyumluluk teyidi, ayni gun kargo ve WhatsApp teklif.","0.83","24","fren-balatasi|fren-pabucu|percin","846:Fren Pabucu Renault Premium Magnum Kerax Midlum Volvo FH FH12 FM FL BMC Probus Profesyonel | 847:Fren Pabucu Renault Premium Magnum Kerax Midlum Volvo FH FH12 FM FL BMC Probus Profesyonel | 729:Fren Balatası Renault Premium Magnum Kerax Midlum 270 370 420 | 721:Fren Balatası Renault Premium Magnum Kerax Midlum Ön Arka 220 | 648:Disk Balatası Renault Midlum Iveco Eurocargo MAN L2000 M2000"
"renault-premium-kaliper-tamir-takimi","Renault Premium/Magnum Kaliper Tamir Takımı","Renault Premium/Magnum Kaliper Tamir Takımı | Fiyat ve Stok | Frenciniz","Renault Premium/Magnum Kaliper Tamir Takımı icin kaliper tamir takımı urunlerinde stok ve fiyat secenekleri. OEM/parca kodu, eski parca fotografi veya sase ile uyumluluk teyidi, ayni gun kargo ve WhatsApp teklif.","0.82","24","kaliper-tamir-takimi|kaliper-perno-tamir-takimi|kaliper-toz-lastigi|kaliper-kapak-conta|kaliper-ayar-mekanizmasi|kaliper-kilavuz-pim-takimi","513:ELSA195-225 PERNO TM TK (TEK ÇİZGİLİ) | 642:FRENCOO DUCO TOZ LASTİĞİ TK | 687:DUCO AYAR MEKANİZMASI TM TK SOL | 688:DUCO AYAR MEKANİZMASI TM TK SAĞ | 1029:DUCO AYAR MEKANİZMASI SOL"
"renault-premium-otomatik-fren-circiri","Renault Premium/Magnum Otomatik Fren Cırcırı","Renault Premium/Magnum Otomatik Fren Cırcırı | Fiyat ve Stok | Frenciniz","Renault Premium/Magnum Otomatik Fren Cırcırı icin otomatik fren cırcırı urunlerinde stok ve fiyat secenekleri. OEM/parca kodu, eski parca fotografi veya sase ile uyumluluk teyidi, ayni gun kargo ve WhatsApp teklif.","0.82","24","otomatik-fren-circiri|fren-circiri","47:Otomatik Fren Cırcırı Renault Midlum Premium Magnum | 48:Otomatik Fren Cırcırı Renault Midlum Premium Magnum | 19:Otomatik Fren Cırcırı Renault Midlum Premium Magnum | 400:Otomatik Fren Cırcırı Renault Midlum Premium Magnum | 75:Otomatik Fren Cırcırı Renault Midlum Premium Magnum"
"ford-cargo-fren-diski","Ford Cargo Fren Diski","Ford Cargo Fren Diski | Fiyat ve Stok | Frenciniz","Ford Cargo Fren Diski icin fren diski urunlerinde stok ve fiyat secenekleri. OEM/parca kodu, eski parca fotografi veya sase ile uyumluluk teyidi, ayni gun kargo ve WhatsApp teklif.","0.84","24","fren-diski|fren-diski-abs-li","74:Fren Diski Ford Cargo 1833 1846 2532 3232 Ön Arka | 179:Fren Diski Ford Cargo 1833 1846 2532 3232 | 214:Fren Diski Ford Cargo 1833 1846 2532 3232 | 213:Fren Diski Ford Cargo 1833 1846 2532 3232 120 | 172:Fren Diski Ford Cargo 1833 1846 2532 3232 Ön Arka"
"ford-cargo-fren-balatasi","Ford Cargo Fren Balatası","Ford Cargo Fren Balatası | Fiyat ve Stok | Frenciniz","Ford Cargo Fren Balatası icin fren balatası urunlerinde stok ve fiyat secenekleri. OEM/parca kodu, eski parca fotografi veya sase ile uyumluluk teyidi, ayni gun kargo ve WhatsApp teklif.","0.84","24","fren-balatasi|fren-pabucu|percin","480:Fren Balatası Ford Cargo 1833 1846 2532 3232 2520-2621 | 853:Fren Pabucu Ford Cargo 1833 1846 2532 3232 20 cm | 854:Fren Pabucu Ford Cargo 1833 1846 2532 3232 5 cm | 1041:Fren Balatası Mercedes Actros Axor 1840 3340 4140 | 848:Fren Pabucu Iveco Eurocargo Stralis Trakker 20 cm"
"ford-cargo-bijon-somun","Ford Cargo Bijon Somun","Ford Cargo Bijon Somun | Fiyat ve Stok | Frenciniz","Ford Cargo Bijon Somun icin bijon ve somun urunlerinde stok ve fiyat secenekleri. OEM/parca kodu, eski parca fotografi veya sase ile uyumluluk teyidi, ayni gun kargo ve WhatsApp teklif.","0.83","24","bijon|disk-bijonu-civatasi|somun-civata","934:Bijon Somunu Ford Cargo 1833 1846 2532 3232 Arka | 322:Bijon Ford Cargo 1833 1846 2532 3232 | 31:Bijon Ford Cargo 1833 1846 2532 3232 115 mm | 305:Disk Bijonu Iveco Eurocargo Stralis 65 mm | 307:Disk Bijonu Iveco Eurocargo Stralis"
"ford-cargo-otomatik-fren-circiri","Ford Cargo Otomatik Fren Cırcırı","Ford Cargo Otomatik Fren Cırcırı | Fiyat ve Stok | Frenciniz","Ford Cargo Otomatik Fren Cırcırı icin otomatik fren cırcırı urunlerinde stok ve fiyat secenekleri. OEM/parca kodu, eski parca fotografi veya sase ile uyumluluk teyidi, ayni gun kargo ve WhatsApp teklif.","0.83","24","otomatik-fren-circiri|fren-circiri","51:Otomatik Fren Cırcırı Mercedes Actros Axor 1840 3340 4140 | 52:Otomatik Fren Cırcırı Mercedes Actros Axor 1840 3340 4140 | 62:Otomatik Fren Cırcırı MAN TGA TGS TGX 40.360 40.460 | 55:Otomatik Fren Cırcırı MAN TGA TGS TGX 40.360 40.460 | 66:Otomatik Fren Cırcırı MAN TGA TGS TGX 40.360 40.460"
"bmc-fren-diski","BMC Fren Diski","BMC Fren Diski | Fiyat ve Stok | Frenciniz","BMC Fren Diski icin fren diski urunlerinde stok ve fiyat secenekleri. OEM/parca kodu, eski parca fotografi veya sase ile uyumluluk teyidi, ayni gun kargo ve WhatsApp teklif.","0.81","24","fren-diski|fren-diski-abs-li","165:ABS'li Fren Diski BMC Probus Profesyonel Fatih Pro WABCO PAN17 PAN19 PAN22 MAXX22T | 166:Fren Diski BMC Probus Profesyonel Fatih Pro 16 Delik | 167:Fren Diski BMC Probus Profesyonel Fatih Pro | 231:Fren Diski Mercedes Actros Axor 1840 3340 4140 | 234:Fren Diski Mercedes Actros Axor 1840 3340 4140"
"bmc-fren-kampanasi","BMC Fren Kampanası","BMC Fren Kampanası | Fiyat ve Stok | Frenciniz","BMC Fren Kampanası icin fren kampanası urunlerinde stok ve fiyat secenekleri. OEM/parca kodu, eski parca fotografi veya sase ile uyumluluk teyidi, ayni gun kargo ve WhatsApp teklif.","0.81","24","fren-kampanasi","145:Fren Kampanası BMC Probus Profesyonel Fatih Pro 20 cm 220 822 827 | 112:Fren Kampanası BMC Probus Profesyonel Fatih Pro | 146:Fren Kampanası BMC Probus Profesyonel Fatih Pro | 142:Fren Kampanası BMC Probus Profesyonel Fatih Pro 522 | 53:Fren Kampanası BMC Probus Profesyonel Fatih Pro 30 cm 935"
"bmc-fren-balatasi","BMC Fren Balatası","BMC Fren Balatası | Fiyat ve Stok | Frenciniz","BMC Fren Balatası icin fren balatası urunlerinde stok ve fiyat secenekleri. OEM/parca kodu, eski parca fotografi veya sase ile uyumluluk teyidi, ayni gun kargo ve WhatsApp teklif.","0.81","24","fren-balatasi|fren-pabucu|percin","846:Fren Pabucu Renault Premium Magnum Kerax Midlum Volvo FH FH12 FM FL BMC Probus Profesyonel | 847:Fren Pabucu Renault Premium Magnum Kerax Midlum Volvo FH FH12 FM FL BMC Probus Profesyonel | 859:Fren Pabucu Volvo FH FH12 FM FL BMC Probus Profesyonel Fatih Pro 5 cm | 858:Fren Pabucu BMC Probus Profesyonel Fatih Pro 20 cm | 857:Fren Pabucu BMC Probus Profesyonel Fatih Pro 20 cm"
"bmc-bijon-somun","BMC Bijon Somun","BMC Bijon Somun | Fiyat ve Stok | Frenciniz","BMC Bijon Somun icin bijon ve somun urunlerinde stok ve fiyat secenekleri. OEM/parca kodu, eski parca fotografi veya sase ile uyumluluk teyidi, ayni gun kargo ve WhatsApp teklif.","0.80","24","bijon|disk-bijonu-civatasi|somun-civata","336:Bijon BMC Probus Profesyonel Fatih Pro 117 mm Arka | 335:Bijon BMC Probus Profesyonel Fatih Pro | 318:Bijon BMC Probus Profesyonel Fatih Pro Arka | 317:Bijon BMC Probus Profesyonel Fatih Pro | 334:Bijon BMC Probus Profesyonel Fatih Pro 117 mm Arka"
"bmc-otomatik-fren-circiri","BMC Otomatik Fren Cırcırı","BMC Otomatik Fren Cırcırı | Fiyat ve Stok | Frenciniz","BMC Otomatik Fren Cırcırı icin otomatik fren cırcırı urunlerinde stok ve fiyat secenekleri. OEM/parca kodu, eski parca fotografi veya sase ile uyumluluk teyidi, ayni gun kargo ve WhatsApp teklif.","0.80","24","otomatik-fren-circiri|fren-circiri","411:Fren Cırcırı BMC Probus Profesyonel Fatih Pro Arka | 26:Fren Cırcırı BMC Probus Profesyonel Fatih Pro Sol | 51:Otomatik Fren Cırcırı Mercedes Actros Axor 1840 3340 4140 | 52:Otomatik Fren Cırcırı Mercedes Actros Axor 1840 3340 4140 | 62:Otomatik Fren Cırcırı MAN TGA TGS TGX 40.360 40.460"
"bpw-dorse-fren-diski","BPW Dorse Fren Diski","BPW Dorse Fren Diski | Fiyat ve Stok | Frenciniz","BPW Dorse Fren Diski icin fren diski urunlerinde stok ve fiyat secenekleri. OEM/parca kodu, eski parca fotografi veya sase ile uyumluluk teyidi, ayni gun kargo ve WhatsApp teklif.","0.89","24","fren-diski|fren-diski-abs-li","186:Fren Diski BPW ECOPlus | 188:Fren Diski BPW ECOPlus | 201:Fren Diski BPW ECOPlus | 198:Fren Diski BPW ECOPlus | 196:Fren Diski BPW ECOPlus"
"bpw-dorse-fren-balatasi","BPW Dorse Fren Balatası","BPW Dorse Fren Balatası | Fiyat ve Stok | Frenciniz","BPW Dorse Fren Balatası icin fren balatası urunlerinde stok ve fiyat secenekleri. OEM/parca kodu, eski parca fotografi veya sase ile uyumluluk teyidi, ayni gun kargo ve WhatsApp teklif.","0.89","24","fren-balatasi|fren-pabucu|percin","801:Fren Pabucu BPW ECOPlus 20 cm | 772:Fren Pabucu BPW ECOPlus | 771:Fren Pabucu BPW ECOPlus | 800:Fren Pabucu BPW ECOPlus 18 cm | 496:Fren Pabucu BPW ECOPlus Y.M 360 200"
"bpw-dorse-bijon-somun","BPW Dorse Bijon Somun","BPW Dorse Bijon Somun | Fiyat ve Stok | Frenciniz","BPW Dorse Bijon Somun icin bijon ve somun urunlerinde stok ve fiyat secenekleri. OEM/parca kodu, eski parca fotografi veya sase ile uyumluluk teyidi, ayni gun kargo ve WhatsApp teklif.","0.88","24","bijon|disk-bijonu-civatasi|somun-civata","377:Bijon BPW ECOPlus | 375:Bijon BPW ECOPlus | 379:Bijon BPW ECOPlus | 376:Bijon BPW ECOPlus | 378:Bijon BPW ECOPlus"
"bpw-dorse-porya-kapagi","BPW Dorse Porya Kapağı","BPW Dorse Porya Kapağı | Fiyat ve Stok | Frenciniz","BPW Dorse Porya Kapağı icin porya kapağı urunlerinde stok ve fiyat secenekleri. OEM/parca kodu, eski parca fotografi veya sase ile uyumluluk teyidi, ayni gun kargo ve WhatsApp teklif.","0.87","24","porya|kece","655:Porya BPW ECOPlus | 565:Porya BPW ECOPlus | 477:Porya BPW ECOPlus | 497:Porya BPW ECOPlus | 671:Porya BPW ECOPlus"
"bpw-dorse-suspansiyon-korugu","BPW Dorse Süspansiyon Körüğü","BPW Dorse Süspansiyon Körüğü | Fiyat ve Stok | Frenciniz","BPW Dorse Süspansiyon Körüğü icin süspansiyon körüğü urunlerinde stok ve fiyat secenekleri. OEM/parca kodu, eski parca fotografi veya sase ile uyumluluk teyidi, ayni gun kargo ve WhatsApp teklif.","0.88","24","suspansiyon-korugu","428:Roll Körük Mercedes Travego Tourismo | 896:Roll Körük MAN TGA TGS TGX 40.360 40.460 | 430:Roll Körük MAN TGA TGS TGX 40.360 40.460 | 879:Komple Körük Metal Piston SAF Holland | 883:Pistonsuz Körük SAF Holland"
"bpw-dorse-abs-sensoru-ebs-modulator","BPW Dorse ABS Sensörü EBS Modülatör","BPW Dorse ABS Sensörü EBS Modülatör | Fiyat ve Stok | Frenciniz","BPW Dorse ABS Sensörü EBS Modülatör icin ABS sensörü ve EBS modülatör urunlerinde stok ve fiyat secenekleri. OEM/parca kodu, eski parca fotografi veya sase ile uyumluluk teyidi, ayni gun kargo ve WhatsApp teklif.","0.88","24","abs-sensoru-modulu-kablo|ebs-modulator|sensor|elektrik-kablosu","792:126*156.5*7.8 BPW ABS DİŞLİSİ ÇELİK | 790:BPW ABS DİŞLİSİ Y.M SAÇ | 677:EBS UZATMA KABLOSU WABCO 3 MT | 645:EBS ANA HAT KABLOSU 12 MT. | 537:24V 15'Lİ EBS KABLOSU"
"saf-dorse-fren-diski","SAF Dorse Fren Diski","SAF Dorse Fren Diski | Fiyat ve Stok | Frenciniz","SAF Dorse Fren Diski icin fren diski urunlerinde stok ve fiyat secenekleri. OEM/parca kodu, eski parca fotografi veya sase ile uyumluluk teyidi, ayni gun kargo ve WhatsApp teklif.","0.88","24","fren-diski|fren-diski-abs-li","193:Fren Diski SAF Holland | 190:Fren Diski SAF Holland | 200:Fren Diski SAF Holland | 187:Fren Diski SAF Holland | 191:Fren Diski SAF Holland"
"saf-dorse-fren-kampanasi","SAF Dorse Fren Kampanası","SAF Dorse Fren Kampanası | Fiyat ve Stok | Frenciniz","SAF Dorse Fren Kampanası icin fren kampanası urunlerinde stok ve fiyat secenekleri. OEM/parca kodu, eski parca fotografi veya sase ile uyumluluk teyidi, ayni gun kargo ve WhatsApp teklif.","0.88","24","fren-kampanasi","79:Fren Kampanası SAF Holland | 256:Fren Kampanası SAF Holland | 257:Fren Kampanası SAF Holland | 258:Fren Kampanası SAF Holland 8130 | 25:Fren Kampanası SAF Holland"
"saf-dorse-fren-balatasi","SAF Dorse Fren Balatası","SAF Dorse Fren Balatası | Fiyat ve Stok | Frenciniz","SAF Dorse Fren Balatası icin fren balatası urunlerinde stok ve fiyat secenekleri. OEM/parca kodu, eski parca fotografi veya sase ile uyumluluk teyidi, ayni gun kargo ve WhatsApp teklif.","0.88","24","fren-balatasi|fren-pabucu|percin","793:Fren Pabucu SAF Holland 18 cm E.M | 795:Fren Pabucu SAF Holland 18 cm | 454:Fren Pabucu SAF Holland | 801:Fren Pabucu BPW ECOPlus 20 cm | 772:Fren Pabucu BPW ECOPlus"
"saf-dorse-bijon-somun","SAF Dorse Bijon Somun","SAF Dorse Bijon Somun | Fiyat ve Stok | Frenciniz","SAF Dorse Bijon Somun icin bijon ve somun urunlerinde stok ve fiyat secenekleri. OEM/parca kodu, eski parca fotografi veya sase ile uyumluluk teyidi, ayni gun kargo ve WhatsApp teklif.","0.87","24","bijon|disk-bijonu-civatasi|somun-civata","329:Disk Bijonu Mercedes Actros Axor 1840 3340 4140 | 328:Disk Bijonu SAF Holland | 773:Bijon Somunu SAF Holland SAĞ | 776:Bijon Somunu SAF Holland Sol | 775:Bijon Somunu SAF Holland SAĞ"
"saf-dorse-suspansiyon-korugu","SAF Dorse Süspansiyon Körüğü","SAF Dorse Süspansiyon Körüğü | Fiyat ve Stok | Frenciniz","SAF Dorse Süspansiyon Körüğü icin süspansiyon körüğü urunlerinde stok ve fiyat secenekleri. OEM/parca kodu, eski parca fotografi veya sase ile uyumluluk teyidi, ayni gun kargo ve WhatsApp teklif.","0.87","24","suspansiyon-korugu","879:Komple Körük Metal Piston SAF Holland | 883:Pistonsuz Körük SAF Holland | 878:Pistonsuz Körük SAF Holland | 880:Pistonsuz Körük SAF Holland | 610:Süspansiyon Körüğü MAN TGA TGS TGX 40.360 40.460"
"saf-dorse-abs-sensoru-ebs-modulator","SAF Dorse ABS Sensörü EBS Modülatör","SAF Dorse ABS Sensörü EBS Modülatör | Fiyat ve Stok | Frenciniz","SAF Dorse ABS Sensörü EBS Modülatör icin ABS sensörü ve EBS modülatör urunlerinde stok ve fiyat secenekleri. OEM/parca kodu, eski parca fotografi veya sase ile uyumluluk teyidi, ayni gun kargo ve WhatsApp teklif.","0.87","24","abs-sensoru-modulu-kablo|ebs-modulator|sensor|elektrik-kablosu","785:SAF DORSE ABS DİŞLİSİ | 654:SAF ABS DİŞLİSİ YENİ MODEL 100 DİŞ SAÇ BÜYÜK | 677:EBS UZATMA KABLOSU WABCO 3 MT | 645:EBS ANA HAT KABLOSU 12 MT. | 537:24V 15'Lİ EBS KABLOSU"
"krone-dorse-fren-diski","Krone Dorse Fren Diski","Krone Dorse Fren Diski | Fiyat ve Stok | Frenciniz","Krone Dorse Fren Diski icin fren diski urunlerinde stok ve fiyat secenekleri. OEM/parca kodu, eski parca fotografi veya sase ile uyumluluk teyidi, ayni gun kargo ve WhatsApp teklif.","0.82","24","fren-diski|fren-diski-abs-li","7:Fren Diski Krone Göbekli 430 | 161:Fren Diski Kögel Krone | 186:Fren Diski BPW ECOPlus | 193:Fren Diski SAF Holland | 188:Fren Diski BPW ECOPlus"
"krone-dorse-fren-kampanasi","Krone Dorse Fren Kampanası","Krone Dorse Fren Kampanası | Fiyat ve Stok | Frenciniz","Krone Dorse Fren Kampanası icin fren kampanası urunlerinde stok ve fiyat secenekleri. OEM/parca kodu, eski parca fotografi veya sase ile uyumluluk teyidi, ayni gun kargo ve WhatsApp teklif.","0.82","24","fren-kampanasi","264:Fren Kampanası BPW ECOPlus | 102:Fren Kampanası BPW ECOPlus | 259:Fren Kampanası ROR Meritor | 544:Fren Kampanası WABCO PAN17 PAN19 PAN22 MAXX22T 100 | 79:Fren Kampanası SAF Holland"
"krone-dorse-fren-balatasi","Krone Dorse Fren Balatası","Krone Dorse Fren Balatası | Fiyat ve Stok | Frenciniz","Krone Dorse Fren Balatası icin fren balatası urunlerinde stok ve fiyat secenekleri. OEM/parca kodu, eski parca fotografi veya sase ile uyumluluk teyidi, ayni gun kargo ve WhatsApp teklif.","0.82","24","fren-balatasi|fren-pabucu|percin","801:Fren Pabucu BPW ECOPlus 20 cm | 772:Fren Pabucu BPW ECOPlus | 771:Fren Pabucu BPW ECOPlus | 800:Fren Pabucu BPW ECOPlus 18 cm | 496:Fren Pabucu BPW ECOPlus Y.M 360 200"
"krone-dorse-bijon-somun","Krone Dorse Bijon Somun","Krone Dorse Bijon Somun | Fiyat ve Stok | Frenciniz","Krone Dorse Bijon Somun icin bijon ve somun urunlerinde stok ve fiyat secenekleri. OEM/parca kodu, eski parca fotografi veya sase ile uyumluluk teyidi, ayni gun kargo ve WhatsApp teklif.","0.81","24","bijon|disk-bijonu-civatasi|somun-civata","329:Disk Bijonu Mercedes Actros Axor 1840 3340 4140 | 328:Disk Bijonu SAF Holland | 773:Bijon Somunu SAF Holland SAĞ | 776:Bijon Somunu SAF Holland Sol | 775:Bijon Somunu SAF Holland SAĞ"
"krone-dorse-porya-kapagi","Krone Dorse Porya Kapağı","Krone Dorse Porya Kapağı | Fiyat ve Stok | Frenciniz","Krone Dorse Porya Kapağı icin porya kapağı urunlerinde stok ve fiyat secenekleri. OEM/parca kodu, eski parca fotografi veya sase ile uyumluluk teyidi, ayni gun kargo ve WhatsApp teklif.","0.80","24","porya|kece","811:Porya Kapağı EYD 700 06 | 810:Porya Kapağı EYD 700 07 | 813:Porya Kapağı EYD 700 03 | 808:Porya Kapağı EYD 700 28 | 802:Porya Kapağı EYD 700 51"
"krone-dorse-suspansiyon-korugu","Krone Dorse Süspansiyon Körüğü","Krone Dorse Süspansiyon Körüğü | Fiyat ve Stok | Frenciniz","Krone Dorse Süspansiyon Körüğü icin süspansiyon körüğü urunlerinde stok ve fiyat secenekleri. OEM/parca kodu, eski parca fotografi veya sase ile uyumluluk teyidi, ayni gun kargo ve WhatsApp teklif.","0.81","24","suspansiyon-korugu","879:Komple Körük Metal Piston SAF Holland | 883:Pistonsuz Körük SAF Holland | 878:Pistonsuz Körük SAF Holland | 880:Pistonsuz Körük SAF Holland | 428:Roll Körük Mercedes Travego Tourismo"
"kogel-dorse-fren-diski","Kögel Dorse Fren Diski","Kögel Dorse Fren Diski | Fiyat ve Stok | Frenciniz","Kögel Dorse Fren Diski icin fren diski urunlerinde stok ve fiyat secenekleri. OEM/parca kodu, eski parca fotografi veya sase ile uyumluluk teyidi, ayni gun kargo ve WhatsApp teklif.","0.81","24","fren-diski|fren-diski-abs-li","161:Fren Diski Kögel Krone | 186:Fren Diski BPW ECOPlus | 193:Fren Diski SAF Holland | 188:Fren Diski BPW ECOPlus | 190:Fren Diski SAF Holland"
"kogel-dorse-fren-kampanasi","Kögel Dorse Fren Kampanası","Kögel Dorse Fren Kampanası | Fiyat ve Stok | Frenciniz","Kögel Dorse Fren Kampanası icin fren kampanası urunlerinde stok ve fiyat secenekleri. OEM/parca kodu, eski parca fotografi veya sase ile uyumluluk teyidi, ayni gun kargo ve WhatsApp teklif.","0.81","24","fren-kampanasi","264:Fren Kampanası BPW ECOPlus | 102:Fren Kampanası BPW ECOPlus | 259:Fren Kampanası ROR Meritor | 544:Fren Kampanası WABCO PAN17 PAN19 PAN22 MAXX22T 100 | 79:Fren Kampanası SAF Holland"
"kogel-dorse-fren-balatasi","Kögel Dorse Fren Balatası","Kögel Dorse Fren Balatası | Fiyat ve Stok | Frenciniz","Kögel Dorse Fren Balatası icin fren balatası urunlerinde stok ve fiyat secenekleri. OEM/parca kodu, eski parca fotografi veya sase ile uyumluluk teyidi, ayni gun kargo ve WhatsApp teklif.","0.81","24","fren-balatasi|fren-pabucu|percin","801:Fren Pabucu BPW ECOPlus 20 cm | 772:Fren Pabucu BPW ECOPlus | 771:Fren Pabucu BPW ECOPlus | 800:Fren Pabucu BPW ECOPlus 18 cm | 496:Fren Pabucu BPW ECOPlus Y.M 360 200"
"kogel-dorse-bijon-somun","Kögel Dorse Bijon Somun","Kögel Dorse Bijon Somun | Fiyat ve Stok | Frenciniz","Kögel Dorse Bijon Somun icin bijon ve somun urunlerinde stok ve fiyat secenekleri. OEM/parca kodu, eski parca fotografi veya sase ile uyumluluk teyidi, ayni gun kargo ve WhatsApp teklif.","0.80","24","bijon|disk-bijonu-civatasi|somun-civata","329:Disk Bijonu Mercedes Actros Axor 1840 3340 4140 | 328:Disk Bijonu SAF Holland | 773:Bijon Somunu SAF Holland SAĞ | 776:Bijon Somunu SAF Holland Sol | 775:Bijon Somunu SAF Holland SAĞ"
"kogel-dorse-suspansiyon-korugu","Kögel Dorse Süspansiyon Körüğü","Kögel Dorse Süspansiyon Körüğü | Fiyat ve Stok | Frenciniz","Kögel Dorse Süspansiyon Körüğü icin süspansiyon körüğü urunlerinde stok ve fiyat secenekleri. OEM/parca kodu, eski parca fotografi veya sase ile uyumluluk teyidi, ayni gun kargo ve WhatsApp teklif.","0.80","24","suspansiyon-korugu","879:Komple Körük Metal Piston SAF Holland | 883:Pistonsuz Körük SAF Holland | 878:Pistonsuz Körük SAF Holland | 880:Pistonsuz Körük SAF Holland | 428:Roll Körük Mercedes Travego Tourismo"
"ror-meritor-dorse-fren-diski","ROR Meritor Dorse Fren Diski","ROR Meritor Dorse Fren Diski | Fiyat ve Stok | Frenciniz","ROR Meritor Dorse Fren Diski icin fren diski urunlerinde stok ve fiyat secenekleri. OEM/parca kodu, eski parca fotografi veya sase ile uyumluluk teyidi, ayni gun kargo ve WhatsApp teklif.","0.81","24","fren-diski|fren-diski-abs-li","184:Fren Diski ROR Meritor | 185:Fren Diski ROR Meritor | 168:Fren Diski ROR Meritor | 176:Fren Diski ROR Meritor | 199:Fren Diski ROR Meritor"
"ror-meritor-dorse-fren-kampanasi","ROR Meritor Dorse Fren Kampanası","ROR Meritor Dorse Fren Kampanası | Fiyat ve Stok | Frenciniz","ROR Meritor Dorse Fren Kampanası icin fren kampanası urunlerinde stok ve fiyat secenekleri. OEM/parca kodu, eski parca fotografi veya sase ile uyumluluk teyidi, ayni gun kargo ve WhatsApp teklif.","0.81","24","fren-kampanasi","259:Fren Kampanası ROR Meritor | 100:Fren Kampanası Meritor ROR 360 | 261:Fren Kampanası ROR Meritor | 260:Fren Kampanası ROR Meritor | 70:Fren Kampanası Meritor ROR 360"
"ror-meritor-dorse-fren-balatasi","ROR Meritor Dorse Fren Balatası","ROR Meritor Dorse Fren Balatası | Fiyat ve Stok | Frenciniz","ROR Meritor Dorse Fren Balatası icin fren balatası urunlerinde stok ve fiyat secenekleri. OEM/parca kodu, eski parca fotografi veya sase ile uyumluluk teyidi, ayni gun kargo ve WhatsApp teklif.","0.81","24","fren-balatasi|fren-pabucu|percin","739:Fren Balatası Fruehauf SMB | 801:Fren Pabucu BPW ECOPlus 20 cm | 772:Fren Pabucu BPW ECOPlus | 771:Fren Pabucu BPW ECOPlus | 800:Fren Pabucu BPW ECOPlus 18 cm"
"ror-meritor-dorse-bijon-somun","ROR Meritor Dorse Bijon Somun","ROR Meritor Dorse Bijon Somun | Fiyat ve Stok | Frenciniz","ROR Meritor Dorse Bijon Somun icin bijon ve somun urunlerinde stok ve fiyat secenekleri. OEM/parca kodu, eski parca fotografi veya sase ile uyumluluk teyidi, ayni gun kargo ve WhatsApp teklif.","0.80","24","bijon|disk-bijonu-civatasi|somun-civata","316:Bijon ROR Meritor | 391:Bijon ROR Meritor 85 mm | 345:Bijon Meritor ROR 95 mm | 392:Bijon ROR Meritor | 2:Bijon ROR Meritor 95 mm"
"ror-meritor-dorse-porya-kapagi","ROR Meritor Dorse Porya Kapağı","ROR Meritor Dorse Porya Kapağı | Fiyat ve Stok | Frenciniz","ROR Meritor Dorse Porya Kapağı icin porya kapağı urunlerinde stok ve fiyat secenekleri. OEM/parca kodu, eski parca fotografi veya sase ile uyumluluk teyidi, ayni gun kargo ve WhatsApp teklif.","0.79","24","porya|kece","811:Porya Kapağı EYD 700 06 | 810:Porya Kapağı EYD 700 07 | 813:Porya Kapağı EYD 700 03 | 808:Porya Kapağı EYD 700 28 | 802:Porya Kapağı EYD 700 51"
"schmitz-dorse-fren-diski","Schmitz Dorse Fren Diski","Schmitz Dorse Fren Diski | Fiyat ve Stok | Frenciniz","Schmitz Dorse Fren Diski icin fren diski urunlerinde stok ve fiyat secenekleri. OEM/parca kodu, eski parca fotografi veya sase ile uyumluluk teyidi, ayni gun kargo ve WhatsApp teklif.","0.80","24","fren-diski|fren-diski-abs-li","186:Fren Diski BPW ECOPlus | 193:Fren Diski SAF Holland | 188:Fren Diski BPW ECOPlus | 190:Fren Diski SAF Holland | 201:Fren Diski BPW ECOPlus"
"schmitz-dorse-fren-kampanasi","Schmitz Dorse Fren Kampanası","Schmitz Dorse Fren Kampanası | Fiyat ve Stok | Frenciniz","Schmitz Dorse Fren Kampanası icin fren kampanası urunlerinde stok ve fiyat secenekleri. OEM/parca kodu, eski parca fotografi veya sase ile uyumluluk teyidi, ayni gun kargo ve WhatsApp teklif.","0.80","24","fren-kampanasi","264:Fren Kampanası BPW ECOPlus | 102:Fren Kampanası BPW ECOPlus | 259:Fren Kampanası ROR Meritor | 544:Fren Kampanası WABCO PAN17 PAN19 PAN22 MAXX22T 100 | 79:Fren Kampanası SAF Holland"
"schmitz-dorse-fren-balatasi","Schmitz Dorse Fren Balatası","Schmitz Dorse Fren Balatası | Fiyat ve Stok | Frenciniz","Schmitz Dorse Fren Balatası icin fren balatası urunlerinde stok ve fiyat secenekleri. OEM/parca kodu, eski parca fotografi veya sase ile uyumluluk teyidi, ayni gun kargo ve WhatsApp teklif.","0.80","24","fren-balatasi|fren-pabucu|percin","718:Disk Balatası Schmitz Cargobull | 801:Fren Pabucu BPW ECOPlus 20 cm | 772:Fren Pabucu BPW ECOPlus | 771:Fren Pabucu BPW ECOPlus | 800:Fren Pabucu BPW ECOPlus 18 cm"
"schmitz-dorse-bijon-somun","Schmitz Dorse Bijon Somun","Schmitz Dorse Bijon Somun | Fiyat ve Stok | Frenciniz","Schmitz Dorse Bijon Somun icin bijon ve somun urunlerinde stok ve fiyat secenekleri. OEM/parca kodu, eski parca fotografi veya sase ile uyumluluk teyidi, ayni gun kargo ve WhatsApp teklif.","0.79","24","bijon|disk-bijonu-civatasi|somun-civata","329:Disk Bijonu Mercedes Actros Axor 1840 3340 4140 | 328:Disk Bijonu SAF Holland | 773:Bijon Somunu SAF Holland SAĞ | 776:Bijon Somunu SAF Holland Sol | 775:Bijon Somunu SAF Holland SAĞ"
"schmitz-dorse-suspansiyon-korugu","Schmitz Dorse Süspansiyon Körüğü","Schmitz Dorse Süspansiyon Körüğü | Fiyat ve Stok | Frenciniz","Schmitz Dorse Süspansiyon Körüğü icin süspansiyon körüğü urunlerinde stok ve fiyat secenekleri. OEM/parca kodu, eski parca fotografi veya sase ile uyumluluk teyidi, ayni gun kargo ve WhatsApp teklif.","0.79","24","suspansiyon-korugu","879:Komple Körük Metal Piston SAF Holland | 883:Pistonsuz Körük SAF Holland | 886:Süspansiyon Körüğü Schmitz Cargobull | 878:Pistonsuz Körük SAF Holland | 880:Pistonsuz Körük SAF Holland"
"tirsan-dorse-fren-diski","Tırsan Dorse Fren Diski","Tırsan Dorse Fren Diski | Fiyat ve Stok | Frenciniz","Tırsan Dorse Fren Diski icin fren diski urunlerinde stok ve fiyat secenekleri. OEM/parca kodu, eski parca fotografi veya sase ile uyumluluk teyidi, ayni gun kargo ve WhatsApp teklif.","0.80","24","fren-diski|fren-diski-abs-li","186:Fren Diski BPW ECOPlus | 193:Fren Diski SAF Holland | 188:Fren Diski BPW ECOPlus | 190:Fren Diski SAF Holland | 201:Fren Diski BPW ECOPlus"
"tirsan-dorse-fren-kampanasi","Tırsan Dorse Fren Kampanası","Tırsan Dorse Fren Kampanası | Fiyat ve Stok | Frenciniz","Tırsan Dorse Fren Kampanası icin fren kampanası urunlerinde stok ve fiyat secenekleri. OEM/parca kodu, eski parca fotografi veya sase ile uyumluluk teyidi, ayni gun kargo ve WhatsApp teklif.","0.80","24","fren-kampanasi","264:Fren Kampanası BPW ECOPlus | 102:Fren Kampanası BPW ECOPlus | 259:Fren Kampanası ROR Meritor | 544:Fren Kampanası WABCO PAN17 PAN19 PAN22 MAXX22T 100 | 79:Fren Kampanası SAF Holland"
"tirsan-dorse-fren-balatasi","Tırsan Dorse Fren Balatası","Tırsan Dorse Fren Balatası | Fiyat ve Stok | Frenciniz","Tırsan Dorse Fren Balatası icin fren balatası urunlerinde stok ve fiyat secenekleri. OEM/parca kodu, eski parca fotografi veya sase ile uyumluluk teyidi, ayni gun kargo ve WhatsApp teklif.","0.80","24","fren-balatasi|fren-pabucu|percin","801:Fren Pabucu BPW ECOPlus 20 cm | 772:Fren Pabucu BPW ECOPlus | 771:Fren Pabucu BPW ECOPlus | 800:Fren Pabucu BPW ECOPlus 18 cm | 496:Fren Pabucu BPW ECOPlus Y.M 360 200"
"tirsan-dorse-bijon-somun","Tırsan Dorse Bijon Somun","Tırsan Dorse Bijon Somun | Fiyat ve Stok | Frenciniz","Tırsan Dorse Bijon Somun icin bijon ve somun urunlerinde stok ve fiyat secenekleri. OEM/parca kodu, eski parca fotografi veya sase ile uyumluluk teyidi, ayni gun kargo ve WhatsApp teklif.","0.79","24","bijon|disk-bijonu-civatasi|somun-civata","329:Disk Bijonu Mercedes Actros Axor 1840 3340 4140 | 328:Disk Bijonu SAF Holland | 773:Bijon Somunu SAF Holland SAĞ | 776:Bijon Somunu SAF Holland Sol | 775:Bijon Somunu SAF Holland SAĞ"
"tirsan-dorse-suspansiyon-korugu","Tırsan Dorse Süspansiyon Körüğü","Tırsan Dorse Süspansiyon Körüğü | Fiyat ve Stok | Frenciniz","Tırsan Dorse Süspansiyon Körüğü icin süspansiyon körüğü urunlerinde stok ve fiyat secenekleri. OEM/parca kodu, eski parca fotografi veya sase ile uyumluluk teyidi, ayni gun kargo ve WhatsApp teklif.","0.79","24","suspansiyon-korugu","879:Komple Körük Metal Piston SAF Holland | 883:Pistonsuz Körük SAF Holland | 878:Pistonsuz Körük SAF Holland | 880:Pistonsuz Körük SAF Holland | 428:Roll Körük Mercedes Travego Tourismo"
"otobus-fren-diski","Otobüs Fren Diski","Otobüs Fren Diski | Fiyat ve Stok | Frenciniz","Otobüs Fren Diski icin fren diski urunlerinde stok ve fiyat secenekleri. OEM/parca kodu, eski parca fotografi veya sase ile uyumluluk teyidi, ayni gun kargo ve WhatsApp teklif.","0.79","24","fren-diski|fren-diski-abs-li","169:Fren Diski Mercedes Travego Tourismo | 843:Fren Diski EYD 209 01 | 216:Fren Diski Iveco Eurocargo Stralis | 679:Fren Diski EYD 91 21 | 175:Fren Diski Volvo FH FM FL"
"otobus-fren-balatasi","Otobüs Fren Balatası","Otobüs Fren Balatası | Fiyat ve Stok | Frenciniz","Otobüs Fren Balatası icin fren balatası urunlerinde stok ve fiyat secenekleri. OEM/parca kodu, eski parca fotografi veya sase ile uyumluluk teyidi, ayni gun kargo ve WhatsApp teklif.","0.79","24","fren-balatasi|fren-pabucu|percin","834:Fren Pabucu 5 cm | 841:Fren Pabucu EYD 209 03 | 483:Fren Balatası PWR K002 | 727:Fren Balatası Knorr WABCO Meritor | 482:Fren Balatası PWR K003"
"otobus-fren-korugu","Otobüs Fren Körüğü","Otobüs Fren Körüğü | Fiyat ve Stok | Frenciniz","Otobüs Fren Körüğü icin fren körüğü urunlerinde stok ve fiyat secenekleri. OEM/parca kodu, eski parca fotografi veya sase ile uyumluluk teyidi, ayni gun kargo ve WhatsApp teklif.","0.78","24","fren-korugu","957:Fren Körüğü Mercedes Travego Tourismo | 972:Fren Körüğü Disk imdatlı körüğü Kampana imdatlı körüğü körüğü 64 mm | 962:Fren Körüğü Disk imdatlı körüğü Kampana imdatlı körüğü körüğü | 557:Fren Körüğü Disk imdatlı körüğü Kampana imdatlı körüğü körüğü | 953:Fren Körüğü Disk imdatlı körüğü Kampana imdatlı körüğü körüğü 64 mm"
"otobus-suspansiyon-korugu","Otobüs Süspansiyon Körüğü","Otobüs Süspansiyon Körüğü | Fiyat ve Stok | Frenciniz","Otobüs Süspansiyon Körüğü icin süspansiyon körüğü urunlerinde stok ve fiyat secenekleri. OEM/parca kodu, eski parca fotografi veya sase ile uyumluluk teyidi, ayni gun kargo ve WhatsApp teklif.","0.78","24","suspansiyon-korugu","428:Roll Körük Mercedes Travego Tourismo | 896:Roll Körük MAN TGA TGS TGX 40.360 40.460 | 430:Roll Körük MAN TGA TGS TGX 40.360 40.460 | 888:Komple Körük Metal Piston Volvo FH FM FL | 902:Pistonsuz Körük Volvo FH FM FL"
"otobus-kaliper-tamir-takimi","Otobüs Kaliper Tamir Takımı","Otobüs Kaliper Tamir Takımı | Fiyat ve Stok | Frenciniz","Otobüs Kaliper Tamir Takımı icin kaliper tamir takımı urunlerinde stok ve fiyat secenekleri. OEM/parca kodu, eski parca fotografi veya sase ile uyumluluk teyidi, ayni gun kargo ve WhatsApp teklif.","0.78","24","kaliper-tamir-takimi|kaliper-perno-tamir-takimi|kaliper-toz-lastigi|kaliper-kapak-conta|kaliper-ayar-mekanizmasi|kaliper-kilavuz-pim-takimi","527:Perno Tamir Takımı | 983:TOZ LASTİĞİ (SİLİKON)(110 TOZ LASTİK) | 982:522 TOZ LASTİĞİ (SİLİKON) | 1016:Kaliper Toz Lastiği Tamir Takımı (Ø 69 mm) | 998:Kaliper Masura Bilya Yatağı Iveco Eurocargo Stralis"
"otobus-abs-sensoru-ebs-modulator","Otobüs ABS Sensörü EBS Modülatör","Otobüs ABS Sensörü EBS Modülatör | Fiyat ve Stok | Frenciniz","Otobüs ABS Sensörü EBS Modülatör icin ABS sensörü ve EBS modülatör urunlerinde stok ve fiyat secenekleri. OEM/parca kodu, eski parca fotografi veya sase ile uyumluluk teyidi, ayni gun kargo ve WhatsApp teklif.","0.78","24","abs-sensoru-modulu-kablo|ebs-modulator|sensor|elektrik-kablosu","677:EBS UZATMA KABLOSU WABCO 3 MT | 645:EBS ANA HAT KABLOSU 12 MT. | 537:24V 15'Lİ EBS KABLOSU | 600:EBS UZATMA SENSÖRÜ KNORR  4 MT | 574:EBS PARK BUTONU REKORLU 9710029120"
"mercedes-travego-tourismo-fren-diski","Mercedes Travego Tourismo Fren Diski","Mercedes Travego Tourismo Fren Diski | Fiyat ve Stok | Frenciniz","Mercedes Travego Tourismo Fren Diski icin fren diski urunlerinde stok ve fiyat secenekleri. OEM/parca kodu, eski parca fotografi veya sase ile uyumluluk teyidi, ayni gun kargo ve WhatsApp teklif.","0.88","24","fren-diski|fren-diski-abs-li","169:Fren Diski Mercedes Travego Tourismo | 957:Fren Körüğü Mercedes Travego Tourismo | 28:Fren Cırcırı Mercedes Travego Tourismo Ön R-L | 416:Fren Cırcırı Mercedes Travego Tourismo Arka R-L | 843:Fren Diski EYD 209 01"
"mercedes-travego-tourismo-fren-kampanasi","Mercedes Travego Tourismo Fren Kampanası","Mercedes Travego Tourismo Fren Kampanası | Fiyat ve Stok | Frenciniz","Mercedes Travego Tourismo Fren Kampanası icin fren kampanası urunlerinde stok ve fiyat secenekleri. OEM/parca kodu, eski parca fotografi veya sase ile uyumluluk teyidi, ayni gun kargo ve WhatsApp teklif.","0.88","24","fren-kampanasi","957:Fren Körüğü Mercedes Travego Tourismo | 28:Fren Cırcırı Mercedes Travego Tourismo Ön R-L | 416:Fren Cırcırı Mercedes Travego Tourismo Arka R-L | 97:Fren Kampanası ESK 160 29 S | 91:Fren Kampanası 420 200 246 687"
"mercedes-travego-tourismo-fren-balatasi","Mercedes Travego Tourismo Fren Balatası","Mercedes Travego Tourismo Fren Balatası | Fiyat ve Stok | Frenciniz","Mercedes Travego Tourismo Fren Balatası icin fren balatası urunlerinde stok ve fiyat secenekleri. OEM/parca kodu, eski parca fotografi veya sase ile uyumluluk teyidi, ayni gun kargo ve WhatsApp teklif.","0.88","24","fren-balatasi|fren-pabucu|percin","957:Fren Körüğü Mercedes Travego Tourismo | 28:Fren Cırcırı Mercedes Travego Tourismo Ön R-L | 416:Fren Cırcırı Mercedes Travego Tourismo Arka R-L | 834:Fren Pabucu 5 cm | 841:Fren Pabucu EYD 209 03"
"mercedes-travego-tourismo-fren-korugu","Mercedes Travego Tourismo Fren Körüğü","Mercedes Travego Tourismo Fren Körüğü | Fiyat ve Stok | Frenciniz","Mercedes Travego Tourismo Fren Körüğü icin fren körüğü urunlerinde stok ve fiyat secenekleri. OEM/parca kodu, eski parca fotografi veya sase ile uyumluluk teyidi, ayni gun kargo ve WhatsApp teklif.","0.87","24","fren-korugu","957:Fren Körüğü Mercedes Travego Tourismo | 28:Fren Cırcırı Mercedes Travego Tourismo Ön R-L | 416:Fren Cırcırı Mercedes Travego Tourismo Arka R-L | 428:Roll Körük Mercedes Travego Tourismo | 972:Fren Körüğü Disk imdatlı körüğü Kampana imdatlı körüğü körüğü 64 mm"
"mercedes-travego-tourismo-suspansiyon-korugu","Mercedes Travego Tourismo Süspansiyon Körüğü","Mercedes Travego Tourismo Süspansiyon Körüğü | Fiyat ve Stok | Frenciniz","Mercedes Travego Tourismo Süspansiyon Körüğü icin süspansiyon körüğü urunlerinde stok ve fiyat secenekleri. OEM/parca kodu, eski parca fotografi veya sase ile uyumluluk teyidi, ayni gun kargo ve WhatsApp teklif.","0.87","24","suspansiyon-korugu","428:Roll Körük Mercedes Travego Tourismo | 896:Roll Körük MAN TGA TGS TGX 40.360 40.460 | 430:Roll Körük MAN TGA TGS TGX 40.360 40.460 | 888:Komple Körük Metal Piston Volvo FH FM FL | 957:Fren Körüğü Mercedes Travego Tourismo"
"mercedes-travego-tourismo-bijon-somun","Mercedes Travego Tourismo Bijon Somun","Mercedes Travego Tourismo Bijon Somun | Fiyat ve Stok | Frenciniz","Mercedes Travego Tourismo Bijon Somun icin bijon ve somun urunlerinde stok ve fiyat secenekleri. OEM/parca kodu, eski parca fotografi veya sase ile uyumluluk teyidi, ayni gun kargo ve WhatsApp teklif.","0.87","24","bijon|disk-bijonu-civatasi|somun-civata","305:Disk Bijonu Iveco Eurocargo Stralis 65 mm | 307:Disk Bijonu Iveco Eurocargo Stralis | 308:Disk Bijonu Iveco Eurocargo Stralis Arka | 957:Fren Körüğü Mercedes Travego Tourismo | 28:Fren Cırcırı Mercedes Travego Tourismo Ön R-L"
"mercedes-travego-tourismo-kaliper-tamir-takimi","Mercedes Travego Tourismo Kaliper Tamir Takımı","Mercedes Travego Tourismo Kaliper Tamir Takımı | Fiyat ve Stok | Frenciniz","Mercedes Travego Tourismo Kaliper Tamir Takımı icin kaliper tamir takımı urunlerinde stok ve fiyat secenekleri. OEM/parca kodu, eski parca fotografi veya sase ile uyumluluk teyidi, ayni gun kargo ve WhatsApp teklif.","0.87","24","kaliper-tamir-takimi|kaliper-perno-tamir-takimi|kaliper-toz-lastigi|kaliper-kapak-conta|kaliper-ayar-mekanizmasi|kaliper-kilavuz-pim-takimi","527:Perno Tamir Takımı | 1016:Kaliper Toz Lastiği Tamir Takımı (Ø 69 mm) | 1002:Kaliper Perno Tamir Takımı Mercedes Actros Axor 1840 3340 4140 | 957:Fren Körüğü Mercedes Travego Tourismo | 1014:Kaliper Toz Lastiği Tamir Takımı (Ø 74 mm)"
"isuzu-novociti-fren-diski","Isuzu NovoCiti Fren Diski","Isuzu NovoCiti Fren Diski | Fiyat ve Stok | Frenciniz","Isuzu NovoCiti Fren Diski icin fren diski urunlerinde stok ve fiyat secenekleri. OEM/parca kodu, eski parca fotografi veya sase ile uyumluluk teyidi, ayni gun kargo ve WhatsApp teklif.","0.86","24","fren-diski|fren-diski-abs-li","171:Fren Diski Isuzu Novo NovoCiti Life CitiLife Arka | 6:Fren Diski Isuzu Novo NovoCiti Life CitiLife 387 061 2600 | 843:Fren Diski EYD 209 01 | 216:Fren Diski Iveco Eurocargo Stralis | 169:Fren Diski Mercedes Travego Tourismo"
"isuzu-novociti-fren-kampanasi","Isuzu NovoCiti Fren Kampanası","Isuzu NovoCiti Fren Kampanası | Fiyat ve Stok | Frenciniz","Isuzu NovoCiti Fren Kampanası icin fren kampanası urunlerinde stok ve fiyat secenekleri. OEM/parca kodu, eski parca fotografi veya sase ile uyumluluk teyidi, ayni gun kargo ve WhatsApp teklif.","0.86","24","fren-kampanasi","121:Fren Kampanası Mitsubishi Canter Fuso Isuzu Novo NovoCiti Life CitiLife Arka EM | 115:Fren Kampanası Mitsubishi Canter Fuso Isuzu Novo NovoCiti Life CitiLife Arka 635 | 116:Fren Kampanası Mitsubishi Canter Fuso Isuzu Novo NovoCiti Life CitiLife Arka 449 | 97:Fren Kampanası ESK 160 29 S | 91:Fren Kampanası 420 200 246 687"
"isuzu-novociti-fren-balatasi","Isuzu NovoCiti Fren Balatası","Isuzu NovoCiti Fren Balatası | Fiyat ve Stok | Frenciniz","Isuzu NovoCiti Fren Balatası icin fren balatası urunlerinde stok ve fiyat secenekleri. OEM/parca kodu, eski parca fotografi veya sase ile uyumluluk teyidi, ayni gun kargo ve WhatsApp teklif.","0.86","24","fren-balatasi|fren-pabucu|percin","834:Fren Pabucu 5 cm | 841:Fren Pabucu EYD 209 03 | 483:Fren Balatası PWR K002 | 727:Fren Balatası Knorr WABCO Meritor | 482:Fren Balatası PWR K003"
"isuzu-novociti-fren-korugu","Isuzu NovoCiti Fren Körüğü","Isuzu NovoCiti Fren Körüğü | Fiyat ve Stok | Frenciniz","Isuzu NovoCiti Fren Körüğü icin fren körüğü urunlerinde stok ve fiyat secenekleri. OEM/parca kodu, eski parca fotografi veya sase ile uyumluluk teyidi, ayni gun kargo ve WhatsApp teklif.","0.85","24","fren-korugu","957:Fren Körüğü Mercedes Travego Tourismo | 972:Fren Körüğü Disk imdatlı körüğü Kampana imdatlı körüğü körüğü 64 mm | 962:Fren Körüğü Disk imdatlı körüğü Kampana imdatlı körüğü körüğü | 557:Fren Körüğü Disk imdatlı körüğü Kampana imdatlı körüğü körüğü | 953:Fren Körüğü Disk imdatlı körüğü Kampana imdatlı körüğü körüğü 64 mm"
"isuzu-novociti-kaliper-tamir-takimi","Isuzu NovoCiti Kaliper Tamir Takımı","Isuzu NovoCiti Kaliper Tamir Takımı | Fiyat ve Stok | Frenciniz","Isuzu NovoCiti Kaliper Tamir Takımı icin kaliper tamir takımı urunlerinde stok ve fiyat secenekleri. OEM/parca kodu, eski parca fotografi veya sase ile uyumluluk teyidi, ayni gun kargo ve WhatsApp teklif.","0.85","24","kaliper-tamir-takimi|kaliper-perno-tamir-takimi|kaliper-toz-lastigi|kaliper-kapak-conta|kaliper-ayar-mekanizmasi|kaliper-kilavuz-pim-takimi","527:Perno Tamir Takımı | 1016:Kaliper Toz Lastiği Tamir Takımı (Ø 69 mm) | 975:Kaliper Perno Tamir Takımı Knorr WABCO Meritor | 1002:Kaliper Perno Tamir Takımı Mercedes Actros Axor 1840 3340 4140 | 977:Kaliper Perno Tamir Takımı Knorr WABCO Meritor"
"temsa-prestij-fren-diski","Temsa Prestij Fren Diski","Temsa Prestij Fren Diski | Fiyat ve Stok | Frenciniz","Temsa Prestij Fren Diski icin fren diski urunlerinde stok ve fiyat secenekleri. OEM/parca kodu, eski parca fotografi veya sase ile uyumluluk teyidi, ayni gun kargo ve WhatsApp teklif.","0.85","24","fren-diski|fren-diski-abs-li","843:Fren Diski EYD 209 01 | 216:Fren Diski Iveco Eurocargo Stralis | 169:Fren Diski Mercedes Travego Tourismo | 679:Fren Diski EYD 91 21 | 175:Fren Diski Volvo FH FM FL"
"temsa-prestij-fren-kampanasi","Temsa Prestij Fren Kampanası","Temsa Prestij Fren Kampanası | Fiyat ve Stok | Frenciniz","Temsa Prestij Fren Kampanası icin fren kampanası urunlerinde stok ve fiyat secenekleri. OEM/parca kodu, eski parca fotografi veya sase ile uyumluluk teyidi, ayni gun kargo ve WhatsApp teklif.","0.85","24","fren-kampanasi","97:Fren Kampanası ESK 160 29 S | 91:Fren Kampanası 420 200 246 687 | 271:Fren Kampanası ESK 070 12 | 95:Fren Kampanası EM | 73:Fren Kampanası ESK 090 15"
"temsa-prestij-fren-balatasi","Temsa Prestij Fren Balatası","Temsa Prestij Fren Balatası | Fiyat ve Stok | Frenciniz","Temsa Prestij Fren Balatası icin fren balatası urunlerinde stok ve fiyat secenekleri. OEM/parca kodu, eski parca fotografi veya sase ile uyumluluk teyidi, ayni gun kargo ve WhatsApp teklif.","0.85","24","fren-balatasi|fren-pabucu|percin","834:Fren Pabucu 5 cm | 841:Fren Pabucu EYD 209 03 | 483:Fren Balatası PWR K002 | 727:Fren Balatası Knorr WABCO Meritor | 482:Fren Balatası PWR K003"
"temsa-prestij-fren-korugu","Temsa Prestij Fren Körüğü","Temsa Prestij Fren Körüğü | Fiyat ve Stok | Frenciniz","Temsa Prestij Fren Körüğü icin fren körüğü urunlerinde stok ve fiyat secenekleri. OEM/parca kodu, eski parca fotografi veya sase ile uyumluluk teyidi, ayni gun kargo ve WhatsApp teklif.","0.84","24","fren-korugu","957:Fren Körüğü Mercedes Travego Tourismo | 972:Fren Körüğü Disk imdatlı körüğü Kampana imdatlı körüğü körüğü 64 mm | 962:Fren Körüğü Disk imdatlı körüğü Kampana imdatlı körüğü körüğü | 557:Fren Körüğü Disk imdatlı körüğü Kampana imdatlı körüğü körüğü | 953:Fren Körüğü Disk imdatlı körüğü Kampana imdatlı körüğü körüğü 64 mm"
"temsa-prestij-kaliper-tamir-takimi","Temsa Prestij Kaliper Tamir Takımı","Temsa Prestij Kaliper Tamir Takımı | Fiyat ve Stok | Frenciniz","Temsa Prestij Kaliper Tamir Takımı icin kaliper tamir takımı urunlerinde stok ve fiyat secenekleri. OEM/parca kodu, eski parca fotografi veya sase ile uyumluluk teyidi, ayni gun kargo ve WhatsApp teklif.","0.84","24","kaliper-tamir-takimi|kaliper-perno-tamir-takimi|kaliper-toz-lastigi|kaliper-kapak-conta|kaliper-ayar-mekanizmasi|kaliper-kilavuz-pim-takimi","527:Perno Tamir Takımı | 1016:Kaliper Toz Lastiği Tamir Takımı (Ø 69 mm) | 975:Kaliper Perno Tamir Takımı Knorr WABCO Meritor | 1002:Kaliper Perno Tamir Takımı Mercedes Actros Axor 1840 3340 4140 | 977:Kaliper Perno Tamir Takımı Knorr WABCO Meritor"
"tir-fren-diski","Tır Fren Diski","Tır Fren Diski | Fiyat ve Stok | Frenciniz","Tır Fren Diski icin fren diski urunlerinde stok ve fiyat secenekleri. OEM/parca kodu, eski parca fotografi veya sase ile uyumluluk teyidi, ayni gun kargo ve WhatsApp teklif.","0.86","24","fren-diski|fren-diski-abs-li","843:Fren Diski EYD 209 01 | 169:Fren Diski Mercedes Travego Tourismo | 679:Fren Diski EYD 91 21 | 175:Fren Diski Volvo FH FM FL | 170:Fren Diski ESD 130 02"
"tir-fren-kampanasi","Tır Fren Kampanası","Tır Fren Kampanası | Fiyat ve Stok | Frenciniz","Tır Fren Kampanası icin fren kampanası urunlerinde stok ve fiyat secenekleri. OEM/parca kodu, eski parca fotografi veya sase ile uyumluluk teyidi, ayni gun kargo ve WhatsApp teklif.","0.86","24","fren-kampanasi","97:Fren Kampanası ESK 160 29 S | 145:Fren Kampanası BMC Probus Profesyonel Fatih Pro 20 cm 220 822 827 | 91:Fren Kampanası 420 200 246 687 | 135:Fren Kampanası Ford Cargo 1833 1846 2532 3232 Ön Arka 2524-3227-3230 | 112:Fren Kampanası BMC Probus Profesyonel Fatih Pro"
"tir-fren-balatasi","Tır Fren Balatası","Tır Fren Balatası | Fiyat ve Stok | Frenciniz","Tır Fren Balatası icin fren balatası urunlerinde stok ve fiyat secenekleri. OEM/parca kodu, eski parca fotografi veya sase ile uyumluluk teyidi, ayni gun kargo ve WhatsApp teklif.","0.86","24","fren-balatasi|fren-pabucu|percin","834:Fren Pabucu 5 cm | 841:Fren Pabucu EYD 209 03 | 846:Fren Pabucu Renault Premium Magnum Kerax Midlum Volvo FH FH12 FM FL BMC Probus Profesyonel | 847:Fren Pabucu Renault Premium Magnum Kerax Midlum Volvo FH FH12 FM FL BMC Probus Profesyonel | 483:Fren Balatası PWR K002"
"tir-fren-korugu","Tır Fren Körüğü","Tır Fren Körüğü | Fiyat ve Stok | Frenciniz","Tır Fren Körüğü icin fren körüğü urunlerinde stok ve fiyat secenekleri. OEM/parca kodu, eski parca fotografi veya sase ile uyumluluk teyidi, ayni gun kargo ve WhatsApp teklif.","0.85","24","fren-korugu","972:Fren Körüğü Disk imdatlı körüğü Kampana imdatlı körüğü körüğü 64 mm | 962:Fren Körüğü Disk imdatlı körüğü Kampana imdatlı körüğü körüğü | 557:Fren Körüğü Disk imdatlı körüğü Kampana imdatlı körüğü körüğü | 953:Fren Körüğü Disk imdatlı körüğü Kampana imdatlı körüğü körüğü 64 mm | 961:Fren Körüğü Disk imdatlı körüğü Kampana imdatlı körüğü körüğü"
"tir-suspansiyon-korugu","Tır Süspansiyon Körüğü","Tır Süspansiyon Körüğü | Fiyat ve Stok | Frenciniz","Tır Süspansiyon Körüğü icin süspansiyon körüğü urunlerinde stok ve fiyat secenekleri. OEM/parca kodu, eski parca fotografi veya sase ile uyumluluk teyidi, ayni gun kargo ve WhatsApp teklif.","0.85","24","suspansiyon-korugu","888:Komple Körük Metal Piston Volvo FH FM FL | 902:Pistonsuz Körük Volvo FH FM FL | 894:Komple Körük Metal Piston Volvo FH FM FL | 903:Komple Körük Metal Piston Volvo FH FM FL | 899:Komple Körük Metal Piston Volvo FH FM FL"
"tir-bijon-somun","Tır Bijon Somun","Tır Bijon Somun | Fiyat ve Stok | Frenciniz","Tır Bijon Somun icin bijon ve somun urunlerinde stok ve fiyat secenekleri. OEM/parca kodu, eski parca fotografi veya sase ile uyumluluk teyidi, ayni gun kargo ve WhatsApp teklif.","0.85","24","bijon|disk-bijonu-civatasi|somun-civata","945:Bijon Somunu ESS 020 10 | 932:Bijon Somunu ESS 171 10 | 939:Bijon Somunu ESS 028 10 | 938:Bijon Somunu ESS 029 10 | 928:Bijon Somunu ESS 300 20"
"tir-kaliper-tamir-takimi","Tır Kaliper Tamir Takımı","Tır Kaliper Tamir Takımı | Fiyat ve Stok | Frenciniz","Tır Kaliper Tamir Takımı icin kaliper tamir takımı urunlerinde stok ve fiyat secenekleri. OEM/parca kodu, eski parca fotografi veya sase ile uyumluluk teyidi, ayni gun kargo ve WhatsApp teklif.","0.85","24","kaliper-tamir-takimi|kaliper-perno-tamir-takimi|kaliper-toz-lastigi|kaliper-kapak-conta|kaliper-ayar-mekanizmasi|kaliper-kilavuz-pim-takimi","1016:Kaliper Toz Lastiği Tamir Takımı (Ø 69 mm) | 975:Kaliper Perno Tamir Takımı Knorr WABCO Meritor | 1002:Kaliper Perno Tamir Takımı Mercedes Actros Axor 1840 3340 4140 | 977:Kaliper Perno Tamir Takımı Knorr WABCO Meritor | 993:Kaliper Toz Lastiği Tamir Takımı (Ø 69 mm - 54 mm)"
"tir-otomatik-fren-circiri","Tır Otomatik Fren Cırcırı","Tır Otomatik Fren Cırcırı | Fiyat ve Stok | Frenciniz","Tır Otomatik Fren Cırcırı icin otomatik fren cırcırı urunlerinde stok ve fiyat secenekleri. OEM/parca kodu, eski parca fotografi veya sase ile uyumluluk teyidi, ayni gun kargo ve WhatsApp teklif.","0.85","24","otomatik-fren-circiri|fren-circiri","404:Otomatik Fren Cırcırı ESC 79335 | 27:Otomatik Fren Cırcırı ESC 72675 | 45:Otomatik Fren Cırcırı ESC 79164 | 46:Otomatik Fren Cırcırı ESC 79163 | 415:Otomatik Fren Cırcırı ESC 72688"
"kamyon-fren-diski","Kamyon Fren Diski","Kamyon Fren Diski | Fiyat ve Stok | Frenciniz","Kamyon Fren Diski icin fren diski urunlerinde stok ve fiyat secenekleri. OEM/parca kodu, eski parca fotografi veya sase ile uyumluluk teyidi, ayni gun kargo ve WhatsApp teklif.","0.86","24","fren-diski|fren-diski-abs-li","169:Fren Diski Mercedes Travego Tourismo | 175:Fren Diski Volvo FH FM FL | 280:Fren Diski Volvo FH FM FL | 279:Fren Diski Volvo FH FM FL | 162:Fren Diski York Valx"
"kamyon-fren-kampanasi","Kamyon Fren Kampanası","Kamyon Fren Kampanası | Fiyat ve Stok | Frenciniz","Kamyon Fren Kampanası icin fren kampanası urunlerinde stok ve fiyat secenekleri. OEM/parca kodu, eski parca fotografi veya sase ile uyumluluk teyidi, ayni gun kargo ve WhatsApp teklif.","0.86","24","fren-kampanasi","145:Fren Kampanası BMC Probus Profesyonel Fatih Pro 20 cm 220 822 827 | 112:Fren Kampanası BMC Probus Profesyonel Fatih Pro | 146:Fren Kampanası BMC Probus Profesyonel Fatih Pro | 142:Fren Kampanası BMC Probus Profesyonel Fatih Pro 522 | 53:Fren Kampanası BMC Probus Profesyonel Fatih Pro 30 cm 935"
"kamyon-fren-balatasi","Kamyon Fren Balatası","Kamyon Fren Balatası | Fiyat ve Stok | Frenciniz","Kamyon Fren Balatası icin fren balatası urunlerinde stok ve fiyat secenekleri. OEM/parca kodu, eski parca fotografi veya sase ile uyumluluk teyidi, ayni gun kargo ve WhatsApp teklif.","0.86","24","fren-balatasi|fren-pabucu|percin","846:Fren Pabucu Renault Premium Magnum Kerax Midlum Volvo FH FH12 FM FL BMC Probus Profesyonel | 847:Fren Pabucu Renault Premium Magnum Kerax Midlum Volvo FH FH12 FM FL BMC Probus Profesyonel | 727:Fren Balatası Knorr WABCO Meritor | 859:Fren Pabucu Volvo FH FH12 FM FL BMC Probus Profesyonel Fatih Pro 5 cm | 858:Fren Pabucu BMC Probus Profesyonel Fatih Pro 20 cm"
"kamyon-fren-korugu","Kamyon Fren Körüğü","Kamyon Fren Körüğü | Fiyat ve Stok | Frenciniz","Kamyon Fren Körüğü icin fren körüğü urunlerinde stok ve fiyat secenekleri. OEM/parca kodu, eski parca fotografi veya sase ile uyumluluk teyidi, ayni gun kargo ve WhatsApp teklif.","0.85","24","fren-korugu","972:Fren Körüğü Disk imdatlı körüğü Kampana imdatlı körüğü körüğü 64 mm | 962:Fren Körüğü Disk imdatlı körüğü Kampana imdatlı körüğü körüğü | 557:Fren Körüğü Disk imdatlı körüğü Kampana imdatlı körüğü körüğü | 953:Fren Körüğü Disk imdatlı körüğü Kampana imdatlı körüğü körüğü 64 mm | 961:Fren Körüğü Disk imdatlı körüğü Kampana imdatlı körüğü körüğü"
"kamyon-suspansiyon-korugu","Kamyon Süspansiyon Körüğü","Kamyon Süspansiyon Körüğü | Fiyat ve Stok | Frenciniz","Kamyon Süspansiyon Körüğü icin süspansiyon körüğü urunlerinde stok ve fiyat secenekleri. OEM/parca kodu, eski parca fotografi veya sase ile uyumluluk teyidi, ayni gun kargo ve WhatsApp teklif.","0.85","24","suspansiyon-korugu","888:Komple Körük Metal Piston Volvo FH FM FL | 902:Pistonsuz Körük Volvo FH FM FL | 894:Komple Körük Metal Piston Volvo FH FM FL | 903:Komple Körük Metal Piston Volvo FH FM FL | 899:Komple Körük Metal Piston Volvo FH FM FL"
"kamyon-bijon-somun","Kamyon Bijon Somun","Kamyon Bijon Somun | Fiyat ve Stok | Frenciniz","Kamyon Bijon Somun icin bijon ve somun urunlerinde stok ve fiyat secenekleri. OEM/parca kodu, eski parca fotografi veya sase ile uyumluluk teyidi, ayni gun kargo ve WhatsApp teklif.","0.85","24","bijon|disk-bijonu-civatasi|somun-civata","945:Bijon Somunu ESS 020 10 | 932:Bijon Somunu ESS 171 10 | 939:Bijon Somunu ESS 028 10 | 938:Bijon Somunu ESS 029 10 | 928:Bijon Somunu ESS 300 20"
"kamyon-kaliper-tamir-takimi","Kamyon Kaliper Tamir Takımı","Kamyon Kaliper Tamir Takımı | Fiyat ve Stok | Frenciniz","Kamyon Kaliper Tamir Takımı icin kaliper tamir takımı urunlerinde stok ve fiyat secenekleri. OEM/parca kodu, eski parca fotografi veya sase ile uyumluluk teyidi, ayni gun kargo ve WhatsApp teklif.","0.85","24","kaliper-tamir-takimi|kaliper-perno-tamir-takimi|kaliper-toz-lastigi|kaliper-kapak-conta|kaliper-ayar-mekanizmasi|kaliper-kilavuz-pim-takimi","1016:Kaliper Toz Lastiği Tamir Takımı (Ø 69 mm) | 975:Kaliper Perno Tamir Takımı Knorr WABCO Meritor | 1002:Kaliper Perno Tamir Takımı Mercedes Actros Axor 1840 3340 4140 | 977:Kaliper Perno Tamir Takımı Knorr WABCO Meritor | 993:Kaliper Toz Lastiği Tamir Takımı (Ø 69 mm - 54 mm)"
"kamyon-otomatik-fren-circiri","Kamyon Otomatik Fren Cırcırı","Kamyon Otomatik Fren Cırcırı | Fiyat ve Stok | Frenciniz","Kamyon Otomatik Fren Cırcırı icin otomatik fren cırcırı urunlerinde stok ve fiyat secenekleri. OEM/parca kodu, eski parca fotografi veya sase ile uyumluluk teyidi, ayni gun kargo ve WhatsApp teklif.","0.85","24","otomatik-fren-circiri|fren-circiri","404:Otomatik Fren Cırcırı ESC 79335 | 27:Otomatik Fren Cırcırı ESC 72675 | 45:Otomatik Fren Cırcırı ESC 79164 | 46:Otomatik Fren Cırcırı ESC 79163 | 415:Otomatik Fren Cırcırı ESC 72688"
"dorse-fren-diski","Dorse Fren Diski","Dorse Fren Diski | Fiyat ve Stok | Frenciniz","Dorse Fren Diski icin fren diski urunlerinde stok ve fiyat secenekleri. OEM/parca kodu, eski parca fotografi veya sase ile uyumluluk teyidi, ayni gun kargo ve WhatsApp teklif.","0.88","24","fren-diski|fren-diski-abs-li","186:Fren Diski BPW ECOPlus | 193:Fren Diski SAF Holland | 188:Fren Diski BPW ECOPlus | 190:Fren Diski SAF Holland | 201:Fren Diski BPW ECOPlus"
"dorse-fren-kampanasi","Dorse Fren Kampanası","Dorse Fren Kampanası | Fiyat ve Stok | Frenciniz","Dorse Fren Kampanası icin fren kampanası urunlerinde stok ve fiyat secenekleri. OEM/parca kodu, eski parca fotografi veya sase ile uyumluluk teyidi, ayni gun kargo ve WhatsApp teklif.","0.88","24","fren-kampanasi","264:Fren Kampanası BPW ECOPlus | 102:Fren Kampanası BPW ECOPlus | 259:Fren Kampanası ROR Meritor | 544:Fren Kampanası WABCO PAN17 PAN19 PAN22 MAXX22T 100 | 79:Fren Kampanası SAF Holland"
"dorse-fren-balatasi","Dorse Fren Balatası","Dorse Fren Balatası | Fiyat ve Stok | Frenciniz","Dorse Fren Balatası icin fren balatası urunlerinde stok ve fiyat secenekleri. OEM/parca kodu, eski parca fotografi veya sase ile uyumluluk teyidi, ayni gun kargo ve WhatsApp teklif.","0.88","24","fren-balatasi|fren-pabucu|percin","801:Fren Pabucu BPW ECOPlus 20 cm | 772:Fren Pabucu BPW ECOPlus | 771:Fren Pabucu BPW ECOPlus | 800:Fren Pabucu BPW ECOPlus 18 cm | 496:Fren Pabucu BPW ECOPlus Y.M 360 200"
"dorse-suspansiyon-korugu","Dorse Süspansiyon Körüğü","Dorse Süspansiyon Körüğü | Fiyat ve Stok | Frenciniz","Dorse Süspansiyon Körüğü icin süspansiyon körüğü urunlerinde stok ve fiyat secenekleri. OEM/parca kodu, eski parca fotografi veya sase ile uyumluluk teyidi, ayni gun kargo ve WhatsApp teklif.","0.87","24","suspansiyon-korugu","879:Komple Körük Metal Piston SAF Holland | 883:Pistonsuz Körük SAF Holland | 878:Pistonsuz Körük SAF Holland | 880:Pistonsuz Körük SAF Holland | 428:Roll Körük Mercedes Travego Tourismo"
"dorse-porya-kapagi","Dorse Porya Kapağı","Dorse Porya Kapağı | Fiyat ve Stok | Frenciniz","Dorse Porya Kapağı icin porya kapağı urunlerinde stok ve fiyat secenekleri. OEM/parca kodu, eski parca fotografi veya sase ile uyumluluk teyidi, ayni gun kargo ve WhatsApp teklif.","0.86","24","porya|kece","811:Porya Kapağı EYD 700 06 | 810:Porya Kapağı EYD 700 07 | 813:Porya Kapağı EYD 700 03 | 808:Porya Kapağı EYD 700 28 | 802:Porya Kapağı EYD 700 51"
"dorse-abs-sensoru-ebs-modulator","Dorse ABS Sensörü EBS Modülatör","Dorse ABS Sensörü EBS Modülatör | Fiyat ve Stok | Frenciniz","Dorse ABS Sensörü EBS Modülatör icin ABS sensörü ve EBS modülatör urunlerinde stok ve fiyat secenekleri. OEM/parca kodu, eski parca fotografi veya sase ile uyumluluk teyidi, ayni gun kargo ve WhatsApp teklif.","0.87","24","abs-sensoru-modulu-kablo|ebs-modulator|sensor|elektrik-kablosu","677:EBS UZATMA KABLOSU WABCO 3 MT | 645:EBS ANA HAT KABLOSU 12 MT. | 537:24V 15'Lİ EBS KABLOSU | 600:EBS UZATMA SENSÖRÜ KNORR  4 MT | 574:EBS PARK BUTONU REKORLU 9710029120"
